timestamp,event_name,email,location,ip,outcome,reason
Fri Aug 04 23:18:31 UTC 2023,updateProfileMigratedUser,JasonDouglasGibbs@gmail.com,,,SUCCESS,
Fri Aug 04 23:17:40 UTC 2023,Update profile data,jasondouglasgibbs@gmail.com,"Havre de Grace, MD, United States",69.143.207.151,SUCCESS,
Fri Aug 04 23:17:40 UTC 2023,Update profile data,jasondouglasgibbs@gmail.com,"Havre de Grace, MD, United States",69.143.207.151,SUCCESS,
Fri Aug 04 23:17:39 UTC 2023,Update profile data,jasondouglasgibbs@gmail.com,"Havre de Grace, MD, United States",69.143.207.151,SUCCESS,
Tue Apr 18 22:14:01 UTC 2023,Update profile data,jasondouglasgibbs@gmail.com,"Havre de Grace, MD, United States",69.143.207.151,SUCCESS,
Tue Apr 18 21:55:08 UTC 2023,verifyEmailSignup,jasondouglasgibbs@gmail.com,"Havre de Grace, MD, United States",69.143.207.151,SUCCESS,
Tue Apr 18 21:55:08 UTC 2023,Signup,jasondouglasgibbs@gmail.com,"Havre de Grace, MD, United States",69.143.207.151,SUCCESS,