[{
  "dateTime" : "07/16/23 04:08:00",
  "value" : "0"
},{
  "dateTime" : "07/16/23 04:09:00",
  "value" : "0"
},{
  "dateTime" : "07/16/23 04:21:00",
  "value" : "0"
},{
  "dateTime" : "07/16/23 04:43:00",
  "value" : "0"
},{
  "dateTime" : "07/16/23 04:46:00",
  "value" : "0"
},{
  "dateTime" : "07/16/23 04:55:00",
  "value" : "0"
},{
  "dateTime" : "07/16/23 04:56:00",
  "value" : "0"
},{
  "dateTime" : "07/16/23 05:16:00",
  "value" : "0"
},{
  "dateTime" : "07/16/23 05:43:00",
  "value" : "0"
},{
  "dateTime" : "07/16/23 10:09:00",
  "value" : "0"
},{
  "dateTime" : "07/16/23 10:11:00",
  "value" : "0"
},{
  "dateTime" : "07/16/23 10:12:00",
  "value" : "0"
},{
  "dateTime" : "07/16/23 10:34:00",
  "value" : "0"
},{
  "dateTime" : "07/16/23 10:38:00",
  "value" : "0"
},{
  "dateTime" : "07/16/23 10:49:00",
  "value" : "0"
},{
  "dateTime" : "07/16/23 10:50:00",
  "value" : "0"
},{
  "dateTime" : "07/16/23 11:52:00",
  "value" : "0"
},{
  "dateTime" : "07/16/23 13:21:00",
  "value" : "0"
},{
  "dateTime" : "07/16/23 13:30:00",
  "value" : "0"
},{
  "dateTime" : "07/16/23 13:47:00",
  "value" : "0"
},{
  "dateTime" : "07/16/23 19:50:00",
  "value" : "0"
},{
  "dateTime" : "07/16/23 19:56:00",
  "value" : "0"
},{
  "dateTime" : "07/16/23 19:58:00",
  "value" : "0"
},{
  "dateTime" : "07/17/23 02:11:00",
  "value" : "0"
},{
  "dateTime" : "07/17/23 02:17:00",
  "value" : "0"
},{
  "dateTime" : "07/17/23 02:20:00",
  "value" : "0"
},{
  "dateTime" : "07/17/23 02:21:00",
  "value" : "0"
},{
  "dateTime" : "07/17/23 02:25:00",
  "value" : "0"
},{
  "dateTime" : "07/17/23 02:27:00",
  "value" : "0"
},{
  "dateTime" : "07/17/23 02:44:00",
  "value" : "0"
},{
  "dateTime" : "07/17/23 02:45:00",
  "value" : "0"
},{
  "dateTime" : "07/17/23 02:48:00",
  "value" : "0"
},{
  "dateTime" : "07/17/23 03:08:00",
  "value" : "0"
},{
  "dateTime" : "07/17/23 03:25:00",
  "value" : "0"
},{
  "dateTime" : "07/17/23 03:34:00",
  "value" : "0"
},{
  "dateTime" : "07/17/23 03:35:00",
  "value" : "0"
},{
  "dateTime" : "07/17/23 03:42:00",
  "value" : "0"
},{
  "dateTime" : "07/17/23 08:17:00",
  "value" : "0"
},{
  "dateTime" : "07/17/23 09:28:00",
  "value" : "0"
},{
  "dateTime" : "07/17/23 09:40:00",
  "value" : "0"
},{
  "dateTime" : "07/17/23 10:12:00",
  "value" : "0"
},{
  "dateTime" : "07/17/23 10:19:00",
  "value" : "0"
},{
  "dateTime" : "07/17/23 10:24:00",
  "value" : "0"
},{
  "dateTime" : "07/17/23 10:35:00",
  "value" : "0"
},{
  "dateTime" : "07/17/23 14:31:00",
  "value" : "0"
},{
  "dateTime" : "07/17/23 14:36:00",
  "value" : "0"
},{
  "dateTime" : "07/17/23 14:45:00",
  "value" : "0"
},{
  "dateTime" : "07/17/23 14:46:00",
  "value" : "0"
},{
  "dateTime" : "07/17/23 15:00:00",
  "value" : "0"
},{
  "dateTime" : "07/17/23 15:03:00",
  "value" : "0"
},{
  "dateTime" : "07/18/23 02:27:00",
  "value" : "0"
},{
  "dateTime" : "07/18/23 02:28:00",
  "value" : "0"
},{
  "dateTime" : "07/18/23 02:31:00",
  "value" : "0"
},{
  "dateTime" : "07/18/23 02:43:00",
  "value" : "0"
},{
  "dateTime" : "07/18/23 02:51:00",
  "value" : "0"
},{
  "dateTime" : "07/18/23 02:52:00",
  "value" : "0"
},{
  "dateTime" : "07/18/23 15:47:00",
  "value" : "0"
},{
  "dateTime" : "07/18/23 16:01:00",
  "value" : "0"
},{
  "dateTime" : "07/18/23 16:55:00",
  "value" : "0"
},{
  "dateTime" : "07/18/23 17:04:00",
  "value" : "0"
},{
  "dateTime" : "07/18/23 17:18:00",
  "value" : "0"
},{
  "dateTime" : "07/18/23 17:58:00",
  "value" : "0"
},{
  "dateTime" : "07/18/23 18:09:00",
  "value" : "0"
},{
  "dateTime" : "07/18/23 21:58:00",
  "value" : "0"
},{
  "dateTime" : "08/04/23 22:55:00",
  "value" : "0"
},{
  "dateTime" : "08/04/23 22:56:00",
  "value" : "780"
},{
  "dateTime" : "08/04/23 22:57:00",
  "value" : "280"
},{
  "dateTime" : "08/04/23 22:58:00",
  "value" : "3650"
},{
  "dateTime" : "08/04/23 22:59:00",
  "value" : "1000"
},{
  "dateTime" : "08/04/23 23:00:00",
  "value" : "2070"
},{
  "dateTime" : "08/04/23 23:01:00",
  "value" : "0"
},{
  "dateTime" : "08/04/23 23:02:00",
  "value" : "0"
},{
  "dateTime" : "08/04/23 23:03:00",
  "value" : "0"
},{
  "dateTime" : "08/04/23 23:04:00",
  "value" : "0"
},{
  "dateTime" : "08/04/23 23:05:00",
  "value" : "0"
},{
  "dateTime" : "08/04/23 23:06:00",
  "value" : "0"
},{
  "dateTime" : "08/04/23 23:08:00",
  "value" : "0"
},{
  "dateTime" : "08/04/23 23:12:00",
  "value" : "0"
},{
  "dateTime" : "08/04/23 23:13:00",
  "value" : "0"
},{
  "dateTime" : "08/04/23 23:15:00",
  "value" : "0"
},{
  "dateTime" : "08/04/23 23:19:00",
  "value" : "0"
},{
  "dateTime" : "08/04/23 23:22:00",
  "value" : "0"
},{
  "dateTime" : "08/04/23 23:25:00",
  "value" : "0"
},{
  "dateTime" : "08/04/23 23:34:00",
  "value" : "0"
},{
  "dateTime" : "08/04/23 23:35:00",
  "value" : "0"
},{
  "dateTime" : "08/04/23 23:37:00",
  "value" : "0"
},{
  "dateTime" : "08/04/23 23:45:00",
  "value" : "1390"
},{
  "dateTime" : "08/04/23 23:46:00",
  "value" : "1530"
},{
  "dateTime" : "08/04/23 23:47:00",
  "value" : "0"
},{
  "dateTime" : "08/04/23 23:48:00",
  "value" : "0"
},{
  "dateTime" : "08/04/23 23:49:00",
  "value" : "0"
},{
  "dateTime" : "08/04/23 23:52:00",
  "value" : "0"
},{
  "dateTime" : "08/04/23 23:55:00",
  "value" : "0"
},{
  "dateTime" : "08/04/23 23:56:00",
  "value" : "0"
},{
  "dateTime" : "08/04/23 23:58:00",
  "value" : "0"
},{
  "dateTime" : "08/04/23 23:59:00",
  "value" : "0"
},{
  "dateTime" : "08/05/23 00:03:00",
  "value" : "0"
},{
  "dateTime" : "08/05/23 00:05:00",
  "value" : "0"
},{
  "dateTime" : "08/05/23 00:07:00",
  "value" : "0"
},{
  "dateTime" : "08/05/23 00:09:00",
  "value" : "0"
},{
  "dateTime" : "08/05/23 00:10:00",
  "value" : "0"
},{
  "dateTime" : "08/05/23 00:13:00",
  "value" : "0"
},{
  "dateTime" : "08/05/23 00:14:00",
  "value" : "0"
},{
  "dateTime" : "08/05/23 00:15:00",
  "value" : "0"
},{
  "dateTime" : "08/05/23 00:16:00",
  "value" : "3270"
},{
  "dateTime" : "08/05/23 00:17:00",
  "value" : "1110"
},{
  "dateTime" : "08/05/23 00:18:00",
  "value" : "0"
},{
  "dateTime" : "08/05/23 00:20:00",
  "value" : "0"
},{
  "dateTime" : "08/05/23 00:21:00",
  "value" : "0"
},{
  "dateTime" : "08/05/23 00:22:00",
  "value" : "0"
},{
  "dateTime" : "08/05/23 00:23:00",
  "value" : "0"
},{
  "dateTime" : "08/05/23 00:24:00",
  "value" : "0"
},{
  "dateTime" : "08/05/23 00:25:00",
  "value" : "0"
},{
  "dateTime" : "08/05/23 00:26:00",
  "value" : "0"
},{
  "dateTime" : "08/05/23 00:28:00",
  "value" : "0"
},{
  "dateTime" : "08/05/23 00:30:00",
  "value" : "410"
},{
  "dateTime" : "08/05/23 00:31:00",
  "value" : "0"
},{
  "dateTime" : "08/05/23 00:32:00",
  "value" : "0"
},{
  "dateTime" : "08/05/23 00:33:00",
  "value" : "0"
},{
  "dateTime" : "08/05/23 00:35:00",
  "value" : "0"
},{
  "dateTime" : "08/05/23 00:36:00",
  "value" : "0"
},{
  "dateTime" : "08/05/23 00:37:00",
  "value" : "0"
},{
  "dateTime" : "08/05/23 00:38:00",
  "value" : "0"
},{
  "dateTime" : "08/05/23 00:39:00",
  "value" : "0"
},{
  "dateTime" : "08/05/23 00:40:00",
  "value" : "0"
},{
  "dateTime" : "08/05/23 00:41:00",
  "value" : "0"
},{
  "dateTime" : "08/05/23 00:42:00",
  "value" : "0"
},{
  "dateTime" : "08/05/23 00:44:00",
  "value" : "0"
},{
  "dateTime" : "08/05/23 00:45:00",
  "value" : "0"
},{
  "dateTime" : "08/05/23 00:46:00",
  "value" : "0"
},{
  "dateTime" : "08/05/23 00:47:00",
  "value" : "0"
},{
  "dateTime" : "08/05/23 00:49:00",
  "value" : "0"
},{
  "dateTime" : "08/05/23 00:50:00",
  "value" : "0"
},{
  "dateTime" : "08/05/23 00:51:00",
  "value" : "0"
},{
  "dateTime" : "08/05/23 00:52:00",
  "value" : "1940"
},{
  "dateTime" : "08/05/23 00:53:00",
  "value" : "1670"
},{
  "dateTime" : "08/05/23 00:54:00",
  "value" : "830"
},{
  "dateTime" : "08/05/23 00:55:00",
  "value" : "970"
},{
  "dateTime" : "08/05/23 00:56:00",
  "value" : "0"
},{
  "dateTime" : "08/05/23 00:57:00",
  "value" : "0"
},{
  "dateTime" : "08/05/23 00:58:00",
  "value" : "0"
},{
  "dateTime" : "08/05/23 00:59:00",
  "value" : "0"
},{
  "dateTime" : "08/05/23 01:00:00",
  "value" : "0"
},{
  "dateTime" : "08/05/23 01:02:00",
  "value" : "0"
},{
  "dateTime" : "08/05/23 01:03:00",
  "value" : "0"
},{
  "dateTime" : "08/05/23 01:04:00",
  "value" : "0"
},{
  "dateTime" : "08/05/23 01:05:00",
  "value" : "0"
},{
  "dateTime" : "08/05/23 01:07:00",
  "value" : "0"
},{
  "dateTime" : "08/05/23 01:08:00",
  "value" : "0"
},{
  "dateTime" : "08/05/23 01:09:00",
  "value" : "0"
},{
  "dateTime" : "08/05/23 01:10:00",
  "value" : "0"
},{
  "dateTime" : "08/05/23 01:11:00",
  "value" : "0"
},{
  "dateTime" : "08/05/23 01:12:00",
  "value" : "0"
},{
  "dateTime" : "08/05/23 01:13:00",
  "value" : "0"
},{
  "dateTime" : "08/05/23 01:14:00",
  "value" : "0"
},{
  "dateTime" : "08/05/23 01:15:00",
  "value" : "0"
},{
  "dateTime" : "08/05/23 01:16:00",
  "value" : "0"
},{
  "dateTime" : "08/05/23 01:17:00",
  "value" : "0"
},{
  "dateTime" : "08/05/23 01:18:00",
  "value" : "0"
},{
  "dateTime" : "08/05/23 01:21:00",
  "value" : "410"
},{
  "dateTime" : "08/05/23 01:22:00",
  "value" : "0"
},{
  "dateTime" : "08/05/23 01:24:00",
  "value" : "0"
},{
  "dateTime" : "08/05/23 01:27:00",
  "value" : "0"
},{
  "dateTime" : "08/05/23 01:29:00",
  "value" : "0"
},{
  "dateTime" : "08/05/23 01:30:00",
  "value" : "0"
},{
  "dateTime" : "08/05/23 01:31:00",
  "value" : "0"
},{
  "dateTime" : "08/05/23 01:33:00",
  "value" : "0"
},{
  "dateTime" : "08/05/23 01:34:00",
  "value" : "0"
},{
  "dateTime" : "08/05/23 01:35:00",
  "value" : "0"
},{
  "dateTime" : "08/05/23 01:36:00",
  "value" : "0"
},{
  "dateTime" : "08/05/23 01:37:00",
  "value" : "0"
},{
  "dateTime" : "08/05/23 01:38:00",
  "value" : "0"
},{
  "dateTime" : "08/05/23 01:41:00",
  "value" : "0"
},{
  "dateTime" : "08/05/23 01:42:00",
  "value" : "0"
},{
  "dateTime" : "08/05/23 01:43:00",
  "value" : "0"
},{
  "dateTime" : "08/05/23 01:44:00",
  "value" : "0"
},{
  "dateTime" : "08/05/23 01:45:00",
  "value" : "0"
},{
  "dateTime" : "08/05/23 01:46:00",
  "value" : "0"
},{
  "dateTime" : "08/05/23 01:47:00",
  "value" : "0"
},{
  "dateTime" : "08/05/23 01:48:00",
  "value" : "0"
},{
  "dateTime" : "08/05/23 01:49:00",
  "value" : "0"
},{
  "dateTime" : "08/05/23 01:50:00",
  "value" : "0"
},{
  "dateTime" : "08/05/23 01:51:00",
  "value" : "0"
},{
  "dateTime" : "08/05/23 01:52:00",
  "value" : "0"
},{
  "dateTime" : "08/05/23 01:53:00",
  "value" : "0"
},{
  "dateTime" : "08/05/23 01:54:00",
  "value" : "3130"
},{
  "dateTime" : "08/05/23 01:55:00",
  "value" : "0"
},{
  "dateTime" : "08/05/23 01:56:00",
  "value" : "0"
},{
  "dateTime" : "08/05/23 01:57:00",
  "value" : "0"
},{
  "dateTime" : "08/05/23 01:58:00",
  "value" : "0"
},{
  "dateTime" : "08/05/23 01:59:00",
  "value" : "0"
},{
  "dateTime" : "08/05/23 02:02:00",
  "value" : "0"
},{
  "dateTime" : "08/05/23 02:06:00",
  "value" : "0"
},{
  "dateTime" : "08/05/23 02:07:00",
  "value" : "0"
},{
  "dateTime" : "08/05/23 02:08:00",
  "value" : "0"
},{
  "dateTime" : "08/05/23 02:09:00",
  "value" : "0"
},{
  "dateTime" : "08/05/23 02:10:00",
  "value" : "0"
},{
  "dateTime" : "08/05/23 02:12:00",
  "value" : "0"
},{
  "dateTime" : "08/05/23 02:13:00",
  "value" : "0"
},{
  "dateTime" : "08/05/23 02:17:00",
  "value" : "0"
},{
  "dateTime" : "08/05/23 02:20:00",
  "value" : "0"
},{
  "dateTime" : "08/05/23 02:22:00",
  "value" : "0"
},{
  "dateTime" : "08/05/23 02:23:00",
  "value" : "1390"
},{
  "dateTime" : "08/05/23 02:24:00",
  "value" : "1530"
},{
  "dateTime" : "08/05/23 02:25:00",
  "value" : "0"
},{
  "dateTime" : "08/05/23 02:26:00",
  "value" : "0"
},{
  "dateTime" : "08/05/23 02:27:00",
  "value" : "0"
},{
  "dateTime" : "08/05/23 02:28:00",
  "value" : "0"
},{
  "dateTime" : "08/05/23 02:30:00",
  "value" : "0"
},{
  "dateTime" : "08/05/23 02:31:00",
  "value" : "0"
},{
  "dateTime" : "08/05/23 02:34:00",
  "value" : "0"
},{
  "dateTime" : "08/05/23 02:35:00",
  "value" : "0"
},{
  "dateTime" : "08/05/23 02:37:00",
  "value" : "0"
},{
  "dateTime" : "08/05/23 02:38:00",
  "value" : "0"
},{
  "dateTime" : "08/05/23 02:40:00",
  "value" : "0"
},{
  "dateTime" : "08/05/23 02:41:00",
  "value" : "0"
},{
  "dateTime" : "08/05/23 02:43:00",
  "value" : "0"
},{
  "dateTime" : "08/05/23 02:44:00",
  "value" : "0"
},{
  "dateTime" : "08/05/23 02:47:00",
  "value" : "690"
},{
  "dateTime" : "08/05/23 02:48:00",
  "value" : "0"
},{
  "dateTime" : "08/05/23 02:49:00",
  "value" : "550"
},{
  "dateTime" : "08/05/23 02:50:00",
  "value" : "2150"
},{
  "dateTime" : "08/05/23 02:51:00",
  "value" : "2640"
},{
  "dateTime" : "08/05/23 02:52:00",
  "value" : "0"
},{
  "dateTime" : "08/05/23 02:53:00",
  "value" : "0"
},{
  "dateTime" : "08/05/23 02:54:00",
  "value" : "340"
},{
  "dateTime" : "08/05/23 02:55:00",
  "value" : "1600"
},{
  "dateTime" : "08/05/23 02:56:00",
  "value" : "0"
},{
  "dateTime" : "08/05/23 02:59:00",
  "value" : "0"
},{
  "dateTime" : "08/05/23 03:00:00",
  "value" : "1670"
},{
  "dateTime" : "08/05/23 03:01:00",
  "value" : "2220"
},{
  "dateTime" : "08/05/23 03:04:00",
  "value" : "1250"
},{
  "dateTime" : "08/05/23 03:05:00",
  "value" : "620"
},{
  "dateTime" : "08/05/23 03:06:00",
  "value" : "0"
},{
  "dateTime" : "08/05/23 03:07:00",
  "value" : "270"
},{
  "dateTime" : "08/05/23 03:08:00",
  "value" : "690"
},{
  "dateTime" : "08/05/23 03:09:00",
  "value" : "0"
},{
  "dateTime" : "08/05/23 03:10:00",
  "value" : "0"
},{
  "dateTime" : "08/05/23 03:11:00",
  "value" : "0"
},{
  "dateTime" : "08/05/23 03:13:00",
  "value" : "0"
},{
  "dateTime" : "08/05/23 03:16:00",
  "value" : "0"
},{
  "dateTime" : "08/05/23 03:20:00",
  "value" : "760"
},{
  "dateTime" : "08/05/23 03:21:00",
  "value" : "690"
},{
  "dateTime" : "08/05/23 03:22:00",
  "value" : "1320"
},{
  "dateTime" : "08/05/23 03:23:00",
  "value" : "760"
},{
  "dateTime" : "08/05/23 03:24:00",
  "value" : "0"
},{
  "dateTime" : "08/05/23 03:25:00",
  "value" : "0"
},{
  "dateTime" : "08/05/23 03:27:00",
  "value" : "0"
},{
  "dateTime" : "08/05/23 03:28:00",
  "value" : "0"
},{
  "dateTime" : "08/05/23 03:29:00",
  "value" : "0"
},{
  "dateTime" : "08/05/23 03:30:00",
  "value" : "1320"
},{
  "dateTime" : "08/05/23 03:31:00",
  "value" : "0"
},{
  "dateTime" : "08/05/23 03:32:00",
  "value" : "620"
},{
  "dateTime" : "08/05/23 03:33:00",
  "value" : "0"
},{
  "dateTime" : "08/05/23 03:34:00",
  "value" : "0"
},{
  "dateTime" : "08/05/23 03:35:00",
  "value" : "0"
},{
  "dateTime" : "08/05/23 03:36:00",
  "value" : "0"
},{
  "dateTime" : "08/05/23 03:38:00",
  "value" : "0"
},{
  "dateTime" : "08/05/23 03:41:00",
  "value" : "0"
},{
  "dateTime" : "08/05/23 03:44:00",
  "value" : "0"
},{
  "dateTime" : "08/05/23 03:45:00",
  "value" : "0"
},{
  "dateTime" : "08/05/23 03:47:00",
  "value" : "620"
},{
  "dateTime" : "08/05/23 03:48:00",
  "value" : "0"
},{
  "dateTime" : "08/05/23 03:49:00",
  "value" : "1040"
},{
  "dateTime" : "08/05/23 03:50:00",
  "value" : "0"
},{
  "dateTime" : "08/05/23 03:51:00",
  "value" : "0"
},{
  "dateTime" : "08/05/23 03:52:00",
  "value" : "0"
},{
  "dateTime" : "08/05/23 03:53:00",
  "value" : "620"
},{
  "dateTime" : "08/05/23 03:55:00",
  "value" : "620"
},{
  "dateTime" : "08/05/23 03:56:00",
  "value" : "4870"
},{
  "dateTime" : "08/05/23 03:57:00",
  "value" : "1110"
},{
  "dateTime" : "08/05/23 03:58:00",
  "value" : "60"
},{
  "dateTime" : "08/05/23 03:59:00",
  "value" : "1320"
},{
  "dateTime" : "08/05/23 04:01:00",
  "value" : "1460"
},{
  "dateTime" : "08/05/23 04:02:00",
  "value" : "690"
},{
  "dateTime" : "08/05/23 04:03:00",
  "value" : "0"
},{
  "dateTime" : "08/05/23 04:04:00",
  "value" : "2710"
},{
  "dateTime" : "08/05/23 04:05:00",
  "value" : "480"
},{
  "dateTime" : "08/05/23 04:06:00",
  "value" : "760"
},{
  "dateTime" : "08/05/23 04:07:00",
  "value" : "0"
},{
  "dateTime" : "08/05/23 04:08:00",
  "value" : "2990"
},{
  "dateTime" : "08/05/23 04:09:00",
  "value" : "690"
},{
  "dateTime" : "08/05/23 04:10:00",
  "value" : "0"
},{
  "dateTime" : "08/05/23 04:11:00",
  "value" : "690"
},{
  "dateTime" : "08/05/23 04:12:00",
  "value" : "1320"
},{
  "dateTime" : "08/05/23 04:13:00",
  "value" : "0"
},{
  "dateTime" : "08/05/23 04:14:00",
  "value" : "0"
},{
  "dateTime" : "08/05/23 04:15:00",
  "value" : "0"
},{
  "dateTime" : "08/05/23 04:16:00",
  "value" : "480"
},{
  "dateTime" : "08/05/23 04:17:00",
  "value" : "0"
},{
  "dateTime" : "08/05/23 04:18:00",
  "value" : "0"
},{
  "dateTime" : "08/05/23 04:19:00",
  "value" : "1390"
},{
  "dateTime" : "08/05/23 04:20:00",
  "value" : "1390"
},{
  "dateTime" : "08/05/23 04:21:00",
  "value" : "0"
},{
  "dateTime" : "08/05/23 04:22:00",
  "value" : "0"
},{
  "dateTime" : "08/05/23 04:23:00",
  "value" : "0"
},{
  "dateTime" : "08/05/23 04:24:00",
  "value" : "0"
},{
  "dateTime" : "08/05/23 04:25:00",
  "value" : "0"
},{
  "dateTime" : "08/05/23 04:27:00",
  "value" : "0"
},{
  "dateTime" : "08/05/23 04:28:00",
  "value" : "0"
},{
  "dateTime" : "08/05/23 04:29:00",
  "value" : "0"
},{
  "dateTime" : "08/05/23 04:30:00",
  "value" : "0"
},{
  "dateTime" : "08/05/23 04:31:00",
  "value" : "0"
},{
  "dateTime" : "08/05/23 04:32:00",
  "value" : "760"
},{
  "dateTime" : "08/05/23 04:33:00",
  "value" : "0"
},{
  "dateTime" : "08/05/23 04:34:00",
  "value" : "0"
},{
  "dateTime" : "08/05/23 04:36:00",
  "value" : "620"
},{
  "dateTime" : "08/05/23 04:37:00",
  "value" : "0"
},{
  "dateTime" : "08/05/23 04:38:00",
  "value" : "0"
},{
  "dateTime" : "08/05/23 04:39:00",
  "value" : "550"
},{
  "dateTime" : "08/05/23 04:40:00",
  "value" : "0"
},{
  "dateTime" : "08/05/23 04:41:00",
  "value" : "0"
},{
  "dateTime" : "08/05/23 04:42:00",
  "value" : "1940"
},{
  "dateTime" : "08/05/23 04:43:00",
  "value" : "550"
},{
  "dateTime" : "08/05/23 04:44:00",
  "value" : "830"
},{
  "dateTime" : "08/05/23 04:46:00",
  "value" : "0"
},{
  "dateTime" : "08/05/23 04:47:00",
  "value" : "1320"
},{
  "dateTime" : "08/05/23 04:48:00",
  "value" : "2990"
},{
  "dateTime" : "08/05/23 04:49:00",
  "value" : "2500"
},{
  "dateTime" : "08/05/23 04:51:00",
  "value" : "2920"
},{
  "dateTime" : "08/05/23 04:52:00",
  "value" : "1670"
},{
  "dateTime" : "08/05/23 04:53:00",
  "value" : "2080"
},{
  "dateTime" : "08/05/23 04:54:00",
  "value" : "1670"
},{
  "dateTime" : "08/05/23 04:55:00",
  "value" : "1870"
},{
  "dateTime" : "08/05/23 04:56:00",
  "value" : "550"
},{
  "dateTime" : "08/05/23 04:57:00",
  "value" : "0"
},{
  "dateTime" : "08/05/23 04:58:00",
  "value" : "0"
},{
  "dateTime" : "08/05/23 04:59:00",
  "value" : "0"
},{
  "dateTime" : "08/05/23 05:00:00",
  "value" : "0"
},{
  "dateTime" : "08/05/23 05:01:00",
  "value" : "900"
},{
  "dateTime" : "08/05/23 05:02:00",
  "value" : "0"
},{
  "dateTime" : "08/05/23 05:03:00",
  "value" : "0"
},{
  "dateTime" : "08/05/23 05:04:00",
  "value" : "0"
},{
  "dateTime" : "08/05/23 05:05:00",
  "value" : "0"
},{
  "dateTime" : "08/05/23 05:06:00",
  "value" : "0"
},{
  "dateTime" : "08/05/23 05:07:00",
  "value" : "0"
},{
  "dateTime" : "08/05/23 05:08:00",
  "value" : "0"
},{
  "dateTime" : "08/05/23 05:09:00",
  "value" : "0"
},{
  "dateTime" : "08/05/23 05:10:00",
  "value" : "0"
},{
  "dateTime" : "08/05/23 05:11:00",
  "value" : "0"
},{
  "dateTime" : "08/05/23 05:12:00",
  "value" : "0"
},{
  "dateTime" : "08/05/23 05:13:00",
  "value" : "0"
},{
  "dateTime" : "08/05/23 05:15:00",
  "value" : "0"
},{
  "dateTime" : "08/05/23 05:16:00",
  "value" : "0"
},{
  "dateTime" : "08/05/23 05:18:00",
  "value" : "0"
},{
  "dateTime" : "08/05/23 05:19:00",
  "value" : "0"
},{
  "dateTime" : "08/05/23 05:20:00",
  "value" : "0"
},{
  "dateTime" : "08/05/23 05:21:00",
  "value" : "0"
},{
  "dateTime" : "08/05/23 05:22:00",
  "value" : "0"
},{
  "dateTime" : "08/05/23 05:27:00",
  "value" : "0"
},{
  "dateTime" : "08/05/23 05:28:00",
  "value" : "0"
},{
  "dateTime" : "08/05/23 05:30:00",
  "value" : "0"
},{
  "dateTime" : "08/05/23 05:31:00",
  "value" : "0"
},{
  "dateTime" : "08/05/23 05:32:00",
  "value" : "0"
},{
  "dateTime" : "08/05/23 05:34:00",
  "value" : "0"
},{
  "dateTime" : "08/05/23 05:40:00",
  "value" : "0"
},{
  "dateTime" : "08/05/23 05:41:00",
  "value" : "0"
},{
  "dateTime" : "08/05/23 05:42:00",
  "value" : "0"
},{
  "dateTime" : "08/05/23 05:43:00",
  "value" : "0"
},{
  "dateTime" : "08/05/23 05:45:00",
  "value" : "900"
},{
  "dateTime" : "08/05/23 05:46:00",
  "value" : "2010"
},{
  "dateTime" : "08/05/23 05:47:00",
  "value" : "830"
},{
  "dateTime" : "08/05/23 05:48:00",
  "value" : "900"
},{
  "dateTime" : "08/05/23 05:50:00",
  "value" : "0"
},{
  "dateTime" : "08/05/23 05:51:00",
  "value" : "0"
},{
  "dateTime" : "08/05/23 05:52:00",
  "value" : "0"
},{
  "dateTime" : "08/05/23 05:53:00",
  "value" : "0"
},{
  "dateTime" : "08/05/23 05:54:00",
  "value" : "0"
},{
  "dateTime" : "08/05/23 05:57:00",
  "value" : "0"
},{
  "dateTime" : "08/05/23 06:00:00",
  "value" : "0"
},{
  "dateTime" : "08/05/23 06:01:00",
  "value" : "760"
},{
  "dateTime" : "08/05/23 06:02:00",
  "value" : "340"
},{
  "dateTime" : "08/05/23 06:03:00",
  "value" : "340"
},{
  "dateTime" : "08/05/23 06:07:00",
  "value" : "0"
},{
  "dateTime" : "08/05/23 06:09:00",
  "value" : "0"
},{
  "dateTime" : "08/05/23 06:10:00",
  "value" : "970"
},{
  "dateTime" : "08/05/23 06:14:00",
  "value" : "0"
},{
  "dateTime" : "08/05/23 06:15:00",
  "value" : "0"
},{
  "dateTime" : "08/05/23 06:16:00",
  "value" : "0"
},{
  "dateTime" : "08/05/23 06:17:00",
  "value" : "0"
},{
  "dateTime" : "08/05/23 06:18:00",
  "value" : "0"
},{
  "dateTime" : "08/05/23 06:20:00",
  "value" : "0"
},{
  "dateTime" : "08/05/23 06:21:00",
  "value" : "550"
},{
  "dateTime" : "08/05/23 06:22:00",
  "value" : "550"
},{
  "dateTime" : "08/05/23 06:23:00",
  "value" : "2220"
},{
  "dateTime" : "08/05/23 06:24:00",
  "value" : "480"
},{
  "dateTime" : "08/05/23 06:25:00",
  "value" : "0"
},{
  "dateTime" : "08/05/23 06:26:00",
  "value" : "0"
},{
  "dateTime" : "08/05/23 06:27:00",
  "value" : "0"
},{
  "dateTime" : "08/05/23 06:28:00",
  "value" : "1250"
},{
  "dateTime" : "08/05/23 06:31:00",
  "value" : "0"
},{
  "dateTime" : "08/05/23 06:32:00",
  "value" : "0"
},{
  "dateTime" : "08/05/23 06:33:00",
  "value" : "0"
},{
  "dateTime" : "08/05/23 06:34:00",
  "value" : "1800"
},{
  "dateTime" : "08/05/23 06:35:00",
  "value" : "410"
},{
  "dateTime" : "08/05/23 06:36:00",
  "value" : "0"
},{
  "dateTime" : "08/05/23 06:37:00",
  "value" : "270"
},{
  "dateTime" : "08/05/23 06:38:00",
  "value" : "2640"
},{
  "dateTime" : "08/05/23 06:39:00",
  "value" : "0"
},{
  "dateTime" : "08/05/23 06:40:00",
  "value" : "0"
},{
  "dateTime" : "08/05/23 06:41:00",
  "value" : "0"
},{
  "dateTime" : "08/05/23 06:42:00",
  "value" : "0"
},{
  "dateTime" : "08/05/23 06:43:00",
  "value" : "0"
},{
  "dateTime" : "08/05/23 06:44:00",
  "value" : "0"
},{
  "dateTime" : "08/05/23 06:45:00",
  "value" : "0"
},{
  "dateTime" : "08/05/23 06:46:00",
  "value" : "1320"
},{
  "dateTime" : "08/05/23 06:47:00",
  "value" : "1870"
},{
  "dateTime" : "08/05/23 06:48:00",
  "value" : "0"
},{
  "dateTime" : "08/05/23 06:49:00",
  "value" : "2710"
},{
  "dateTime" : "08/05/23 06:50:00",
  "value" : "0"
},{
  "dateTime" : "08/05/23 06:51:00",
  "value" : "0"
},{
  "dateTime" : "08/05/23 06:52:00",
  "value" : "0"
},{
  "dateTime" : "08/05/23 06:53:00",
  "value" : "480"
},{
  "dateTime" : "08/05/23 06:54:00",
  "value" : "0"
},{
  "dateTime" : "08/05/23 06:56:00",
  "value" : "0"
},{
  "dateTime" : "08/05/23 06:57:00",
  "value" : "760"
},{
  "dateTime" : "08/05/23 06:59:00",
  "value" : "1180"
},{
  "dateTime" : "08/05/23 07:00:00",
  "value" : "0"
},{
  "dateTime" : "08/05/23 07:01:00",
  "value" : "410"
},{
  "dateTime" : "08/05/23 07:02:00",
  "value" : "0"
},{
  "dateTime" : "08/05/23 07:03:00",
  "value" : "0"
},{
  "dateTime" : "08/05/23 07:04:00",
  "value" : "0"
},{
  "dateTime" : "08/05/23 07:06:00",
  "value" : "0"
},{
  "dateTime" : "08/05/23 07:07:00",
  "value" : "0"
},{
  "dateTime" : "08/05/23 07:09:00",
  "value" : "970"
},{
  "dateTime" : "08/05/23 07:10:00",
  "value" : "1940"
},{
  "dateTime" : "08/05/23 07:12:00",
  "value" : "0"
},{
  "dateTime" : "08/05/23 07:13:00",
  "value" : "0"
},{
  "dateTime" : "08/05/23 07:14:00",
  "value" : "0"
},{
  "dateTime" : "08/05/23 07:15:00",
  "value" : "0"
},{
  "dateTime" : "08/05/23 07:16:00",
  "value" : "0"
},{
  "dateTime" : "08/05/23 07:17:00",
  "value" : "550"
},{
  "dateTime" : "08/05/23 07:44:00",
  "value" : "0"
},{
  "dateTime" : "08/05/23 07:49:00",
  "value" : "1390"
},{
  "dateTime" : "08/05/23 07:50:00",
  "value" : "2640"
},{
  "dateTime" : "08/05/23 07:51:00",
  "value" : "0"
},{
  "dateTime" : "08/05/23 07:52:00",
  "value" : "480"
},{
  "dateTime" : "08/05/23 08:25:00",
  "value" : "0"
},{
  "dateTime" : "08/05/23 09:56:00",
  "value" : "1040"
},{
  "dateTime" : "08/05/23 09:57:00",
  "value" : "0"
},{
  "dateTime" : "08/05/23 10:35:00",
  "value" : "0"
},{
  "dateTime" : "08/05/23 11:07:00",
  "value" : "0"
},{
  "dateTime" : "08/05/23 11:45:00",
  "value" : "0"
},{
  "dateTime" : "08/05/23 11:46:00",
  "value" : "0"
},{
  "dateTime" : "08/05/23 11:55:00",
  "value" : "620"
},{
  "dateTime" : "08/05/23 11:56:00",
  "value" : "410"
},{
  "dateTime" : "08/05/23 12:08:00",
  "value" : "0"
},{
  "dateTime" : "08/05/23 12:44:00",
  "value" : "830"
},{
  "dateTime" : "08/05/23 12:45:00",
  "value" : "620"
},{
  "dateTime" : "08/05/23 12:50:00",
  "value" : "0"
},{
  "dateTime" : "08/05/23 12:51:00",
  "value" : "0"
},{
  "dateTime" : "08/05/23 12:52:00",
  "value" : "480"
},{
  "dateTime" : "08/05/23 12:53:00",
  "value" : "0"
},{
  "dateTime" : "08/05/23 13:30:00",
  "value" : "0"
},{
  "dateTime" : "08/05/23 13:31:00",
  "value" : "0"
},{
  "dateTime" : "08/05/23 13:33:00",
  "value" : "0"
},{
  "dateTime" : "08/05/23 13:50:00",
  "value" : "410"
},{
  "dateTime" : "08/05/23 13:58:00",
  "value" : "0"
},{
  "dateTime" : "08/05/23 14:01:00",
  "value" : "0"
},{
  "dateTime" : "08/05/23 14:02:00",
  "value" : "2010"
},{
  "dateTime" : "08/05/23 14:03:00",
  "value" : "0"
},{
  "dateTime" : "08/05/23 14:04:00",
  "value" : "480"
},{
  "dateTime" : "08/05/23 14:05:00",
  "value" : "0"
},{
  "dateTime" : "08/05/23 14:09:00",
  "value" : "0"
},{
  "dateTime" : "08/05/23 14:10:00",
  "value" : "0"
},{
  "dateTime" : "08/05/23 14:11:00",
  "value" : "0"
},{
  "dateTime" : "08/05/23 14:15:00",
  "value" : "0"
},{
  "dateTime" : "08/05/23 14:16:00",
  "value" : "0"
},{
  "dateTime" : "08/05/23 14:26:00",
  "value" : "620"
},{
  "dateTime" : "08/05/23 14:27:00",
  "value" : "0"
},{
  "dateTime" : "08/05/23 14:28:00",
  "value" : "0"
},{
  "dateTime" : "08/05/23 14:29:00",
  "value" : "620"
},{
  "dateTime" : "08/05/23 14:30:00",
  "value" : "1530"
},{
  "dateTime" : "08/05/23 14:31:00",
  "value" : "1040"
},{
  "dateTime" : "08/05/23 14:32:00",
  "value" : "0"
},{
  "dateTime" : "08/05/23 14:34:00",
  "value" : "0"
},{
  "dateTime" : "08/05/23 14:35:00",
  "value" : "0"
},{
  "dateTime" : "08/05/23 14:36:00",
  "value" : "0"
},{
  "dateTime" : "08/05/23 14:37:00",
  "value" : "0"
},{
  "dateTime" : "08/05/23 14:38:00",
  "value" : "0"
},{
  "dateTime" : "08/05/23 14:39:00",
  "value" : "0"
},{
  "dateTime" : "08/05/23 14:40:00",
  "value" : "830"
},{
  "dateTime" : "08/05/23 14:41:00",
  "value" : "410"
},{
  "dateTime" : "08/05/23 14:42:00",
  "value" : "0"
},{
  "dateTime" : "08/05/23 14:43:00",
  "value" : "900"
},{
  "dateTime" : "08/05/23 14:44:00",
  "value" : "0"
},{
  "dateTime" : "08/05/23 14:45:00",
  "value" : "900"
},{
  "dateTime" : "08/05/23 14:46:00",
  "value" : "1800"
},{
  "dateTime" : "08/05/23 14:47:00",
  "value" : "1110"
},{
  "dateTime" : "08/05/23 14:48:00",
  "value" : "2010"
},{
  "dateTime" : "08/05/23 14:49:00",
  "value" : "1320"
},{
  "dateTime" : "08/05/23 14:50:00",
  "value" : "1040"
},{
  "dateTime" : "08/05/23 14:51:00",
  "value" : "830"
},{
  "dateTime" : "08/05/23 14:52:00",
  "value" : "620"
},{
  "dateTime" : "08/05/23 14:53:00",
  "value" : "0"
},{
  "dateTime" : "08/05/23 14:54:00",
  "value" : "760"
},{
  "dateTime" : "08/05/23 14:55:00",
  "value" : "1940"
},{
  "dateTime" : "08/05/23 14:56:00",
  "value" : "0"
},{
  "dateTime" : "08/05/23 14:57:00",
  "value" : "0"
},{
  "dateTime" : "08/05/23 14:58:00",
  "value" : "0"
},{
  "dateTime" : "08/05/23 14:59:00",
  "value" : "0"
},{
  "dateTime" : "08/05/23 15:00:00",
  "value" : "0"
},{
  "dateTime" : "08/05/23 15:01:00",
  "value" : "0"
},{
  "dateTime" : "08/05/23 15:02:00",
  "value" : "0"
},{
  "dateTime" : "08/05/23 15:03:00",
  "value" : "0"
},{
  "dateTime" : "08/05/23 15:04:00",
  "value" : "1250"
},{
  "dateTime" : "08/05/23 15:06:00",
  "value" : "0"
},{
  "dateTime" : "08/05/23 15:07:00",
  "value" : "410"
},{
  "dateTime" : "08/05/23 15:08:00",
  "value" : "1600"
},{
  "dateTime" : "08/05/23 15:09:00",
  "value" : "0"
},{
  "dateTime" : "08/05/23 15:10:00",
  "value" : "0"
},{
  "dateTime" : "08/05/23 15:15:00",
  "value" : "0"
},{
  "dateTime" : "08/05/23 15:16:00",
  "value" : "0"
},{
  "dateTime" : "08/05/23 15:17:00",
  "value" : "0"
},{
  "dateTime" : "08/05/23 15:18:00",
  "value" : "0"
},{
  "dateTime" : "08/05/23 15:19:00",
  "value" : "0"
},{
  "dateTime" : "08/05/23 15:20:00",
  "value" : "760"
},{
  "dateTime" : "08/05/23 15:21:00",
  "value" : "1740"
},{
  "dateTime" : "08/05/23 15:22:00",
  "value" : "0"
},{
  "dateTime" : "08/05/23 15:23:00",
  "value" : "0"
},{
  "dateTime" : "08/05/23 15:24:00",
  "value" : "550"
},{
  "dateTime" : "08/05/23 15:25:00",
  "value" : "2500"
},{
  "dateTime" : "08/05/23 15:26:00",
  "value" : "0"
},{
  "dateTime" : "08/05/23 15:27:00",
  "value" : "0"
},{
  "dateTime" : "08/05/23 15:28:00",
  "value" : "0"
},{
  "dateTime" : "08/05/23 15:29:00",
  "value" : "0"
},{
  "dateTime" : "08/05/23 15:30:00",
  "value" : "0"
},{
  "dateTime" : "08/05/23 15:31:00",
  "value" : "620"
},{
  "dateTime" : "08/05/23 15:32:00",
  "value" : "3270"
},{
  "dateTime" : "08/05/23 15:33:00",
  "value" : "480"
},{
  "dateTime" : "08/05/23 15:34:00",
  "value" : "3680"
},{
  "dateTime" : "08/05/23 15:35:00",
  "value" : "0"
},{
  "dateTime" : "08/05/23 15:36:00",
  "value" : "0"
},{
  "dateTime" : "08/05/23 15:37:00",
  "value" : "0"
},{
  "dateTime" : "08/05/23 15:38:00",
  "value" : "3680"
},{
  "dateTime" : "08/05/23 15:39:00",
  "value" : "5150"
},{
  "dateTime" : "08/05/23 15:40:00",
  "value" : "0"
},{
  "dateTime" : "08/05/23 15:41:00",
  "value" : "0"
},{
  "dateTime" : "08/05/23 15:42:00",
  "value" : "0"
},{
  "dateTime" : "08/05/23 15:43:00",
  "value" : "0"
},{
  "dateTime" : "08/05/23 15:44:00",
  "value" : "0"
},{
  "dateTime" : "08/05/23 15:45:00",
  "value" : "0"
},{
  "dateTime" : "08/05/23 15:46:00",
  "value" : "0"
},{
  "dateTime" : "08/05/23 15:47:00",
  "value" : "270"
},{
  "dateTime" : "08/05/23 15:48:00",
  "value" : "0"
},{
  "dateTime" : "08/05/23 15:49:00",
  "value" : "620"
},{
  "dateTime" : "08/05/23 15:50:00",
  "value" : "550"
},{
  "dateTime" : "08/05/23 15:51:00",
  "value" : "760"
},{
  "dateTime" : "08/05/23 15:52:00",
  "value" : "4730"
},{
  "dateTime" : "08/05/23 15:53:00",
  "value" : "270"
},{
  "dateTime" : "08/05/23 15:54:00",
  "value" : "0"
},{
  "dateTime" : "08/05/23 15:55:00",
  "value" : "0"
},{
  "dateTime" : "08/05/23 15:56:00",
  "value" : "0"
},{
  "dateTime" : "08/05/23 15:57:00",
  "value" : "0"
},{
  "dateTime" : "08/05/23 15:58:00",
  "value" : "1460"
},{
  "dateTime" : "08/05/23 15:59:00",
  "value" : "2360"
},{
  "dateTime" : "08/05/23 16:00:00",
  "value" : "620"
},{
  "dateTime" : "08/05/23 16:01:00",
  "value" : "2990"
},{
  "dateTime" : "08/05/23 16:02:00",
  "value" : "3820"
},{
  "dateTime" : "08/05/23 16:03:00",
  "value" : "2850"
},{
  "dateTime" : "08/05/23 16:04:00",
  "value" : "340"
},{
  "dateTime" : "08/05/23 16:05:00",
  "value" : "270"
},{
  "dateTime" : "08/05/23 16:06:00",
  "value" : "0"
},{
  "dateTime" : "08/05/23 16:07:00",
  "value" : "0"
},{
  "dateTime" : "08/05/23 16:08:00",
  "value" : "0"
},{
  "dateTime" : "08/05/23 16:09:00",
  "value" : "0"
},{
  "dateTime" : "08/05/23 16:10:00",
  "value" : "1940"
},{
  "dateTime" : "08/05/23 16:11:00",
  "value" : "0"
},{
  "dateTime" : "08/05/23 16:12:00",
  "value" : "0"
},{
  "dateTime" : "08/05/23 16:13:00",
  "value" : "0"
},{
  "dateTime" : "08/05/23 16:14:00",
  "value" : "0"
},{
  "dateTime" : "08/05/23 16:15:00",
  "value" : "0"
},{
  "dateTime" : "08/05/23 16:16:00",
  "value" : "2220"
},{
  "dateTime" : "08/05/23 16:17:00",
  "value" : "0"
},{
  "dateTime" : "08/05/23 16:18:00",
  "value" : "0"
},{
  "dateTime" : "08/05/23 16:19:00",
  "value" : "0"
},{
  "dateTime" : "08/05/23 16:20:00",
  "value" : "0"
},{
  "dateTime" : "08/05/23 16:21:00",
  "value" : "620"
},{
  "dateTime" : "08/05/23 16:22:00",
  "value" : "0"
},{
  "dateTime" : "08/05/23 16:23:00",
  "value" : "0"
},{
  "dateTime" : "08/05/23 16:24:00",
  "value" : "1740"
},{
  "dateTime" : "08/05/23 16:25:00",
  "value" : "900"
},{
  "dateTime" : "08/05/23 16:26:00",
  "value" : "0"
},{
  "dateTime" : "08/05/23 16:27:00",
  "value" : "0"
},{
  "dateTime" : "08/05/23 16:28:00",
  "value" : "2010"
},{
  "dateTime" : "08/05/23 16:29:00",
  "value" : "0"
},{
  "dateTime" : "08/05/23 16:30:00",
  "value" : "0"
},{
  "dateTime" : "08/05/23 16:31:00",
  "value" : "0"
},{
  "dateTime" : "08/05/23 16:32:00",
  "value" : "0"
},{
  "dateTime" : "08/05/23 16:33:00",
  "value" : "0"
},{
  "dateTime" : "08/05/23 16:34:00",
  "value" : "0"
},{
  "dateTime" : "08/05/23 16:35:00",
  "value" : "0"
},{
  "dateTime" : "08/05/23 16:36:00",
  "value" : "0"
},{
  "dateTime" : "08/05/23 16:37:00",
  "value" : "0"
},{
  "dateTime" : "08/05/23 16:38:00",
  "value" : "0"
},{
  "dateTime" : "08/05/23 16:39:00",
  "value" : "1250"
},{
  "dateTime" : "08/05/23 16:40:00",
  "value" : "0"
},{
  "dateTime" : "08/05/23 16:41:00",
  "value" : "1180"
},{
  "dateTime" : "08/05/23 16:42:00",
  "value" : "900"
},{
  "dateTime" : "08/05/23 16:43:00",
  "value" : "0"
},{
  "dateTime" : "08/05/23 16:44:00",
  "value" : "0"
},{
  "dateTime" : "08/05/23 16:45:00",
  "value" : "0"
},{
  "dateTime" : "08/05/23 16:46:00",
  "value" : "0"
},{
  "dateTime" : "08/05/23 16:47:00",
  "value" : "0"
},{
  "dateTime" : "08/05/23 16:48:00",
  "value" : "480"
},{
  "dateTime" : "08/05/23 16:49:00",
  "value" : "2500"
},{
  "dateTime" : "08/05/23 16:50:00",
  "value" : "0"
},{
  "dateTime" : "08/05/23 16:51:00",
  "value" : "760"
},{
  "dateTime" : "08/05/23 16:52:00",
  "value" : "0"
},{
  "dateTime" : "08/05/23 16:53:00",
  "value" : "0"
},{
  "dateTime" : "08/05/23 16:54:00",
  "value" : "0"
},{
  "dateTime" : "08/05/23 16:55:00",
  "value" : "0"
},{
  "dateTime" : "08/05/23 16:56:00",
  "value" : "0"
},{
  "dateTime" : "08/05/23 16:57:00",
  "value" : "550"
},{
  "dateTime" : "08/05/23 16:58:00",
  "value" : "0"
},{
  "dateTime" : "08/05/23 16:59:00",
  "value" : "0"
},{
  "dateTime" : "08/05/23 17:00:00",
  "value" : "0"
},{
  "dateTime" : "08/05/23 17:01:00",
  "value" : "970"
},{
  "dateTime" : "08/05/23 17:02:00",
  "value" : "60"
},{
  "dateTime" : "08/05/23 17:03:00",
  "value" : "2640"
},{
  "dateTime" : "08/05/23 17:04:00",
  "value" : "0"
},{
  "dateTime" : "08/05/23 17:05:00",
  "value" : "0"
},{
  "dateTime" : "08/05/23 17:06:00",
  "value" : "0"
},{
  "dateTime" : "08/05/23 17:07:00",
  "value" : "0"
},{
  "dateTime" : "08/05/23 17:08:00",
  "value" : "0"
},{
  "dateTime" : "08/05/23 17:09:00",
  "value" : "0"
},{
  "dateTime" : "08/05/23 17:10:00",
  "value" : "0"
},{
  "dateTime" : "08/05/23 17:11:00",
  "value" : "0"
},{
  "dateTime" : "08/05/23 17:12:00",
  "value" : "0"
},{
  "dateTime" : "08/05/23 17:13:00",
  "value" : "0"
},{
  "dateTime" : "08/05/23 17:14:00",
  "value" : "0"
},{
  "dateTime" : "08/05/23 17:15:00",
  "value" : "1390"
},{
  "dateTime" : "08/05/23 17:16:00",
  "value" : "3130"
},{
  "dateTime" : "08/05/23 17:17:00",
  "value" : "2080"
},{
  "dateTime" : "08/05/23 17:18:00",
  "value" : "0"
},{
  "dateTime" : "08/05/23 17:19:00",
  "value" : "2570"
},{
  "dateTime" : "08/05/23 17:20:00",
  "value" : "0"
},{
  "dateTime" : "08/05/23 17:21:00",
  "value" : "1250"
},{
  "dateTime" : "08/05/23 17:22:00",
  "value" : "0"
},{
  "dateTime" : "08/05/23 17:23:00",
  "value" : "340"
},{
  "dateTime" : "08/05/23 17:24:00",
  "value" : "0"
},{
  "dateTime" : "08/05/23 17:25:00",
  "value" : "620"
},{
  "dateTime" : "08/05/23 17:26:00",
  "value" : "620"
},{
  "dateTime" : "08/05/23 17:27:00",
  "value" : "0"
},{
  "dateTime" : "08/05/23 17:28:00",
  "value" : "0"
},{
  "dateTime" : "08/05/23 17:29:00",
  "value" : "0"
},{
  "dateTime" : "08/05/23 17:30:00",
  "value" : "690"
},{
  "dateTime" : "08/05/23 17:31:00",
  "value" : "900"
},{
  "dateTime" : "08/05/23 17:32:00",
  "value" : "0"
},{
  "dateTime" : "08/05/23 17:33:00",
  "value" : "1800"
},{
  "dateTime" : "08/05/23 17:34:00",
  "value" : "550"
},{
  "dateTime" : "08/05/23 17:35:00",
  "value" : "2220"
},{
  "dateTime" : "08/05/23 17:36:00",
  "value" : "0"
},{
  "dateTime" : "08/05/23 17:37:00",
  "value" : "0"
},{
  "dateTime" : "08/05/23 17:38:00",
  "value" : "0"
},{
  "dateTime" : "08/05/23 17:39:00",
  "value" : "0"
},{
  "dateTime" : "08/05/23 17:40:00",
  "value" : "0"
},{
  "dateTime" : "08/05/23 17:41:00",
  "value" : "0"
},{
  "dateTime" : "08/05/23 17:42:00",
  "value" : "1460"
},{
  "dateTime" : "08/05/23 17:43:00",
  "value" : "0"
},{
  "dateTime" : "08/05/23 17:44:00",
  "value" : "0"
},{
  "dateTime" : "08/05/23 17:45:00",
  "value" : "0"
},{
  "dateTime" : "08/05/23 17:46:00",
  "value" : "0"
},{
  "dateTime" : "08/05/23 17:47:00",
  "value" : "0"
},{
  "dateTime" : "08/05/23 17:48:00",
  "value" : "0"
},{
  "dateTime" : "08/05/23 17:49:00",
  "value" : "0"
},{
  "dateTime" : "08/05/23 17:50:00",
  "value" : "0"
},{
  "dateTime" : "08/05/23 17:51:00",
  "value" : "0"
},{
  "dateTime" : "08/05/23 17:52:00",
  "value" : "0"
},{
  "dateTime" : "08/05/23 17:53:00",
  "value" : "690"
},{
  "dateTime" : "08/05/23 17:54:00",
  "value" : "900"
},{
  "dateTime" : "08/05/23 17:55:00",
  "value" : "0"
},{
  "dateTime" : "08/05/23 18:00:00",
  "value" : "0"
},{
  "dateTime" : "08/05/23 18:01:00",
  "value" : "0"
},{
  "dateTime" : "08/05/23 18:02:00",
  "value" : "0"
},{
  "dateTime" : "08/05/23 18:03:00",
  "value" : "0"
},{
  "dateTime" : "08/05/23 18:04:00",
  "value" : "0"
},{
  "dateTime" : "08/05/23 18:05:00",
  "value" : "0"
},{
  "dateTime" : "08/05/23 18:06:00",
  "value" : "0"
},{
  "dateTime" : "08/05/23 18:07:00",
  "value" : "0"
},{
  "dateTime" : "08/05/23 18:08:00",
  "value" : "0"
},{
  "dateTime" : "08/05/23 18:09:00",
  "value" : "0"
},{
  "dateTime" : "08/05/23 18:10:00",
  "value" : "480"
},{
  "dateTime" : "08/05/23 18:11:00",
  "value" : "2640"
},{
  "dateTime" : "08/05/23 18:12:00",
  "value" : "0"
},{
  "dateTime" : "08/05/23 18:13:00",
  "value" : "0"
},{
  "dateTime" : "08/05/23 18:14:00",
  "value" : "0"
},{
  "dateTime" : "08/05/23 18:15:00",
  "value" : "270"
},{
  "dateTime" : "08/05/23 18:16:00",
  "value" : "0"
},{
  "dateTime" : "08/05/23 18:17:00",
  "value" : "0"
},{
  "dateTime" : "08/05/23 18:18:00",
  "value" : "0"
},{
  "dateTime" : "08/05/23 18:19:00",
  "value" : "0"
},{
  "dateTime" : "08/05/23 18:20:00",
  "value" : "0"
},{
  "dateTime" : "08/05/23 18:21:00",
  "value" : "0"
},{
  "dateTime" : "08/05/23 18:22:00",
  "value" : "0"
},{
  "dateTime" : "08/05/23 18:23:00",
  "value" : "0"
},{
  "dateTime" : "08/05/23 18:24:00",
  "value" : "0"
},{
  "dateTime" : "08/05/23 18:25:00",
  "value" : "0"
},{
  "dateTime" : "08/05/23 18:26:00",
  "value" : "0"
},{
  "dateTime" : "08/05/23 18:27:00",
  "value" : "0"
},{
  "dateTime" : "08/05/23 18:28:00",
  "value" : "0"
},{
  "dateTime" : "08/05/23 18:29:00",
  "value" : "1390"
},{
  "dateTime" : "08/05/23 18:30:00",
  "value" : "0"
},{
  "dateTime" : "08/05/23 18:31:00",
  "value" : "0"
},{
  "dateTime" : "08/05/23 18:32:00",
  "value" : "0"
},{
  "dateTime" : "08/05/23 18:33:00",
  "value" : "0"
},{
  "dateTime" : "08/05/23 18:34:00",
  "value" : "270"
},{
  "dateTime" : "08/05/23 18:35:00",
  "value" : "410"
},{
  "dateTime" : "08/05/23 18:36:00",
  "value" : "480"
},{
  "dateTime" : "08/05/23 18:37:00",
  "value" : "0"
},{
  "dateTime" : "08/05/23 18:38:00",
  "value" : "0"
},{
  "dateTime" : "08/05/23 18:39:00",
  "value" : "0"
},{
  "dateTime" : "08/05/23 18:40:00",
  "value" : "0"
},{
  "dateTime" : "08/05/23 18:41:00",
  "value" : "0"
},{
  "dateTime" : "08/05/23 18:42:00",
  "value" : "0"
},{
  "dateTime" : "08/05/23 18:43:00",
  "value" : "0"
},{
  "dateTime" : "08/05/23 18:44:00",
  "value" : "0"
},{
  "dateTime" : "08/05/23 18:45:00",
  "value" : "1390"
},{
  "dateTime" : "08/05/23 18:46:00",
  "value" : "1940"
},{
  "dateTime" : "08/05/23 18:47:00",
  "value" : "0"
},{
  "dateTime" : "08/05/23 18:48:00",
  "value" : "2220"
},{
  "dateTime" : "08/05/23 18:49:00",
  "value" : "0"
},{
  "dateTime" : "08/05/23 18:50:00",
  "value" : "620"
},{
  "dateTime" : "08/05/23 18:51:00",
  "value" : "0"
},{
  "dateTime" : "08/05/23 18:52:00",
  "value" : "1530"
},{
  "dateTime" : "08/05/23 18:53:00",
  "value" : "0"
},{
  "dateTime" : "08/05/23 18:54:00",
  "value" : "0"
},{
  "dateTime" : "08/05/23 18:55:00",
  "value" : "0"
},{
  "dateTime" : "08/05/23 18:58:00",
  "value" : "0"
},{
  "dateTime" : "08/05/23 18:59:00",
  "value" : "1800"
},{
  "dateTime" : "08/05/23 19:00:00",
  "value" : "130"
},{
  "dateTime" : "08/05/23 19:01:00",
  "value" : "2080"
},{
  "dateTime" : "08/05/23 19:02:00",
  "value" : "0"
},{
  "dateTime" : "08/05/23 19:03:00",
  "value" : "0"
},{
  "dateTime" : "08/05/23 19:04:00",
  "value" : "760"
},{
  "dateTime" : "08/05/23 19:05:00",
  "value" : "0"
},{
  "dateTime" : "08/05/23 19:06:00",
  "value" : "0"
},{
  "dateTime" : "08/05/23 19:07:00",
  "value" : "410"
},{
  "dateTime" : "08/05/23 19:08:00",
  "value" : "1460"
},{
  "dateTime" : "08/05/23 19:09:00",
  "value" : "0"
},{
  "dateTime" : "08/05/23 19:10:00",
  "value" : "0"
},{
  "dateTime" : "08/05/23 19:11:00",
  "value" : "0"
},{
  "dateTime" : "08/05/23 19:13:00",
  "value" : "0"
},{
  "dateTime" : "08/05/23 19:15:00",
  "value" : "0"
},{
  "dateTime" : "08/05/23 19:17:00",
  "value" : "1940"
},{
  "dateTime" : "08/05/23 19:18:00",
  "value" : "1670"
},{
  "dateTime" : "08/05/23 19:19:00",
  "value" : "0"
},{
  "dateTime" : "08/05/23 19:20:00",
  "value" : "0"
},{
  "dateTime" : "08/05/23 19:21:00",
  "value" : "3820"
},{
  "dateTime" : "08/05/23 19:22:00",
  "value" : "1250"
},{
  "dateTime" : "08/05/23 19:23:00",
  "value" : "830"
},{
  "dateTime" : "08/05/23 19:24:00",
  "value" : "1530"
},{
  "dateTime" : "08/05/23 19:25:00",
  "value" : "690"
},{
  "dateTime" : "08/05/23 19:26:00",
  "value" : "2220"
},{
  "dateTime" : "08/05/23 19:27:00",
  "value" : "2990"
},{
  "dateTime" : "08/05/23 19:28:00",
  "value" : "0"
},{
  "dateTime" : "08/05/23 19:29:00",
  "value" : "1530"
},{
  "dateTime" : "08/05/23 19:30:00",
  "value" : "760"
},{
  "dateTime" : "08/05/23 19:31:00",
  "value" : "0"
},{
  "dateTime" : "08/05/23 19:32:00",
  "value" : "0"
},{
  "dateTime" : "08/05/23 19:33:00",
  "value" : "0"
},{
  "dateTime" : "08/05/23 19:34:00",
  "value" : "0"
},{
  "dateTime" : "08/05/23 19:35:00",
  "value" : "620"
},{
  "dateTime" : "08/05/23 19:36:00",
  "value" : "550"
},{
  "dateTime" : "08/05/23 19:37:00",
  "value" : "1250"
},{
  "dateTime" : "08/05/23 19:38:00",
  "value" : "620"
},{
  "dateTime" : "08/05/23 19:39:00",
  "value" : "1460"
},{
  "dateTime" : "08/05/23 19:40:00",
  "value" : "1180"
},{
  "dateTime" : "08/05/23 19:41:00",
  "value" : "0"
},{
  "dateTime" : "08/05/23 19:42:00",
  "value" : "0"
},{
  "dateTime" : "08/05/23 19:43:00",
  "value" : "0"
},{
  "dateTime" : "08/05/23 19:44:00",
  "value" : "3750"
},{
  "dateTime" : "08/05/23 19:45:00",
  "value" : "3340"
},{
  "dateTime" : "08/05/23 19:46:00",
  "value" : "0"
},{
  "dateTime" : "08/05/23 19:47:00",
  "value" : "0"
},{
  "dateTime" : "08/05/23 19:48:00",
  "value" : "0"
},{
  "dateTime" : "08/05/23 19:49:00",
  "value" : "0"
},{
  "dateTime" : "08/05/23 19:50:00",
  "value" : "0"
},{
  "dateTime" : "08/05/23 19:51:00",
  "value" : "0"
},{
  "dateTime" : "08/05/23 19:52:00",
  "value" : "0"
},{
  "dateTime" : "08/05/23 19:53:00",
  "value" : "0"
},{
  "dateTime" : "08/05/23 19:54:00",
  "value" : "0"
},{
  "dateTime" : "08/05/23 19:55:00",
  "value" : "0"
},{
  "dateTime" : "08/05/23 19:56:00",
  "value" : "0"
},{
  "dateTime" : "08/05/23 19:57:00",
  "value" : "0"
},{
  "dateTime" : "08/05/23 19:58:00",
  "value" : "0"
},{
  "dateTime" : "08/05/23 19:59:00",
  "value" : "0"
},{
  "dateTime" : "08/05/23 20:00:00",
  "value" : "0"
},{
  "dateTime" : "08/05/23 20:01:00",
  "value" : "0"
},{
  "dateTime" : "08/05/23 20:02:00",
  "value" : "0"
},{
  "dateTime" : "08/05/23 20:03:00",
  "value" : "0"
},{
  "dateTime" : "08/05/23 20:04:00",
  "value" : "0"
},{
  "dateTime" : "08/05/23 20:05:00",
  "value" : "0"
},{
  "dateTime" : "08/05/23 20:06:00",
  "value" : "0"
},{
  "dateTime" : "08/05/23 20:07:00",
  "value" : "0"
},{
  "dateTime" : "08/05/23 20:08:00",
  "value" : "0"
},{
  "dateTime" : "08/05/23 20:09:00",
  "value" : "0"
},{
  "dateTime" : "08/05/23 20:10:00",
  "value" : "0"
},{
  "dateTime" : "08/05/23 20:11:00",
  "value" : "0"
},{
  "dateTime" : "08/05/23 20:12:00",
  "value" : "0"
},{
  "dateTime" : "08/05/23 20:13:00",
  "value" : "0"
},{
  "dateTime" : "08/05/23 20:14:00",
  "value" : "0"
},{
  "dateTime" : "08/05/23 20:15:00",
  "value" : "550"
},{
  "dateTime" : "08/05/23 20:16:00",
  "value" : "0"
},{
  "dateTime" : "08/05/23 20:17:00",
  "value" : "0"
},{
  "dateTime" : "08/05/23 20:18:00",
  "value" : "0"
},{
  "dateTime" : "08/05/23 20:19:00",
  "value" : "0"
},{
  "dateTime" : "08/05/23 20:20:00",
  "value" : "0"
},{
  "dateTime" : "08/05/23 20:21:00",
  "value" : "0"
},{
  "dateTime" : "08/05/23 20:22:00",
  "value" : "0"
},{
  "dateTime" : "08/05/23 20:23:00",
  "value" : "0"
},{
  "dateTime" : "08/05/23 20:24:00",
  "value" : "760"
},{
  "dateTime" : "08/05/23 20:25:00",
  "value" : "1180"
},{
  "dateTime" : "08/05/23 20:26:00",
  "value" : "690"
},{
  "dateTime" : "08/05/23 20:27:00",
  "value" : "760"
},{
  "dateTime" : "08/05/23 20:28:00",
  "value" : "2290"
},{
  "dateTime" : "08/05/23 20:29:00",
  "value" : "60"
},{
  "dateTime" : "08/05/23 20:30:00",
  "value" : "0"
},{
  "dateTime" : "08/05/23 20:31:00",
  "value" : "970"
},{
  "dateTime" : "08/05/23 20:32:00",
  "value" : "0"
},{
  "dateTime" : "08/05/23 20:33:00",
  "value" : "0"
},{
  "dateTime" : "08/05/23 20:34:00",
  "value" : "0"
},{
  "dateTime" : "08/05/23 20:35:00",
  "value" : "0"
},{
  "dateTime" : "08/05/23 20:36:00",
  "value" : "0"
},{
  "dateTime" : "08/05/23 20:37:00",
  "value" : "0"
},{
  "dateTime" : "08/05/23 20:38:00",
  "value" : "0"
},{
  "dateTime" : "08/05/23 20:39:00",
  "value" : "1110"
},{
  "dateTime" : "08/05/23 20:40:00",
  "value" : "0"
},{
  "dateTime" : "08/05/23 20:41:00",
  "value" : "0"
},{
  "dateTime" : "08/05/23 20:42:00",
  "value" : "1040"
},{
  "dateTime" : "08/05/23 20:43:00",
  "value" : "900"
},{
  "dateTime" : "08/05/23 20:44:00",
  "value" : "1040"
},{
  "dateTime" : "08/05/23 20:45:00",
  "value" : "0"
},{
  "dateTime" : "08/05/23 20:46:00",
  "value" : "410"
},{
  "dateTime" : "08/05/23 20:47:00",
  "value" : "0"
},{
  "dateTime" : "08/05/23 20:48:00",
  "value" : "1530"
},{
  "dateTime" : "08/05/23 20:49:00",
  "value" : "620"
},{
  "dateTime" : "08/05/23 20:50:00",
  "value" : "270"
},{
  "dateTime" : "08/05/23 20:51:00",
  "value" : "1250"
},{
  "dateTime" : "08/05/23 20:52:00",
  "value" : "1390"
},{
  "dateTime" : "08/05/23 20:53:00",
  "value" : "1870"
},{
  "dateTime" : "08/05/23 20:54:00",
  "value" : "3750"
},{
  "dateTime" : "08/05/23 20:55:00",
  "value" : "4310"
},{
  "dateTime" : "08/05/23 20:56:00",
  "value" : "3200"
},{
  "dateTime" : "08/05/23 20:57:00",
  "value" : "620"
},{
  "dateTime" : "08/05/23 20:58:00",
  "value" : "0"
},{
  "dateTime" : "08/05/23 20:59:00",
  "value" : "0"
},{
  "dateTime" : "08/05/23 21:00:00",
  "value" : "0"
},{
  "dateTime" : "08/05/23 21:01:00",
  "value" : "0"
},{
  "dateTime" : "08/05/23 21:02:00",
  "value" : "970"
},{
  "dateTime" : "08/05/23 21:03:00",
  "value" : "1870"
},{
  "dateTime" : "08/05/23 21:04:00",
  "value" : "2710"
},{
  "dateTime" : "08/05/23 21:05:00",
  "value" : "0"
},{
  "dateTime" : "08/05/23 21:06:00",
  "value" : "620"
},{
  "dateTime" : "08/05/23 21:07:00",
  "value" : "2430"
},{
  "dateTime" : "08/05/23 21:08:00",
  "value" : "2990"
},{
  "dateTime" : "08/05/23 21:09:00",
  "value" : "0"
},{
  "dateTime" : "08/05/23 21:10:00",
  "value" : "0"
},{
  "dateTime" : "08/05/23 21:11:00",
  "value" : "410"
},{
  "dateTime" : "08/05/23 21:12:00",
  "value" : "0"
},{
  "dateTime" : "08/05/23 21:13:00",
  "value" : "690"
},{
  "dateTime" : "08/05/23 21:14:00",
  "value" : "480"
},{
  "dateTime" : "08/05/23 21:15:00",
  "value" : "0"
},{
  "dateTime" : "08/05/23 21:16:00",
  "value" : "0"
},{
  "dateTime" : "08/05/23 21:17:00",
  "value" : "480"
},{
  "dateTime" : "08/05/23 21:18:00",
  "value" : "1670"
},{
  "dateTime" : "08/05/23 21:19:00",
  "value" : "0"
},{
  "dateTime" : "08/05/23 21:20:00",
  "value" : "1110"
},{
  "dateTime" : "08/05/23 21:21:00",
  "value" : "1040"
},{
  "dateTime" : "08/05/23 21:22:00",
  "value" : "4240"
},{
  "dateTime" : "08/05/23 21:23:00",
  "value" : "1870"
},{
  "dateTime" : "08/05/23 21:24:00",
  "value" : "1870"
},{
  "dateTime" : "08/05/23 21:25:00",
  "value" : "0"
},{
  "dateTime" : "08/05/23 21:26:00",
  "value" : "1320"
},{
  "dateTime" : "08/05/23 21:27:00",
  "value" : "2850"
},{
  "dateTime" : "08/05/23 21:28:00",
  "value" : "0"
},{
  "dateTime" : "08/05/23 21:29:00",
  "value" : "2010"
},{
  "dateTime" : "08/05/23 21:30:00",
  "value" : "1390"
},{
  "dateTime" : "08/05/23 21:31:00",
  "value" : "970"
},{
  "dateTime" : "08/05/23 21:32:00",
  "value" : "1320"
},{
  "dateTime" : "08/05/23 21:33:00",
  "value" : "2920"
},{
  "dateTime" : "08/05/23 21:34:00",
  "value" : "1600"
},{
  "dateTime" : "08/05/23 21:35:00",
  "value" : "1180"
},{
  "dateTime" : "08/05/23 21:36:00",
  "value" : "0"
},{
  "dateTime" : "08/05/23 21:37:00",
  "value" : "0"
},{
  "dateTime" : "08/05/23 21:38:00",
  "value" : "0"
},{
  "dateTime" : "08/05/23 21:39:00",
  "value" : "0"
},{
  "dateTime" : "08/05/23 21:40:00",
  "value" : "0"
},{
  "dateTime" : "08/05/23 21:41:00",
  "value" : "550"
},{
  "dateTime" : "08/05/23 21:42:00",
  "value" : "1320"
},{
  "dateTime" : "08/05/23 21:43:00",
  "value" : "0"
},{
  "dateTime" : "08/05/23 21:44:00",
  "value" : "0"
},{
  "dateTime" : "08/05/23 21:45:00",
  "value" : "0"
},{
  "dateTime" : "08/05/23 21:46:00",
  "value" : "0"
},{
  "dateTime" : "08/05/23 21:47:00",
  "value" : "0"
},{
  "dateTime" : "08/05/23 21:49:00",
  "value" : "0"
},{
  "dateTime" : "08/05/23 21:50:00",
  "value" : "0"
},{
  "dateTime" : "08/05/23 21:51:00",
  "value" : "0"
},{
  "dateTime" : "08/05/23 21:52:00",
  "value" : "480"
},{
  "dateTime" : "08/05/23 21:53:00",
  "value" : "0"
},{
  "dateTime" : "08/05/23 21:54:00",
  "value" : "0"
},{
  "dateTime" : "08/05/23 21:56:00",
  "value" : "0"
},{
  "dateTime" : "08/05/23 21:57:00",
  "value" : "0"
},{
  "dateTime" : "08/05/23 21:59:00",
  "value" : "0"
},{
  "dateTime" : "08/05/23 22:00:00",
  "value" : "760"
},{
  "dateTime" : "08/05/23 22:02:00",
  "value" : "0"
},{
  "dateTime" : "08/05/23 22:03:00",
  "value" : "0"
},{
  "dateTime" : "08/05/23 22:04:00",
  "value" : "2080"
},{
  "dateTime" : "08/05/23 22:05:00",
  "value" : "0"
},{
  "dateTime" : "08/05/23 22:06:00",
  "value" : "0"
},{
  "dateTime" : "08/05/23 22:08:00",
  "value" : "2150"
},{
  "dateTime" : "08/05/23 22:09:00",
  "value" : "0"
},{
  "dateTime" : "08/05/23 22:10:00",
  "value" : "0"
}]