[{
  "logId" : 42310262963,
  "dateOfSleep" : "2023-08-05",
  "startTime" : "2023-08-05T04:01:00.000",
  "endTime" : "2023-08-05T09:58:00.000",
  "duration" : 21420000,
  "minutesToFallAsleep" : 0,
  "minutesAsleep" : 309,
  "minutesAwake" : 48,
  "minutesAfterWakeup" : 0,
  "timeInBed" : 357,
  "efficiency" : 88,
  "type" : "stages",
  "infoCode" : 0,
  "logType" : "auto_detected",
  "levels" : {
    "summary" : {
      "deep" : {
        "count" : 1,
        "minutes" : 87,
        "thirtyDayAvgMinutes" : 0
      },
      "wake" : {
        "count" : 11,
        "minutes" : 48,
        "thirtyDayAvgMinutes" : 0
      },
      "light" : {
        "count" : 11,
        "minutes" : 163,
        "thirtyDayAvgMinutes" : 0
      },
      "rem" : {
        "count" : 5,
        "minutes" : 59,
        "thirtyDayAvgMinutes" : 0
      }
    },
    "data" : [{
      "dateTime" : "2023-08-05T04:01:00.000",
      "level" : "wake",
      "seconds" : 30
    },{
      "dateTime" : "2023-08-05T04:01:30.000",
      "level" : "light",
      "seconds" : 1170
    },{
      "dateTime" : "2023-08-05T04:21:00.000",
      "level" : "wake",
      "seconds" : 330
    },{
      "dateTime" : "2023-08-05T04:26:30.000",
      "level" : "light",
      "seconds" : 150
    },{
      "dateTime" : "2023-08-05T04:29:00.000",
      "level" : "deep",
      "seconds" : 5400
    },{
      "dateTime" : "2023-08-05T05:59:00.000",
      "level" : "light",
      "seconds" : 1560
    },{
      "dateTime" : "2023-08-05T06:25:00.000",
      "level" : "rem",
      "seconds" : 480
    },{
      "dateTime" : "2023-08-05T06:33:00.000",
      "level" : "light",
      "seconds" : 1710
    },{
      "dateTime" : "2023-08-05T07:01:30.000",
      "level" : "rem",
      "seconds" : 330
    },{
      "dateTime" : "2023-08-05T07:07:00.000",
      "level" : "light",
      "seconds" : 2760
    },{
      "dateTime" : "2023-08-05T07:53:00.000",
      "level" : "wake",
      "seconds" : 1110
    },{
      "dateTime" : "2023-08-05T08:11:30.000",
      "level" : "light",
      "seconds" : 30
    },{
      "dateTime" : "2023-08-05T08:12:00.000",
      "level" : "rem",
      "seconds" : 1950
    },{
      "dateTime" : "2023-08-05T08:44:30.000",
      "level" : "wake",
      "seconds" : 810
    },{
      "dateTime" : "2023-08-05T08:58:00.000",
      "level" : "light",
      "seconds" : 1920
    },{
      "dateTime" : "2023-08-05T09:30:00.000",
      "level" : "wake",
      "seconds" : 210
    },{
      "dateTime" : "2023-08-05T09:33:30.000",
      "level" : "light",
      "seconds" : 660
    },{
      "dateTime" : "2023-08-05T09:44:30.000",
      "level" : "rem",
      "seconds" : 810
    }],
    "shortData" : [{
      "dateTime" : "2023-08-05T04:01:00.000",
      "level" : "wake",
      "seconds" : 30
    },{
      "dateTime" : "2023-08-05T05:56:00.000",
      "level" : "wake",
      "seconds" : 180
    },{
      "dateTime" : "2023-08-05T06:35:00.000",
      "level" : "wake",
      "seconds" : 30
    },{
      "dateTime" : "2023-08-05T06:54:30.000",
      "level" : "wake",
      "seconds" : 30
    },{
      "dateTime" : "2023-08-05T07:07:00.000",
      "level" : "wake",
      "seconds" : 30
    },{
      "dateTime" : "2023-08-05T07:45:00.000",
      "level" : "wake",
      "seconds" : 120
    },{
      "dateTime" : "2023-08-05T09:50:00.000",
      "level" : "wake",
      "seconds" : 30
    }]
  },
  "mainSleep" : true
},{
  "logId" : 42085104487,
  "dateOfSleep" : "2023-07-16",
  "startTime" : "2023-07-16T22:09:30.000",
  "endTime" : "2023-07-16T23:22:00.000",
  "duration" : 4320000,
  "minutesToFallAsleep" : 0,
  "minutesAsleep" : 72,
  "minutesAwake" : 0,
  "minutesAfterWakeup" : 0,
  "timeInBed" : 72,
  "efficiency" : 100,
  "type" : "classic",
  "infoCode" : 2,
  "logType" : "auto_detected",
  "levels" : {
    "summary" : {
      "restless" : {
        "count" : 0,
        "minutes" : 0
      },
      "awake" : {
        "count" : 0,
        "minutes" : 0
      },
      "asleep" : {
        "count" : 0,
        "minutes" : 72
      }
    },
    "data" : [{
      "dateTime" : "2023-07-16T22:09:30.000",
      "level" : "asleep",
      "seconds" : 4320
    }]
  },
  "mainSleep" : false
},{
  "logId" : 42078630424,
  "dateOfSleep" : "2023-07-16",
  "startTime" : "2023-07-16T05:57:30.000",
  "endTime" : "2023-07-16T09:48:00.000",
  "duration" : 13800000,
  "minutesToFallAsleep" : 0,
  "minutesAsleep" : 230,
  "minutesAwake" : 0,
  "minutesAfterWakeup" : 0,
  "timeInBed" : 230,
  "efficiency" : 100,
  "type" : "classic",
  "infoCode" : 1,
  "logType" : "auto_detected",
  "levels" : {
    "summary" : {
      "restless" : {
        "count" : 0,
        "minutes" : 0
      },
      "awake" : {
        "count" : 0,
        "minutes" : 0
      },
      "asleep" : {
        "count" : 0,
        "minutes" : 230
      }
    },
    "data" : [{
      "dateTime" : "2023-07-16T05:57:30.000",
      "level" : "asleep",
      "seconds" : 13800
    }]
  },
  "mainSleep" : true
}]