timestamp,heart rate zone,total minutes
2023-05-03T00:43:00Z,fat burn,1
2023-05-04T12:58:00Z,fat burn,1
2023-05-05T17:24:00Z,fat burn,1
2023-05-05T17:25:00Z,fat burn,1
2023-05-05T17:26:00Z,fat burn,1
2023-05-05T17:33:00Z,fat burn,1
2023-05-05T17:49:00Z,fat burn,1
2023-05-05T18:22:00Z,fat burn,1
2023-05-05T18:27:00Z,fat burn,1
2023-05-05T18:28:00Z,fat burn,1
2023-05-05T18:29:00Z,fat burn,1
2023-05-05T18:30:00Z,fat burn,1
2023-05-05T18:31:00Z,fat burn,1
2023-05-05T18:32:00Z,fat burn,1
2023-05-05T18:33:00Z,fat burn,1
2023-05-05T18:34:00Z,fat burn,1
2023-05-05T18:35:00Z,fat burn,1
2023-05-06T16:48:00Z,fat burn,1
2023-05-06T16:49:00Z,fat burn,1
2023-05-06T16:56:00Z,fat burn,1
2023-05-06T16:57:00Z,fat burn,1
2023-05-20T16:13:00Z,fat burn,1
2023-05-20T17:07:00Z,fat burn,1
2023-05-26T18:51:00Z,fat burn,1
2023-05-26T19:00:00Z,fat burn,1
2023-05-26T19:01:00Z,fat burn,1
