timestamp,event_name,email,location,ip,outcome,reason
Mon Aug 28 09:30:11 UTC 2023,updateProfileMigratedUser,JasonDouglasGibbs@gmail.com,,,SUCCESS,
Thu Aug 24 08:40:48 UTC 2023,updateProfileMigratedUser,JasonDouglasGibbs@gmail.com,,,SUCCESS,
Tue Aug 22 09:16:22 UTC 2023,updateProfileMigratedUser,JasonDouglasGibbs@gmail.com,,,SUCCESS,
Wed Aug 16 09:46:36 UTC 2023,updateProfileMigratedUser,JasonDouglasGibbs@gmail.com,,,SUCCESS,
Mon Aug 14 09:05:15 UTC 2023,updateProfileMigratedUser,JasonDouglasGibbs@gmail.com,,,SUCCESS,
Fri Aug 04 23:18:31 UTC 2023,updateProfileMigratedUser,JasonDouglasGibbs@gmail.com,,,SUCCESS,
Fri Aug 04 23:17:40 UTC 2023,Update profile data,jasondouglasgibbs@gmail.com,"Havre de Grace, MD, United States",69.143.207.151,SUCCESS,
Fri Aug 04 23:17:40 UTC 2023,Update profile data,jasondouglasgibbs@gmail.com,"Havre de Grace, MD, United States",69.143.207.151,SUCCESS,
Fri Aug 04 23:17:39 UTC 2023,Update profile data,jasondouglasgibbs@gmail.com,"Havre de Grace, MD, United States",69.143.207.151,SUCCESS,
Tue Apr 18 22:14:01 UTC 2023,Update profile data,jasondouglasgibbs@gmail.com,"Havre de Grace, MD, United States",69.143.207.151,SUCCESS,
Tue Apr 18 21:55:08 UTC 2023,verifyEmailSignup,jasondouglasgibbs@gmail.com,"Havre de Grace, MD, United States",69.143.207.151,SUCCESS,
Tue Apr 18 21:55:08 UTC 2023,Signup,jasondouglasgibbs@gmail.com,"Havre de Grace, MD, United States",69.143.207.151,SUCCESS,