[{
  "dateTime" : "09/03/24 20:37:00",
  "value" : "0"
},{
  "dateTime" : "09/03/24 20:38:00",
  "value" : "0"
},{
  "dateTime" : "09/03/24 20:42:00",
  "value" : "0"
},{
  "dateTime" : "09/03/24 20:45:00",
  "value" : "10"
},{
  "dateTime" : "09/03/24 20:48:00",
  "value" : "0"
},{
  "dateTime" : "09/03/24 20:49:00",
  "value" : "0"
},{
  "dateTime" : "09/03/24 20:50:00",
  "value" : "0"
},{
  "dateTime" : "09/03/24 20:57:00",
  "value" : "0"
},{
  "dateTime" : "09/03/24 21:03:00",
  "value" : "0"
},{
  "dateTime" : "09/03/24 21:04:00",
  "value" : "0"
},{
  "dateTime" : "09/03/24 21:06:00",
  "value" : "10"
},{
  "dateTime" : "09/03/24 21:07:00",
  "value" : "0"
},{
  "dateTime" : "09/03/24 21:10:00",
  "value" : "0"
},{
  "dateTime" : "09/03/24 21:12:00",
  "value" : "0"
},{
  "dateTime" : "09/03/24 21:14:00",
  "value" : "0"
},{
  "dateTime" : "09/03/24 21:18:00",
  "value" : "0"
},{
  "dateTime" : "09/03/24 21:24:00",
  "value" : "0"
},{
  "dateTime" : "09/03/24 21:41:00",
  "value" : "0"
},{
  "dateTime" : "09/03/24 21:42:00",
  "value" : "0"
},{
  "dateTime" : "09/03/24 21:43:00",
  "value" : "0"
},{
  "dateTime" : "09/03/24 22:03:00",
  "value" : "0"
},{
  "dateTime" : "09/03/24 22:04:00",
  "value" : "0"
},{
  "dateTime" : "09/03/24 22:05:00",
  "value" : "0"
},{
  "dateTime" : "09/03/24 22:07:00",
  "value" : "0"
},{
  "dateTime" : "09/03/24 22:10:00",
  "value" : "0"
},{
  "dateTime" : "09/03/24 22:33:00",
  "value" : "0"
},{
  "dateTime" : "09/03/24 22:34:00",
  "value" : "0"
},{
  "dateTime" : "09/03/24 23:39:00",
  "value" : "0"
},{
  "dateTime" : "09/03/24 23:40:00",
  "value" : "0"
},{
  "dateTime" : "09/03/24 23:43:00",
  "value" : "0"
},{
  "dateTime" : "09/04/24 00:00:00",
  "value" : "0"
},{
  "dateTime" : "09/04/24 00:39:00",
  "value" : "0"
},{
  "dateTime" : "09/04/24 00:43:00",
  "value" : "0"
},{
  "dateTime" : "09/04/24 01:42:00",
  "value" : "0"
},{
  "dateTime" : "09/04/24 01:49:00",
  "value" : "0"
},{
  "dateTime" : "09/04/24 01:51:00",
  "value" : "0"
},{
  "dateTime" : "09/04/24 02:14:00",
  "value" : "0"
},{
  "dateTime" : "09/04/24 02:18:00",
  "value" : "0"
},{
  "dateTime" : "09/04/24 02:21:00",
  "value" : "0"
},{
  "dateTime" : "09/04/24 02:24:00",
  "value" : "0"
},{
  "dateTime" : "09/04/24 02:40:00",
  "value" : "0"
},{
  "dateTime" : "09/04/24 03:35:00",
  "value" : "0"
},{
  "dateTime" : "09/04/24 03:59:00",
  "value" : "0"
},{
  "dateTime" : "09/04/24 20:15:00",
  "value" : "0"
},{
  "dateTime" : "09/05/24 19:21:00",
  "value" : "0"
},{
  "dateTime" : "09/05/24 19:22:00",
  "value" : "0"
},{
  "dateTime" : "09/05/24 19:23:00",
  "value" : "0"
},{
  "dateTime" : "09/05/24 19:27:00",
  "value" : "0"
},{
  "dateTime" : "09/05/24 19:59:00",
  "value" : "0"
},{
  "dateTime" : "09/05/24 20:00:00",
  "value" : "0"
},{
  "dateTime" : "09/05/24 20:01:00",
  "value" : "0"
},{
  "dateTime" : "09/05/24 20:02:00",
  "value" : "0"
},{
  "dateTime" : "09/05/24 20:12:00",
  "value" : "0"
},{
  "dateTime" : "09/05/24 20:14:00",
  "value" : "0"
},{
  "dateTime" : "09/05/24 20:15:00",
  "value" : "0"
},{
  "dateTime" : "09/05/24 20:16:00",
  "value" : "0"
},{
  "dateTime" : "09/05/24 20:19:00",
  "value" : "0"
},{
  "dateTime" : "09/05/24 20:22:00",
  "value" : "0"
},{
  "dateTime" : "09/05/24 20:24:00",
  "value" : "0"
},{
  "dateTime" : "09/05/24 20:26:00",
  "value" : "0"
},{
  "dateTime" : "09/05/24 20:33:00",
  "value" : "10"
},{
  "dateTime" : "09/05/24 20:37:00",
  "value" : "0"
},{
  "dateTime" : "09/05/24 20:42:00",
  "value" : "0"
},{
  "dateTime" : "09/05/24 20:44:00",
  "value" : "0"
},{
  "dateTime" : "09/05/24 20:50:00",
  "value" : "0"
},{
  "dateTime" : "09/05/24 20:53:00",
  "value" : "10"
},{
  "dateTime" : "09/05/24 20:54:00",
  "value" : "0"
},{
  "dateTime" : "09/05/24 20:57:00",
  "value" : "0"
},{
  "dateTime" : "09/05/24 21:23:00",
  "value" : "0"
},{
  "dateTime" : "09/05/24 21:28:00",
  "value" : "0"
},{
  "dateTime" : "09/05/24 21:39:00",
  "value" : "0"
},{
  "dateTime" : "09/05/24 21:44:00",
  "value" : "0"
},{
  "dateTime" : "09/05/24 21:53:00",
  "value" : "0"
},{
  "dateTime" : "09/05/24 21:54:00",
  "value" : "0"
},{
  "dateTime" : "09/05/24 22:14:00",
  "value" : "0"
},{
  "dateTime" : "09/05/24 22:16:00",
  "value" : "0"
},{
  "dateTime" : "09/05/24 22:17:00",
  "value" : "0"
},{
  "dateTime" : "09/06/24 16:09:00",
  "value" : "0"
},{
  "dateTime" : "09/07/24 08:20:00",
  "value" : "0"
},{
  "dateTime" : "09/07/24 08:21:00",
  "value" : "0"
},{
  "dateTime" : "09/07/24 08:25:00",
  "value" : "0"
},{
  "dateTime" : "09/07/24 08:26:00",
  "value" : "0"
},{
  "dateTime" : "09/07/24 08:28:00",
  "value" : "0"
},{
  "dateTime" : "09/07/24 08:29:00",
  "value" : "0"
},{
  "dateTime" : "09/07/24 08:30:00",
  "value" : "0"
},{
  "dateTime" : "09/07/24 08:50:00",
  "value" : "0"
},{
  "dateTime" : "09/07/24 09:00:00",
  "value" : "0"
},{
  "dateTime" : "09/07/24 09:09:00",
  "value" : "0"
},{
  "dateTime" : "09/07/24 09:10:00",
  "value" : "0"
},{
  "dateTime" : "09/07/24 09:11:00",
  "value" : "0"
},{
  "dateTime" : "09/07/24 09:42:00",
  "value" : "0"
},{
  "dateTime" : "09/07/24 09:43:00",
  "value" : "0"
},{
  "dateTime" : "09/07/24 09:44:00",
  "value" : "0"
},{
  "dateTime" : "09/07/24 09:45:00",
  "value" : "0"
},{
  "dateTime" : "09/07/24 10:01:00",
  "value" : "0"
},{
  "dateTime" : "09/07/24 10:15:00",
  "value" : "0"
},{
  "dateTime" : "09/07/24 10:17:00",
  "value" : "0"
},{
  "dateTime" : "09/07/24 10:33:00",
  "value" : "0"
},{
  "dateTime" : "09/07/24 10:45:00",
  "value" : "10"
},{
  "dateTime" : "09/07/24 11:03:00",
  "value" : "0"
},{
  "dateTime" : "09/07/24 11:13:00",
  "value" : "0"
},{
  "dateTime" : "09/07/24 11:14:00",
  "value" : "0"
},{
  "dateTime" : "09/07/24 11:15:00",
  "value" : "0"
},{
  "dateTime" : "09/07/24 11:19:00",
  "value" : "0"
}]