[{
  "dateTime" : "01/12/24 00:00:00",
  "value" : "0"
},{
  "dateTime" : "01/12/24 05:05:00",
  "value" : "0"
},{
  "dateTime" : "01/12/24 05:08:00",
  "value" : "0"
},{
  "dateTime" : "01/12/24 06:29:00",
  "value" : "0"
},{
  "dateTime" : "01/12/24 06:30:00",
  "value" : "0"
},{
  "dateTime" : "01/12/24 09:08:00",
  "value" : "0"
},{
  "dateTime" : "01/12/24 09:09:00",
  "value" : "0"
},{
  "dateTime" : "01/12/24 09:27:00",
  "value" : "0"
},{
  "dateTime" : "01/12/24 09:29:00",
  "value" : "0"
},{
  "dateTime" : "01/12/24 09:30:00",
  "value" : "10"
},{
  "dateTime" : "01/12/24 09:33:00",
  "value" : "0"
},{
  "dateTime" : "01/12/24 09:34:00",
  "value" : "0"
},{
  "dateTime" : "01/12/24 09:37:00",
  "value" : "0"
},{
  "dateTime" : "01/12/24 09:51:00",
  "value" : "0"
},{
  "dateTime" : "01/12/24 09:53:00",
  "value" : "0"
},{
  "dateTime" : "01/12/24 09:54:00",
  "value" : "0"
},{
  "dateTime" : "01/12/24 09:55:00",
  "value" : "0"
},{
  "dateTime" : "01/12/24 09:59:00",
  "value" : "10"
},{
  "dateTime" : "01/12/24 10:27:00",
  "value" : "0"
},{
  "dateTime" : "01/12/24 10:33:00",
  "value" : "0"
},{
  "dateTime" : "01/12/24 10:52:00",
  "value" : "0"
},{
  "dateTime" : "01/12/24 10:54:00",
  "value" : "0"
},{
  "dateTime" : "01/12/24 11:20:00",
  "value" : "10"
},{
  "dateTime" : "01/12/24 11:30:00",
  "value" : "0"
},{
  "dateTime" : "01/12/24 11:36:00",
  "value" : "10"
},{
  "dateTime" : "01/12/24 12:33:00",
  "value" : "0"
},{
  "dateTime" : "01/12/24 12:44:00",
  "value" : "0"
},{
  "dateTime" : "01/12/24 13:20:00",
  "value" : "0"
},{
  "dateTime" : "01/12/24 13:34:00",
  "value" : "0"
},{
  "dateTime" : "01/12/24 13:35:00",
  "value" : "0"
},{
  "dateTime" : "01/12/24 14:38:00",
  "value" : "0"
},{
  "dateTime" : "01/12/24 14:39:00",
  "value" : "0"
},{
  "dateTime" : "01/12/24 14:45:00",
  "value" : "0"
},{
  "dateTime" : "01/13/24 12:41:00",
  "value" : "0"
},{
  "dateTime" : "01/13/24 12:43:00",
  "value" : "0"
},{
  "dateTime" : "01/13/24 12:50:00",
  "value" : "0"
},{
  "dateTime" : "01/13/24 13:02:00",
  "value" : "0"
},{
  "dateTime" : "01/13/24 13:06:00",
  "value" : "0"
},{
  "dateTime" : "01/13/24 13:18:00",
  "value" : "10"
},{
  "dateTime" : "01/13/24 13:35:00",
  "value" : "10"
},{
  "dateTime" : "01/13/24 13:42:00",
  "value" : "0"
},{
  "dateTime" : "01/13/24 13:49:00",
  "value" : "10"
},{
  "dateTime" : "01/13/24 13:55:00",
  "value" : "0"
},{
  "dateTime" : "01/13/24 14:08:00",
  "value" : "0"
},{
  "dateTime" : "01/13/24 14:09:00",
  "value" : "0"
},{
  "dateTime" : "01/13/24 14:46:00",
  "value" : "0"
},{
  "dateTime" : "01/13/24 14:50:00",
  "value" : "0"
},{
  "dateTime" : "01/13/24 15:50:00",
  "value" : "0"
},{
  "dateTime" : "01/13/24 16:50:00",
  "value" : "0"
},{
  "dateTime" : "01/13/24 17:00:00",
  "value" : "0"
},{
  "dateTime" : "01/13/24 17:03:00",
  "value" : "0"
},{
  "dateTime" : "01/13/24 17:04:00",
  "value" : "10"
},{
  "dateTime" : "01/13/24 17:07:00",
  "value" : "0"
},{
  "dateTime" : "01/13/24 17:29:00",
  "value" : "0"
},{
  "dateTime" : "01/13/24 17:44:00",
  "value" : "0"
},{
  "dateTime" : "01/13/24 17:45:00",
  "value" : "0"
},{
  "dateTime" : "01/13/24 18:00:00",
  "value" : "0"
},{
  "dateTime" : "01/13/24 18:15:00",
  "value" : "0"
},{
  "dateTime" : "01/13/24 18:23:00",
  "value" : "10"
},{
  "dateTime" : "01/13/24 19:26:00",
  "value" : "0"
},{
  "dateTime" : "01/13/24 19:42:00",
  "value" : "0"
},{
  "dateTime" : "01/13/24 19:43:00",
  "value" : "0"
},{
  "dateTime" : "01/13/24 19:58:00",
  "value" : "0"
},{
  "dateTime" : "01/13/24 20:36:00",
  "value" : "10"
},{
  "dateTime" : "01/13/24 20:39:00",
  "value" : "0"
},{
  "dateTime" : "01/13/24 20:43:00",
  "value" : "10"
},{
  "dateTime" : "01/14/24 12:37:00",
  "value" : "0"
},{
  "dateTime" : "01/14/24 12:38:00",
  "value" : "0"
},{
  "dateTime" : "01/14/24 12:50:00",
  "value" : "0"
},{
  "dateTime" : "01/14/24 12:59:00",
  "value" : "10"
},{
  "dateTime" : "01/14/24 13:07:00",
  "value" : "0"
},{
  "dateTime" : "01/14/24 13:23:00",
  "value" : "0"
},{
  "dateTime" : "01/14/24 13:45:00",
  "value" : "0"
},{
  "dateTime" : "01/14/24 13:56:00",
  "value" : "0"
},{
  "dateTime" : "01/14/24 14:03:00",
  "value" : "10"
},{
  "dateTime" : "01/14/24 14:04:00",
  "value" : "0"
},{
  "dateTime" : "01/14/24 14:16:00",
  "value" : "0"
},{
  "dateTime" : "01/14/24 14:18:00",
  "value" : "0"
},{
  "dateTime" : "01/14/24 14:20:00",
  "value" : "10"
},{
  "dateTime" : "01/14/24 15:05:00",
  "value" : "0"
},{
  "dateTime" : "01/14/24 15:09:00",
  "value" : "10"
},{
  "dateTime" : "01/14/24 15:50:00",
  "value" : "0"
},{
  "dateTime" : "01/14/24 15:55:00",
  "value" : "0"
},{
  "dateTime" : "01/14/24 15:56:00",
  "value" : "0"
},{
  "dateTime" : "01/14/24 16:02:00",
  "value" : "0"
},{
  "dateTime" : "01/14/24 16:10:00",
  "value" : "0"
},{
  "dateTime" : "01/14/24 16:50:00",
  "value" : "0"
},{
  "dateTime" : "01/14/24 17:07:00",
  "value" : "10"
},{
  "dateTime" : "01/14/24 17:33:00",
  "value" : "0"
},{
  "dateTime" : "01/14/24 17:34:00",
  "value" : "0"
},{
  "dateTime" : "01/14/24 17:50:00",
  "value" : "0"
},{
  "dateTime" : "01/14/24 17:52:00",
  "value" : "10"
},{
  "dateTime" : "01/14/24 18:24:00",
  "value" : "0"
},{
  "dateTime" : "01/14/24 18:37:00",
  "value" : "0"
},{
  "dateTime" : "01/14/24 18:39:00",
  "value" : "10"
},{
  "dateTime" : "01/14/24 19:17:00",
  "value" : "0"
},{
  "dateTime" : "01/14/24 19:43:00",
  "value" : "0"
},{
  "dateTime" : "01/14/24 20:01:00",
  "value" : "10"
},{
  "dateTime" : "01/14/24 23:04:00",
  "value" : "0"
},{
  "dateTime" : "01/15/24 00:00:00",
  "value" : "0"
},{
  "dateTime" : "01/15/24 00:09:00",
  "value" : "10"
},{
  "dateTime" : "01/15/24 11:00:00",
  "value" : "0"
},{
  "dateTime" : "01/15/24 11:17:00",
  "value" : "0"
},{
  "dateTime" : "01/15/24 11:18:00",
  "value" : "10"
},{
  "dateTime" : "01/15/24 11:28:00",
  "value" : "0"
},{
  "dateTime" : "01/15/24 11:41:00",
  "value" : "10"
},{
  "dateTime" : "01/15/24 11:59:00",
  "value" : "0"
},{
  "dateTime" : "01/15/24 12:00:00",
  "value" : "0"
},{
  "dateTime" : "01/15/24 12:06:00",
  "value" : "0"
},{
  "dateTime" : "01/15/24 12:11:00",
  "value" : "0"
},{
  "dateTime" : "01/15/24 12:47:00",
  "value" : "0"
},{
  "dateTime" : "01/15/24 12:50:00",
  "value" : "0"
},{
  "dateTime" : "01/15/24 13:00:00",
  "value" : "0"
},{
  "dateTime" : "01/15/24 13:01:00",
  "value" : "0"
},{
  "dateTime" : "01/15/24 13:02:00",
  "value" : "0"
},{
  "dateTime" : "01/15/24 13:17:00",
  "value" : "0"
},{
  "dateTime" : "01/15/24 13:36:00",
  "value" : "0"
},{
  "dateTime" : "01/15/24 13:38:00",
  "value" : "0"
},{
  "dateTime" : "01/15/24 13:39:00",
  "value" : "0"
},{
  "dateTime" : "01/15/24 13:40:00",
  "value" : "0"
},{
  "dateTime" : "01/15/24 13:45:00",
  "value" : "0"
},{
  "dateTime" : "01/15/24 13:50:00",
  "value" : "0"
},{
  "dateTime" : "01/15/24 13:57:00",
  "value" : "0"
},{
  "dateTime" : "01/15/24 13:58:00",
  "value" : "0"
},{
  "dateTime" : "01/15/24 14:01:00",
  "value" : "0"
},{
  "dateTime" : "01/15/24 14:02:00",
  "value" : "0"
},{
  "dateTime" : "01/15/24 14:07:00",
  "value" : "0"
},{
  "dateTime" : "01/15/24 14:25:00",
  "value" : "0"
},{
  "dateTime" : "01/15/24 14:30:00",
  "value" : "0"
},{
  "dateTime" : "01/15/24 14:33:00",
  "value" : "0"
},{
  "dateTime" : "01/15/24 14:34:00",
  "value" : "0"
},{
  "dateTime" : "01/15/24 14:36:00",
  "value" : "0"
},{
  "dateTime" : "01/15/24 14:38:00",
  "value" : "0"
},{
  "dateTime" : "01/15/24 14:39:00",
  "value" : "0"
},{
  "dateTime" : "01/15/24 14:40:00",
  "value" : "0"
},{
  "dateTime" : "01/15/24 14:45:00",
  "value" : "0"
},{
  "dateTime" : "01/15/24 14:48:00",
  "value" : "0"
},{
  "dateTime" : "01/15/24 14:49:00",
  "value" : "0"
},{
  "dateTime" : "01/15/24 14:50:00",
  "value" : "0"
},{
  "dateTime" : "01/15/24 15:01:00",
  "value" : "0"
},{
  "dateTime" : "01/15/24 15:10:00",
  "value" : "0"
},{
  "dateTime" : "01/15/24 15:17:00",
  "value" : "0"
},{
  "dateTime" : "01/15/24 15:18:00",
  "value" : "0"
},{
  "dateTime" : "01/15/24 15:47:00",
  "value" : "0"
},{
  "dateTime" : "01/15/24 16:18:00",
  "value" : "0"
},{
  "dateTime" : "01/15/24 16:19:00",
  "value" : "0"
},{
  "dateTime" : "01/15/24 16:35:00",
  "value" : "0"
},{
  "dateTime" : "01/15/24 16:39:00",
  "value" : "0"
},{
  "dateTime" : "01/15/24 16:48:00",
  "value" : "0"
},{
  "dateTime" : "01/15/24 17:29:00",
  "value" : "0"
},{
  "dateTime" : "01/15/24 17:32:00",
  "value" : "0"
},{
  "dateTime" : "01/15/24 17:34:00",
  "value" : "0"
},{
  "dateTime" : "01/15/24 17:38:00",
  "value" : "0"
},{
  "dateTime" : "01/15/24 17:43:00",
  "value" : "0"
},{
  "dateTime" : "01/15/24 17:50:00",
  "value" : "0"
},{
  "dateTime" : "01/15/24 17:56:00",
  "value" : "10"
},{
  "dateTime" : "01/15/24 17:58:00",
  "value" : "0"
},{
  "dateTime" : "01/15/24 18:02:00",
  "value" : "0"
},{
  "dateTime" : "01/15/24 18:28:00",
  "value" : "0"
},{
  "dateTime" : "01/15/24 18:52:00",
  "value" : "10"
},{
  "dateTime" : "01/15/24 18:54:00",
  "value" : "0"
},{
  "dateTime" : "01/15/24 18:55:00",
  "value" : "0"
},{
  "dateTime" : "01/15/24 19:15:00",
  "value" : "0"
},{
  "dateTime" : "01/15/24 19:22:00",
  "value" : "0"
},{
  "dateTime" : "01/15/24 19:30:00",
  "value" : "0"
},{
  "dateTime" : "01/15/24 19:35:00",
  "value" : "0"
},{
  "dateTime" : "01/15/24 19:47:00",
  "value" : "10"
},{
  "dateTime" : "01/15/24 19:48:00",
  "value" : "0"
},{
  "dateTime" : "01/15/24 21:01:00",
  "value" : "0"
},{
  "dateTime" : "01/16/24 07:35:00",
  "value" : "0"
},{
  "dateTime" : "01/16/24 07:38:00",
  "value" : "0"
},{
  "dateTime" : "01/16/24 07:39:00",
  "value" : "0"
},{
  "dateTime" : "01/16/24 07:41:00",
  "value" : "10"
},{
  "dateTime" : "01/16/24 07:48:00",
  "value" : "0"
},{
  "dateTime" : "01/16/24 07:55:00",
  "value" : "0"
},{
  "dateTime" : "01/16/24 16:01:00",
  "value" : "0"
},{
  "dateTime" : "01/16/24 16:02:00",
  "value" : "0"
},{
  "dateTime" : "01/16/24 16:19:00",
  "value" : "0"
},{
  "dateTime" : "01/16/24 16:20:00",
  "value" : "0"
},{
  "dateTime" : "01/16/24 16:29:00",
  "value" : "0"
},{
  "dateTime" : "01/16/24 16:30:00",
  "value" : "0"
},{
  "dateTime" : "01/16/24 16:31:00",
  "value" : "0"
},{
  "dateTime" : "01/16/24 16:44:00",
  "value" : "0"
},{
  "dateTime" : "01/16/24 16:50:00",
  "value" : "0"
},{
  "dateTime" : "01/16/24 16:57:00",
  "value" : "0"
},{
  "dateTime" : "01/16/24 17:05:00",
  "value" : "0"
},{
  "dateTime" : "01/16/24 17:08:00",
  "value" : "0"
},{
  "dateTime" : "01/16/24 17:29:00",
  "value" : "0"
},{
  "dateTime" : "01/16/24 18:14:00",
  "value" : "10"
},{
  "dateTime" : "01/16/24 18:19:00",
  "value" : "0"
},{
  "dateTime" : "01/16/24 18:30:00",
  "value" : "0"
},{
  "dateTime" : "01/16/24 18:34:00",
  "value" : "0"
},{
  "dateTime" : "01/16/24 18:45:00",
  "value" : "0"
},{
  "dateTime" : "01/16/24 19:03:00",
  "value" : "0"
},{
  "dateTime" : "01/16/24 19:05:00",
  "value" : "0"
},{
  "dateTime" : "01/16/24 19:38:00",
  "value" : "0"
},{
  "dateTime" : "01/16/24 19:47:00",
  "value" : "0"
},{
  "dateTime" : "01/16/24 20:00:00",
  "value" : "10"
},{
  "dateTime" : "01/16/24 20:01:00",
  "value" : "0"
},{
  "dateTime" : "01/16/24 20:07:00",
  "value" : "10"
},{
  "dateTime" : "01/17/24 15:34:00",
  "value" : "0"
},{
  "dateTime" : "01/17/24 15:39:00",
  "value" : "0"
},{
  "dateTime" : "01/17/24 15:40:00",
  "value" : "10"
},{
  "dateTime" : "01/17/24 15:41:00",
  "value" : "0"
},{
  "dateTime" : "01/17/24 16:16:00",
  "value" : "10"
},{
  "dateTime" : "01/17/24 16:19:00",
  "value" : "0"
},{
  "dateTime" : "01/17/24 16:25:00",
  "value" : "0"
},{
  "dateTime" : "01/17/24 16:26:00",
  "value" : "0"
},{
  "dateTime" : "01/17/24 16:29:00",
  "value" : "0"
},{
  "dateTime" : "01/17/24 16:50:00",
  "value" : "0"
},{
  "dateTime" : "01/17/24 17:00:00",
  "value" : "10"
},{
  "dateTime" : "01/17/24 17:50:00",
  "value" : "0"
},{
  "dateTime" : "01/17/24 18:29:00",
  "value" : "0"
},{
  "dateTime" : "01/17/24 19:04:00",
  "value" : "10"
}]