[{
  "dateTime" : "07/10/24 17:08:00",
  "value" : "0"
},{
  "dateTime" : "07/10/24 17:12:00",
  "value" : "0"
},{
  "dateTime" : "07/10/24 17:13:00",
  "value" : "10"
},{
  "dateTime" : "07/10/24 17:18:00",
  "value" : "0"
},{
  "dateTime" : "07/10/24 17:23:00",
  "value" : "0"
},{
  "dateTime" : "07/10/24 17:26:00",
  "value" : "0"
},{
  "dateTime" : "07/10/24 17:32:00",
  "value" : "0"
},{
  "dateTime" : "07/10/24 17:33:00",
  "value" : "0"
},{
  "dateTime" : "07/10/24 17:34:00",
  "value" : "0"
},{
  "dateTime" : "07/10/24 17:36:00",
  "value" : "0"
},{
  "dateTime" : "07/10/24 17:37:00",
  "value" : "10"
},{
  "dateTime" : "07/10/24 17:39:00",
  "value" : "0"
},{
  "dateTime" : "07/10/24 17:41:00",
  "value" : "0"
},{
  "dateTime" : "07/10/24 17:47:00",
  "value" : "0"
},{
  "dateTime" : "07/10/24 17:49:00",
  "value" : "0"
},{
  "dateTime" : "07/10/24 17:50:00",
  "value" : "0"
},{
  "dateTime" : "07/10/24 17:52:00",
  "value" : "0"
},{
  "dateTime" : "07/10/24 18:07:00",
  "value" : "0"
},{
  "dateTime" : "07/10/24 18:19:00",
  "value" : "0"
},{
  "dateTime" : "07/10/24 18:21:00",
  "value" : "10"
},{
  "dateTime" : "07/10/24 18:22:00",
  "value" : "10"
},{
  "dateTime" : "07/10/24 18:23:00",
  "value" : "0"
},{
  "dateTime" : "07/10/24 18:25:00",
  "value" : "0"
},{
  "dateTime" : "07/10/24 18:26:00",
  "value" : "0"
},{
  "dateTime" : "07/10/24 18:27:00",
  "value" : "0"
},{
  "dateTime" : "07/10/24 18:28:00",
  "value" : "0"
},{
  "dateTime" : "07/10/24 18:30:00",
  "value" : "0"
},{
  "dateTime" : "07/10/24 18:31:00",
  "value" : "0"
},{
  "dateTime" : "07/10/24 18:32:00",
  "value" : "0"
},{
  "dateTime" : "07/10/24 18:33:00",
  "value" : "0"
},{
  "dateTime" : "07/10/24 18:34:00",
  "value" : "0"
},{
  "dateTime" : "07/10/24 18:35:00",
  "value" : "0"
},{
  "dateTime" : "07/10/24 18:37:00",
  "value" : "0"
},{
  "dateTime" : "07/10/24 18:38:00",
  "value" : "0"
},{
  "dateTime" : "07/10/24 18:39:00",
  "value" : "0"
},{
  "dateTime" : "07/10/24 18:40:00",
  "value" : "0"
},{
  "dateTime" : "07/10/24 18:41:00",
  "value" : "0"
},{
  "dateTime" : "07/10/24 18:42:00",
  "value" : "0"
},{
  "dateTime" : "07/10/24 18:43:00",
  "value" : "0"
},{
  "dateTime" : "07/10/24 18:46:00",
  "value" : "0"
},{
  "dateTime" : "07/10/24 18:49:00",
  "value" : "0"
},{
  "dateTime" : "07/10/24 20:06:00",
  "value" : "0"
},{
  "dateTime" : "07/10/24 21:17:00",
  "value" : "0"
},{
  "dateTime" : "07/10/24 21:38:00",
  "value" : "0"
},{
  "dateTime" : "07/10/24 22:23:00",
  "value" : "0"
},{
  "dateTime" : "07/10/24 22:43:00",
  "value" : "0"
},{
  "dateTime" : "07/10/24 22:44:00",
  "value" : "0"
},{
  "dateTime" : "07/10/24 23:21:00",
  "value" : "0"
},{
  "dateTime" : "07/10/24 23:22:00",
  "value" : "0"
},{
  "dateTime" : "07/10/24 23:23:00",
  "value" : "0"
},{
  "dateTime" : "07/10/24 23:24:00",
  "value" : "0"
},{
  "dateTime" : "07/10/24 23:25:00",
  "value" : "0"
},{
  "dateTime" : "07/10/24 23:27:00",
  "value" : "0"
},{
  "dateTime" : "07/10/24 23:30:00",
  "value" : "0"
},{
  "dateTime" : "07/10/24 23:32:00",
  "value" : "0"
},{
  "dateTime" : "07/10/24 23:33:00",
  "value" : "0"
},{
  "dateTime" : "07/10/24 23:36:00",
  "value" : "0"
},{
  "dateTime" : "07/10/24 23:37:00",
  "value" : "0"
},{
  "dateTime" : "07/10/24 23:40:00",
  "value" : "0"
},{
  "dateTime" : "07/10/24 23:41:00",
  "value" : "0"
},{
  "dateTime" : "07/10/24 23:42:00",
  "value" : "0"
},{
  "dateTime" : "07/10/24 23:52:00",
  "value" : "0"
},{
  "dateTime" : "07/10/24 23:53:00",
  "value" : "0"
},{
  "dateTime" : "07/11/24 00:00:00",
  "value" : "0"
},{
  "dateTime" : "07/11/24 00:01:00",
  "value" : "0"
},{
  "dateTime" : "07/11/24 00:02:00",
  "value" : "0"
},{
  "dateTime" : "07/11/24 00:04:00",
  "value" : "0"
},{
  "dateTime" : "07/11/24 00:05:00",
  "value" : "0"
},{
  "dateTime" : "07/11/24 00:10:00",
  "value" : "0"
},{
  "dateTime" : "07/11/24 00:29:00",
  "value" : "10"
},{
  "dateTime" : "07/11/24 00:50:00",
  "value" : "0"
},{
  "dateTime" : "07/11/24 00:52:00",
  "value" : "0"
},{
  "dateTime" : "07/11/24 00:55:00",
  "value" : "0"
},{
  "dateTime" : "07/11/24 01:21:00",
  "value" : "0"
},{
  "dateTime" : "07/11/24 01:22:00",
  "value" : "0"
},{
  "dateTime" : "07/11/24 02:11:00",
  "value" : "0"
},{
  "dateTime" : "07/11/24 02:12:00",
  "value" : "0"
},{
  "dateTime" : "07/11/24 02:13:00",
  "value" : "0"
},{
  "dateTime" : "07/11/24 03:03:00",
  "value" : "0"
},{
  "dateTime" : "07/11/24 06:49:00",
  "value" : "0"
},{
  "dateTime" : "07/11/24 06:50:00",
  "value" : "0"
},{
  "dateTime" : "07/11/24 07:01:00",
  "value" : "0"
},{
  "dateTime" : "07/13/24 10:55:00",
  "value" : "0"
},{
  "dateTime" : "07/13/24 11:25:00",
  "value" : "0"
},{
  "dateTime" : "07/13/24 11:50:00",
  "value" : "0"
},{
  "dateTime" : "07/13/24 11:52:00",
  "value" : "0"
},{
  "dateTime" : "07/13/24 11:57:00",
  "value" : "0"
},{
  "dateTime" : "07/13/24 12:05:00",
  "value" : "0"
},{
  "dateTime" : "07/13/24 12:08:00",
  "value" : "0"
},{
  "dateTime" : "07/13/24 12:09:00",
  "value" : "0"
},{
  "dateTime" : "07/13/24 12:50:00",
  "value" : "0"
},{
  "dateTime" : "07/13/24 13:23:00",
  "value" : "10"
},{
  "dateTime" : "07/13/24 13:36:00",
  "value" : "10"
},{
  "dateTime" : "07/13/24 13:45:00",
  "value" : "0"
},{
  "dateTime" : "07/13/24 13:50:00",
  "value" : "0"
},{
  "dateTime" : "07/13/24 14:50:00",
  "value" : "0"
},{
  "dateTime" : "07/13/24 15:36:00",
  "value" : "0"
},{
  "dateTime" : "07/13/24 15:50:00",
  "value" : "0"
},{
  "dateTime" : "07/13/24 16:50:00",
  "value" : "0"
},{
  "dateTime" : "07/13/24 17:06:00",
  "value" : "0"
},{
  "dateTime" : "07/13/24 17:07:00",
  "value" : "0"
},{
  "dateTime" : "07/13/24 17:50:00",
  "value" : "0"
},{
  "dateTime" : "07/13/24 17:53:00",
  "value" : "0"
},{
  "dateTime" : "07/13/24 17:54:00",
  "value" : "0"
},{
  "dateTime" : "07/13/24 18:06:00",
  "value" : "0"
},{
  "dateTime" : "07/13/24 18:37:00",
  "value" : "0"
},{
  "dateTime" : "07/13/24 18:55:00",
  "value" : "10"
},{
  "dateTime" : "07/13/24 18:58:00",
  "value" : "0"
},{
  "dateTime" : "07/13/24 19:11:00",
  "value" : "10"
},{
  "dateTime" : "07/13/24 19:50:00",
  "value" : "10"
},{
  "dateTime" : "07/13/24 20:13:00",
  "value" : "0"
},{
  "dateTime" : "07/13/24 21:06:00",
  "value" : "0"
},{
  "dateTime" : "07/13/24 21:33:00",
  "value" : "0"
},{
  "dateTime" : "07/13/24 21:34:00",
  "value" : "0"
},{
  "dateTime" : "07/13/24 21:39:00",
  "value" : "0"
},{
  "dateTime" : "07/13/24 21:40:00",
  "value" : "0"
},{
  "dateTime" : "07/13/24 21:42:00",
  "value" : "0"
},{
  "dateTime" : "07/13/24 22:00:00",
  "value" : "0"
},{
  "dateTime" : "07/13/24 22:01:00",
  "value" : "0"
},{
  "dateTime" : "07/23/24 19:11:00",
  "value" : "0"
},{
  "dateTime" : "07/23/24 19:12:00",
  "value" : "0"
},{
  "dateTime" : "07/23/24 19:14:00",
  "value" : "10"
},{
  "dateTime" : "07/23/24 19:29:00",
  "value" : "0"
},{
  "dateTime" : "07/23/24 19:30:00",
  "value" : "0"
},{
  "dateTime" : "07/23/24 19:31:00",
  "value" : "0"
},{
  "dateTime" : "07/23/24 19:32:00",
  "value" : "0"
},{
  "dateTime" : "07/23/24 19:39:00",
  "value" : "0"
},{
  "dateTime" : "07/23/24 19:54:00",
  "value" : "0"
},{
  "dateTime" : "07/23/24 19:56:00",
  "value" : "0"
},{
  "dateTime" : "07/23/24 19:57:00",
  "value" : "10"
},{
  "dateTime" : "07/23/24 20:02:00",
  "value" : "0"
},{
  "dateTime" : "07/24/24 03:07:00",
  "value" : "0"
},{
  "dateTime" : "07/24/24 03:14:00",
  "value" : "0"
},{
  "dateTime" : "07/24/24 03:20:00",
  "value" : "0"
},{
  "dateTime" : "07/24/24 03:58:00",
  "value" : "0"
},{
  "dateTime" : "07/24/24 04:00:00",
  "value" : "0"
},{
  "dateTime" : "07/24/24 04:11:00",
  "value" : "0"
},{
  "dateTime" : "07/24/24 04:26:00",
  "value" : "0"
},{
  "dateTime" : "07/24/24 04:27:00",
  "value" : "0"
},{
  "dateTime" : "07/24/24 04:28:00",
  "value" : "0"
},{
  "dateTime" : "07/24/24 04:31:00",
  "value" : "0"
},{
  "dateTime" : "07/24/24 04:32:00",
  "value" : "0"
},{
  "dateTime" : "07/24/24 04:35:00",
  "value" : "0"
},{
  "dateTime" : "07/24/24 04:36:00",
  "value" : "0"
},{
  "dateTime" : "07/24/24 04:37:00",
  "value" : "0"
},{
  "dateTime" : "07/24/24 04:38:00",
  "value" : "0"
},{
  "dateTime" : "07/24/24 04:39:00",
  "value" : "0"
},{
  "dateTime" : "07/24/24 04:55:00",
  "value" : "0"
},{
  "dateTime" : "07/24/24 04:59:00",
  "value" : "10"
},{
  "dateTime" : "07/24/24 05:05:00",
  "value" : "0"
},{
  "dateTime" : "07/24/24 05:15:00",
  "value" : "0"
},{
  "dateTime" : "07/24/24 05:18:00",
  "value" : "0"
},{
  "dateTime" : "07/24/24 05:19:00",
  "value" : "0"
},{
  "dateTime" : "07/24/24 05:20:00",
  "value" : "0"
},{
  "dateTime" : "07/24/24 05:25:00",
  "value" : "0"
},{
  "dateTime" : "07/24/24 05:27:00",
  "value" : "0"
},{
  "dateTime" : "07/24/24 05:29:00",
  "value" : "0"
},{
  "dateTime" : "07/24/24 05:33:00",
  "value" : "0"
},{
  "dateTime" : "07/24/24 05:37:00",
  "value" : "0"
},{
  "dateTime" : "07/24/24 05:39:00",
  "value" : "0"
},{
  "dateTime" : "07/24/24 05:40:00",
  "value" : "0"
},{
  "dateTime" : "07/24/24 05:42:00",
  "value" : "0"
},{
  "dateTime" : "07/24/24 05:45:00",
  "value" : "10"
},{
  "dateTime" : "07/24/24 05:48:00",
  "value" : "0"
},{
  "dateTime" : "07/24/24 05:49:00",
  "value" : "0"
},{
  "dateTime" : "07/24/24 05:50:00",
  "value" : "0"
},{
  "dateTime" : "07/24/24 05:51:00",
  "value" : "0"
},{
  "dateTime" : "07/24/24 05:53:00",
  "value" : "0"
},{
  "dateTime" : "07/24/24 05:56:00",
  "value" : "0"
},{
  "dateTime" : "07/24/24 05:59:00",
  "value" : "0"
},{
  "dateTime" : "07/24/24 06:06:00",
  "value" : "0"
},{
  "dateTime" : "07/24/24 06:07:00",
  "value" : "0"
},{
  "dateTime" : "07/24/24 06:26:00",
  "value" : "0"
},{
  "dateTime" : "07/24/24 06:37:00",
  "value" : "0"
},{
  "dateTime" : "07/24/24 06:38:00",
  "value" : "0"
},{
  "dateTime" : "07/24/24 06:43:00",
  "value" : "0"
},{
  "dateTime" : "07/24/24 06:44:00",
  "value" : "0"
},{
  "dateTime" : "07/24/24 06:51:00",
  "value" : "0"
},{
  "dateTime" : "07/24/24 06:54:00",
  "value" : "0"
},{
  "dateTime" : "07/24/24 06:56:00",
  "value" : "0"
},{
  "dateTime" : "07/24/24 06:57:00",
  "value" : "0"
},{
  "dateTime" : "07/24/24 06:59:00",
  "value" : "0"
},{
  "dateTime" : "07/24/24 07:01:00",
  "value" : "0"
},{
  "dateTime" : "07/24/24 07:02:00",
  "value" : "0"
},{
  "dateTime" : "07/24/24 07:05:00",
  "value" : "0"
},{
  "dateTime" : "07/24/24 07:07:00",
  "value" : "10"
},{
  "dateTime" : "07/24/24 07:08:00",
  "value" : "0"
},{
  "dateTime" : "07/24/24 07:10:00",
  "value" : "10"
},{
  "dateTime" : "07/24/24 07:11:00",
  "value" : "0"
},{
  "dateTime" : "07/24/24 07:13:00",
  "value" : "0"
},{
  "dateTime" : "07/24/24 07:14:00",
  "value" : "0"
},{
  "dateTime" : "07/24/24 07:15:00",
  "value" : "0"
},{
  "dateTime" : "07/24/24 07:16:00",
  "value" : "0"
},{
  "dateTime" : "07/24/24 07:17:00",
  "value" : "0"
},{
  "dateTime" : "07/24/24 07:18:00",
  "value" : "0"
},{
  "dateTime" : "07/24/24 07:19:00",
  "value" : "0"
},{
  "dateTime" : "07/24/24 07:20:00",
  "value" : "0"
},{
  "dateTime" : "07/24/24 07:21:00",
  "value" : "0"
},{
  "dateTime" : "07/24/24 07:22:00",
  "value" : "0"
},{
  "dateTime" : "07/24/24 07:23:00",
  "value" : "0"
},{
  "dateTime" : "07/24/24 07:24:00",
  "value" : "0"
},{
  "dateTime" : "07/24/24 07:25:00",
  "value" : "0"
},{
  "dateTime" : "07/24/24 07:26:00",
  "value" : "0"
},{
  "dateTime" : "07/24/24 07:27:00",
  "value" : "0"
},{
  "dateTime" : "07/24/24 07:28:00",
  "value" : "0"
},{
  "dateTime" : "07/24/24 07:29:00",
  "value" : "0"
},{
  "dateTime" : "07/24/24 07:30:00",
  "value" : "0"
},{
  "dateTime" : "07/24/24 07:31:00",
  "value" : "0"
},{
  "dateTime" : "07/24/24 07:32:00",
  "value" : "0"
},{
  "dateTime" : "07/24/24 07:33:00",
  "value" : "0"
},{
  "dateTime" : "07/24/24 07:34:00",
  "value" : "0"
},{
  "dateTime" : "07/24/24 07:35:00",
  "value" : "0"
},{
  "dateTime" : "07/24/24 07:36:00",
  "value" : "0"
},{
  "dateTime" : "07/24/24 07:37:00",
  "value" : "0"
},{
  "dateTime" : "07/24/24 07:38:00",
  "value" : "0"
},{
  "dateTime" : "07/24/24 07:39:00",
  "value" : "10"
},{
  "dateTime" : "07/24/24 07:40:00",
  "value" : "0"
},{
  "dateTime" : "07/24/24 07:42:00",
  "value" : "0"
},{
  "dateTime" : "07/24/24 07:43:00",
  "value" : "0"
},{
  "dateTime" : "07/24/24 07:44:00",
  "value" : "0"
},{
  "dateTime" : "07/24/24 07:45:00",
  "value" : "0"
},{
  "dateTime" : "07/24/24 07:47:00",
  "value" : "0"
},{
  "dateTime" : "07/24/24 07:50:00",
  "value" : "0"
},{
  "dateTime" : "07/24/24 07:53:00",
  "value" : "0"
},{
  "dateTime" : "07/24/24 08:00:00",
  "value" : "0"
},{
  "dateTime" : "07/24/24 08:06:00",
  "value" : "0"
},{
  "dateTime" : "07/24/24 08:08:00",
  "value" : "0"
}]