[{
  "dateTime" : "10/29/24 12:16:00",
  "value" : "0"
},{
  "dateTime" : "10/29/24 12:17:00",
  "value" : "0"
},{
  "dateTime" : "10/29/24 12:18:00",
  "value" : "0"
},{
  "dateTime" : "10/29/24 12:19:00",
  "value" : "0"
},{
  "dateTime" : "10/29/24 12:20:00",
  "value" : "0"
},{
  "dateTime" : "10/29/24 12:23:00",
  "value" : "0"
},{
  "dateTime" : "10/29/24 12:24:00",
  "value" : "0"
},{
  "dateTime" : "10/29/24 12:27:00",
  "value" : "0"
},{
  "dateTime" : "10/29/24 12:28:00",
  "value" : "0"
},{
  "dateTime" : "10/29/24 12:29:00",
  "value" : "0"
},{
  "dateTime" : "10/29/24 12:31:00",
  "value" : "0"
},{
  "dateTime" : "10/29/24 12:33:00",
  "value" : "0"
},{
  "dateTime" : "10/29/24 12:36:00",
  "value" : "0"
},{
  "dateTime" : "10/29/24 12:37:00",
  "value" : "0"
},{
  "dateTime" : "10/29/24 12:38:00",
  "value" : "0"
},{
  "dateTime" : "10/29/24 12:39:00",
  "value" : "0"
},{
  "dateTime" : "10/29/24 12:42:00",
  "value" : "0"
},{
  "dateTime" : "10/29/24 12:44:00",
  "value" : "0"
},{
  "dateTime" : "10/29/24 12:46:00",
  "value" : "0"
},{
  "dateTime" : "10/29/24 12:47:00",
  "value" : "0"
},{
  "dateTime" : "10/29/24 12:48:00",
  "value" : "0"
},{
  "dateTime" : "10/29/24 12:49:00",
  "value" : "0"
},{
  "dateTime" : "10/29/24 12:50:00",
  "value" : "0"
},{
  "dateTime" : "10/29/24 12:52:00",
  "value" : "0"
},{
  "dateTime" : "10/29/24 12:53:00",
  "value" : "0"
},{
  "dateTime" : "10/29/24 12:56:00",
  "value" : "0"
},{
  "dateTime" : "10/29/24 12:57:00",
  "value" : "0"
},{
  "dateTime" : "10/29/24 12:58:00",
  "value" : "0"
},{
  "dateTime" : "10/29/24 12:59:00",
  "value" : "0"
},{
  "dateTime" : "10/29/24 13:00:00",
  "value" : "0"
},{
  "dateTime" : "10/29/24 13:02:00",
  "value" : "0"
},{
  "dateTime" : "10/29/24 13:03:00",
  "value" : "0"
},{
  "dateTime" : "10/29/24 13:05:00",
  "value" : "0"
},{
  "dateTime" : "10/29/24 13:06:00",
  "value" : "0"
},{
  "dateTime" : "10/29/24 13:07:00",
  "value" : "0"
},{
  "dateTime" : "10/29/24 13:09:00",
  "value" : "0"
},{
  "dateTime" : "10/29/24 13:14:00",
  "value" : "0"
},{
  "dateTime" : "10/29/24 13:16:00",
  "value" : "0"
},{
  "dateTime" : "10/29/24 15:24:00",
  "value" : "0"
},{
  "dateTime" : "10/29/24 15:25:00",
  "value" : "0"
},{
  "dateTime" : "10/29/24 15:26:00",
  "value" : "0"
},{
  "dateTime" : "10/29/24 15:28:00",
  "value" : "0"
},{
  "dateTime" : "10/29/24 15:31:00",
  "value" : "0"
},{
  "dateTime" : "10/29/24 15:33:00",
  "value" : "0"
},{
  "dateTime" : "10/29/24 15:34:00",
  "value" : "0"
},{
  "dateTime" : "10/29/24 15:35:00",
  "value" : "0"
},{
  "dateTime" : "10/29/24 15:43:00",
  "value" : "10"
},{
  "dateTime" : "10/29/24 15:44:00",
  "value" : "0"
},{
  "dateTime" : "10/29/24 15:45:00",
  "value" : "0"
},{
  "dateTime" : "10/29/24 15:55:00",
  "value" : "0"
},{
  "dateTime" : "10/29/24 16:00:00",
  "value" : "0"
},{
  "dateTime" : "10/29/24 16:05:00",
  "value" : "0"
},{
  "dateTime" : "10/29/24 16:07:00",
  "value" : "0"
},{
  "dateTime" : "10/29/24 16:10:00",
  "value" : "0"
},{
  "dateTime" : "10/29/24 16:14:00",
  "value" : "0"
},{
  "dateTime" : "10/29/24 16:17:00",
  "value" : "0"
},{
  "dateTime" : "10/29/24 16:21:00",
  "value" : "0"
},{
  "dateTime" : "10/29/24 16:22:00",
  "value" : "10"
},{
  "dateTime" : "10/29/24 16:23:00",
  "value" : "0"
},{
  "dateTime" : "10/29/24 16:30:00",
  "value" : "10"
},{
  "dateTime" : "10/29/24 16:32:00",
  "value" : "0"
},{
  "dateTime" : "10/29/24 16:34:00",
  "value" : "0"
},{
  "dateTime" : "10/29/24 16:36:00",
  "value" : "10"
},{
  "dateTime" : "10/29/24 16:56:00",
  "value" : "0"
},{
  "dateTime" : "10/29/24 16:57:00",
  "value" : "0"
},{
  "dateTime" : "10/29/24 16:59:00",
  "value" : "0"
},{
  "dateTime" : "10/29/24 17:10:00",
  "value" : "0"
},{
  "dateTime" : "10/29/24 17:50:00",
  "value" : "0"
},{
  "dateTime" : "10/29/24 18:21:00",
  "value" : "0"
},{
  "dateTime" : "10/29/24 18:23:00",
  "value" : "0"
},{
  "dateTime" : "10/29/24 18:43:00",
  "value" : "0"
},{
  "dateTime" : "10/29/24 18:44:00",
  "value" : "0"
},{
  "dateTime" : "10/29/24 20:22:00",
  "value" : "0"
},{
  "dateTime" : "10/29/24 20:54:00",
  "value" : "0"
},{
  "dateTime" : "10/29/24 20:55:00",
  "value" : "0"
},{
  "dateTime" : "10/29/24 20:57:00",
  "value" : "0"
},{
  "dateTime" : "10/29/24 20:58:00",
  "value" : "0"
},{
  "dateTime" : "10/29/24 21:22:00",
  "value" : "0"
},{
  "dateTime" : "10/29/24 21:56:00",
  "value" : "0"
},{
  "dateTime" : "10/29/24 22:07:00",
  "value" : "0"
},{
  "dateTime" : "10/29/24 22:08:00",
  "value" : "0"
},{
  "dateTime" : "10/29/24 22:10:00",
  "value" : "0"
},{
  "dateTime" : "10/29/24 22:16:00",
  "value" : "0"
},{
  "dateTime" : "10/29/24 22:18:00",
  "value" : "0"
},{
  "dateTime" : "10/29/24 22:19:00",
  "value" : "0"
},{
  "dateTime" : "10/29/24 22:20:00",
  "value" : "0"
},{
  "dateTime" : "10/29/24 22:21:00",
  "value" : "0"
},{
  "dateTime" : "10/29/24 22:22:00",
  "value" : "0"
},{
  "dateTime" : "10/29/24 22:23:00",
  "value" : "0"
},{
  "dateTime" : "10/29/24 22:24:00",
  "value" : "0"
},{
  "dateTime" : "10/29/24 22:28:00",
  "value" : "0"
},{
  "dateTime" : "10/29/24 22:29:00",
  "value" : "0"
},{
  "dateTime" : "10/29/24 23:18:00",
  "value" : "0"
},{
  "dateTime" : "10/29/24 23:30:00",
  "value" : "0"
},{
  "dateTime" : "10/30/24 00:00:00",
  "value" : "0"
},{
  "dateTime" : "10/30/24 00:54:00",
  "value" : "0"
},{
  "dateTime" : "10/30/24 05:30:00",
  "value" : "0"
},{
  "dateTime" : "10/30/24 06:14:00",
  "value" : "0"
},{
  "dateTime" : "10/30/24 06:15:00",
  "value" : "10"
},{
  "dateTime" : "10/30/24 06:16:00",
  "value" : "0"
},{
  "dateTime" : "10/30/24 06:20:00",
  "value" : "0"
},{
  "dateTime" : "10/30/24 06:21:00",
  "value" : "0"
},{
  "dateTime" : "10/30/24 06:22:00",
  "value" : "0"
},{
  "dateTime" : "10/30/24 06:24:00",
  "value" : "0"
},{
  "dateTime" : "10/30/24 06:25:00",
  "value" : "0"
},{
  "dateTime" : "10/30/24 06:27:00",
  "value" : "0"
},{
  "dateTime" : "10/30/24 06:38:00",
  "value" : "0"
},{
  "dateTime" : "10/30/24 06:41:00",
  "value" : "0"
},{
  "dateTime" : "10/30/24 06:43:00",
  "value" : "0"
},{
  "dateTime" : "10/30/24 06:45:00",
  "value" : "0"
},{
  "dateTime" : "10/30/24 06:50:00",
  "value" : "0"
},{
  "dateTime" : "10/30/24 06:51:00",
  "value" : "0"
},{
  "dateTime" : "10/30/24 06:52:00",
  "value" : "0"
},{
  "dateTime" : "10/30/24 06:54:00",
  "value" : "0"
},{
  "dateTime" : "10/30/24 06:55:00",
  "value" : "0"
},{
  "dateTime" : "10/30/24 06:58:00",
  "value" : "0"
},{
  "dateTime" : "10/30/24 06:59:00",
  "value" : "0"
},{
  "dateTime" : "10/30/24 07:02:00",
  "value" : "10"
},{
  "dateTime" : "10/30/24 07:25:00",
  "value" : "0"
},{
  "dateTime" : "10/30/24 08:38:00",
  "value" : "0"
},{
  "dateTime" : "10/30/24 08:40:00",
  "value" : "0"
},{
  "dateTime" : "10/30/24 08:41:00",
  "value" : "0"
},{
  "dateTime" : "10/30/24 08:44:00",
  "value" : "0"
},{
  "dateTime" : "10/30/24 08:46:00",
  "value" : "0"
},{
  "dateTime" : "10/30/24 17:45:00",
  "value" : "0"
},{
  "dateTime" : "10/30/24 17:47:00",
  "value" : "0"
},{
  "dateTime" : "10/30/24 17:50:00",
  "value" : "0"
},{
  "dateTime" : "10/30/24 17:56:00",
  "value" : "0"
},{
  "dateTime" : "10/30/24 18:05:00",
  "value" : "10"
},{
  "dateTime" : "10/30/24 18:07:00",
  "value" : "0"
},{
  "dateTime" : "10/30/24 18:10:00",
  "value" : "10"
},{
  "dateTime" : "10/30/24 18:11:00",
  "value" : "0"
},{
  "dateTime" : "10/30/24 18:13:00",
  "value" : "0"
},{
  "dateTime" : "10/30/24 18:16:00",
  "value" : "10"
},{
  "dateTime" : "10/30/24 18:18:00",
  "value" : "10"
},{
  "dateTime" : "10/30/24 18:21:00",
  "value" : "0"
},{
  "dateTime" : "10/30/24 18:30:00",
  "value" : "10"
},{
  "dateTime" : "10/30/24 18:33:00",
  "value" : "0"
},{
  "dateTime" : "10/30/24 18:55:00",
  "value" : "0"
},{
  "dateTime" : "10/30/24 18:56:00",
  "value" : "10"
},{
  "dateTime" : "10/30/24 19:09:00",
  "value" : "0"
},{
  "dateTime" : "10/31/24 00:00:00",
  "value" : "0"
},{
  "dateTime" : "10/31/24 00:50:00",
  "value" : "0"
},{
  "dateTime" : "10/31/24 14:41:00",
  "value" : "10"
},{
  "dateTime" : "10/31/24 14:42:00",
  "value" : "0"
},{
  "dateTime" : "10/31/24 14:44:00",
  "value" : "0"
},{
  "dateTime" : "10/31/24 14:46:00",
  "value" : "0"
},{
  "dateTime" : "10/31/24 14:49:00",
  "value" : "10"
},{
  "dateTime" : "10/31/24 14:50:00",
  "value" : "0"
},{
  "dateTime" : "10/31/24 14:51:00",
  "value" : "0"
},{
  "dateTime" : "10/31/24 14:53:00",
  "value" : "0"
},{
  "dateTime" : "10/31/24 14:54:00",
  "value" : "0"
},{
  "dateTime" : "10/31/24 14:55:00",
  "value" : "0"
},{
  "dateTime" : "10/31/24 14:56:00",
  "value" : "0"
},{
  "dateTime" : "10/31/24 15:00:00",
  "value" : "0"
},{
  "dateTime" : "10/31/24 15:04:00",
  "value" : "0"
},{
  "dateTime" : "10/31/24 15:12:00",
  "value" : "0"
},{
  "dateTime" : "10/31/24 15:22:00",
  "value" : "0"
},{
  "dateTime" : "10/31/24 15:24:00",
  "value" : "0"
},{
  "dateTime" : "10/31/24 15:26:00",
  "value" : "0"
},{
  "dateTime" : "10/31/24 15:29:00",
  "value" : "0"
},{
  "dateTime" : "10/31/24 15:32:00",
  "value" : "0"
},{
  "dateTime" : "10/31/24 15:34:00",
  "value" : "0"
},{
  "dateTime" : "10/31/24 15:35:00",
  "value" : "0"
},{
  "dateTime" : "10/31/24 15:38:00",
  "value" : "0"
},{
  "dateTime" : "10/31/24 15:39:00",
  "value" : "0"
},{
  "dateTime" : "10/31/24 15:44:00",
  "value" : "0"
},{
  "dateTime" : "10/31/24 15:45:00",
  "value" : "0"
},{
  "dateTime" : "10/31/24 15:50:00",
  "value" : "0"
},{
  "dateTime" : "10/31/24 15:58:00",
  "value" : "0"
},{
  "dateTime" : "10/31/24 15:59:00",
  "value" : "0"
},{
  "dateTime" : "10/31/24 16:13:00",
  "value" : "0"
},{
  "dateTime" : "10/31/24 16:15:00",
  "value" : "0"
},{
  "dateTime" : "10/31/24 16:16:00",
  "value" : "0"
},{
  "dateTime" : "10/31/24 16:18:00",
  "value" : "0"
},{
  "dateTime" : "10/31/24 16:19:00",
  "value" : "0"
}]