[{
  "logId" : 57025697182,
  "activityName" : "Walk",
  "activityTypeId" : 90013,
  "activityLevel" : [{
    "minutes" : 2,
    "name" : "sedentary"
  },{
    "minutes" : 4,
    "name" : "lightly"
  },{
    "minutes" : 6,
    "name" : "fairly"
  },{
    "minutes" : 45,
    "name" : "very"
  }],
  "averageHeartRate" : 127,
  "calories" : 397,
  "duration" : 3430000,
  "activeDuration" : 3430000,
  "steps" : 5614,
  "logType" : "auto_detected",
  "manualValuesSpecified" : {
    "calories" : false,
    "distance" : false,
    "steps" : false
  },
  "heartRateZones" : [{
    "name" : "Out of Range",
    "min" : 30,
    "max" : 134,
    "minutes" : 57,
    "caloriesOut" : 396.75318
  },{
    "name" : "Fat Burn",
    "min" : 134,
    "max" : 151,
    "minutes" : 0,
    "caloriesOut" : 0.0
  },{
    "name" : "Cardio",
    "min" : 151,
    "max" : 173,
    "minutes" : 0,
    "caloriesOut" : 0.0
  },{
    "name" : "Peak",
    "min" : 173,
    "max" : 220,
    "minutes" : 0,
    "caloriesOut" : 0.0
  }],
  "activeZoneMinutes" : {
    "totalMinutes" : 0,
    "minutesInHeartRateZones" : [{
      "minutes" : 0,
      "zoneName" : "Fat Burn",
      "order" : 1,
      "type" : "FAT_BURN",
      "minuteMultiplier" : 1
    },{
      "minutes" : 0,
      "zoneName" : "Peak",
      "order" : 3,
      "type" : "PEAK",
      "minuteMultiplier" : 2
    },{
      "minutes" : 0,
      "zoneName" : "Out of Range",
      "order" : 0,
      "type" : "OUT_OF_ZONE",
      "minuteMultiplier" : 0
    },{
      "minutes" : 0,
      "zoneName" : "Cardio",
      "order" : 2,
      "type" : "CARDIO",
      "minuteMultiplier" : 2
    }]
  },
  "lastModified" : "07/07/23 00:57:58",
  "startTime" : "07/06/23 23:30:59",
  "originalStartTime" : "07/06/23 23:30:59",
  "originalDuration" : 3430000,
  "elevationGain" : 20.0,
  "hasGps" : false,
  "shouldFetchDetails" : false,
  "hasActiveZoneMinutes" : true
},{
  "logId" : 57703433176,
  "activityName" : "Walk",
  "activityTypeId" : 90013,
  "activityLevel" : [{
    "minutes" : 0,
    "name" : "sedentary"
  },{
    "minutes" : 2,
    "name" : "lightly"
  },{
    "minutes" : 4,
    "name" : "fairly"
  },{
    "minutes" : 43,
    "name" : "very"
  }],
  "averageHeartRate" : 106,
  "calories" : 364,
  "duration" : 2969000,
  "activeDuration" : 2969000,
  "steps" : 5050,
  "logType" : "auto_detected",
  "manualValuesSpecified" : {
    "calories" : false,
    "distance" : false,
    "steps" : false
  },
  "heartRateZones" : [{
    "name" : "Out of Range",
    "min" : 30,
    "max" : 121,
    "minutes" : 49,
    "caloriesOut" : 363.8096
  },{
    "name" : "Fat Burn",
    "min" : 121,
    "max" : 142,
    "minutes" : 0,
    "caloriesOut" : 0.0
  },{
    "name" : "Cardio",
    "min" : 142,
    "max" : 169,
    "minutes" : 0,
    "caloriesOut" : 0.0
  },{
    "name" : "Peak",
    "min" : 169,
    "max" : 220,
    "minutes" : 0,
    "caloriesOut" : 0.0
  }],
  "activeZoneMinutes" : {
    "totalMinutes" : 0,
    "minutesInHeartRateZones" : [{
      "minutes" : 0,
      "zoneName" : "Fat Burn",
      "order" : 1,
      "type" : "FAT_BURN",
      "minuteMultiplier" : 1
    },{
      "minutes" : 0,
      "zoneName" : "Peak",
      "order" : 3,
      "type" : "PEAK",
      "minuteMultiplier" : 2
    },{
      "minutes" : 0,
      "zoneName" : "Out of Range",
      "order" : 0,
      "type" : "OUT_OF_ZONE",
      "minuteMultiplier" : 0
    },{
      "minutes" : 0,
      "zoneName" : "Cardio",
      "order" : 2,
      "type" : "CARDIO",
      "minuteMultiplier" : 2
    }]
  },
  "lastModified" : "08/06/23 22:30:03",
  "startTime" : "08/06/23 21:26:22",
  "originalStartTime" : "08/06/23 21:26:22",
  "originalDuration" : 2969000,
  "elevationGain" : 20.0,
  "hasGps" : false,
  "shouldFetchDetails" : false,
  "hasActiveZoneMinutes" : true
},{
  "logId" : 57800705476,
  "activityName" : "Outdoor Bike",
  "activityTypeId" : 1071,
  "activityLevel" : [{
    "minutes" : 0,
    "name" : "sedentary"
  },{
    "minutes" : 0,
    "name" : "lightly"
  },{
    "minutes" : 0,
    "name" : "fairly"
  },{
    "minutes" : 22,
    "name" : "very"
  }],
  "averageHeartRate" : 184,
  "calories" : 334,
  "duration" : 1331000,
  "activeDuration" : 1331000,
  "logType" : "auto_detected",
  "manualValuesSpecified" : {
    "calories" : false,
    "distance" : false,
    "steps" : false
  },
  "heartRateZones" : [{
    "name" : "Out of Range",
    "min" : 30,
    "max" : 118,
    "minutes" : 0,
    "caloriesOut" : 0.0
  },{
    "name" : "Fat Burn",
    "min" : 118,
    "max" : 140,
    "minutes" : 0,
    "caloriesOut" : 0.0
  },{
    "name" : "Cardio",
    "min" : 140,
    "max" : 169,
    "minutes" : 4,
    "caloriesOut" : 52.91776
  },{
    "name" : "Peak",
    "min" : 169,
    "max" : 220,
    "minutes" : 18,
    "caloriesOut" : 281.47996
  }],
  "activeZoneMinutes" : {
    "totalMinutes" : 44,
    "minutesInHeartRateZones" : [{
      "minutes" : 0,
      "zoneName" : "Fat Burn",
      "order" : 1,
      "type" : "FAT_BURN",
      "minuteMultiplier" : 1
    },{
      "minutes" : 18,
      "zoneName" : "Peak",
      "order" : 3,
      "type" : "PEAK",
      "minuteMultiplier" : 2
    },{
      "minutes" : 0,
      "zoneName" : "Out of Range",
      "order" : 0,
      "type" : "OUT_OF_ZONE",
      "minuteMultiplier" : 0
    },{
      "minutes" : 4,
      "zoneName" : "Cardio",
      "order" : 2,
      "type" : "CARDIO",
      "minuteMultiplier" : 2
    }]
  },
  "lastModified" : "08/10/23 19:50:10",
  "startTime" : "08/10/23 19:16:40",
  "originalStartTime" : "08/10/23 19:16:40",
  "originalDuration" : 1331000,
  "elevationGain" : 20.0,
  "hasGps" : false,
  "shouldFetchDetails" : false,
  "hasActiveZoneMinutes" : true
},{
  "logId" : 57800963446,
  "activityName" : "Walk",
  "activityTypeId" : 90013,
  "activityLevel" : [{
    "minutes" : 0,
    "name" : "sedentary"
  },{
    "minutes" : 0,
    "name" : "lightly"
  },{
    "minutes" : 0,
    "name" : "fairly"
  },{
    "minutes" : 21,
    "name" : "very"
  }],
  "averageHeartRate" : 190,
  "calories" : 333,
  "duration" : 1229000,
  "activeDuration" : 1229000,
  "steps" : 2359,
  "logType" : "auto_detected",
  "manualValuesSpecified" : {
    "calories" : false,
    "distance" : false,
    "steps" : false
  },
  "heartRateZones" : [{
    "name" : "Out of Range",
    "min" : 30,
    "max" : 118,
    "minutes" : 0,
    "caloriesOut" : 16.064320000000066
  },{
    "name" : "Fat Burn",
    "min" : 118,
    "max" : 140,
    "minutes" : 0,
    "caloriesOut" : 0.0
  },{
    "name" : "Cardio",
    "min" : 140,
    "max" : 169,
    "minutes" : 0,
    "caloriesOut" : 0.0
  },{
    "name" : "Peak",
    "min" : 169,
    "max" : 220,
    "minutes" : 20,
    "caloriesOut" : 317.38843999999995
  }],
  "activeZoneMinutes" : {
    "totalMinutes" : 40,
    "minutesInHeartRateZones" : [{
      "minutes" : 0,
      "zoneName" : "Fat Burn",
      "order" : 1,
      "type" : "FAT_BURN",
      "minuteMultiplier" : 1
    },{
      "minutes" : 20,
      "zoneName" : "Peak",
      "order" : 3,
      "type" : "PEAK",
      "minuteMultiplier" : 2
    },{
      "minutes" : 0,
      "zoneName" : "Out of Range",
      "order" : 0,
      "type" : "OUT_OF_ZONE",
      "minuteMultiplier" : 0
    },{
      "minutes" : 0,
      "zoneName" : "Cardio",
      "order" : 2,
      "type" : "CARDIO",
      "minuteMultiplier" : 2
    }]
  },
  "lastModified" : "08/10/23 20:23:08",
  "startTime" : "08/10/23 19:38:51",
  "originalStartTime" : "08/10/23 19:38:51",
  "originalDuration" : 1229000,
  "elevationGain" : 30.0,
  "hasGps" : false,
  "shouldFetchDetails" : false,
  "hasActiveZoneMinutes" : true
},{
  "logId" : 57822652252,
  "activityName" : "Walk",
  "activityTypeId" : 90013,
  "activityLevel" : [{
    "minutes" : 0,
    "name" : "sedentary"
  },{
    "minutes" : 0,
    "name" : "lightly"
  },{
    "minutes" : 7,
    "name" : "fairly"
  },{
    "minutes" : 8,
    "name" : "very"
  }],
  "averageHeartRate" : 117,
  "calories" : 112,
  "duration" : 921000,
  "activeDuration" : 921000,
  "steps" : 974,
  "logType" : "auto_detected",
  "manualValuesSpecified" : {
    "calories" : false,
    "distance" : false,
    "steps" : false
  },
  "heartRateZones" : [{
    "name" : "Out of Range",
    "min" : 30,
    "max" : 117,
    "minutes" : 6,
    "caloriesOut" : 42.050719999999984
  },{
    "name" : "Fat Burn",
    "min" : 117,
    "max" : 140,
    "minutes" : 9,
    "caloriesOut" : 69.69080000000001
  },{
    "name" : "Cardio",
    "min" : 140,
    "max" : 168,
    "minutes" : 0,
    "caloriesOut" : 0.0
  },{
    "name" : "Peak",
    "min" : 168,
    "max" : 220,
    "minutes" : 0,
    "caloriesOut" : 0.0
  }],
  "activeZoneMinutes" : {
    "totalMinutes" : 9,
    "minutesInHeartRateZones" : [{
      "minutes" : 9,
      "zoneName" : "Fat Burn",
      "order" : 1,
      "type" : "FAT_BURN",
      "minuteMultiplier" : 1
    },{
      "minutes" : 0,
      "zoneName" : "Peak",
      "order" : 3,
      "type" : "PEAK",
      "minuteMultiplier" : 2
    },{
      "minutes" : 0,
      "zoneName" : "Out of Range",
      "order" : 0,
      "type" : "OUT_OF_ZONE",
      "minuteMultiplier" : 0
    },{
      "minutes" : 0,
      "zoneName" : "Cardio",
      "order" : 2,
      "type" : "CARDIO",
      "minuteMultiplier" : 2
    }]
  },
  "lastModified" : "08/12/23 00:07:40",
  "startTime" : "08/11/23 23:45:10",
  "originalStartTime" : "08/11/23 23:45:10",
  "originalDuration" : 921000,
  "elevationGain" : 0.0,
  "hasGps" : false,
  "shouldFetchDetails" : false,
  "hasActiveZoneMinutes" : true
},{
  "logId" : 57987972130,
  "activityName" : "Walk",
  "activityTypeId" : 90013,
  "activityLevel" : [{
    "minutes" : 0,
    "name" : "sedentary"
  },{
    "minutes" : 0,
    "name" : "lightly"
  },{
    "minutes" : 4,
    "name" : "fairly"
  },{
    "minutes" : 11,
    "name" : "very"
  }],
  "averageHeartRate" : 107,
  "calories" : 111,
  "duration" : 922000,
  "activeDuration" : 922000,
  "steps" : 1396,
  "logType" : "auto_detected",
  "manualValuesSpecified" : {
    "calories" : false,
    "distance" : false,
    "steps" : false
  },
  "heartRateZones" : [{
    "name" : "Out of Range",
    "min" : 30,
    "max" : 115,
    "minutes" : 14,
    "caloriesOut" : 103.94559999999998
  },{
    "name" : "Fat Burn",
    "min" : 115,
    "max" : 138,
    "minutes" : 1,
    "caloriesOut" : 7.32344
  },{
    "name" : "Cardio",
    "min" : 138,
    "max" : 168,
    "minutes" : 0,
    "caloriesOut" : 0.0
  },{
    "name" : "Peak",
    "min" : 168,
    "max" : 220,
    "minutes" : 0,
    "caloriesOut" : 0.0
  }],
  "activeZoneMinutes" : {
    "totalMinutes" : 1,
    "minutesInHeartRateZones" : [{
      "minutes" : 1,
      "zoneName" : "Fat Burn",
      "order" : 1,
      "type" : "FAT_BURN",
      "minuteMultiplier" : 1
    },{
      "minutes" : 0,
      "zoneName" : "Peak",
      "order" : 3,
      "type" : "PEAK",
      "minuteMultiplier" : 2
    },{
      "minutes" : 0,
      "zoneName" : "Out of Range",
      "order" : 0,
      "type" : "OUT_OF_ZONE",
      "minuteMultiplier" : 0
    },{
      "minutes" : 0,
      "zoneName" : "Cardio",
      "order" : 2,
      "type" : "CARDIO",
      "minuteMultiplier" : 2
    }]
  },
  "lastModified" : "08/18/23 16:25:53",
  "startTime" : "08/18/23 15:40:02",
  "originalStartTime" : "08/18/23 15:40:02",
  "originalDuration" : 922000,
  "elevationGain" : 10.0,
  "hasGps" : false,
  "shouldFetchDetails" : false,
  "hasActiveZoneMinutes" : true
},{
  "logId" : 57988308763,
  "activityName" : "Walk",
  "activityTypeId" : 90013,
  "activityLevel" : [{
    "minutes" : 0,
    "name" : "sedentary"
  },{
    "minutes" : 0,
    "name" : "lightly"
  },{
    "minutes" : 2,
    "name" : "fairly"
  },{
    "minutes" : 15,
    "name" : "very"
  }],
  "averageHeartRate" : 125,
  "calories" : 154,
  "duration" : 972000,
  "activeDuration" : 972000,
  "steps" : 1645,
  "logType" : "auto_detected",
  "manualValuesSpecified" : {
    "calories" : false,
    "distance" : false,
    "steps" : false
  },
  "heartRateZones" : [{
    "name" : "Out of Range",
    "min" : 30,
    "max" : 115,
    "minutes" : 3,
    "caloriesOut" : 30.002480000000006
  },{
    "name" : "Fat Burn",
    "min" : 115,
    "max" : 138,
    "minutes" : 12,
    "caloriesOut" : 114.10392
  },{
    "name" : "Cardio",
    "min" : 138,
    "max" : 168,
    "minutes" : 1,
    "caloriesOut" : 10.15832
  },{
    "name" : "Peak",
    "min" : 168,
    "max" : 220,
    "minutes" : 0,
    "caloriesOut" : 0.0
  }],
  "activeZoneMinutes" : {
    "totalMinutes" : 14,
    "minutesInHeartRateZones" : [{
      "minutes" : 12,
      "zoneName" : "Fat Burn",
      "order" : 1,
      "type" : "FAT_BURN",
      "minuteMultiplier" : 1
    },{
      "minutes" : 0,
      "zoneName" : "Peak",
      "order" : 3,
      "type" : "PEAK",
      "minuteMultiplier" : 2
    },{
      "minutes" : 0,
      "zoneName" : "Out of Range",
      "order" : 0,
      "type" : "OUT_OF_ZONE",
      "minuteMultiplier" : 0
    },{
      "minutes" : 1,
      "zoneName" : "Cardio",
      "order" : 2,
      "type" : "CARDIO",
      "minuteMultiplier" : 2
    }]
  },
  "lastModified" : "08/18/23 16:56:17",
  "startTime" : "08/18/23 16:26:59",
  "originalStartTime" : "08/18/23 16:26:59",
  "originalDuration" : 972000,
  "elevationGain" : 20.0,
  "hasGps" : false,
  "shouldFetchDetails" : false,
  "hasActiveZoneMinutes" : true
},{
  "logId" : 58513101086,
  "activityName" : "Aerobic Workout",
  "activityTypeId" : 3001,
  "activityLevel" : [{
    "minutes" : 20,
    "name" : "sedentary"
  },{
    "minutes" : 0,
    "name" : "lightly"
  },{
    "minutes" : 0,
    "name" : "fairly"
  },{
    "minutes" : 0,
    "name" : "very"
  }],
  "averageHeartRate" : 84,
  "calories" : 28,
  "duration" : 1228000,
  "activeDuration" : 1228000,
  "steps" : 0,
  "logType" : "auto_detected",
  "manualValuesSpecified" : {
    "calories" : false,
    "distance" : false,
    "steps" : false
  },
  "heartRateZones" : [{
    "name" : "Out of Range",
    "min" : 30,
    "max" : 118,
    "minutes" : 20,
    "caloriesOut" : 27.64008
  },{
    "name" : "Fat Burn",
    "min" : 118,
    "max" : 141,
    "minutes" : 0,
    "caloriesOut" : 0.0
  },{
    "name" : "Cardio",
    "min" : 141,
    "max" : 169,
    "minutes" : 0,
    "caloriesOut" : 0.0
  },{
    "name" : "Peak",
    "min" : 169,
    "max" : 220,
    "minutes" : 0,
    "caloriesOut" : 0.0
  }],
  "activeZoneMinutes" : {
    "totalMinutes" : 0,
    "minutesInHeartRateZones" : [{
      "minutes" : 0,
      "zoneName" : "Fat Burn",
      "order" : 1,
      "type" : "FAT_BURN",
      "minuteMultiplier" : 1
    },{
      "minutes" : 0,
      "zoneName" : "Peak",
      "order" : 3,
      "type" : "PEAK",
      "minuteMultiplier" : 2
    },{
      "minutes" : 0,
      "zoneName" : "Out of Range",
      "order" : 0,
      "type" : "OUT_OF_ZONE",
      "minuteMultiplier" : 0
    },{
      "minutes" : 0,
      "zoneName" : "Cardio",
      "order" : 2,
      "type" : "CARDIO",
      "minuteMultiplier" : 2
    }]
  },
  "lastModified" : "09/11/23 22:27:16",
  "startTime" : "09/11/23 21:24:51",
  "originalStartTime" : "09/11/23 21:24:51",
  "originalDuration" : 1228000,
  "hasGps" : false,
  "shouldFetchDetails" : false,
  "hasActiveZoneMinutes" : true
},{
  "logId" : 58628396116,
  "activityName" : "Elliptical",
  "activityTypeId" : 20047,
  "activityLevel" : [{
    "minutes" : 0,
    "name" : "sedentary"
  },{
    "minutes" : 1,
    "name" : "lightly"
  },{
    "minutes" : 1,
    "name" : "fairly"
  },{
    "minutes" : 21,
    "name" : "very"
  }],
  "averageHeartRate" : 154,
  "calories" : 274,
  "duration" : 1382000,
  "activeDuration" : 1382000,
  "steps" : 1416,
  "source" : {
    "type" : "tracker",
    "name" : "Google Pixel Watch",
    "id" : "222984537",
    "url" : "https://www.fitbit.com/",
    "trackerFeatures" : ["HEARTRATE","CALORIES","STEPS"]
  },
  "logType" : "tracker",
  "manualValuesSpecified" : {
    "calories" : false,
    "distance" : false,
    "steps" : false
  },
  "heartRateZones" : [{
    "name" : "Out of Range",
    "min" : 30,
    "max" : 120,
    "minutes" : 1,
    "caloriesOut" : 4.016079999999988
  },{
    "name" : "Fat Burn",
    "min" : 120,
    "max" : 142,
    "minutes" : 5,
    "caloriesOut" : 47.60236
  },{
    "name" : "Cardio",
    "min" : 142,
    "max" : 169,
    "minutes" : 10,
    "caloriesOut" : 122.13607999999999
  },{
    "name" : "Peak",
    "min" : 169,
    "max" : 220,
    "minutes" : 7,
    "caloriesOut" : 99.57516
  }],
  "activeZoneMinutes" : {
    "totalMinutes" : 39,
    "minutesInHeartRateZones" : [{
      "minutes" : 5,
      "zoneName" : "Fat Burn",
      "order" : 1,
      "type" : "FAT_BURN",
      "minuteMultiplier" : 1
    },{
      "minutes" : 7,
      "zoneName" : "Peak",
      "order" : 3,
      "type" : "PEAK",
      "minuteMultiplier" : 2
    },{
      "minutes" : 0,
      "zoneName" : "Out of Range",
      "order" : 0,
      "type" : "OUT_OF_ZONE",
      "minuteMultiplier" : 0
    },{
      "minutes" : 10,
      "zoneName" : "Cardio",
      "order" : 2,
      "type" : "CARDIO",
      "minuteMultiplier" : 2
    }]
  },
  "lastModified" : "09/18/23 19:02:45",
  "startTime" : "09/18/23 18:24:26",
  "originalStartTime" : "09/18/23 18:24:26",
  "originalDuration" : 1382000,
  "elevationGain" : 0.0,
  "hasGps" : false,
  "shouldFetchDetails" : false,
  "hasActiveZoneMinutes" : true
},{
  "logId" : 59131877530,
  "activityName" : "Elliptical",
  "activityTypeId" : 20047,
  "activityLevel" : [{
    "minutes" : 0,
    "name" : "sedentary"
  },{
    "minutes" : 3,
    "name" : "lightly"
  },{
    "minutes" : 1,
    "name" : "fairly"
  },{
    "minutes" : 23,
    "name" : "very"
  }],
  "averageHeartRate" : 155,
  "calories" : 299,
  "duration" : 1595000,
  "activeDuration" : 1595000,
  "steps" : 1529,
  "source" : {
    "type" : "tracker",
    "name" : "Google Pixel Watch",
    "id" : "222984537",
    "url" : "https://www.fitbit.com/",
    "trackerFeatures" : ["HEARTRATE","CALORIES","STEPS"]
  },
  "logType" : "tracker",
  "manualValuesSpecified" : {
    "calories" : false,
    "distance" : false,
    "steps" : false
  },
  "heartRateZones" : [{
    "name" : "Out of Range",
    "min" : 30,
    "max" : 123,
    "minutes" : 2,
    "caloriesOut" : 12.756959999999992
  },{
    "name" : "Fat Burn",
    "min" : 123,
    "max" : 144,
    "minutes" : 6,
    "caloriesOut" : 51.382200000000005
  },{
    "name" : "Cardio",
    "min" : 144,
    "max" : 170,
    "minutes" : 11,
    "caloriesOut" : 134.0662
  },{
    "name" : "Peak",
    "min" : 170,
    "max" : 220,
    "minutes" : 7,
    "caloriesOut" : 100.04764
  }],
  "activeZoneMinutes" : {
    "totalMinutes" : 42,
    "minutesInHeartRateZones" : [{
      "minutes" : 6,
      "zoneName" : "Fat Burn",
      "order" : 1,
      "type" : "FAT_BURN",
      "minuteMultiplier" : 1
    },{
      "minutes" : 7,
      "zoneName" : "Peak",
      "order" : 3,
      "type" : "PEAK",
      "minuteMultiplier" : 2
    },{
      "minutes" : 0,
      "zoneName" : "Out of Range",
      "order" : 0,
      "type" : "OUT_OF_ZONE",
      "minuteMultiplier" : 0
    },{
      "minutes" : 11,
      "zoneName" : "Cardio",
      "order" : 2,
      "type" : "CARDIO",
      "minuteMultiplier" : 2
    }]
  },
  "lastModified" : "10/11/23 20:26:27",
  "startTime" : "10/11/23 19:58:32",
  "originalStartTime" : "10/11/23 19:58:32",
  "originalDuration" : 1595000,
  "elevationGain" : 0.0,
  "hasGps" : false,
  "shouldFetchDetails" : false,
  "hasActiveZoneMinutes" : true
},{
  "logId" : 59195405630,
  "activityName" : "Elliptical",
  "activityTypeId" : 20047,
  "activityLevel" : [{
    "minutes" : 0,
    "name" : "sedentary"
  },{
    "minutes" : 0,
    "name" : "lightly"
  },{
    "minutes" : 0,
    "name" : "fairly"
  },{
    "minutes" : 23,
    "name" : "very"
  }],
  "averageHeartRate" : 158,
  "calories" : 290,
  "duration" : 1435000,
  "activeDuration" : 1435000,
  "steps" : 2158,
  "source" : {
    "type" : "tracker",
    "name" : "Google Pixel Watch",
    "id" : "222984537",
    "url" : "https://www.fitbit.com/",
    "trackerFeatures" : ["HEARTRATE","CALORIES","STEPS"]
  },
  "logType" : "tracker",
  "manualValuesSpecified" : {
    "calories" : false,
    "distance" : false,
    "steps" : false
  },
  "heartRateZones" : [{
    "name" : "Out of Range",
    "min" : 30,
    "max" : 123,
    "minutes" : 0,
    "caloriesOut" : 0.0
  },{
    "name" : "Fat Burn",
    "min" : 123,
    "max" : 144,
    "minutes" : 2,
    "caloriesOut" : 17.718
  },{
    "name" : "Cardio",
    "min" : 144,
    "max" : 170,
    "minutes" : 15,
    "caloriesOut" : 182.02292
  },{
    "name" : "Peak",
    "min" : 170,
    "max" : 220,
    "minutes" : 6,
    "caloriesOut" : 82.09340000000002
  }],
  "activeZoneMinutes" : {
    "totalMinutes" : 44,
    "minutesInHeartRateZones" : [{
      "minutes" : 2,
      "zoneName" : "Fat Burn",
      "order" : 1,
      "type" : "FAT_BURN",
      "minuteMultiplier" : 1
    },{
      "minutes" : 6,
      "zoneName" : "Peak",
      "order" : 3,
      "type" : "PEAK",
      "minuteMultiplier" : 2
    },{
      "minutes" : 0,
      "zoneName" : "Out of Range",
      "order" : 0,
      "type" : "OUT_OF_ZONE",
      "minuteMultiplier" : 0
    },{
      "minutes" : 15,
      "zoneName" : "Cardio",
      "order" : 2,
      "type" : "CARDIO",
      "minuteMultiplier" : 2
    }]
  },
  "lastModified" : "10/15/23 16:01:24",
  "startTime" : "10/15/23 15:37:04",
  "originalStartTime" : "10/15/23 15:37:04",
  "originalDuration" : 1435000,
  "elevationGain" : 0.0,
  "hasGps" : false,
  "shouldFetchDetails" : false,
  "hasActiveZoneMinutes" : true
},{
  "logId" : 59420037345,
  "activityName" : "Elliptical",
  "activityTypeId" : 20047,
  "activityLevel" : [{
    "minutes" : 0,
    "name" : "sedentary"
  },{
    "minutes" : 1,
    "name" : "lightly"
  },{
    "minutes" : 0,
    "name" : "fairly"
  },{
    "minutes" : 29,
    "name" : "very"
  }],
  "averageHeartRate" : 147,
  "calories" : 330,
  "duration" : 1799000,
  "activeDuration" : 1799000,
  "steps" : 3809,
  "source" : {
    "type" : "tracker",
    "name" : "Google Pixel Watch",
    "id" : "222984537",
    "url" : "https://www.fitbit.com/",
    "trackerFeatures" : ["HEARTRATE","CALORIES","STEPS"]
  },
  "logType" : "tracker",
  "manualValuesSpecified" : {
    "calories" : false,
    "distance" : false,
    "steps" : false
  },
  "heartRateZones" : [{
    "name" : "Out of Range",
    "min" : 30,
    "max" : 123,
    "minutes" : 1,
    "caloriesOut" : 13.347560000000101
  },{
    "name" : "Fat Burn",
    "min" : 123,
    "max" : 144,
    "minutes" : 8,
    "caloriesOut" : 85.51887999999998
  },{
    "name" : "Cardio",
    "min" : 144,
    "max" : 170,
    "minutes" : 20,
    "caloriesOut" : 230.33399999999997
  },{
    "name" : "Peak",
    "min" : 170,
    "max" : 220,
    "minutes" : 0,
    "caloriesOut" : 0.0
  }],
  "activeZoneMinutes" : {
    "totalMinutes" : 48,
    "minutesInHeartRateZones" : [{
      "minutes" : 8,
      "zoneName" : "Fat Burn",
      "order" : 1,
      "type" : "FAT_BURN",
      "minuteMultiplier" : 1
    },{
      "minutes" : 0,
      "zoneName" : "Peak",
      "order" : 3,
      "type" : "PEAK",
      "minuteMultiplier" : 2
    },{
      "minutes" : 0,
      "zoneName" : "Out of Range",
      "order" : 0,
      "type" : "OUT_OF_ZONE",
      "minuteMultiplier" : 0
    },{
      "minutes" : 20,
      "zoneName" : "Cardio",
      "order" : 2,
      "type" : "CARDIO",
      "minuteMultiplier" : 2
    }]
  },
  "lastModified" : "10/24/23 18:33:43",
  "startTime" : "10/24/23 17:42:34",
  "originalStartTime" : "10/24/23 17:42:34",
  "originalDuration" : 1799000,
  "elevationGain" : 0.0,
  "hasGps" : false,
  "shouldFetchDetails" : false,
  "hasActiveZoneMinutes" : true
},{
  "logId" : 59452626310,
  "activityName" : "Elliptical",
  "activityTypeId" : 20047,
  "activityLevel" : [{
    "minutes" : 0,
    "name" : "sedentary"
  },{
    "minutes" : 1,
    "name" : "lightly"
  },{
    "minutes" : 0,
    "name" : "fairly"
  },{
    "minutes" : 47,
    "name" : "very"
  }],
  "averageHeartRate" : 168,
  "calories" : 637,
  "duration" : 2861000,
  "activeDuration" : 2861000,
  "steps" : 2708,
  "source" : {
    "type" : "tracker",
    "name" : "Google Pixel Watch",
    "id" : "222984537",
    "url" : "https://www.fitbit.com/",
    "trackerFeatures" : ["HEARTRATE","CALORIES","STEPS"]
  },
  "logType" : "tracker",
  "manualValuesSpecified" : {
    "calories" : false,
    "distance" : false,
    "steps" : false
  },
  "heartRateZones" : [{
    "name" : "Out of Range",
    "min" : 30,
    "max" : 122,
    "minutes" : 0,
    "caloriesOut" : 4.252319999999941
  },{
    "name" : "Fat Burn",
    "min" : 122,
    "max" : 143,
    "minutes" : 3,
    "caloriesOut" : 32.01052
  },{
    "name" : "Cardio",
    "min" : 143,
    "max" : 170,
    "minutes" : 18,
    "caloriesOut" : 219.7032
  },{
    "name" : "Peak",
    "min" : 170,
    "max" : 220,
    "minutes" : 26,
    "caloriesOut" : 379.99204000000003
  }],
  "activeZoneMinutes" : {
    "totalMinutes" : 91,
    "minutesInHeartRateZones" : [{
      "minutes" : 3,
      "zoneName" : "Fat Burn",
      "order" : 1,
      "type" : "FAT_BURN",
      "minuteMultiplier" : 1
    },{
      "minutes" : 26,
      "zoneName" : "Peak",
      "order" : 3,
      "type" : "PEAK",
      "minuteMultiplier" : 2
    },{
      "minutes" : 0,
      "zoneName" : "Out of Range",
      "order" : 0,
      "type" : "OUT_OF_ZONE",
      "minuteMultiplier" : 0
    },{
      "minutes" : 18,
      "zoneName" : "Cardio",
      "order" : 2,
      "type" : "CARDIO",
      "minuteMultiplier" : 2
    }]
  },
  "lastModified" : "10/25/23 20:10:43",
  "startTime" : "10/25/23 19:21:30",
  "originalStartTime" : "10/25/23 19:21:30",
  "originalDuration" : 2861000,
  "elevationGain" : 0.0,
  "hasGps" : false,
  "shouldFetchDetails" : false,
  "hasActiveZoneMinutes" : true
},{
  "logId" : 59422416285,
  "activityName" : "Elliptical",
  "activityTypeId" : 20047,
  "activityLevel" : [{
    "minutes" : 0,
    "name" : "sedentary"
  },{
    "minutes" : 0,
    "name" : "lightly"
  },{
    "minutes" : 1,
    "name" : "fairly"
  },{
    "minutes" : 47,
    "name" : "very"
  }],
  "averageHeartRate" : 166,
  "calories" : 637,
  "duration" : 2869000,
  "activeDuration" : 2869000,
  "steps" : 2265,
  "source" : {
    "type" : "tracker",
    "name" : "Google Pixel Watch",
    "id" : "222984537",
    "url" : "https://www.fitbit.com/",
    "trackerFeatures" : ["HEARTRATE","CALORIES","STEPS"]
  },
  "logType" : "tracker",
  "manualValuesSpecified" : {
    "calories" : false,
    "distance" : false,
    "steps" : false
  },
  "heartRateZones" : [{
    "name" : "Out of Range",
    "min" : 30,
    "max" : 121,
    "minutes" : 0,
    "caloriesOut" : 5.43351999999993
  },{
    "name" : "Fat Burn",
    "min" : 121,
    "max" : 142,
    "minutes" : 1,
    "caloriesOut" : 10.27644
  },{
    "name" : "Cardio",
    "min" : 142,
    "max" : 169,
    "minutes" : 24,
    "caloriesOut" : 307.82072
  },{
    "name" : "Peak",
    "min" : 169,
    "max" : 220,
    "minutes" : 22,
    "caloriesOut" : 313.0180000000001
  }],
  "activeZoneMinutes" : {
    "totalMinutes" : 93,
    "minutesInHeartRateZones" : [{
      "minutes" : 1,
      "zoneName" : "Fat Burn",
      "order" : 1,
      "type" : "FAT_BURN",
      "minuteMultiplier" : 1
    },{
      "minutes" : 22,
      "zoneName" : "Peak",
      "order" : 3,
      "type" : "PEAK",
      "minuteMultiplier" : 2
    },{
      "minutes" : 0,
      "zoneName" : "Out of Range",
      "order" : 0,
      "type" : "OUT_OF_ZONE",
      "minuteMultiplier" : 0
    },{
      "minutes" : 24,
      "zoneName" : "Cardio",
      "order" : 2,
      "type" : "CARDIO",
      "minuteMultiplier" : 2
    }]
  },
  "lastModified" : "10/26/23 22:06:13",
  "startTime" : "10/26/23 21:15:20",
  "originalStartTime" : "10/26/23 21:15:20",
  "originalDuration" : 2869000,
  "elevationGain" : 0.0,
  "hasGps" : false,
  "shouldFetchDetails" : false,
  "hasActiveZoneMinutes" : true
},{
  "logId" : 59557653126,
  "activityName" : "Elliptical",
  "activityTypeId" : 20047,
  "activityLevel" : [{
    "minutes" : 0,
    "name" : "sedentary"
  },{
    "minutes" : 0,
    "name" : "lightly"
  },{
    "minutes" : 1,
    "name" : "fairly"
  },{
    "minutes" : 39,
    "name" : "very"
  }],
  "averageHeartRate" : 151,
  "calories" : 483,
  "duration" : 2406000,
  "activeDuration" : 2406000,
  "steps" : 2441,
  "source" : {
    "type" : "tracker",
    "name" : "Google Pixel Watch",
    "id" : "222984537",
    "url" : "https://www.fitbit.com/",
    "trackerFeatures" : ["HEARTRATE","CALORIES","STEPS"]
  },
  "logType" : "tracker",
  "manualValuesSpecified" : {
    "calories" : false,
    "distance" : false,
    "steps" : false
  },
  "heartRateZones" : [{
    "name" : "Out of Range",
    "min" : 30,
    "max" : 121,
    "minutes" : 1,
    "caloriesOut" : 6.850960000000043
  },{
    "name" : "Fat Burn",
    "min" : 121,
    "max" : 142,
    "minutes" : 5,
    "caloriesOut" : 52.68152
  },{
    "name" : "Cardio",
    "min" : 142,
    "max" : 169,
    "minutes" : 34,
    "caloriesOut" : 424.28704
  },{
    "name" : "Peak",
    "min" : 169,
    "max" : 220,
    "minutes" : 0,
    "caloriesOut" : 0.0
  }],
  "activeZoneMinutes" : {
    "totalMinutes" : 73,
    "minutesInHeartRateZones" : [{
      "minutes" : 5,
      "zoneName" : "Fat Burn",
      "order" : 1,
      "type" : "FAT_BURN",
      "minuteMultiplier" : 1
    },{
      "minutes" : 0,
      "zoneName" : "Peak",
      "order" : 3,
      "type" : "PEAK",
      "minuteMultiplier" : 2
    },{
      "minutes" : 0,
      "zoneName" : "Out of Range",
      "order" : 0,
      "type" : "OUT_OF_ZONE",
      "minuteMultiplier" : 0
    },{
      "minutes" : 34,
      "zoneName" : "Cardio",
      "order" : 2,
      "type" : "CARDIO",
      "minuteMultiplier" : 2
    }]
  },
  "lastModified" : "10/31/23 18:18:22",
  "startTime" : "10/31/23 17:37:08",
  "originalStartTime" : "10/31/23 17:37:08",
  "originalDuration" : 2406000,
  "elevationGain" : 0.0,
  "hasGps" : false,
  "shouldFetchDetails" : false,
  "hasActiveZoneMinutes" : true
},{
  "logId" : 59547597895,
  "activityName" : "Elliptical",
  "activityTypeId" : 20047,
  "activityLevel" : [{
    "minutes" : 0,
    "name" : "sedentary"
  },{
    "minutes" : 0,
    "name" : "lightly"
  },{
    "minutes" : 1,
    "name" : "fairly"
  },{
    "minutes" : 59,
    "name" : "very"
  }],
  "averageHeartRate" : 161,
  "calories" : 758,
  "duration" : 3617000,
  "activeDuration" : 3617000,
  "steps" : 3190,
  "source" : {
    "type" : "tracker",
    "name" : "Google Pixel Watch",
    "id" : "222984537",
    "url" : "https://www.fitbit.com/",
    "trackerFeatures" : ["HEARTRATE","CALORIES","STEPS"]
  },
  "logType" : "tracker",
  "manualValuesSpecified" : {
    "calories" : false,
    "distance" : false,
    "steps" : false
  },
  "heartRateZones" : [{
    "name" : "Out of Range",
    "min" : 30,
    "max" : 121,
    "minutes" : 1,
    "caloriesOut" : 5.433520000000158
  },{
    "name" : "Fat Burn",
    "min" : 121,
    "max" : 143,
    "minutes" : 3,
    "caloriesOut" : 30.35684
  },{
    "name" : "Cardio",
    "min" : 143,
    "max" : 169,
    "minutes" : 38,
    "caloriesOut" : 459.01431999999994
  },{
    "name" : "Peak",
    "min" : 169,
    "max" : 220,
    "minutes" : 18,
    "caloriesOut" : 265.06127999999995
  }],
  "activeZoneMinutes" : {
    "totalMinutes" : 115,
    "minutesInHeartRateZones" : [{
      "minutes" : 3,
      "zoneName" : "Fat Burn",
      "order" : 1,
      "type" : "FAT_BURN",
      "minuteMultiplier" : 1
    },{
      "minutes" : 18,
      "zoneName" : "Peak",
      "order" : 3,
      "type" : "PEAK",
      "minuteMultiplier" : 2
    },{
      "minutes" : 0,
      "zoneName" : "Out of Range",
      "order" : 0,
      "type" : "OUT_OF_ZONE",
      "minuteMultiplier" : 0
    },{
      "minutes" : 38,
      "zoneName" : "Cardio",
      "order" : 2,
      "type" : "CARDIO",
      "minuteMultiplier" : 2
    }]
  },
  "lastModified" : "11/01/23 21:12:41",
  "startTime" : "11/01/23 20:11:23",
  "originalStartTime" : "11/01/23 20:11:23",
  "originalDuration" : 3617000,
  "elevationGain" : 0.0,
  "hasGps" : false,
  "shouldFetchDetails" : false,
  "hasActiveZoneMinutes" : true
},{
  "logId" : 59591200535,
  "activityName" : "Elliptical",
  "activityTypeId" : 20047,
  "activityLevel" : [{
    "minutes" : 0,
    "name" : "sedentary"
  },{
    "minutes" : 0,
    "name" : "lightly"
  },{
    "minutes" : 1,
    "name" : "fairly"
  },{
    "minutes" : 23,
    "name" : "very"
  }],
  "averageHeartRate" : 148,
  "calories" : 279,
  "duration" : 1433000,
  "activeDuration" : 1433000,
  "steps" : 827,
  "source" : {
    "type" : "tracker",
    "name" : "Google Pixel Watch",
    "id" : "222984537",
    "url" : "https://www.fitbit.com/",
    "trackerFeatures" : ["HEARTRATE","CALORIES","STEPS"]
  },
  "logType" : "tracker",
  "manualValuesSpecified" : {
    "calories" : false,
    "distance" : false,
    "steps" : false
  },
  "heartRateZones" : [{
    "name" : "Out of Range",
    "min" : 30,
    "max" : 120,
    "minutes" : 2,
    "caloriesOut" : 25.63203999999999
  },{
    "name" : "Fat Burn",
    "min" : 120,
    "max" : 142,
    "minutes" : 4,
    "caloriesOut" : 37.08968
  },{
    "name" : "Cardio",
    "min" : 142,
    "max" : 169,
    "minutes" : 15,
    "caloriesOut" : 188.87388
  },{
    "name" : "Peak",
    "min" : 169,
    "max" : 220,
    "minutes" : 2,
    "caloriesOut" : 28.58504
  }],
  "activeZoneMinutes" : {
    "totalMinutes" : 38,
    "minutesInHeartRateZones" : [{
      "minutes" : 4,
      "zoneName" : "Fat Burn",
      "order" : 1,
      "type" : "FAT_BURN",
      "minuteMultiplier" : 1
    },{
      "minutes" : 2,
      "zoneName" : "Peak",
      "order" : 3,
      "type" : "PEAK",
      "minuteMultiplier" : 2
    },{
      "minutes" : 0,
      "zoneName" : "Out of Range",
      "order" : 0,
      "type" : "OUT_OF_ZONE",
      "minuteMultiplier" : 0
    },{
      "minutes" : 15,
      "zoneName" : "Cardio",
      "order" : 2,
      "type" : "CARDIO",
      "minuteMultiplier" : 2
    }]
  },
  "lastModified" : "11/02/23 21:02:57",
  "startTime" : "11/02/23 20:37:56",
  "originalStartTime" : "11/02/23 20:37:56",
  "originalDuration" : 1433000,
  "elevationGain" : 0.0,
  "hasGps" : false,
  "shouldFetchDetails" : false,
  "hasActiveZoneMinutes" : true
},{
  "logId" : 59650379747,
  "activityName" : "Elliptical",
  "activityTypeId" : 20047,
  "activityLevel" : [{
    "minutes" : 0,
    "name" : "sedentary"
  },{
    "minutes" : 0,
    "name" : "lightly"
  },{
    "minutes" : 1,
    "name" : "fairly"
  },{
    "minutes" : 59,
    "name" : "very"
  }],
  "averageHeartRate" : 157,
  "calories" : 752,
  "duration" : 3607000,
  "activeDuration" : 3607000,
  "steps" : 5774,
  "source" : {
    "type" : "tracker",
    "name" : "Google Pixel Watch",
    "id" : "222984537",
    "url" : "https://www.fitbit.com/",
    "trackerFeatures" : ["HEARTRATE","CALORIES","STEPS"]
  },
  "logType" : "tracker",
  "manualValuesSpecified" : {
    "calories" : false,
    "distance" : false,
    "steps" : false
  },
  "heartRateZones" : [{
    "name" : "Out of Range",
    "min" : 30,
    "max" : 119,
    "minutes" : 1,
    "caloriesOut" : 5.43351999999993
  },{
    "name" : "Fat Burn",
    "min" : 119,
    "max" : 141,
    "minutes" : 3,
    "caloriesOut" : 32.01052
  },{
    "name" : "Cardio",
    "min" : 141,
    "max" : 169,
    "minutes" : 45,
    "caloriesOut" : 558.35324
  },{
    "name" : "Peak",
    "min" : 169,
    "max" : 220,
    "minutes" : 11,
    "caloriesOut" : 158.2808
  }],
  "activeZoneMinutes" : {
    "totalMinutes" : 115,
    "minutesInHeartRateZones" : [{
      "minutes" : 3,
      "zoneName" : "Fat Burn",
      "order" : 1,
      "type" : "FAT_BURN",
      "minuteMultiplier" : 1
    },{
      "minutes" : 11,
      "zoneName" : "Peak",
      "order" : 3,
      "type" : "PEAK",
      "minuteMultiplier" : 2
    },{
      "minutes" : 0,
      "zoneName" : "Out of Range",
      "order" : 0,
      "type" : "OUT_OF_ZONE",
      "minuteMultiplier" : 0
    },{
      "minutes" : 45,
      "zoneName" : "Cardio",
      "order" : 2,
      "type" : "CARDIO",
      "minuteMultiplier" : 2
    }]
  },
  "lastModified" : "11/06/23 23:41:18",
  "startTime" : "11/06/23 22:40:39",
  "originalStartTime" : "11/06/23 22:40:39",
  "originalDuration" : 3607000,
  "elevationGain" : 0.0,
  "hasGps" : false,
  "shouldFetchDetails" : false,
  "hasActiveZoneMinutes" : true
},{
  "logId" : 59802730817,
  "activityName" : "Walk",
  "activityTypeId" : 90013,
  "activityLevel" : [{
    "minutes" : 0,
    "name" : "sedentary"
  },{
    "minutes" : 0,
    "name" : "lightly"
  },{
    "minutes" : 1,
    "name" : "fairly"
  },{
    "minutes" : 88,
    "name" : "very"
  }],
  "averageHeartRate" : 141,
  "calories" : 856,
  "duration" : 5324000,
  "activeDuration" : 5324000,
  "steps" : 3577,
  "logType" : "auto_detected",
  "manualValuesSpecified" : {
    "calories" : false,
    "distance" : false,
    "steps" : false
  },
  "heartRateZones" : [{
    "name" : "Out of Range",
    "min" : 30,
    "max" : 124,
    "minutes" : 0,
    "caloriesOut" : 2.2737367544323206E-13
  },{
    "name" : "Fat Burn",
    "min" : 124,
    "max" : 144,
    "minutes" : 51,
    "caloriesOut" : 453.46267999999986
  },{
    "name" : "Cardio",
    "min" : 144,
    "max" : 170,
    "minutes" : 38,
    "caloriesOut" : 402.78919999999994
  },{
    "name" : "Peak",
    "min" : 170,
    "max" : 220,
    "minutes" : 0,
    "caloriesOut" : 0.0
  }],
  "activeZoneMinutes" : {
    "totalMinutes" : 127,
    "minutesInHeartRateZones" : [{
      "minutes" : 51,
      "zoneName" : "Fat Burn",
      "order" : 1,
      "type" : "FAT_BURN",
      "minuteMultiplier" : 1
    },{
      "minutes" : 0,
      "zoneName" : "Peak",
      "order" : 3,
      "type" : "PEAK",
      "minuteMultiplier" : 2
    },{
      "minutes" : 0,
      "zoneName" : "Out of Range",
      "order" : 0,
      "type" : "OUT_OF_ZONE",
      "minuteMultiplier" : 0
    },{
      "minutes" : 38,
      "zoneName" : "Cardio",
      "order" : 2,
      "type" : "CARDIO",
      "minuteMultiplier" : 2
    }]
  },
  "lastModified" : "11/11/23 14:33:50",
  "startTime" : "11/11/23 12:41:46",
  "originalStartTime" : "11/11/23 12:41:46",
  "originalDuration" : 5324000,
  "elevationGain" : 180.0,
  "hasGps" : false,
  "shouldFetchDetails" : false,
  "hasActiveZoneMinutes" : true
},{
  "logId" : 60025696615,
  "activityName" : "Walk",
  "activityTypeId" : 90013,
  "activityLevel" : [{
    "minutes" : 0,
    "name" : "sedentary"
  },{
    "minutes" : 0,
    "name" : "lightly"
  },{
    "minutes" : 1,
    "name" : "fairly"
  },{
    "minutes" : 14,
    "name" : "very"
  }],
  "averageHeartRate" : 133,
  "calories" : 116,
  "duration" : 921000,
  "activeDuration" : 921000,
  "steps" : 912,
  "logType" : "auto_detected",
  "manualValuesSpecified" : {
    "calories" : false,
    "distance" : false,
    "steps" : false
  },
  "heartRateZones" : [{
    "name" : "Out of Range",
    "min" : 30,
    "max" : 124,
    "minutes" : 0,
    "caloriesOut" : -1.4210854715202004E-14
  },{
    "name" : "Fat Burn",
    "min" : 124,
    "max" : 144,
    "minutes" : 15,
    "caloriesOut" : 115.99384
  },{
    "name" : "Cardio",
    "min" : 144,
    "max" : 170,
    "minutes" : 0,
    "caloriesOut" : 0.0
  },{
    "name" : "Peak",
    "min" : 170,
    "max" : 220,
    "minutes" : 0,
    "caloriesOut" : 0.0
  }],
  "activeZoneMinutes" : {
    "totalMinutes" : 15,
    "minutesInHeartRateZones" : [{
      "minutes" : 15,
      "zoneName" : "Fat Burn",
      "order" : 1,
      "type" : "FAT_BURN",
      "minuteMultiplier" : 1
    },{
      "minutes" : 0,
      "zoneName" : "Peak",
      "order" : 3,
      "type" : "PEAK",
      "minuteMultiplier" : 2
    },{
      "minutes" : 0,
      "zoneName" : "Out of Range",
      "order" : 0,
      "type" : "OUT_OF_ZONE",
      "minuteMultiplier" : 0
    },{
      "minutes" : 0,
      "zoneName" : "Cardio",
      "order" : 2,
      "type" : "CARDIO",
      "minuteMultiplier" : 2
    }]
  },
  "lastModified" : "11/22/23 13:39:47",
  "startTime" : "11/22/23 13:02:26",
  "originalStartTime" : "11/22/23 13:02:26",
  "originalDuration" : 921000,
  "elevationGain" : 0.0,
  "hasGps" : false,
  "shouldFetchDetails" : false,
  "hasActiveZoneMinutes" : true
},{
  "logId" : 60059455520,
  "activityName" : "Walk",
  "activityTypeId" : 90013,
  "activityLevel" : [{
    "minutes" : 0,
    "name" : "sedentary"
  },{
    "minutes" : 13,
    "name" : "lightly"
  },{
    "minutes" : 7,
    "name" : "fairly"
  },{
    "minutes" : 0,
    "name" : "very"
  }],
  "averageHeartRate" : 102,
  "calories" : 100,
  "duration" : 1178000,
  "activeDuration" : 1178000,
  "steps" : 788,
  "logType" : "auto_detected",
  "manualValuesSpecified" : {
    "calories" : false,
    "distance" : false,
    "steps" : false
  },
  "heartRateZones" : [{
    "name" : "Out of Range",
    "min" : 30,
    "max" : 124,
    "minutes" : 19,
    "caloriesOut" : 100.16575999999999
  },{
    "name" : "Fat Burn",
    "min" : 124,
    "max" : 144,
    "minutes" : 0,
    "caloriesOut" : 0.0
  },{
    "name" : "Cardio",
    "min" : 144,
    "max" : 170,
    "minutes" : 0,
    "caloriesOut" : 0.0
  },{
    "name" : "Peak",
    "min" : 170,
    "max" : 220,
    "minutes" : 0,
    "caloriesOut" : 0.0
  }],
  "activeZoneMinutes" : {
    "totalMinutes" : 0,
    "minutesInHeartRateZones" : [{
      "minutes" : 0,
      "zoneName" : "Fat Burn",
      "order" : 1,
      "type" : "FAT_BURN",
      "minuteMultiplier" : 1
    },{
      "minutes" : 0,
      "zoneName" : "Peak",
      "order" : 3,
      "type" : "PEAK",
      "minuteMultiplier" : 2
    },{
      "minutes" : 0,
      "zoneName" : "Out of Range",
      "order" : 0,
      "type" : "OUT_OF_ZONE",
      "minuteMultiplier" : 0
    },{
      "minutes" : 0,
      "zoneName" : "Cardio",
      "order" : 2,
      "type" : "CARDIO",
      "minuteMultiplier" : 2
    }]
  },
  "lastModified" : "11/24/23 14:39:54",
  "startTime" : "11/24/23 14:14:00",
  "originalStartTime" : "11/24/23 14:14:00",
  "originalDuration" : 1178000,
  "elevationGain" : 0.0,
  "hasGps" : false,
  "shouldFetchDetails" : false,
  "hasActiveZoneMinutes" : true
},{
  "logId" : 64095352978,
  "activityName" : "Run",
  "activityTypeId" : 90009,
  "activityLevel" : [{
    "minutes" : 0,
    "name" : "sedentary"
  },{
    "minutes" : 0,
    "name" : "lightly"
  },{
    "minutes" : 0,
    "name" : "fairly"
  },{
    "minutes" : 0,
    "name" : "very"
  }],
  "averageHeartRate" : 121,
  "calories" : 2,
  "distance" : 0.0,
  "distanceUnit" : "Mile",
  "duration" : 27000,
  "activeDuration" : 27000,
  "steps" : 0,
  "source" : {
    "type" : "tracker",
    "name" : "Google Pixel Watch",
    "id" : "222984537",
    "url" : "https://www.fitbit.com/",
    "trackerFeatures" : ["HEARTRATE","VO2_MAX","DISTANCE","CALORIES","GPS","PACE","ELEVATION","STEPS"]
  },
  "logType" : "tracker",
  "manualValuesSpecified" : {
    "calories" : false,
    "distance" : false,
    "steps" : false
  },
  "tcxLink" : "https://www.fitbit.com/activities/exercise/64095352978?export=tcx",
  "heartRateZones" : [{
    "name" : "Out of Range",
    "min" : 30,
    "max" : 129,
    "minutes" : 0,
    "caloriesOut" : 1.76655
  },{
    "name" : "Fat Burn",
    "min" : 129,
    "max" : 147,
    "minutes" : 0,
    "caloriesOut" : 0.0
  },{
    "name" : "Cardio",
    "min" : 147,
    "max" : 171,
    "minutes" : 0,
    "caloriesOut" : 0.0
  },{
    "name" : "Peak",
    "min" : 171,
    "max" : 220,
    "minutes" : 0,
    "caloriesOut" : 0.0
  }],
  "activeZoneMinutes" : {
    "totalMinutes" : 0,
    "minutesInHeartRateZones" : [{
      "minutes" : 0,
      "zoneName" : "Fat Burn",
      "order" : 1,
      "type" : "FAT_BURN",
      "minuteMultiplier" : 1
    },{
      "minutes" : 0,
      "zoneName" : "Peak",
      "order" : 3,
      "type" : "PEAK",
      "minuteMultiplier" : 2
    },{
      "minutes" : 0,
      "zoneName" : "Out of Range",
      "order" : 0,
      "type" : "OUT_OF_ZONE",
      "minuteMultiplier" : 0
    },{
      "minutes" : 0,
      "zoneName" : "Cardio",
      "order" : 2,
      "type" : "CARDIO",
      "minuteMultiplier" : 2
    }]
  },
  "speed" : 0.0,
  "lastModified" : "06/14/24 09:57:34",
  "startTime" : "06/14/24 09:56:53",
  "originalStartTime" : "06/14/24 09:56:53",
  "originalDuration" : 27000,
  "elevationGain" : 0.0,
  "hasGps" : true,
  "shouldFetchDetails" : true,
  "hasActiveZoneMinutes" : true
},{
  "logId" : 64090206458,
  "activityName" : "Run",
  "activityTypeId" : 90009,
  "activityLevel" : [{
    "minutes" : 1,
    "name" : "sedentary"
  },{
    "minutes" : 1,
    "name" : "lightly"
  },{
    "minutes" : 0,
    "name" : "fairly"
  },{
    "minutes" : 43,
    "name" : "very"
  }],
  "averageHeartRate" : 173,
  "calories" : 587,
  "distance" : 3.607834,
  "distanceUnit" : "Mile",
  "duration" : 2749000,
  "activeDuration" : 2749000,
  "steps" : 6907,
  "source" : {
    "type" : "tracker",
    "name" : "Google Pixel Watch",
    "id" : "222984537",
    "url" : "https://www.fitbit.com/",
    "trackerFeatures" : ["HEARTRATE","VO2_MAX","DISTANCE","CALORIES","GPS","PACE","ELEVATION","STEPS"]
  },
  "logType" : "tracker",
  "manualValuesSpecified" : {
    "calories" : false,
    "distance" : false,
    "steps" : false
  },
  "tcxLink" : "https://www.fitbit.com/activities/exercise/64090206458?export=tcx",
  "heartRateZones" : [{
    "name" : "Out of Range",
    "min" : 30,
    "max" : 129,
    "minutes" : 5,
    "caloriesOut" : 29.44249999999988
  },{
    "name" : "Fat Burn",
    "min" : 129,
    "max" : 147,
    "minutes" : 0,
    "caloriesOut" : 0.0
  },{
    "name" : "Cardio",
    "min" : 147,
    "max" : 171,
    "minutes" : 12,
    "caloriesOut" : 148.97905000000003
  },{
    "name" : "Peak",
    "min" : 171,
    "max" : 220,
    "minutes" : 28,
    "caloriesOut" : 409.83960000000013
  }],
  "activeZoneMinutes" : {
    "totalMinutes" : 80,
    "minutesInHeartRateZones" : [{
      "minutes" : 0,
      "zoneName" : "Fat Burn",
      "order" : 1,
      "type" : "FAT_BURN",
      "minuteMultiplier" : 1
    },{
      "minutes" : 28,
      "zoneName" : "Peak",
      "order" : 3,
      "type" : "PEAK",
      "minuteMultiplier" : 2
    },{
      "minutes" : 0,
      "zoneName" : "Out of Range",
      "order" : 0,
      "type" : "OUT_OF_ZONE",
      "minuteMultiplier" : 0
    },{
      "minutes" : 12,
      "zoneName" : "Cardio",
      "order" : 2,
      "type" : "CARDIO",
      "minuteMultiplier" : 2
    }]
  },
  "speed" : 4.698053692251728,
  "pace" : 766.2747673440398,
  "vo2Max" : {
    "vo2Max" : 42.54155
  },
  "lastModified" : "06/14/24 11:31:06",
  "startTime" : "06/14/24 10:35:02",
  "originalStartTime" : "06/14/24 10:35:02",
  "originalDuration" : 2749000,
  "elevationGain" : 92.001312,
  "hasGps" : true,
  "shouldFetchDetails" : true,
  "hasActiveZoneMinutes" : true
},{
  "logId" : 64319831004,
  "activityName" : "Elliptical",
  "activityTypeId" : 20047,
  "activityLevel" : [{
    "minutes" : 0,
    "name" : "sedentary"
  },{
    "minutes" : 0,
    "name" : "lightly"
  },{
    "minutes" : 0,
    "name" : "fairly"
  },{
    "minutes" : 25,
    "name" : "very"
  }],
  "averageHeartRate" : 158,
  "calories" : 283,
  "duration" : 1503000,
  "activeDuration" : 1503000,
  "steps" : 950,
  "source" : {
    "type" : "tracker",
    "name" : "Google Pixel Watch",
    "id" : "222984537",
    "url" : "https://www.fitbit.com/",
    "trackerFeatures" : ["HEARTRATE","CALORIES","STEPS"]
  },
  "logType" : "tracker",
  "manualValuesSpecified" : {
    "calories" : false,
    "distance" : false,
    "steps" : false
  },
  "heartRateZones" : [{
    "name" : "Out of Range",
    "min" : 30,
    "max" : 128,
    "minutes" : 0,
    "caloriesOut" : 0.0
  },{
    "name" : "Fat Burn",
    "min" : 128,
    "max" : 147,
    "minutes" : 2,
    "caloriesOut" : 16.25226
  },{
    "name" : "Cardio",
    "min" : 147,
    "max" : 170,
    "minutes" : 17,
    "caloriesOut" : 190.90517
  },{
    "name" : "Peak",
    "min" : 170,
    "max" : 220,
    "minutes" : 6,
    "caloriesOut" : 76.43273
  }],
  "activeZoneMinutes" : {
    "totalMinutes" : 48,
    "minutesInHeartRateZones" : [{
      "minutes" : 2,
      "zoneName" : "Fat Burn",
      "order" : 1,
      "type" : "FAT_BURN",
      "minuteMultiplier" : 1
    },{
      "minutes" : 6,
      "zoneName" : "Peak",
      "order" : 3,
      "type" : "PEAK",
      "minuteMultiplier" : 2
    },{
      "minutes" : 0,
      "zoneName" : "Out of Range",
      "order" : 0,
      "type" : "OUT_OF_ZONE",
      "minuteMultiplier" : 0
    },{
      "minutes" : 17,
      "zoneName" : "Cardio",
      "order" : 2,
      "type" : "CARDIO",
      "minuteMultiplier" : 2
    }]
  },
  "lastModified" : "06/24/24 22:04:13",
  "startTime" : "06/24/24 21:38:36",
  "originalStartTime" : "06/24/24 21:38:36",
  "originalDuration" : 1503000,
  "elevationGain" : 0.0,
  "hasGps" : false,
  "shouldFetchDetails" : false,
  "hasActiveZoneMinutes" : true
},{
  "logId" : 64458520660,
  "activityName" : "Elliptical",
  "activityTypeId" : 20047,
  "activityLevel" : [{
    "minutes" : 2,
    "name" : "sedentary"
  },{
    "minutes" : 1,
    "name" : "lightly"
  },{
    "minutes" : 2,
    "name" : "fairly"
  },{
    "minutes" : 24,
    "name" : "very"
  }],
  "averageHeartRate" : 148,
  "calories" : 294,
  "duration" : 1756000,
  "activeDuration" : 1756000,
  "steps" : 1245,
  "source" : {
    "type" : "tracker",
    "name" : "Google Pixel Watch",
    "id" : "222984537",
    "url" : "https://www.fitbit.com/",
    "trackerFeatures" : ["HEARTRATE","CALORIES","STEPS"]
  },
  "logType" : "tracker",
  "manualValuesSpecified" : {
    "calories" : false,
    "distance" : false,
    "steps" : false
  },
  "heartRateZones" : [{
    "name" : "Out of Range",
    "min" : 30,
    "max" : 128,
    "minutes" : 4,
    "caloriesOut" : 12.365849999999966
  },{
    "name" : "Fat Burn",
    "min" : 128,
    "max" : 147,
    "minutes" : 4,
    "caloriesOut" : 31.326820000000005
  },{
    "name" : "Cardio",
    "min" : 147,
    "max" : 170,
    "minutes" : 18,
    "caloriesOut" : 213.51701000000003
  },{
    "name" : "Peak",
    "min" : 170,
    "max" : 220,
    "minutes" : 3,
    "caloriesOut" : 37.6864
  }],
  "activeZoneMinutes" : {
    "totalMinutes" : 46,
    "minutesInHeartRateZones" : [{
      "minutes" : 4,
      "zoneName" : "Fat Burn",
      "order" : 1,
      "type" : "FAT_BURN",
      "minuteMultiplier" : 1
    },{
      "minutes" : 3,
      "zoneName" : "Peak",
      "order" : 3,
      "type" : "PEAK",
      "minuteMultiplier" : 2
    },{
      "minutes" : 0,
      "zoneName" : "Out of Range",
      "order" : 0,
      "type" : "OUT_OF_ZONE",
      "minuteMultiplier" : 0
    },{
      "minutes" : 18,
      "zoneName" : "Cardio",
      "order" : 2,
      "type" : "CARDIO",
      "minuteMultiplier" : 2
    }]
  },
  "lastModified" : "07/01/24 20:02:31",
  "startTime" : "07/01/24 19:32:15",
  "originalStartTime" : "07/01/24 19:32:15",
  "originalDuration" : 1756000,
  "elevationGain" : 0.0,
  "hasGps" : false,
  "shouldFetchDetails" : false,
  "hasActiveZoneMinutes" : true
},{
  "logId" : 64509436315,
  "activityName" : "Elliptical",
  "activityTypeId" : 20047,
  "activityLevel" : [{
    "minutes" : 0,
    "name" : "sedentary"
  },{
    "minutes" : 0,
    "name" : "lightly"
  },{
    "minutes" : 0,
    "name" : "fairly"
  },{
    "minutes" : 31,
    "name" : "very"
  }],
  "averageHeartRate" : 163,
  "calories" : 357,
  "duration" : 1849000,
  "activeDuration" : 1849000,
  "steps" : 1535,
  "source" : {
    "type" : "tracker",
    "name" : "Google Pixel Watch",
    "id" : "222984537",
    "url" : "https://www.fitbit.com/",
    "trackerFeatures" : ["HEARTRATE","CALORIES","STEPS"]
  },
  "logType" : "tracker",
  "manualValuesSpecified" : {
    "calories" : false,
    "distance" : false,
    "steps" : false
  },
  "heartRateZones" : [{
    "name" : "Out of Range",
    "min" : 30,
    "max" : 128,
    "minutes" : 0,
    "caloriesOut" : 0.0
  },{
    "name" : "Fat Burn",
    "min" : 128,
    "max" : 147,
    "minutes" : 1,
    "caloriesOut" : 7.0662
  },{
    "name" : "Cardio",
    "min" : 147,
    "max" : 170,
    "minutes" : 22,
    "caloriesOut" : 249.79017000000002
  },{
    "name" : "Peak",
    "min" : 170,
    "max" : 220,
    "minutes" : 8,
    "caloriesOut" : 100.57558
  }],
  "activeZoneMinutes" : {
    "totalMinutes" : 61,
    "minutesInHeartRateZones" : [{
      "minutes" : 1,
      "zoneName" : "Fat Burn",
      "order" : 1,
      "type" : "FAT_BURN",
      "minuteMultiplier" : 1
    },{
      "minutes" : 8,
      "zoneName" : "Peak",
      "order" : 3,
      "type" : "PEAK",
      "minuteMultiplier" : 2
    },{
      "minutes" : 0,
      "zoneName" : "Out of Range",
      "order" : 0,
      "type" : "OUT_OF_ZONE",
      "minuteMultiplier" : 0
    },{
      "minutes" : 22,
      "zoneName" : "Cardio",
      "order" : 2,
      "type" : "CARDIO",
      "minuteMultiplier" : 2
    }]
  },
  "lastModified" : "07/06/24 16:36:30",
  "startTime" : "07/06/24 16:05:30",
  "originalStartTime" : "07/06/24 16:05:30",
  "originalDuration" : 1849000,
  "elevationGain" : 0.0,
  "hasGps" : false,
  "shouldFetchDetails" : false,
  "hasActiveZoneMinutes" : true
},{
  "logId" : 64936544421,
  "activityName" : "Run",
  "activityTypeId" : 90009,
  "activityLevel" : [{
    "minutes" : 0,
    "name" : "sedentary"
  },{
    "minutes" : 0,
    "name" : "lightly"
  },{
    "minutes" : 0,
    "name" : "fairly"
  },{
    "minutes" : 0,
    "name" : "very"
  }],
  "averageHeartRate" : 98,
  "calories" : 0,
  "distance" : 0.0,
  "distanceUnit" : "Mile",
  "duration" : 17000,
  "activeDuration" : 17000,
  "steps" : 0,
  "source" : {
    "type" : "tracker",
    "name" : "Google Pixel Watch",
    "id" : "222984537",
    "url" : "https://www.fitbit.com/",
    "trackerFeatures" : ["HEARTRATE","VO2_MAX","DISTANCE","CALORIES","GPS","PACE","ELEVATION","STEPS"]
  },
  "logType" : "tracker",
  "manualValuesSpecified" : {
    "calories" : false,
    "distance" : false,
    "steps" : false
  },
  "tcxLink" : "https://www.fitbit.com/activities/exercise/64936544421?export=tcx",
  "heartRateZones" : [{
    "name" : "Out of Range",
    "min" : 30,
    "max" : 125,
    "minutes" : 0,
    "caloriesOut" : 0.0
  },{
    "name" : "Fat Burn",
    "min" : 125,
    "max" : 145,
    "minutes" : 0,
    "caloriesOut" : 0.0
  },{
    "name" : "Cardio",
    "min" : 145,
    "max" : 170,
    "minutes" : 0,
    "caloriesOut" : 0.0
  },{
    "name" : "Peak",
    "min" : 170,
    "max" : 220,
    "minutes" : 0,
    "caloriesOut" : 0.0
  }],
  "activeZoneMinutes" : {
    "totalMinutes" : 0,
    "minutesInHeartRateZones" : [{
      "minutes" : 0,
      "zoneName" : "Fat Burn",
      "order" : 1,
      "type" : "FAT_BURN",
      "minuteMultiplier" : 1
    },{
      "minutes" : 0,
      "zoneName" : "Peak",
      "order" : 3,
      "type" : "PEAK",
      "minuteMultiplier" : 2
    },{
      "minutes" : 0,
      "zoneName" : "Out of Range",
      "order" : 0,
      "type" : "OUT_OF_ZONE",
      "minuteMultiplier" : 0
    },{
      "minutes" : 0,
      "zoneName" : "Cardio",
      "order" : 2,
      "type" : "CARDIO",
      "minuteMultiplier" : 2
    }]
  },
  "speed" : 0.0,
  "lastModified" : "07/24/24 09:19:58",
  "startTime" : "07/24/24 09:19:28",
  "originalStartTime" : "07/24/24 09:19:28",
  "originalDuration" : 17000,
  "elevationGain" : 0.0,
  "hasGps" : true,
  "shouldFetchDetails" : true,
  "hasActiveZoneMinutes" : true
},{
  "logId" : 64942528916,
  "activityName" : "Walk",
  "activityTypeId" : 90013,
  "activityLevel" : [{
    "minutes" : 0,
    "name" : "sedentary"
  },{
    "minutes" : 0,
    "name" : "lightly"
  },{
    "minutes" : 0,
    "name" : "fairly"
  },{
    "minutes" : 16,
    "name" : "very"
  }],
  "averageHeartRate" : 161,
  "calories" : 182,
  "duration" : 973000,
  "activeDuration" : 973000,
  "steps" : 1345,
  "logType" : "auto_detected",
  "manualValuesSpecified" : {
    "calories" : false,
    "distance" : false,
    "steps" : false
  },
  "heartRateZones" : [{
    "name" : "Out of Range",
    "min" : 30,
    "max" : 125,
    "minutes" : 0,
    "caloriesOut" : -2.8421709430404007E-14
  },{
    "name" : "Fat Burn",
    "min" : 125,
    "max" : 145,
    "minutes" : 0,
    "caloriesOut" : 0.0
  },{
    "name" : "Cardio",
    "min" : 145,
    "max" : 170,
    "minutes" : 16,
    "caloriesOut" : 181.60134000000002
  },{
    "name" : "Peak",
    "min" : 170,
    "max" : 220,
    "minutes" : 0,
    "caloriesOut" : 0.0
  }],
  "activeZoneMinutes" : {
    "totalMinutes" : 32,
    "minutesInHeartRateZones" : [{
      "minutes" : 0,
      "zoneName" : "Fat Burn",
      "order" : 1,
      "type" : "FAT_BURN",
      "minuteMultiplier" : 1
    },{
      "minutes" : 0,
      "zoneName" : "Peak",
      "order" : 3,
      "type" : "PEAK",
      "minuteMultiplier" : 2
    },{
      "minutes" : 0,
      "zoneName" : "Out of Range",
      "order" : 0,
      "type" : "OUT_OF_ZONE",
      "minuteMultiplier" : 0
    },{
      "minutes" : 16,
      "zoneName" : "Cardio",
      "order" : 2,
      "type" : "CARDIO",
      "minuteMultiplier" : 2
    }]
  },
  "lastModified" : "07/24/24 12:04:27",
  "startTime" : "07/24/24 11:02:05",
  "originalStartTime" : "07/24/24 11:02:05",
  "originalDuration" : 973000,
  "elevationGain" : 20.0,
  "hasGps" : false,
  "shouldFetchDetails" : false,
  "hasActiveZoneMinutes" : true
},{
  "logId" : 64934822694,
  "activityName" : "Run",
  "activityTypeId" : 90009,
  "activityLevel" : [{
    "minutes" : 0,
    "name" : "sedentary"
  },{
    "minutes" : 0,
    "name" : "lightly"
  },{
    "minutes" : 0,
    "name" : "fairly"
  },{
    "minutes" : 26,
    "name" : "very"
  }],
  "averageHeartRate" : 153,
  "calories" : 314,
  "distance" : 2.017049,
  "distanceUnit" : "Mile",
  "duration" : 1697000,
  "activeDuration" : 1615000,
  "steps" : 3955,
  "source" : {
    "type" : "tracker",
    "name" : "Google Pixel Watch",
    "id" : "222984537",
    "url" : "https://www.fitbit.com/",
    "trackerFeatures" : ["HEARTRATE","VO2_MAX","DISTANCE","CALORIES","GPS","PACE","ELEVATION","STEPS"]
  },
  "logType" : "tracker",
  "manualValuesSpecified" : {
    "calories" : false,
    "distance" : false,
    "steps" : false
  },
  "tcxLink" : "https://www.fitbit.com/activities/exercise/64934822694?export=tcx",
  "heartRateZones" : [{
    "name" : "Out of Range",
    "min" : 30,
    "max" : 125,
    "minutes" : 6,
    "caloriesOut" : 50.75887
  },{
    "name" : "Fat Burn",
    "min" : 125,
    "max" : 145,
    "minutes" : 2,
    "caloriesOut" : 19.667589999999997
  },{
    "name" : "Cardio",
    "min" : 145,
    "max" : 170,
    "minutes" : 13,
    "caloriesOut" : 156.75187
  },{
    "name" : "Peak",
    "min" : 170,
    "max" : 220,
    "minutes" : 7,
    "caloriesOut" : 97.04247999999998
  }],
  "activeZoneMinutes" : {
    "totalMinutes" : 42,
    "minutesInHeartRateZones" : [{
      "minutes" : 2,
      "zoneName" : "Fat Burn",
      "order" : 1,
      "type" : "FAT_BURN",
      "minuteMultiplier" : 1
    },{
      "minutes" : 7,
      "zoneName" : "Peak",
      "order" : 3,
      "type" : "PEAK",
      "minuteMultiplier" : 2
    },{
      "minutes" : 0,
      "zoneName" : "Out of Range",
      "order" : 0,
      "type" : "OUT_OF_ZONE",
      "minuteMultiplier" : 0
    },{
      "minutes" : 13,
      "zoneName" : "Cardio",
      "order" : 2,
      "type" : "CARDIO",
      "minuteMultiplier" : 2
    }]
  },
  "speed" : 4.4645773374613,
  "pace" : 806.3473264967729,
  "lastModified" : "07/24/24 12:04:25",
  "startTime" : "07/24/24 11:16:42",
  "originalStartTime" : "07/24/24 11:16:42",
  "originalDuration" : 1697000,
  "elevationGain" : 16.000656,
  "hasGps" : true,
  "shouldFetchDetails" : true,
  "hasActiveZoneMinutes" : true
},{
  "logId" : 66258974056,
  "activityName" : "Walk",
  "activityTypeId" : 90013,
  "activityLevel" : [{
    "minutes" : 0,
    "name" : "sedentary"
  },{
    "minutes" : 3,
    "name" : "lightly"
  },{
    "minutes" : 2,
    "name" : "fairly"
  },{
    "minutes" : 11,
    "name" : "very"
  }],
  "averageHeartRate" : 121,
  "calories" : 108,
  "duration" : 973000,
  "activeDuration" : 973000,
  "steps" : 1188,
  "logType" : "auto_detected",
  "manualValuesSpecified" : {
    "calories" : false,
    "distance" : false,
    "steps" : false
  },
  "heartRateZones" : [{
    "name" : "Out of Range",
    "min" : 30,
    "max" : 129,
    "minutes" : 16,
    "caloriesOut" : 107.64178
  },{
    "name" : "Fat Burn",
    "min" : 129,
    "max" : 148,
    "minutes" : 0,
    "caloriesOut" : 0.0
  },{
    "name" : "Cardio",
    "min" : 148,
    "max" : 171,
    "minutes" : 0,
    "caloriesOut" : 0.0
  },{
    "name" : "Peak",
    "min" : 171,
    "max" : 220,
    "minutes" : 0,
    "caloriesOut" : 0.0
  }],
  "activeZoneMinutes" : {
    "totalMinutes" : 0,
    "minutesInHeartRateZones" : [{
      "minutes" : 0,
      "zoneName" : "Fat Burn",
      "order" : 1,
      "type" : "FAT_BURN",
      "minuteMultiplier" : 1
    },{
      "minutes" : 0,
      "zoneName" : "Peak",
      "order" : 3,
      "type" : "PEAK",
      "minuteMultiplier" : 2
    },{
      "minutes" : 0,
      "zoneName" : "Out of Range",
      "order" : 0,
      "type" : "OUT_OF_ZONE",
      "minuteMultiplier" : 0
    },{
      "minutes" : 0,
      "zoneName" : "Cardio",
      "order" : 2,
      "type" : "CARDIO",
      "minuteMultiplier" : 2
    }]
  },
  "lastModified" : "09/28/24 17:36:26",
  "startTime" : "09/28/24 17:00:07",
  "originalStartTime" : "09/28/24 17:00:07",
  "originalDuration" : 973000,
  "elevationGain" : 0.0,
  "hasGps" : false,
  "shouldFetchDetails" : false,
  "hasActiveZoneMinutes" : true
},{
  "logId" : 66262305131,
  "activityName" : "Walk",
  "activityTypeId" : 90013,
  "activityLevel" : [{
    "minutes" : 0,
    "name" : "sedentary"
  },{
    "minutes" : 0,
    "name" : "lightly"
  },{
    "minutes" : 2,
    "name" : "fairly"
  },{
    "minutes" : 14,
    "name" : "very"
  }],
  "averageHeartRate" : 130,
  "calories" : 122,
  "duration" : 973000,
  "activeDuration" : 973000,
  "steps" : 1383,
  "logType" : "auto_detected",
  "manualValuesSpecified" : {
    "calories" : false,
    "distance" : false,
    "steps" : false
  },
  "heartRateZones" : [{
    "name" : "Out of Range",
    "min" : 30,
    "max" : 129,
    "minutes" : 5,
    "caloriesOut" : 35.56654
  },{
    "name" : "Fat Burn",
    "min" : 129,
    "max" : 148,
    "minutes" : 11,
    "caloriesOut" : 86.20764
  },{
    "name" : "Cardio",
    "min" : 148,
    "max" : 171,
    "minutes" : 0,
    "caloriesOut" : 0.0
  },{
    "name" : "Peak",
    "min" : 171,
    "max" : 220,
    "minutes" : 0,
    "caloriesOut" : 0.0
  }],
  "activeZoneMinutes" : {
    "totalMinutes" : 11,
    "minutesInHeartRateZones" : [{
      "minutes" : 11,
      "zoneName" : "Fat Burn",
      "order" : 1,
      "type" : "FAT_BURN",
      "minuteMultiplier" : 1
    },{
      "minutes" : 0,
      "zoneName" : "Peak",
      "order" : 3,
      "type" : "PEAK",
      "minuteMultiplier" : 2
    },{
      "minutes" : 0,
      "zoneName" : "Out of Range",
      "order" : 0,
      "type" : "OUT_OF_ZONE",
      "minuteMultiplier" : 0
    },{
      "minutes" : 0,
      "zoneName" : "Cardio",
      "order" : 2,
      "type" : "CARDIO",
      "minuteMultiplier" : 2
    }]
  },
  "lastModified" : "09/28/24 21:36:27",
  "startTime" : "09/28/24 21:01:36",
  "originalStartTime" : "09/28/24 21:01:36",
  "originalDuration" : 973000,
  "elevationGain" : 0.0,
  "hasGps" : false,
  "shouldFetchDetails" : false,
  "hasActiveZoneMinutes" : true
},{
  "logId" : 66851622888,
  "activityName" : "Elliptical",
  "activityTypeId" : 20047,
  "activityLevel" : [{
    "minutes" : 0,
    "name" : "sedentary"
  },{
    "minutes" : 0,
    "name" : "lightly"
  },{
    "minutes" : 1,
    "name" : "fairly"
  },{
    "minutes" : 31,
    "name" : "very"
  }],
  "averageHeartRate" : 170,
  "calories" : 390,
  "duration" : 1910000,
  "activeDuration" : 1910000,
  "steps" : 2605,
  "source" : {
    "type" : "tracker",
    "name" : "Google Pixel Watch",
    "id" : "222984537",
    "url" : "https://www.fitbit.com/",
    "trackerFeatures" : ["HEARTRATE","CALORIES","STEPS"]
  },
  "logType" : "tracker",
  "manualValuesSpecified" : {
    "calories" : false,
    "distance" : false,
    "steps" : false
  },
  "heartRateZones" : [{
    "name" : "Out of Range",
    "min" : 30,
    "max" : 129,
    "minutes" : 0,
    "caloriesOut" : 5.652960000000007
  },{
    "name" : "Fat Burn",
    "min" : 129,
    "max" : 148,
    "minutes" : 1,
    "caloriesOut" : 9.53937
  },{
    "name" : "Cardio",
    "min" : 148,
    "max" : 171,
    "minutes" : 8,
    "caloriesOut" : 92.44945
  },{
    "name" : "Peak",
    "min" : 171,
    "max" : 220,
    "minutes" : 22,
    "caloriesOut" : 283.7079300000001
  }],
  "activeZoneMinutes" : {
    "totalMinutes" : 61,
    "minutesInHeartRateZones" : [{
      "minutes" : 1,
      "zoneName" : "Fat Burn",
      "order" : 1,
      "type" : "FAT_BURN",
      "minuteMultiplier" : 1
    },{
      "minutes" : 22,
      "zoneName" : "Peak",
      "order" : 3,
      "type" : "PEAK",
      "minuteMultiplier" : 2
    },{
      "minutes" : 0,
      "zoneName" : "Out of Range",
      "order" : 0,
      "type" : "OUT_OF_ZONE",
      "minuteMultiplier" : 0
    },{
      "minutes" : 8,
      "zoneName" : "Cardio",
      "order" : 2,
      "type" : "CARDIO",
      "minuteMultiplier" : 2
    }]
  },
  "lastModified" : "10/29/24 16:57:37",
  "startTime" : "10/29/24 16:24:35",
  "originalStartTime" : "10/29/24 16:24:35",
  "originalDuration" : 1910000,
  "elevationGain" : 0.0,
  "hasGps" : false,
  "shouldFetchDetails" : false,
  "hasActiveZoneMinutes" : true
}]