[{
  "dateTime" : "11/13/23 00:00:00",
  "value" : "150"
},{
  "dateTime" : "11/14/23 00:00:00",
  "value" : "86"
},{
  "dateTime" : "11/15/23 00:00:00",
  "value" : "187"
},{
  "dateTime" : "11/16/23 00:00:00",
  "value" : "178"
},{
  "dateTime" : "11/17/23 00:00:00",
  "value" : "108"
},{
  "dateTime" : "11/18/23 00:00:00",
  "value" : "100"
},{
  "dateTime" : "11/19/23 00:00:00",
  "value" : "176"
},{
  "dateTime" : "11/20/23 00:00:00",
  "value" : "267"
},{
  "dateTime" : "11/21/23 00:00:00",
  "value" : "101"
},{
  "dateTime" : "11/22/23 00:00:00",
  "value" : "146"
},{
  "dateTime" : "11/23/23 00:00:00",
  "value" : "174"
},{
  "dateTime" : "11/24/23 00:00:00",
  "value" : "215"
},{
  "dateTime" : "11/25/23 00:00:00",
  "value" : "220"
},{
  "dateTime" : "11/26/23 00:00:00",
  "value" : "274"
},{
  "dateTime" : "11/27/23 00:00:00",
  "value" : "189"
},{
  "dateTime" : "11/28/23 00:00:00",
  "value" : "136"
},{
  "dateTime" : "11/29/23 00:00:00",
  "value" : "92"
},{
  "dateTime" : "11/30/23 00:00:00",
  "value" : "160"
},{
  "dateTime" : "12/01/23 00:00:00",
  "value" : "255"
},{
  "dateTime" : "12/02/23 00:00:00",
  "value" : "233"
},{
  "dateTime" : "12/03/23 00:00:00",
  "value" : "237"
},{
  "dateTime" : "12/04/23 00:00:00",
  "value" : "104"
},{
  "dateTime" : "12/05/23 00:00:00",
  "value" : "69"
},{
  "dateTime" : "12/06/23 00:00:00",
  "value" : "84"
},{
  "dateTime" : "12/07/23 00:00:00",
  "value" : "84"
},{
  "dateTime" : "12/08/23 00:00:00",
  "value" : "107"
},{
  "dateTime" : "12/09/23 00:00:00",
  "value" : "152"
},{
  "dateTime" : "12/10/23 00:00:00",
  "value" : "58"
},{
  "dateTime" : "12/11/23 00:00:00",
  "value" : "134"
},{
  "dateTime" : "12/12/23 00:00:00",
  "value" : "133"
}]