[{
  "dateTime" : "08/09/24 00:00:00",
  "value" : "33"
},{
  "dateTime" : "08/10/24 00:00:00",
  "value" : "30"
},{
  "dateTime" : "08/11/24 00:00:00",
  "value" : "53"
},{
  "dateTime" : "08/12/24 00:00:00",
  "value" : "57"
},{
  "dateTime" : "08/13/24 00:00:00",
  "value" : "28"
},{
  "dateTime" : "08/14/24 00:00:00",
  "value" : "38"
},{
  "dateTime" : "08/15/24 00:00:00",
  "value" : "42"
},{
  "dateTime" : "08/16/24 00:00:00",
  "value" : "72"
},{
  "dateTime" : "08/17/24 00:00:00",
  "value" : "51"
},{
  "dateTime" : "08/18/24 00:00:00",
  "value" : "55"
},{
  "dateTime" : "08/19/24 00:00:00",
  "value" : "71"
},{
  "dateTime" : "08/20/24 00:00:00",
  "value" : "97"
},{
  "dateTime" : "08/21/24 00:00:00",
  "value" : "42"
},{
  "dateTime" : "08/22/24 00:00:00",
  "value" : "71"
},{
  "dateTime" : "08/23/24 00:00:00",
  "value" : "41"
},{
  "dateTime" : "08/24/24 00:00:00",
  "value" : "70"
},{
  "dateTime" : "08/25/24 00:00:00",
  "value" : "29"
},{
  "dateTime" : "08/26/24 00:00:00",
  "value" : "47"
},{
  "dateTime" : "08/27/24 00:00:00",
  "value" : "28"
},{
  "dateTime" : "08/28/24 00:00:00",
  "value" : "25"
},{
  "dateTime" : "08/29/24 00:00:00",
  "value" : "61"
},{
  "dateTime" : "08/30/24 00:00:00",
  "value" : "27"
},{
  "dateTime" : "08/31/24 00:00:00",
  "value" : "65"
},{
  "dateTime" : "09/01/24 00:00:00",
  "value" : "50"
},{
  "dateTime" : "09/02/24 00:00:00",
  "value" : "65"
},{
  "dateTime" : "09/03/24 00:00:00",
  "value" : "127"
},{
  "dateTime" : "09/04/24 00:00:00",
  "value" : "127"
},{
  "dateTime" : "09/05/24 00:00:00",
  "value" : "158"
},{
  "dateTime" : "09/06/24 00:00:00",
  "value" : "34"
},{
  "dateTime" : "09/07/24 00:00:00",
  "value" : "249"
}]