[{
  "dateTime" : "04/11/24 00:00:00",
  "value" : "62"
},{
  "dateTime" : "04/12/24 00:00:00",
  "value" : "79"
},{
  "dateTime" : "04/13/24 00:00:00",
  "value" : "197"
},{
  "dateTime" : "04/14/24 00:00:00",
  "value" : "67"
},{
  "dateTime" : "04/15/24 00:00:00",
  "value" : "56"
},{
  "dateTime" : "04/16/24 00:00:00",
  "value" : "38"
},{
  "dateTime" : "04/17/24 00:00:00",
  "value" : "48"
},{
  "dateTime" : "04/18/24 00:00:00",
  "value" : "30"
},{
  "dateTime" : "04/19/24 00:00:00",
  "value" : "50"
},{
  "dateTime" : "04/20/24 00:00:00",
  "value" : "81"
},{
  "dateTime" : "04/21/24 00:00:00",
  "value" : "41"
},{
  "dateTime" : "04/22/24 00:00:00",
  "value" : "20"
},{
  "dateTime" : "04/23/24 00:00:00",
  "value" : "51"
},{
  "dateTime" : "04/24/24 00:00:00",
  "value" : "27"
},{
  "dateTime" : "04/25/24 00:00:00",
  "value" : "39"
},{
  "dateTime" : "04/26/24 00:00:00",
  "value" : "40"
},{
  "dateTime" : "04/27/24 00:00:00",
  "value" : "156"
},{
  "dateTime" : "04/28/24 00:00:00",
  "value" : "41"
},{
  "dateTime" : "04/29/24 00:00:00",
  "value" : "24"
},{
  "dateTime" : "04/30/24 00:00:00",
  "value" : "29"
},{
  "dateTime" : "05/01/24 00:00:00",
  "value" : "37"
},{
  "dateTime" : "05/02/24 00:00:00",
  "value" : "39"
},{
  "dateTime" : "05/03/24 00:00:00",
  "value" : "28"
},{
  "dateTime" : "05/04/24 00:00:00",
  "value" : "128"
},{
  "dateTime" : "05/05/24 00:00:00",
  "value" : "54"
},{
  "dateTime" : "05/06/24 00:00:00",
  "value" : "39"
},{
  "dateTime" : "05/07/24 00:00:00",
  "value" : "34"
},{
  "dateTime" : "05/08/24 00:00:00",
  "value" : "42"
},{
  "dateTime" : "05/09/24 00:00:00",
  "value" : "46"
},{
  "dateTime" : "05/10/24 00:00:00",
  "value" : "39"
}]