[{
  "dateTime" : "09/14/23 00:00:00",
  "value" : "116"
},{
  "dateTime" : "09/15/23 00:00:00",
  "value" : "214"
},{
  "dateTime" : "09/16/23 00:00:00",
  "value" : "187"
},{
  "dateTime" : "09/17/23 00:00:00",
  "value" : "269"
},{
  "dateTime" : "09/18/23 00:00:00",
  "value" : "217"
},{
  "dateTime" : "09/19/23 00:00:00",
  "value" : "195"
},{
  "dateTime" : "09/20/23 00:00:00",
  "value" : "227"
},{
  "dateTime" : "09/21/23 00:00:00",
  "value" : "211"
},{
  "dateTime" : "09/22/23 00:00:00",
  "value" : "268"
},{
  "dateTime" : "09/23/23 00:00:00",
  "value" : "105"
},{
  "dateTime" : "09/24/23 00:00:00",
  "value" : "182"
},{
  "dateTime" : "09/25/23 00:00:00",
  "value" : "177"
},{
  "dateTime" : "09/26/23 00:00:00",
  "value" : "177"
},{
  "dateTime" : "09/27/23 00:00:00",
  "value" : "127"
},{
  "dateTime" : "09/28/23 00:00:00",
  "value" : "229"
},{
  "dateTime" : "09/29/23 00:00:00",
  "value" : "145"
},{
  "dateTime" : "09/30/23 00:00:00",
  "value" : "124"
},{
  "dateTime" : "10/01/23 00:00:00",
  "value" : "156"
},{
  "dateTime" : "10/02/23 00:00:00",
  "value" : "301"
},{
  "dateTime" : "10/03/23 00:00:00",
  "value" : "121"
},{
  "dateTime" : "10/04/23 00:00:00",
  "value" : "94"
},{
  "dateTime" : "10/05/23 00:00:00",
  "value" : "172"
},{
  "dateTime" : "10/06/23 00:00:00",
  "value" : "221"
},{
  "dateTime" : "10/07/23 00:00:00",
  "value" : "180"
},{
  "dateTime" : "10/08/23 00:00:00",
  "value" : "153"
},{
  "dateTime" : "10/09/23 00:00:00",
  "value" : "223"
},{
  "dateTime" : "10/10/23 00:00:00",
  "value" : "210"
},{
  "dateTime" : "10/11/23 00:00:00",
  "value" : "238"
},{
  "dateTime" : "10/12/23 00:00:00",
  "value" : "237"
},{
  "dateTime" : "10/13/23 00:00:00",
  "value" : "199"
}]