[{
  "dateTime" : "10/14/23 00:00:00",
  "value" : "144"
},{
  "dateTime" : "10/15/23 00:00:00",
  "value" : "98"
},{
  "dateTime" : "10/16/23 00:00:00",
  "value" : "193"
},{
  "dateTime" : "10/17/23 00:00:00",
  "value" : "171"
},{
  "dateTime" : "10/18/23 00:00:00",
  "value" : "104"
},{
  "dateTime" : "10/19/23 00:00:00",
  "value" : "258"
},{
  "dateTime" : "10/20/23 00:00:00",
  "value" : "184"
},{
  "dateTime" : "10/21/23 00:00:00",
  "value" : "121"
},{
  "dateTime" : "10/22/23 00:00:00",
  "value" : "226"
},{
  "dateTime" : "10/23/23 00:00:00",
  "value" : "252"
},{
  "dateTime" : "10/24/23 00:00:00",
  "value" : "283"
},{
  "dateTime" : "10/25/23 00:00:00",
  "value" : "153"
},{
  "dateTime" : "10/26/23 00:00:00",
  "value" : "182"
},{
  "dateTime" : "10/27/23 00:00:00",
  "value" : "252"
},{
  "dateTime" : "10/28/23 00:00:00",
  "value" : "148"
},{
  "dateTime" : "10/29/23 00:00:00",
  "value" : "69"
},{
  "dateTime" : "10/30/23 00:00:00",
  "value" : "119"
},{
  "dateTime" : "10/31/23 00:00:00",
  "value" : "213"
},{
  "dateTime" : "11/01/23 00:00:00",
  "value" : "199"
},{
  "dateTime" : "11/02/23 00:00:00",
  "value" : "230"
},{
  "dateTime" : "11/03/23 00:00:00",
  "value" : "197"
},{
  "dateTime" : "11/04/23 00:00:00",
  "value" : "170"
},{
  "dateTime" : "11/05/23 00:00:00",
  "value" : "178"
},{
  "dateTime" : "11/06/23 00:00:00",
  "value" : "229"
},{
  "dateTime" : "11/07/23 00:00:00",
  "value" : "248"
},{
  "dateTime" : "11/08/23 00:00:00",
  "value" : "262"
},{
  "dateTime" : "11/09/23 00:00:00",
  "value" : "195"
},{
  "dateTime" : "11/10/23 00:00:00",
  "value" : "172"
},{
  "dateTime" : "11/11/23 00:00:00",
  "value" : "233"
},{
  "dateTime" : "11/12/23 00:00:00",
  "value" : "136"
}]