[{
  "dateTime" : "07/10/24 00:00:00",
  "value" : "84"
},{
  "dateTime" : "07/11/24 00:00:00",
  "value" : "39"
},{
  "dateTime" : "07/12/24 00:00:00",
  "value" : "70"
},{
  "dateTime" : "07/13/24 00:00:00",
  "value" : "72"
},{
  "dateTime" : "07/14/24 00:00:00",
  "value" : "142"
},{
  "dateTime" : "07/15/24 00:00:00",
  "value" : "79"
},{
  "dateTime" : "07/16/24 00:00:00",
  "value" : "55"
},{
  "dateTime" : "07/17/24 00:00:00",
  "value" : "23"
},{
  "dateTime" : "07/18/24 00:00:00",
  "value" : "107"
},{
  "dateTime" : "07/19/24 00:00:00",
  "value" : "48"
},{
  "dateTime" : "07/20/24 00:00:00",
  "value" : "35"
},{
  "dateTime" : "07/21/24 00:00:00",
  "value" : "93"
},{
  "dateTime" : "07/22/24 00:00:00",
  "value" : "25"
},{
  "dateTime" : "07/23/24 00:00:00",
  "value" : "36"
},{
  "dateTime" : "07/24/24 00:00:00",
  "value" : "72"
},{
  "dateTime" : "07/25/24 00:00:00",
  "value" : "37"
},{
  "dateTime" : "07/26/24 00:00:00",
  "value" : "23"
},{
  "dateTime" : "07/27/24 00:00:00",
  "value" : "46"
},{
  "dateTime" : "07/28/24 00:00:00",
  "value" : "63"
},{
  "dateTime" : "07/29/24 00:00:00",
  "value" : "55"
},{
  "dateTime" : "07/30/24 00:00:00",
  "value" : "70"
},{
  "dateTime" : "07/31/24 00:00:00",
  "value" : "29"
},{
  "dateTime" : "08/01/24 00:00:00",
  "value" : "22"
},{
  "dateTime" : "08/02/24 00:00:00",
  "value" : "49"
},{
  "dateTime" : "08/03/24 00:00:00",
  "value" : "44"
},{
  "dateTime" : "08/04/24 00:00:00",
  "value" : "76"
},{
  "dateTime" : "08/05/24 00:00:00",
  "value" : "80"
},{
  "dateTime" : "08/06/24 00:00:00",
  "value" : "49"
},{
  "dateTime" : "08/07/24 00:00:00",
  "value" : "54"
},{
  "dateTime" : "08/08/24 00:00:00",
  "value" : "18"
}]