[{
  "dateTime" : "06/10/24 00:00:00",
  "value" : "31"
},{
  "dateTime" : "06/11/24 00:00:00",
  "value" : "36"
},{
  "dateTime" : "06/12/24 00:00:00",
  "value" : "303"
},{
  "dateTime" : "06/13/24 00:00:00",
  "value" : "311"
},{
  "dateTime" : "06/14/24 00:00:00",
  "value" : "89"
},{
  "dateTime" : "06/15/24 00:00:00",
  "value" : "90"
},{
  "dateTime" : "06/16/24 00:00:00",
  "value" : "114"
},{
  "dateTime" : "06/17/24 00:00:00",
  "value" : "67"
},{
  "dateTime" : "06/18/24 00:00:00",
  "value" : "52"
},{
  "dateTime" : "06/19/24 00:00:00",
  "value" : "188"
},{
  "dateTime" : "06/20/24 00:00:00",
  "value" : "62"
},{
  "dateTime" : "06/21/24 00:00:00",
  "value" : "27"
},{
  "dateTime" : "06/22/24 00:00:00",
  "value" : "138"
},{
  "dateTime" : "06/23/24 00:00:00",
  "value" : "125"
},{
  "dateTime" : "06/24/24 00:00:00",
  "value" : "47"
},{
  "dateTime" : "06/25/24 00:00:00",
  "value" : "44"
},{
  "dateTime" : "06/26/24 00:00:00",
  "value" : "37"
},{
  "dateTime" : "06/27/24 00:00:00",
  "value" : "54"
},{
  "dateTime" : "06/28/24 00:00:00",
  "value" : "29"
},{
  "dateTime" : "06/29/24 00:00:00",
  "value" : "123"
},{
  "dateTime" : "06/30/24 00:00:00",
  "value" : "88"
},{
  "dateTime" : "07/01/24 00:00:00",
  "value" : "92"
},{
  "dateTime" : "07/02/24 00:00:00",
  "value" : "41"
},{
  "dateTime" : "07/03/24 00:00:00",
  "value" : "63"
},{
  "dateTime" : "07/04/24 00:00:00",
  "value" : "88"
},{
  "dateTime" : "07/05/24 00:00:00",
  "value" : "42"
},{
  "dateTime" : "07/06/24 00:00:00",
  "value" : "130"
},{
  "dateTime" : "07/07/24 00:00:00",
  "value" : "71"
},{
  "dateTime" : "07/08/24 00:00:00",
  "value" : "48"
},{
  "dateTime" : "07/09/24 00:00:00",
  "value" : "47"
}]