[{
  "dateTime" : "12/13/23 00:00:00",
  "value" : "136"
},{
  "dateTime" : "12/14/23 00:00:00",
  "value" : "22"
},{
  "dateTime" : "12/15/23 00:00:00",
  "value" : "138"
},{
  "dateTime" : "12/16/23 00:00:00",
  "value" : "240"
},{
  "dateTime" : "12/17/23 00:00:00",
  "value" : "115"
},{
  "dateTime" : "12/18/23 00:00:00",
  "value" : "101"
},{
  "dateTime" : "12/19/23 00:00:00",
  "value" : "62"
},{
  "dateTime" : "12/20/23 00:00:00",
  "value" : "25"
},{
  "dateTime" : "12/21/23 00:00:00",
  "value" : "73"
},{
  "dateTime" : "12/22/23 00:00:00",
  "value" : "288"
},{
  "dateTime" : "12/23/23 00:00:00",
  "value" : "83"
},{
  "dateTime" : "12/24/23 00:00:00",
  "value" : "294"
},{
  "dateTime" : "12/25/23 00:00:00",
  "value" : "92"
},{
  "dateTime" : "12/26/23 00:00:00",
  "value" : "363"
},{
  "dateTime" : "12/27/23 00:00:00",
  "value" : "167"
},{
  "dateTime" : "12/28/23 00:00:00",
  "value" : "126"
},{
  "dateTime" : "12/29/23 00:00:00",
  "value" : "211"
},{
  "dateTime" : "12/30/23 00:00:00",
  "value" : "141"
},{
  "dateTime" : "12/31/23 00:00:00",
  "value" : "226"
},{
  "dateTime" : "01/01/24 00:00:00",
  "value" : "93"
},{
  "dateTime" : "01/02/24 00:00:00",
  "value" : "300"
},{
  "dateTime" : "01/03/24 00:00:00",
  "value" : "103"
},{
  "dateTime" : "01/04/24 00:00:00",
  "value" : "79"
},{
  "dateTime" : "01/05/24 00:00:00",
  "value" : "143"
},{
  "dateTime" : "01/06/24 00:00:00",
  "value" : "273"
},{
  "dateTime" : "01/07/24 00:00:00",
  "value" : "55"
},{
  "dateTime" : "01/08/24 00:00:00",
  "value" : "179"
},{
  "dateTime" : "01/09/24 00:00:00",
  "value" : "63"
},{
  "dateTime" : "01/10/24 00:00:00",
  "value" : "103"
},{
  "dateTime" : "01/11/24 00:00:00",
  "value" : "351"
}]