[{
  "dateTime" : "03/12/24 00:00:00",
  "value" : "0"
},{
  "dateTime" : "03/13/24 00:00:00",
  "value" : "0"
},{
  "dateTime" : "03/14/24 00:00:00",
  "value" : "0"
},{
  "dateTime" : "03/15/24 00:00:00",
  "value" : "0"
},{
  "dateTime" : "03/16/24 00:00:00",
  "value" : "0"
},{
  "dateTime" : "03/17/24 00:00:00",
  "value" : "0"
},{
  "dateTime" : "03/18/24 00:00:00",
  "value" : "0"
},{
  "dateTime" : "03/19/24 00:00:00",
  "value" : "0"
},{
  "dateTime" : "03/20/24 00:00:00",
  "value" : "0"
},{
  "dateTime" : "03/21/24 00:00:00",
  "value" : "0"
},{
  "dateTime" : "03/22/24 00:00:00",
  "value" : "24"
},{
  "dateTime" : "03/23/24 00:00:00",
  "value" : "47"
},{
  "dateTime" : "03/24/24 00:00:00",
  "value" : "37"
},{
  "dateTime" : "03/25/24 00:00:00",
  "value" : "18"
},{
  "dateTime" : "03/26/24 00:00:00",
  "value" : "37"
},{
  "dateTime" : "03/27/24 00:00:00",
  "value" : "46"
},{
  "dateTime" : "03/28/24 00:00:00",
  "value" : "93"
},{
  "dateTime" : "03/29/24 00:00:00",
  "value" : "99"
},{
  "dateTime" : "03/30/24 00:00:00",
  "value" : "133"
},{
  "dateTime" : "03/31/24 00:00:00",
  "value" : "79"
},{
  "dateTime" : "04/01/24 00:00:00",
  "value" : "76"
},{
  "dateTime" : "04/02/24 00:00:00",
  "value" : "89"
},{
  "dateTime" : "04/03/24 00:00:00",
  "value" : "45"
},{
  "dateTime" : "04/04/24 00:00:00",
  "value" : "45"
},{
  "dateTime" : "04/05/24 00:00:00",
  "value" : "58"
},{
  "dateTime" : "04/06/24 00:00:00",
  "value" : "81"
},{
  "dateTime" : "04/07/24 00:00:00",
  "value" : "88"
},{
  "dateTime" : "04/08/24 00:00:00",
  "value" : "209"
},{
  "dateTime" : "04/09/24 00:00:00",
  "value" : "81"
},{
  "dateTime" : "04/10/24 00:00:00",
  "value" : "104"
}]