[{
  "dateTime" : "10/08/24 00:00:00",
  "value" : "0"
},{
  "dateTime" : "10/09/24 00:00:00",
  "value" : "0"
},{
  "dateTime" : "10/10/24 00:00:00",
  "value" : "0"
},{
  "dateTime" : "10/11/24 00:00:00",
  "value" : "13"
},{
  "dateTime" : "10/12/24 00:00:00",
  "value" : "0"
},{
  "dateTime" : "10/13/24 00:00:00",
  "value" : "0"
},{
  "dateTime" : "10/14/24 00:00:00",
  "value" : "0"
},{
  "dateTime" : "10/15/24 00:00:00",
  "value" : "11"
},{
  "dateTime" : "10/16/24 00:00:00",
  "value" : "0"
},{
  "dateTime" : "10/17/24 00:00:00",
  "value" : "0"
},{
  "dateTime" : "10/18/24 00:00:00",
  "value" : "0"
},{
  "dateTime" : "10/19/24 00:00:00",
  "value" : "14"
},{
  "dateTime" : "10/20/24 00:00:00",
  "value" : "13"
},{
  "dateTime" : "10/21/24 00:00:00",
  "value" : "0"
},{
  "dateTime" : "10/22/24 00:00:00",
  "value" : "0"
},{
  "dateTime" : "10/23/24 00:00:00",
  "value" : "6"
},{
  "dateTime" : "10/24/24 00:00:00",
  "value" : "0"
},{
  "dateTime" : "10/25/24 00:00:00",
  "value" : "0"
},{
  "dateTime" : "10/26/24 00:00:00",
  "value" : "0"
},{
  "dateTime" : "10/27/24 00:00:00",
  "value" : "5"
},{
  "dateTime" : "10/28/24 00:00:00",
  "value" : "0"
},{
  "dateTime" : "10/29/24 00:00:00",
  "value" : "34"
},{
  "dateTime" : "10/30/24 00:00:00",
  "value" : "0"
},{
  "dateTime" : "10/31/24 00:00:00",
  "value" : "0"
},{
  "dateTime" : "11/01/24 00:00:00",
  "value" : "0"
},{
  "dateTime" : "11/02/24 00:00:00",
  "value" : "0"
},{
  "dateTime" : "11/03/24 00:00:00",
  "value" : "0"
},{
  "dateTime" : "11/04/24 00:00:00",
  "value" : "0"
},{
  "dateTime" : "11/05/24 00:00:00",
  "value" : "0"
},{
  "dateTime" : "11/06/24 00:00:00",
  "value" : "0"
}]