[{
  "dateTime" : "06/10/24 00:00:00",
  "value" : "0"
},{
  "dateTime" : "06/11/24 00:00:00",
  "value" : "0"
},{
  "dateTime" : "06/12/24 00:00:00",
  "value" : "83"
},{
  "dateTime" : "06/13/24 00:00:00",
  "value" : "7"
},{
  "dateTime" : "06/14/24 00:00:00",
  "value" : "8"
},{
  "dateTime" : "06/15/24 00:00:00",
  "value" : "0"
},{
  "dateTime" : "06/16/24 00:00:00",
  "value" : "0"
},{
  "dateTime" : "06/17/24 00:00:00",
  "value" : "0"
},{
  "dateTime" : "06/18/24 00:00:00",
  "value" : "0"
},{
  "dateTime" : "06/19/24 00:00:00",
  "value" : "81"
},{
  "dateTime" : "06/20/24 00:00:00",
  "value" : "0"
},{
  "dateTime" : "06/21/24 00:00:00",
  "value" : "0"
},{
  "dateTime" : "06/22/24 00:00:00",
  "value" : "26"
},{
  "dateTime" : "06/23/24 00:00:00",
  "value" : "0"
},{
  "dateTime" : "06/24/24 00:00:00",
  "value" : "1"
},{
  "dateTime" : "06/25/24 00:00:00",
  "value" : "0"
},{
  "dateTime" : "06/26/24 00:00:00",
  "value" : "0"
},{
  "dateTime" : "06/27/24 00:00:00",
  "value" : "0"
},{
  "dateTime" : "06/28/24 00:00:00",
  "value" : "0"
},{
  "dateTime" : "06/29/24 00:00:00",
  "value" : "8"
},{
  "dateTime" : "06/30/24 00:00:00",
  "value" : "0"
},{
  "dateTime" : "07/01/24 00:00:00",
  "value" : "6"
},{
  "dateTime" : "07/02/24 00:00:00",
  "value" : "0"
},{
  "dateTime" : "07/03/24 00:00:00",
  "value" : "0"
},{
  "dateTime" : "07/04/24 00:00:00",
  "value" : "4"
},{
  "dateTime" : "07/05/24 00:00:00",
  "value" : "0"
},{
  "dateTime" : "07/06/24 00:00:00",
  "value" : "5"
},{
  "dateTime" : "07/07/24 00:00:00",
  "value" : "0"
},{
  "dateTime" : "07/08/24 00:00:00",
  "value" : "0"
},{
  "dateTime" : "07/09/24 00:00:00",
  "value" : "0"
}]