[{
  "dateTime" : "09/08/24 00:00:00",
  "value" : "0"
},{
  "dateTime" : "09/09/24 00:00:00",
  "value" : "6"
},{
  "dateTime" : "09/10/24 00:00:00",
  "value" : "0"
},{
  "dateTime" : "09/11/24 00:00:00",
  "value" : "24"
},{
  "dateTime" : "09/12/24 00:00:00",
  "value" : "0"
},{
  "dateTime" : "09/13/24 00:00:00",
  "value" : "0"
},{
  "dateTime" : "09/14/24 00:00:00",
  "value" : "0"
},{
  "dateTime" : "09/15/24 00:00:00",
  "value" : "0"
},{
  "dateTime" : "09/16/24 00:00:00",
  "value" : "0"
},{
  "dateTime" : "09/17/24 00:00:00",
  "value" : "0"
},{
  "dateTime" : "09/18/24 00:00:00",
  "value" : "0"
},{
  "dateTime" : "09/19/24 00:00:00",
  "value" : "0"
},{
  "dateTime" : "09/20/24 00:00:00",
  "value" : "0"
},{
  "dateTime" : "09/21/24 00:00:00",
  "value" : "0"
},{
  "dateTime" : "09/22/24 00:00:00",
  "value" : "54"
},{
  "dateTime" : "09/23/24 00:00:00",
  "value" : "7"
},{
  "dateTime" : "09/24/24 00:00:00",
  "value" : "0"
},{
  "dateTime" : "09/25/24 00:00:00",
  "value" : "0"
},{
  "dateTime" : "09/26/24 00:00:00",
  "value" : "0"
},{
  "dateTime" : "09/27/24 00:00:00",
  "value" : "0"
},{
  "dateTime" : "09/28/24 00:00:00",
  "value" : "24"
},{
  "dateTime" : "09/29/24 00:00:00",
  "value" : "0"
},{
  "dateTime" : "09/30/24 00:00:00",
  "value" : "0"
},{
  "dateTime" : "10/01/24 00:00:00",
  "value" : "0"
},{
  "dateTime" : "10/02/24 00:00:00",
  "value" : "0"
},{
  "dateTime" : "10/03/24 00:00:00",
  "value" : "0"
},{
  "dateTime" : "10/04/24 00:00:00",
  "value" : "44"
},{
  "dateTime" : "10/05/24 00:00:00",
  "value" : "28"
},{
  "dateTime" : "10/06/24 00:00:00",
  "value" : "5"
},{
  "dateTime" : "10/07/24 00:00:00",
  "value" : "0"
}]