[{
  "dateTime" : "11/13/23 00:00:00",
  "value" : "40"
},{
  "dateTime" : "11/14/23 00:00:00",
  "value" : "7"
},{
  "dateTime" : "11/15/23 00:00:00",
  "value" : "157"
},{
  "dateTime" : "11/16/23 00:00:00",
  "value" : "189"
},{
  "dateTime" : "11/17/23 00:00:00",
  "value" : "2"
},{
  "dateTime" : "11/18/23 00:00:00",
  "value" : "14"
},{
  "dateTime" : "11/19/23 00:00:00",
  "value" : "27"
},{
  "dateTime" : "11/20/23 00:00:00",
  "value" : "0"
},{
  "dateTime" : "11/21/23 00:00:00",
  "value" : "35"
},{
  "dateTime" : "11/22/23 00:00:00",
  "value" : "143"
},{
  "dateTime" : "11/23/23 00:00:00",
  "value" : "24"
},{
  "dateTime" : "11/24/23 00:00:00",
  "value" : "51"
},{
  "dateTime" : "11/25/23 00:00:00",
  "value" : "26"
},{
  "dateTime" : "11/26/23 00:00:00",
  "value" : "161"
},{
  "dateTime" : "11/27/23 00:00:00",
  "value" : "80"
},{
  "dateTime" : "11/28/23 00:00:00",
  "value" : "4"
},{
  "dateTime" : "11/29/23 00:00:00",
  "value" : "35"
},{
  "dateTime" : "11/30/23 00:00:00",
  "value" : "0"
},{
  "dateTime" : "12/01/23 00:00:00",
  "value" : "12"
},{
  "dateTime" : "12/02/23 00:00:00",
  "value" : "11"
},{
  "dateTime" : "12/03/23 00:00:00",
  "value" : "109"
},{
  "dateTime" : "12/04/23 00:00:00",
  "value" : "18"
},{
  "dateTime" : "12/05/23 00:00:00",
  "value" : "0"
},{
  "dateTime" : "12/06/23 00:00:00",
  "value" : "0"
},{
  "dateTime" : "12/07/23 00:00:00",
  "value" : "0"
},{
  "dateTime" : "12/08/23 00:00:00",
  "value" : "0"
},{
  "dateTime" : "12/09/23 00:00:00",
  "value" : "0"
},{
  "dateTime" : "12/10/23 00:00:00",
  "value" : "0"
},{
  "dateTime" : "12/11/23 00:00:00",
  "value" : "2"
},{
  "dateTime" : "12/12/23 00:00:00",
  "value" : "0"
}]