[{
  "dateTime" : "05/11/24 00:00:00",
  "value" : "1386"
},{
  "dateTime" : "05/12/24 00:00:00",
  "value" : "1344"
},{
  "dateTime" : "05/13/24 00:00:00",
  "value" : "1387"
},{
  "dateTime" : "05/14/24 00:00:00",
  "value" : "1416"
},{
  "dateTime" : "05/15/24 00:00:00",
  "value" : "1404"
},{
  "dateTime" : "05/16/24 00:00:00",
  "value" : "1415"
},{
  "dateTime" : "05/17/24 00:00:00",
  "value" : "1404"
},{
  "dateTime" : "05/18/24 00:00:00",
  "value" : "1410"
},{
  "dateTime" : "05/19/24 00:00:00",
  "value" : "1422"
},{
  "dateTime" : "05/20/24 00:00:00",
  "value" : "1407"
},{
  "dateTime" : "05/21/24 00:00:00",
  "value" : "1393"
},{
  "dateTime" : "05/22/24 00:00:00",
  "value" : "1388"
},{
  "dateTime" : "05/23/24 00:00:00",
  "value" : "1373"
},{
  "dateTime" : "05/24/24 00:00:00",
  "value" : "1322"
},{
  "dateTime" : "05/25/24 00:00:00",
  "value" : "1391"
},{
  "dateTime" : "05/26/24 00:00:00",
  "value" : "1248"
},{
  "dateTime" : "05/27/24 00:00:00",
  "value" : "1366"
},{
  "dateTime" : "05/28/24 00:00:00",
  "value" : "1376"
},{
  "dateTime" : "05/29/24 00:00:00",
  "value" : "1359"
},{
  "dateTime" : "05/30/24 00:00:00",
  "value" : "1352"
},{
  "dateTime" : "05/31/24 00:00:00",
  "value" : "1402"
},{
  "dateTime" : "06/01/24 00:00:00",
  "value" : "1350"
},{
  "dateTime" : "06/02/24 00:00:00",
  "value" : "1355"
},{
  "dateTime" : "06/03/24 00:00:00",
  "value" : "1398"
},{
  "dateTime" : "06/04/24 00:00:00",
  "value" : "1398"
},{
  "dateTime" : "06/05/24 00:00:00",
  "value" : "1396"
},{
  "dateTime" : "06/06/24 00:00:00",
  "value" : "1346"
},{
  "dateTime" : "06/07/24 00:00:00",
  "value" : "1403"
},{
  "dateTime" : "06/08/24 00:00:00",
  "value" : "1385"
},{
  "dateTime" : "06/09/24 00:00:00",
  "value" : "1396"
}]