[{
  "dateTime" : "09/08/24 00:00:00",
  "value" : "1383"
},{
  "dateTime" : "09/09/24 00:00:00",
  "value" : "1339"
},{
  "dateTime" : "09/10/24 00:00:00",
  "value" : "1422"
},{
  "dateTime" : "09/11/24 00:00:00",
  "value" : "1347"
},{
  "dateTime" : "09/12/24 00:00:00",
  "value" : "1407"
},{
  "dateTime" : "09/13/24 00:00:00",
  "value" : "1390"
},{
  "dateTime" : "09/14/24 00:00:00",
  "value" : "1385"
},{
  "dateTime" : "09/15/24 00:00:00",
  "value" : "1352"
},{
  "dateTime" : "09/16/24 00:00:00",
  "value" : "1395"
},{
  "dateTime" : "09/17/24 00:00:00",
  "value" : "1401"
},{
  "dateTime" : "09/18/24 00:00:00",
  "value" : "1385"
},{
  "dateTime" : "09/19/24 00:00:00",
  "value" : "1395"
},{
  "dateTime" : "09/20/24 00:00:00",
  "value" : "1387"
},{
  "dateTime" : "09/21/24 00:00:00",
  "value" : "1415"
},{
  "dateTime" : "09/22/24 00:00:00",
  "value" : "1207"
},{
  "dateTime" : "09/23/24 00:00:00",
  "value" : "1357"
},{
  "dateTime" : "09/24/24 00:00:00",
  "value" : "1400"
},{
  "dateTime" : "09/25/24 00:00:00",
  "value" : "1417"
},{
  "dateTime" : "09/26/24 00:00:00",
  "value" : "1410"
},{
  "dateTime" : "09/27/24 00:00:00",
  "value" : "1395"
},{
  "dateTime" : "09/28/24 00:00:00",
  "value" : "1234"
},{
  "dateTime" : "09/29/24 00:00:00",
  "value" : "1387"
},{
  "dateTime" : "09/30/24 00:00:00",
  "value" : "1415"
},{
  "dateTime" : "10/01/24 00:00:00",
  "value" : "1402"
},{
  "dateTime" : "10/02/24 00:00:00",
  "value" : "1416"
},{
  "dateTime" : "10/03/24 00:00:00",
  "value" : "1355"
},{
  "dateTime" : "10/04/24 00:00:00",
  "value" : "1115"
},{
  "dateTime" : "10/05/24 00:00:00",
  "value" : "1291"
},{
  "dateTime" : "10/06/24 00:00:00",
  "value" : "1365"
},{
  "dateTime" : "10/07/24 00:00:00",
  "value" : "1384"
}]