[{
  "dateTime" : "03/22/24 21:04:00",
  "value" : "43"
},{
  "dateTime" : "03/22/24 21:05:00",
  "value" : "112"
},{
  "dateTime" : "03/22/24 21:06:00",
  "value" : "107"
},{
  "dateTime" : "03/22/24 21:07:00",
  "value" : "27"
},{
  "dateTime" : "03/22/24 21:08:00",
  "value" : "47"
},{
  "dateTime" : "03/22/24 21:09:00",
  "value" : "115"
},{
  "dateTime" : "03/22/24 21:10:00",
  "value" : "5"
},{
  "dateTime" : "03/22/24 21:12:00",
  "value" : "0"
},{
  "dateTime" : "03/22/24 21:13:00",
  "value" : "23"
},{
  "dateTime" : "03/22/24 21:14:00",
  "value" : "101"
},{
  "dateTime" : "03/22/24 21:15:00",
  "value" : "49"
},{
  "dateTime" : "03/22/24 21:16:00",
  "value" : "60"
},{
  "dateTime" : "03/22/24 22:10:00",
  "value" : "1"
},{
  "dateTime" : "03/22/24 22:11:00",
  "value" : "6"
},{
  "dateTime" : "03/22/24 22:16:00",
  "value" : "3"
},{
  "dateTime" : "03/22/24 22:17:00",
  "value" : "5"
},{
  "dateTime" : "03/22/24 22:20:00",
  "value" : "2"
},{
  "dateTime" : "03/22/24 22:21:00",
  "value" : "3"
},{
  "dateTime" : "03/22/24 23:16:00",
  "value" : "1"
},{
  "dateTime" : "03/22/24 23:17:00",
  "value" : "12"
},{
  "dateTime" : "03/22/24 23:27:00",
  "value" : "1"
},{
  "dateTime" : "03/22/24 23:28:00",
  "value" : "1"
},{
  "dateTime" : "03/22/24 23:29:00",
  "value" : "0"
},{
  "dateTime" : "03/22/24 23:30:00",
  "value" : "4"
},{
  "dateTime" : "03/23/24 02:41:00",
  "value" : "1"
},{
  "dateTime" : "03/23/24 02:42:00",
  "value" : "4"
},{
  "dateTime" : "03/23/24 09:10:00",
  "value" : "1"
},{
  "dateTime" : "03/23/24 09:11:00",
  "value" : "3"
},{
  "dateTime" : "03/23/24 09:17:00",
  "value" : "2"
},{
  "dateTime" : "03/23/24 09:18:00",
  "value" : "15"
},{
  "dateTime" : "03/23/24 09:20:00",
  "value" : "1"
},{
  "dateTime" : "03/23/24 09:21:00",
  "value" : "10"
},{
  "dateTime" : "03/23/24 09:33:00",
  "value" : "0"
},{
  "dateTime" : "03/23/24 09:34:00",
  "value" : "3"
},{
  "dateTime" : "03/23/24 09:35:00",
  "value" : "10"
},{
  "dateTime" : "03/23/24 10:07:00",
  "value" : "2"
},{
  "dateTime" : "03/23/24 10:08:00",
  "value" : "4"
},{
  "dateTime" : "03/23/24 10:31:00",
  "value" : "3"
},{
  "dateTime" : "03/23/24 10:32:00",
  "value" : "1"
},{
  "dateTime" : "03/23/24 10:45:00",
  "value" : "1"
},{
  "dateTime" : "03/23/24 10:46:00",
  "value" : "12"
},{
  "dateTime" : "03/23/24 11:05:00",
  "value" : "1"
},{
  "dateTime" : "03/23/24 11:06:00",
  "value" : "1"
},{
  "dateTime" : "03/23/24 12:33:00",
  "value" : "0"
},{
  "dateTime" : "03/23/24 12:34:00",
  "value" : "19"
},{
  "dateTime" : "03/23/24 12:35:00",
  "value" : "7"
},{
  "dateTime" : "03/23/24 12:43:00",
  "value" : "0"
},{
  "dateTime" : "03/23/24 12:44:00",
  "value" : "2"
},{
  "dateTime" : "03/23/24 12:45:00",
  "value" : "17"
},{
  "dateTime" : "03/23/24 12:48:00",
  "value" : "1"
},{
  "dateTime" : "03/23/24 12:49:00",
  "value" : "21"
},{
  "dateTime" : "03/23/24 13:08:00",
  "value" : "0"
},{
  "dateTime" : "03/23/24 13:09:00",
  "value" : "6"
},{
  "dateTime" : "03/23/24 13:11:00",
  "value" : "1"
},{
  "dateTime" : "03/23/24 13:12:00",
  "value" : "11"
},{
  "dateTime" : "03/23/24 13:23:00",
  "value" : "2"
},{
  "dateTime" : "03/23/24 13:24:00",
  "value" : "12"
},{
  "dateTime" : "03/23/24 13:25:00",
  "value" : "62"
},{
  "dateTime" : "03/23/24 13:26:00",
  "value" : "47"
},{
  "dateTime" : "03/23/24 13:27:00",
  "value" : "105"
},{
  "dateTime" : "03/23/24 13:28:00",
  "value" : "39"
},{
  "dateTime" : "03/23/24 18:24:00",
  "value" : "1"
},{
  "dateTime" : "03/23/24 18:25:00",
  "value" : "20"
},{
  "dateTime" : "03/23/24 18:40:00",
  "value" : "2"
},{
  "dateTime" : "03/23/24 18:41:00",
  "value" : "68"
},{
  "dateTime" : "03/23/24 18:42:00",
  "value" : "76"
},{
  "dateTime" : "03/23/24 18:43:00",
  "value" : "92"
},{
  "dateTime" : "03/23/24 18:44:00",
  "value" : "3"
},{
  "dateTime" : "03/23/24 20:41:00",
  "value" : "0"
},{
  "dateTime" : "03/23/24 20:42:00",
  "value" : "8"
},{
  "dateTime" : "03/23/24 20:43:00",
  "value" : "6"
},{
  "dateTime" : "03/23/24 20:46:00",
  "value" : "1"
},{
  "dateTime" : "03/23/24 20:47:00",
  "value" : "13"
},{
  "dateTime" : "03/23/24 20:55:00",
  "value" : "1"
},{
  "dateTime" : "03/23/24 20:56:00",
  "value" : "8"
},{
  "dateTime" : "03/23/24 21:30:00",
  "value" : "1"
},{
  "dateTime" : "03/23/24 21:31:00",
  "value" : "3"
},{
  "dateTime" : "03/24/24 00:05:00",
  "value" : "6"
},{
  "dateTime" : "03/24/24 00:06:00",
  "value" : "0"
},{
  "dateTime" : "03/24/24 04:21:00",
  "value" : "1"
},{
  "dateTime" : "03/24/24 04:22:00",
  "value" : "2"
},{
  "dateTime" : "03/24/24 08:05:00",
  "value" : "0"
},{
  "dateTime" : "03/24/24 08:06:00",
  "value" : "2"
},{
  "dateTime" : "03/24/24 12:15:00",
  "value" : "2"
},{
  "dateTime" : "03/24/24 12:16:00",
  "value" : "14"
},{
  "dateTime" : "03/24/24 12:19:00",
  "value" : "1"
},{
  "dateTime" : "03/24/24 12:20:00",
  "value" : "3"
},{
  "dateTime" : "03/24/24 12:50:00",
  "value" : "1"
},{
  "dateTime" : "03/24/24 12:51:00",
  "value" : "5"
},{
  "dateTime" : "03/24/24 13:51:00",
  "value" : "1"
},{
  "dateTime" : "03/24/24 13:52:00",
  "value" : "17"
},{
  "dateTime" : "03/24/24 14:01:00",
  "value" : "0"
},{
  "dateTime" : "03/24/24 14:02:00",
  "value" : "10"
},{
  "dateTime" : "03/24/24 14:18:00",
  "value" : "2"
},{
  "dateTime" : "03/24/24 14:19:00",
  "value" : "0"
},{
  "dateTime" : "03/24/24 15:22:00",
  "value" : "1"
},{
  "dateTime" : "03/24/24 15:23:00",
  "value" : "2"
},{
  "dateTime" : "03/24/24 16:17:00",
  "value" : "1"
},{
  "dateTime" : "03/24/24 16:18:00",
  "value" : "2"
},{
  "dateTime" : "03/24/24 16:24:00",
  "value" : "0"
},{
  "dateTime" : "03/24/24 16:25:00",
  "value" : "16"
},{
  "dateTime" : "03/24/24 16:59:00",
  "value" : "2"
},{
  "dateTime" : "03/24/24 17:00:00",
  "value" : "8"
},{
  "dateTime" : "03/24/24 20:29:00",
  "value" : "0"
},{
  "dateTime" : "03/24/24 20:30:00",
  "value" : "3"
},{
  "dateTime" : "03/24/24 20:31:00",
  "value" : "27"
},{
  "dateTime" : "03/24/24 20:32:00",
  "value" : "77"
},{
  "dateTime" : "03/24/24 20:33:00",
  "value" : "61"
},{
  "dateTime" : "03/24/24 20:34:00",
  "value" : "80"
},{
  "dateTime" : "03/24/24 20:46:00",
  "value" : "1"
},{
  "dateTime" : "03/24/24 20:47:00",
  "value" : "10"
},{
  "dateTime" : "03/24/24 20:48:00",
  "value" : "95"
},{
  "dateTime" : "03/24/24 20:49:00",
  "value" : "53"
},{
  "dateTime" : "03/24/24 20:50:00",
  "value" : "70"
},{
  "dateTime" : "03/24/24 20:51:00",
  "value" : "20"
},{
  "dateTime" : "03/24/24 22:23:00",
  "value" : "3"
},{
  "dateTime" : "03/24/24 22:24:00",
  "value" : "10"
},{
  "dateTime" : "03/24/24 22:25:00",
  "value" : "1"
},{
  "dateTime" : "03/24/24 22:26:00",
  "value" : "0"
},{
  "dateTime" : "03/25/24 01:10:00",
  "value" : "2"
},{
  "dateTime" : "03/25/24 01:11:00",
  "value" : "1"
},{
  "dateTime" : "03/25/24 01:47:00",
  "value" : "0"
},{
  "dateTime" : "03/25/24 01:48:00",
  "value" : "13"
},{
  "dateTime" : "03/25/24 12:25:00",
  "value" : "2"
},{
  "dateTime" : "03/25/24 12:26:00",
  "value" : "28"
},{
  "dateTime" : "03/25/24 12:28:00",
  "value" : "2"
},{
  "dateTime" : "03/25/24 12:29:00",
  "value" : "75"
},{
  "dateTime" : "03/25/24 12:30:00",
  "value" : "44"
},{
  "dateTime" : "03/25/24 12:31:00",
  "value" : "114"
},{
  "dateTime" : "03/25/24 12:32:00",
  "value" : "35"
},{
  "dateTime" : "03/25/24 20:14:00",
  "value" : "1"
},{
  "dateTime" : "03/25/24 20:15:00",
  "value" : "34"
},{
  "dateTime" : "03/25/24 20:16:00",
  "value" : "88"
},{
  "dateTime" : "03/25/24 20:17:00",
  "value" : "45"
},{
  "dateTime" : "03/25/24 20:18:00",
  "value" : "62"
},{
  "dateTime" : "03/25/24 21:43:00",
  "value" : "4"
},{
  "dateTime" : "03/25/24 21:44:00",
  "value" : "2"
},{
  "dateTime" : "03/25/24 22:34:00",
  "value" : "1"
},{
  "dateTime" : "03/25/24 22:35:00",
  "value" : "2"
},{
  "dateTime" : "03/25/24 23:45:00",
  "value" : "1"
},{
  "dateTime" : "03/25/24 23:46:00",
  "value" : "13"
},{
  "dateTime" : "03/26/24 11:00:00",
  "value" : "0"
},{
  "dateTime" : "03/26/24 11:01:00",
  "value" : "3"
},{
  "dateTime" : "03/26/24 11:11:00",
  "value" : "1"
},{
  "dateTime" : "03/26/24 11:12:00",
  "value" : "19"
},{
  "dateTime" : "03/26/24 11:16:00",
  "value" : "1"
},{
  "dateTime" : "03/26/24 11:17:00",
  "value" : "25"
},{
  "dateTime" : "03/26/24 11:42:00",
  "value" : "1"
},{
  "dateTime" : "03/26/24 11:43:00",
  "value" : "5"
},{
  "dateTime" : "03/26/24 12:18:00",
  "value" : "0"
},{
  "dateTime" : "03/26/24 12:19:00",
  "value" : "12"
},{
  "dateTime" : "03/26/24 12:23:00",
  "value" : "2"
},{
  "dateTime" : "03/26/24 12:24:00",
  "value" : "6"
},{
  "dateTime" : "03/26/24 12:25:00",
  "value" : "14"
},{
  "dateTime" : "03/26/24 12:26:00",
  "value" : "4"
},{
  "dateTime" : "03/26/24 12:27:00",
  "value" : "30"
},{
  "dateTime" : "03/26/24 12:28:00",
  "value" : "69"
},{
  "dateTime" : "03/26/24 12:29:00",
  "value" : "32"
},{
  "dateTime" : "03/26/24 12:30:00",
  "value" : "115"
},{
  "dateTime" : "03/26/24 12:31:00",
  "value" : "8"
},{
  "dateTime" : "03/26/24 21:56:00",
  "value" : "1"
},{
  "dateTime" : "03/26/24 21:57:00",
  "value" : "49"
},{
  "dateTime" : "03/26/24 21:58:00",
  "value" : "94"
},{
  "dateTime" : "03/26/24 21:59:00",
  "value" : "72"
},{
  "dateTime" : "03/26/24 22:00:00",
  "value" : "20"
},{
  "dateTime" : "03/26/24 22:09:00",
  "value" : "1"
},{
  "dateTime" : "03/26/24 22:10:00",
  "value" : "11"
},{
  "dateTime" : "03/27/24 00:23:00",
  "value" : "1"
},{
  "dateTime" : "03/27/24 00:24:00",
  "value" : "16"
},{
  "dateTime" : "03/27/24 00:25:00",
  "value" : "8"
},{
  "dateTime" : "03/27/24 00:26:00",
  "value" : "1"
},{
  "dateTime" : "03/27/24 00:27:00",
  "value" : "15"
},{
  "dateTime" : "03/27/24 00:35:00",
  "value" : "2"
},{
  "dateTime" : "03/27/24 00:36:00",
  "value" : "24"
},{
  "dateTime" : "03/27/24 00:38:00",
  "value" : "3"
},{
  "dateTime" : "03/27/24 00:39:00",
  "value" : "35"
},{
  "dateTime" : "03/27/24 00:40:00",
  "value" : "14"
},{
  "dateTime" : "03/27/24 00:41:00",
  "value" : "8"
},{
  "dateTime" : "03/27/24 01:10:00",
  "value" : "1"
},{
  "dateTime" : "03/27/24 01:11:00",
  "value" : "1"
},{
  "dateTime" : "03/27/24 08:35:00",
  "value" : "1"
},{
  "dateTime" : "03/27/24 08:36:00",
  "value" : "2"
},{
  "dateTime" : "03/27/24 08:48:00",
  "value" : "1"
},{
  "dateTime" : "03/27/24 08:49:00",
  "value" : "7"
},{
  "dateTime" : "03/27/24 08:54:00",
  "value" : "1"
},{
  "dateTime" : "03/27/24 08:55:00",
  "value" : "18"
},{
  "dateTime" : "03/27/24 08:58:00",
  "value" : "0"
},{
  "dateTime" : "03/27/24 08:59:00",
  "value" : "10"
},{
  "dateTime" : "03/27/24 09:00:00",
  "value" : "10"
},{
  "dateTime" : "03/27/24 09:08:00",
  "value" : "0"
},{
  "dateTime" : "03/27/24 09:09:00",
  "value" : "12"
},{
  "dateTime" : "03/27/24 09:10:00",
  "value" : "7"
},{
  "dateTime" : "03/27/24 09:13:00",
  "value" : "1"
},{
  "dateTime" : "03/27/24 09:14:00",
  "value" : "15"
},{
  "dateTime" : "03/27/24 09:54:00",
  "value" : "0"
},{
  "dateTime" : "03/27/24 09:55:00",
  "value" : "13"
},{
  "dateTime" : "03/27/24 09:56:00",
  "value" : "7"
},{
  "dateTime" : "03/27/24 10:51:00",
  "value" : "2"
},{
  "dateTime" : "03/27/24 10:52:00",
  "value" : "13"
},{
  "dateTime" : "03/27/24 10:54:00",
  "value" : "12"
},{
  "dateTime" : "03/27/24 11:47:00",
  "value" : "1"
},{
  "dateTime" : "03/27/24 11:48:00",
  "value" : "0"
},{
  "dateTime" : "03/27/24 12:10:00",
  "value" : "1"
},{
  "dateTime" : "03/27/24 12:11:00",
  "value" : "16"
},{
  "dateTime" : "03/27/24 12:12:00",
  "value" : "6"
},{
  "dateTime" : "03/27/24 12:13:00",
  "value" : "2"
},{
  "dateTime" : "03/27/24 12:14:00",
  "value" : "3"
},{
  "dateTime" : "03/27/24 12:15:00",
  "value" : "0"
},{
  "dateTime" : "03/27/24 12:16:00",
  "value" : "22"
},{
  "dateTime" : "03/27/24 12:17:00",
  "value" : "4"
},{
  "dateTime" : "03/27/24 12:18:00",
  "value" : "11"
},{
  "dateTime" : "03/27/24 12:19:00",
  "value" : "1"
},{
  "dateTime" : "03/27/24 12:20:00",
  "value" : "27"
},{
  "dateTime" : "03/27/24 12:23:00",
  "value" : "0"
},{
  "dateTime" : "03/27/24 12:24:00",
  "value" : "14"
},{
  "dateTime" : "03/27/24 12:25:00",
  "value" : "80"
},{
  "dateTime" : "03/27/24 12:26:00",
  "value" : "68"
},{
  "dateTime" : "03/27/24 12:27:00",
  "value" : "104"
},{
  "dateTime" : "03/27/24 12:28:00",
  "value" : "5"
},{
  "dateTime" : "03/27/24 20:40:00",
  "value" : "3"
},{
  "dateTime" : "03/27/24 20:41:00",
  "value" : "8"
},{
  "dateTime" : "03/27/24 20:49:00",
  "value" : "1"
},{
  "dateTime" : "03/27/24 20:50:00",
  "value" : "10"
},{
  "dateTime" : "03/27/24 20:51:00",
  "value" : "29"
},{
  "dateTime" : "03/27/24 20:52:00",
  "value" : "110"
},{
  "dateTime" : "03/27/24 20:53:00",
  "value" : "13"
},{
  "dateTime" : "03/27/24 20:54:00",
  "value" : "100"
},{
  "dateTime" : "03/27/24 22:54:00",
  "value" : "2"
},{
  "dateTime" : "03/27/24 22:55:00",
  "value" : "1"
},{
  "dateTime" : "03/27/24 23:34:00",
  "value" : "1"
},{
  "dateTime" : "03/27/24 23:35:00",
  "value" : "3"
},{
  "dateTime" : "03/27/24 23:36:00",
  "value" : "5"
},{
  "dateTime" : "03/28/24 07:56:00",
  "value" : "2"
},{
  "dateTime" : "03/28/24 07:57:00",
  "value" : "11"
},{
  "dateTime" : "03/28/24 07:58:00",
  "value" : "7"
},{
  "dateTime" : "03/28/24 07:59:00",
  "value" : "8"
},{
  "dateTime" : "03/28/24 10:05:00",
  "value" : "1"
},{
  "dateTime" : "03/28/24 10:06:00",
  "value" : "10"
},{
  "dateTime" : "03/28/24 10:08:00",
  "value" : "1"
},{
  "dateTime" : "03/28/24 10:09:00",
  "value" : "14"
},{
  "dateTime" : "03/28/24 11:01:00",
  "value" : "1"
},{
  "dateTime" : "03/28/24 11:02:00",
  "value" : "2"
},{
  "dateTime" : "03/28/24 12:05:00",
  "value" : "2"
},{
  "dateTime" : "03/28/24 12:06:00",
  "value" : "14"
},{
  "dateTime" : "03/28/24 12:23:00",
  "value" : "4"
},{
  "dateTime" : "03/28/24 12:24:00",
  "value" : "9"
},{
  "dateTime" : "03/28/24 12:25:00",
  "value" : "4"
},{
  "dateTime" : "03/28/24 12:45:00",
  "value" : "0"
},{
  "dateTime" : "03/28/24 12:46:00",
  "value" : "10"
},{
  "dateTime" : "03/28/24 12:47:00",
  "value" : "59"
},{
  "dateTime" : "03/28/24 12:48:00",
  "value" : "43"
},{
  "dateTime" : "03/28/24 12:49:00",
  "value" : "106"
},{
  "dateTime" : "03/28/24 12:50:00",
  "value" : "88"
},{
  "dateTime" : "03/28/24 12:51:00",
  "value" : "94"
},{
  "dateTime" : "03/28/24 12:52:00",
  "value" : "76"
},{
  "dateTime" : "03/28/24 12:53:00",
  "value" : "47"
},{
  "dateTime" : "03/28/24 12:54:00",
  "value" : "67"
},{
  "dateTime" : "03/28/24 12:55:00",
  "value" : "17"
},{
  "dateTime" : "03/28/24 12:56:00",
  "value" : "63"
},{
  "dateTime" : "03/28/24 12:57:00",
  "value" : "81"
},{
  "dateTime" : "03/28/24 16:08:00",
  "value" : "1"
},{
  "dateTime" : "03/28/24 16:09:00",
  "value" : "5"
},{
  "dateTime" : "03/28/24 16:18:00",
  "value" : "0"
},{
  "dateTime" : "03/28/24 16:19:00",
  "value" : "2"
},{
  "dateTime" : "03/28/24 16:20:00",
  "value" : "0"
},{
  "dateTime" : "03/28/24 16:21:00",
  "value" : "11"
},{
  "dateTime" : "03/28/24 17:08:00",
  "value" : "0"
},{
  "dateTime" : "03/28/24 17:09:00",
  "value" : "3"
},{
  "dateTime" : "03/28/24 18:35:00",
  "value" : "1"
},{
  "dateTime" : "03/28/24 18:36:00",
  "value" : "9"
},{
  "dateTime" : "03/28/24 18:43:00",
  "value" : "2"
},{
  "dateTime" : "03/28/24 18:44:00",
  "value" : "11"
},{
  "dateTime" : "03/28/24 18:46:00",
  "value" : "2"
},{
  "dateTime" : "03/28/24 18:47:00",
  "value" : "17"
},{
  "dateTime" : "03/28/24 19:18:00",
  "value" : "1"
},{
  "dateTime" : "03/28/24 19:19:00",
  "value" : "7"
},{
  "dateTime" : "03/28/24 19:24:00",
  "value" : "1"
},{
  "dateTime" : "03/28/24 19:25:00",
  "value" : "2"
},{
  "dateTime" : "03/28/24 19:26:00",
  "value" : "2"
},{
  "dateTime" : "03/28/24 19:27:00",
  "value" : "17"
},{
  "dateTime" : "03/28/24 19:29:00",
  "value" : "1"
},{
  "dateTime" : "03/28/24 19:30:00",
  "value" : "4"
},{
  "dateTime" : "03/28/24 19:32:00",
  "value" : "1"
},{
  "dateTime" : "03/28/24 19:33:00",
  "value" : "16"
},{
  "dateTime" : "03/28/24 19:42:00",
  "value" : "1"
},{
  "dateTime" : "03/28/24 19:43:00",
  "value" : "7"
},{
  "dateTime" : "03/28/24 19:52:00",
  "value" : "0"
},{
  "dateTime" : "03/28/24 19:53:00",
  "value" : "10"
},{
  "dateTime" : "03/28/24 19:54:00",
  "value" : "9"
},{
  "dateTime" : "03/28/24 19:58:00",
  "value" : "0"
},{
  "dateTime" : "03/28/24 19:59:00",
  "value" : "13"
},{
  "dateTime" : "03/28/24 20:00:00",
  "value" : "33"
},{
  "dateTime" : "03/28/24 20:01:00",
  "value" : "51"
},{
  "dateTime" : "03/28/24 20:02:00",
  "value" : "4"
},{
  "dateTime" : "03/28/24 20:11:00",
  "value" : "1"
},{
  "dateTime" : "03/28/24 20:12:00",
  "value" : "20"
},{
  "dateTime" : "03/28/24 20:13:00",
  "value" : "6"
},{
  "dateTime" : "03/28/24 20:14:00",
  "value" : "1"
},{
  "dateTime" : "03/28/24 20:15:00",
  "value" : "41"
},{
  "dateTime" : "03/28/24 20:16:00",
  "value" : "50"
},{
  "dateTime" : "03/28/24 20:42:00",
  "value" : "1"
},{
  "dateTime" : "03/28/24 20:43:00",
  "value" : "28"
},{
  "dateTime" : "03/28/24 20:45:00",
  "value" : "0"
},{
  "dateTime" : "03/28/24 20:46:00",
  "value" : "3"
},{
  "dateTime" : "03/28/24 20:47:00",
  "value" : "51"
},{
  "dateTime" : "03/28/24 20:48:00",
  "value" : "3"
},{
  "dateTime" : "03/28/24 20:49:00",
  "value" : "29"
},{
  "dateTime" : "03/28/24 20:50:00",
  "value" : "11"
},{
  "dateTime" : "03/28/24 20:51:00",
  "value" : "14"
},{
  "dateTime" : "03/28/24 20:52:00",
  "value" : "26"
},{
  "dateTime" : "03/28/24 20:53:00",
  "value" : "41"
},{
  "dateTime" : "03/28/24 20:54:00",
  "value" : "33"
},{
  "dateTime" : "03/28/24 20:55:00",
  "value" : "3"
},{
  "dateTime" : "03/28/24 20:56:00",
  "value" : "32"
},{
  "dateTime" : "03/28/24 21:30:00",
  "value" : "1"
},{
  "dateTime" : "03/28/24 21:31:00",
  "value" : "13"
},{
  "dateTime" : "03/28/24 21:32:00",
  "value" : "32"
},{
  "dateTime" : "03/28/24 21:33:00",
  "value" : "26"
},{
  "dateTime" : "03/28/24 21:34:00",
  "value" : "19"
},{
  "dateTime" : "03/28/24 21:35:00",
  "value" : "28"
},{
  "dateTime" : "03/28/24 21:36:00",
  "value" : "53"
},{
  "dateTime" : "03/28/24 21:37:00",
  "value" : "14"
},{
  "dateTime" : "03/28/24 21:38:00",
  "value" : "20"
},{
  "dateTime" : "03/28/24 22:00:00",
  "value" : "1"
},{
  "dateTime" : "03/28/24 22:01:00",
  "value" : "55"
},{
  "dateTime" : "03/28/24 22:02:00",
  "value" : "33"
},{
  "dateTime" : "03/28/24 23:02:00",
  "value" : "2"
},{
  "dateTime" : "03/28/24 23:03:00",
  "value" : "26"
},{
  "dateTime" : "03/28/24 23:04:00",
  "value" : "8"
},{
  "dateTime" : "03/28/24 23:05:00",
  "value" : "22"
},{
  "dateTime" : "03/28/24 23:29:00",
  "value" : "1"
},{
  "dateTime" : "03/28/24 23:30:00",
  "value" : "26"
},{
  "dateTime" : "03/29/24 01:06:00",
  "value" : "2"
},{
  "dateTime" : "03/29/24 01:07:00",
  "value" : "1"
},{
  "dateTime" : "03/29/24 01:38:00",
  "value" : "0"
},{
  "dateTime" : "03/29/24 01:39:00",
  "value" : "3"
},{
  "dateTime" : "03/29/24 02:42:00",
  "value" : "0"
},{
  "dateTime" : "03/29/24 02:43:00",
  "value" : "2"
},{
  "dateTime" : "03/29/24 03:14:00",
  "value" : "1"
},{
  "dateTime" : "03/29/24 03:15:00",
  "value" : "3"
},{
  "dateTime" : "03/29/24 03:30:00",
  "value" : "2"
},{
  "dateTime" : "03/29/24 03:31:00",
  "value" : "7"
},{
  "dateTime" : "03/29/24 03:52:00",
  "value" : "2"
},{
  "dateTime" : "03/29/24 03:53:00",
  "value" : "6"
},{
  "dateTime" : "03/29/24 13:08:00",
  "value" : "1"
},{
  "dateTime" : "03/29/24 13:09:00",
  "value" : "3"
},{
  "dateTime" : "03/29/24 13:13:00",
  "value" : "1"
},{
  "dateTime" : "03/29/24 13:14:00",
  "value" : "22"
},{
  "dateTime" : "03/29/24 13:15:00",
  "value" : "19"
},{
  "dateTime" : "03/29/24 13:16:00",
  "value" : "1"
},{
  "dateTime" : "03/29/24 13:17:00",
  "value" : "34"
},{
  "dateTime" : "03/29/24 13:22:00",
  "value" : "1"
},{
  "dateTime" : "03/29/24 13:23:00",
  "value" : "81"
},{
  "dateTime" : "03/29/24 13:24:00",
  "value" : "45"
},{
  "dateTime" : "03/29/24 13:25:00",
  "value" : "36"
},{
  "dateTime" : "03/29/24 13:26:00",
  "value" : "60"
},{
  "dateTime" : "03/29/24 13:27:00",
  "value" : "80"
},{
  "dateTime" : "03/29/24 13:28:00",
  "value" : "40"
},{
  "dateTime" : "03/29/24 13:29:00",
  "value" : "27"
},{
  "dateTime" : "03/29/24 13:30:00",
  "value" : "19"
},{
  "dateTime" : "03/29/24 13:31:00",
  "value" : "54"
},{
  "dateTime" : "03/29/24 13:32:00",
  "value" : "61"
},{
  "dateTime" : "03/29/24 13:33:00",
  "value" : "53"
},{
  "dateTime" : "03/29/24 13:34:00",
  "value" : "20"
},{
  "dateTime" : "03/29/24 13:35:00",
  "value" : "74"
},{
  "dateTime" : "03/29/24 13:36:00",
  "value" : "21"
},{
  "dateTime" : "03/29/24 13:37:00",
  "value" : "22"
},{
  "dateTime" : "03/29/24 13:38:00",
  "value" : "31"
},{
  "dateTime" : "03/29/24 13:39:00",
  "value" : "64"
},{
  "dateTime" : "03/29/24 13:40:00",
  "value" : "70"
},{
  "dateTime" : "03/29/24 13:41:00",
  "value" : "41"
},{
  "dateTime" : "03/29/24 13:42:00",
  "value" : "33"
},{
  "dateTime" : "03/29/24 13:43:00",
  "value" : "67"
},{
  "dateTime" : "03/29/24 13:44:00",
  "value" : "41"
},{
  "dateTime" : "03/29/24 13:45:00",
  "value" : "56"
},{
  "dateTime" : "03/29/24 13:46:00",
  "value" : "95"
},{
  "dateTime" : "03/29/24 13:47:00",
  "value" : "3"
},{
  "dateTime" : "03/29/24 13:48:00",
  "value" : "15"
},{
  "dateTime" : "03/29/24 13:49:00",
  "value" : "34"
},{
  "dateTime" : "03/29/24 13:50:00",
  "value" : "69"
},{
  "dateTime" : "03/29/24 13:51:00",
  "value" : "4"
},{
  "dateTime" : "03/29/24 13:52:00",
  "value" : "8"
},{
  "dateTime" : "03/29/24 13:55:00",
  "value" : "1"
},{
  "dateTime" : "03/29/24 13:56:00",
  "value" : "6"
},{
  "dateTime" : "03/29/24 13:57:00",
  "value" : "1"
},{
  "dateTime" : "03/29/24 13:58:00",
  "value" : "82"
},{
  "dateTime" : "03/29/24 13:59:00",
  "value" : "1"
},{
  "dateTime" : "03/29/24 14:03:00",
  "value" : "1"
},{
  "dateTime" : "03/29/24 14:04:00",
  "value" : "20"
},{
  "dateTime" : "03/29/24 14:05:00",
  "value" : "52"
},{
  "dateTime" : "03/29/24 14:06:00",
  "value" : "25"
},{
  "dateTime" : "03/29/24 14:07:00",
  "value" : "5"
},{
  "dateTime" : "03/29/24 14:12:00",
  "value" : "1"
},{
  "dateTime" : "03/29/24 14:13:00",
  "value" : "32"
},{
  "dateTime" : "03/29/24 14:14:00",
  "value" : "2"
},{
  "dateTime" : "03/29/24 14:34:00",
  "value" : "2"
},{
  "dateTime" : "03/29/24 14:35:00",
  "value" : "6"
},{
  "dateTime" : "03/29/24 14:36:00",
  "value" : "1"
},{
  "dateTime" : "03/29/24 14:37:00",
  "value" : "1"
},{
  "dateTime" : "03/29/24 14:59:00",
  "value" : "0"
},{
  "dateTime" : "03/29/24 15:00:00",
  "value" : "11"
},{
  "dateTime" : "03/29/24 15:01:00",
  "value" : "9"
},{
  "dateTime" : "03/29/24 15:04:00",
  "value" : "1"
},{
  "dateTime" : "03/29/24 15:05:00",
  "value" : "24"
},{
  "dateTime" : "03/29/24 15:06:00",
  "value" : "10"
},{
  "dateTime" : "03/29/24 15:07:00",
  "value" : "1"
},{
  "dateTime" : "03/29/24 15:08:00",
  "value" : "14"
},{
  "dateTime" : "03/29/24 15:27:00",
  "value" : "1"
},{
  "dateTime" : "03/29/24 15:28:00",
  "value" : "42"
},{
  "dateTime" : "03/29/24 15:31:00",
  "value" : "1"
},{
  "dateTime" : "03/29/24 15:32:00",
  "value" : "42"
},{
  "dateTime" : "03/29/24 15:33:00",
  "value" : "30"
},{
  "dateTime" : "03/29/24 15:34:00",
  "value" : "60"
},{
  "dateTime" : "03/29/24 15:35:00",
  "value" : "50"
},{
  "dateTime" : "03/29/24 16:03:00",
  "value" : "0"
},{
  "dateTime" : "03/29/24 16:04:00",
  "value" : "19"
},{
  "dateTime" : "03/29/24 16:41:00",
  "value" : "1"
},{
  "dateTime" : "03/29/24 16:42:00",
  "value" : "1"
},{
  "dateTime" : "03/29/24 17:06:00",
  "value" : "1"
},{
  "dateTime" : "03/29/24 17:07:00",
  "value" : "20"
},{
  "dateTime" : "03/29/24 17:08:00",
  "value" : "22"
},{
  "dateTime" : "03/29/24 17:11:00",
  "value" : "1"
},{
  "dateTime" : "03/29/24 17:12:00",
  "value" : "74"
},{
  "dateTime" : "03/29/24 17:13:00",
  "value" : "20"
},{
  "dateTime" : "03/29/24 17:14:00",
  "value" : "66"
},{
  "dateTime" : "03/29/24 17:15:00",
  "value" : "52"
},{
  "dateTime" : "03/29/24 17:16:00",
  "value" : "2"
},{
  "dateTime" : "03/29/24 17:17:00",
  "value" : "23"
},{
  "dateTime" : "03/29/24 17:18:00",
  "value" : "50"
},{
  "dateTime" : "03/29/24 17:19:00",
  "value" : "75"
},{
  "dateTime" : "03/29/24 17:20:00",
  "value" : "66"
},{
  "dateTime" : "03/29/24 18:29:00",
  "value" : "1"
},{
  "dateTime" : "03/29/24 18:30:00",
  "value" : "26"
},{
  "dateTime" : "03/29/24 18:31:00",
  "value" : "39"
},{
  "dateTime" : "03/29/24 18:32:00",
  "value" : "56"
},{
  "dateTime" : "03/29/24 18:56:00",
  "value" : "1"
},{
  "dateTime" : "03/29/24 18:57:00",
  "value" : "2"
},{
  "dateTime" : "03/29/24 19:22:00",
  "value" : "1"
},{
  "dateTime" : "03/29/24 19:23:00",
  "value" : "19"
},{
  "dateTime" : "03/29/24 19:24:00",
  "value" : "66"
},{
  "dateTime" : "03/29/24 20:35:00",
  "value" : "2"
},{
  "dateTime" : "03/29/24 20:36:00",
  "value" : "4"
},{
  "dateTime" : "03/29/24 21:19:00",
  "value" : "1"
},{
  "dateTime" : "03/29/24 21:20:00",
  "value" : "12"
},{
  "dateTime" : "03/29/24 21:21:00",
  "value" : "10"
},{
  "dateTime" : "03/29/24 21:22:00",
  "value" : "18"
},{
  "dateTime" : "03/29/24 21:23:00",
  "value" : "2"
},{
  "dateTime" : "03/29/24 21:33:00",
  "value" : "0"
},{
  "dateTime" : "03/29/24 21:34:00",
  "value" : "38"
},{
  "dateTime" : "03/29/24 21:35:00",
  "value" : "72"
},{
  "dateTime" : "03/29/24 21:36:00",
  "value" : "6"
},{
  "dateTime" : "03/30/24 00:02:00",
  "value" : "2"
},{
  "dateTime" : "03/30/24 00:03:00",
  "value" : "23"
},{
  "dateTime" : "03/30/24 00:05:00",
  "value" : "2"
},{
  "dateTime" : "03/30/24 00:06:00",
  "value" : "26"
},{
  "dateTime" : "03/30/24 10:26:00",
  "value" : "1"
},{
  "dateTime" : "03/30/24 10:27:00",
  "value" : "12"
},{
  "dateTime" : "03/30/24 10:28:00",
  "value" : "0"
},{
  "dateTime" : "03/30/24 10:29:00",
  "value" : "4"
},{
  "dateTime" : "03/30/24 10:30:00",
  "value" : "4"
},{
  "dateTime" : "03/30/24 11:10:00",
  "value" : "1"
},{
  "dateTime" : "03/30/24 11:11:00",
  "value" : "25"
},{
  "dateTime" : "03/30/24 11:12:00",
  "value" : "12"
},{
  "dateTime" : "03/30/24 11:50:00",
  "value" : "1"
},{
  "dateTime" : "03/30/24 11:51:00",
  "value" : "2"
},{
  "dateTime" : "03/30/24 14:01:00",
  "value" : "1"
},{
  "dateTime" : "03/30/24 14:02:00",
  "value" : "33"
},{
  "dateTime" : "03/30/24 14:03:00",
  "value" : "28"
},{
  "dateTime" : "03/30/24 14:04:00",
  "value" : "21"
},{
  "dateTime" : "03/30/24 14:05:00",
  "value" : "18"
},{
  "dateTime" : "03/30/24 14:12:00",
  "value" : "3"
},{
  "dateTime" : "03/30/24 14:13:00",
  "value" : "48"
},{
  "dateTime" : "03/30/24 14:14:00",
  "value" : "2"
},{
  "dateTime" : "03/30/24 14:15:00",
  "value" : "38"
},{
  "dateTime" : "03/30/24 14:17:00",
  "value" : "2"
},{
  "dateTime" : "03/30/24 14:18:00",
  "value" : "3"
},{
  "dateTime" : "03/30/24 14:29:00",
  "value" : "2"
},{
  "dateTime" : "03/30/24 14:30:00",
  "value" : "6"
},{
  "dateTime" : "03/30/24 14:40:00",
  "value" : "2"
},{
  "dateTime" : "03/30/24 14:41:00",
  "value" : "50"
},{
  "dateTime" : "03/30/24 14:42:00",
  "value" : "9"
},{
  "dateTime" : "03/30/24 14:43:00",
  "value" : "1"
},{
  "dateTime" : "03/30/24 14:44:00",
  "value" : "48"
},{
  "dateTime" : "03/30/24 14:45:00",
  "value" : "30"
},{
  "dateTime" : "03/30/24 15:01:00",
  "value" : "0"
},{
  "dateTime" : "03/30/24 15:02:00",
  "value" : "3"
},{
  "dateTime" : "03/30/24 15:03:00",
  "value" : "1"
},{
  "dateTime" : "03/30/24 15:04:00",
  "value" : "4"
},{
  "dateTime" : "03/30/24 15:05:00",
  "value" : "21"
},{
  "dateTime" : "03/30/24 15:06:00",
  "value" : "12"
},{
  "dateTime" : "03/30/24 15:07:00",
  "value" : "2"
},{
  "dateTime" : "03/30/24 15:08:00",
  "value" : "3"
},{
  "dateTime" : "03/30/24 15:09:00",
  "value" : "3"
},{
  "dateTime" : "03/30/24 15:10:00",
  "value" : "14"
},{
  "dateTime" : "03/30/24 15:11:00",
  "value" : "54"
},{
  "dateTime" : "03/30/24 15:19:00",
  "value" : "1"
},{
  "dateTime" : "03/30/24 15:20:00",
  "value" : "72"
},{
  "dateTime" : "03/30/24 15:21:00",
  "value" : "101"
},{
  "dateTime" : "03/30/24 15:22:00",
  "value" : "7"
},{
  "dateTime" : "03/30/24 15:23:00",
  "value" : "19"
},{
  "dateTime" : "03/30/24 15:24:00",
  "value" : "31"
},{
  "dateTime" : "03/30/24 15:25:00",
  "value" : "10"
},{
  "dateTime" : "03/30/24 15:26:00",
  "value" : "93"
},{
  "dateTime" : "03/30/24 15:27:00",
  "value" : "57"
},{
  "dateTime" : "03/30/24 15:28:00",
  "value" : "12"
},{
  "dateTime" : "03/30/24 15:29:00",
  "value" : "2"
},{
  "dateTime" : "03/30/24 15:30:00",
  "value" : "18"
},{
  "dateTime" : "03/30/24 15:31:00",
  "value" : "21"
},{
  "dateTime" : "03/30/24 15:32:00",
  "value" : "12"
},{
  "dateTime" : "03/30/24 15:33:00",
  "value" : "52"
},{
  "dateTime" : "03/30/24 15:34:00",
  "value" : "73"
},{
  "dateTime" : "03/30/24 15:35:00",
  "value" : "9"
},{
  "dateTime" : "03/30/24 15:36:00",
  "value" : "14"
},{
  "dateTime" : "03/30/24 15:37:00",
  "value" : "104"
},{
  "dateTime" : "03/30/24 15:38:00",
  "value" : "12"
},{
  "dateTime" : "03/30/24 15:44:00",
  "value" : "0"
},{
  "dateTime" : "03/30/24 15:45:00",
  "value" : "5"
},{
  "dateTime" : "03/30/24 15:46:00",
  "value" : "46"
},{
  "dateTime" : "03/30/24 15:51:00",
  "value" : "1"
},{
  "dateTime" : "03/30/24 15:52:00",
  "value" : "10"
},{
  "dateTime" : "03/30/24 16:18:00",
  "value" : "1"
},{
  "dateTime" : "03/30/24 16:19:00",
  "value" : "27"
},{
  "dateTime" : "03/30/24 16:20:00",
  "value" : "9"
},{
  "dateTime" : "03/30/24 16:21:00",
  "value" : "29"
},{
  "dateTime" : "03/30/24 16:22:00",
  "value" : "14"
},{
  "dateTime" : "03/30/24 16:30:00",
  "value" : "1"
},{
  "dateTime" : "03/30/24 16:31:00",
  "value" : "4"
},{
  "dateTime" : "03/30/24 16:57:00",
  "value" : "0"
},{
  "dateTime" : "03/30/24 16:58:00",
  "value" : "12"
},{
  "dateTime" : "03/30/24 17:03:00",
  "value" : "3"
},{
  "dateTime" : "03/30/24 17:04:00",
  "value" : "24"
},{
  "dateTime" : "03/30/24 17:05:00",
  "value" : "8"
},{
  "dateTime" : "03/30/24 17:08:00",
  "value" : "1"
},{
  "dateTime" : "03/30/24 17:09:00",
  "value" : "1"
},{
  "dateTime" : "03/30/24 17:22:00",
  "value" : "0"
},{
  "dateTime" : "03/30/24 17:23:00",
  "value" : "2"
},{
  "dateTime" : "03/30/24 17:40:00",
  "value" : "1"
},{
  "dateTime" : "03/30/24 17:41:00",
  "value" : "41"
},{
  "dateTime" : "03/30/24 17:42:00",
  "value" : "3"
},{
  "dateTime" : "03/30/24 17:52:00",
  "value" : "1"
},{
  "dateTime" : "03/30/24 17:53:00",
  "value" : "20"
},{
  "dateTime" : "03/30/24 17:54:00",
  "value" : "45"
},{
  "dateTime" : "03/30/24 17:55:00",
  "value" : "1"
},{
  "dateTime" : "03/30/24 17:56:00",
  "value" : "2"
},{
  "dateTime" : "03/30/24 17:57:00",
  "value" : "61"
},{
  "dateTime" : "03/30/24 18:35:00",
  "value" : "0"
},{
  "dateTime" : "03/30/24 18:36:00",
  "value" : "12"
},{
  "dateTime" : "03/30/24 18:37:00",
  "value" : "23"
},{
  "dateTime" : "03/30/24 18:38:00",
  "value" : "75"
},{
  "dateTime" : "03/30/24 18:39:00",
  "value" : "68"
},{
  "dateTime" : "03/30/24 18:40:00",
  "value" : "20"
},{
  "dateTime" : "03/30/24 19:56:00",
  "value" : "0"
},{
  "dateTime" : "03/30/24 19:57:00",
  "value" : "3"
},{
  "dateTime" : "03/30/24 20:02:00",
  "value" : "2"
},{
  "dateTime" : "03/30/24 20:03:00",
  "value" : "0"
},{
  "dateTime" : "03/30/24 21:00:00",
  "value" : "0"
},{
  "dateTime" : "03/30/24 21:01:00",
  "value" : "18"
},{
  "dateTime" : "03/30/24 21:02:00",
  "value" : "16"
},{
  "dateTime" : "03/30/24 21:03:00",
  "value" : "9"
},{
  "dateTime" : "03/30/24 21:04:00",
  "value" : "20"
},{
  "dateTime" : "03/30/24 21:05:00",
  "value" : "68"
},{
  "dateTime" : "03/30/24 21:06:00",
  "value" : "1"
},{
  "dateTime" : "03/30/24 21:12:00",
  "value" : "2"
},{
  "dateTime" : "03/30/24 21:13:00",
  "value" : "2"
},{
  "dateTime" : "03/30/24 21:17:00",
  "value" : "0"
},{
  "dateTime" : "03/30/24 21:18:00",
  "value" : "10"
},{
  "dateTime" : "03/30/24 21:19:00",
  "value" : "5"
},{
  "dateTime" : "03/30/24 21:21:00",
  "value" : "2"
},{
  "dateTime" : "03/30/24 21:22:00",
  "value" : "77"
},{
  "dateTime" : "03/30/24 21:23:00",
  "value" : "17"
},{
  "dateTime" : "03/30/24 21:25:00",
  "value" : "1"
},{
  "dateTime" : "03/30/24 21:26:00",
  "value" : "10"
},{
  "dateTime" : "03/30/24 21:27:00",
  "value" : "11"
},{
  "dateTime" : "03/30/24 21:28:00",
  "value" : "11"
},{
  "dateTime" : "03/30/24 21:29:00",
  "value" : "1"
},{
  "dateTime" : "03/30/24 21:30:00",
  "value" : "10"
},{
  "dateTime" : "03/30/24 21:31:00",
  "value" : "26"
},{
  "dateTime" : "03/30/24 21:32:00",
  "value" : "54"
},{
  "dateTime" : "03/30/24 21:33:00",
  "value" : "1"
},{
  "dateTime" : "03/30/24 21:34:00",
  "value" : "13"
},{
  "dateTime" : "03/30/24 21:35:00",
  "value" : "4"
},{
  "dateTime" : "03/30/24 21:47:00",
  "value" : "1"
},{
  "dateTime" : "03/30/24 21:48:00",
  "value" : "4"
},{
  "dateTime" : "03/30/24 22:00:00",
  "value" : "1"
},{
  "dateTime" : "03/30/24 22:01:00",
  "value" : "44"
},{
  "dateTime" : "03/30/24 22:02:00",
  "value" : "34"
},{
  "dateTime" : "03/30/24 22:03:00",
  "value" : "10"
},{
  "dateTime" : "03/31/24 00:40:00",
  "value" : "2"
},{
  "dateTime" : "03/31/24 00:41:00",
  "value" : "2"
},{
  "dateTime" : "03/31/24 00:42:00",
  "value" : "2"
},{
  "dateTime" : "03/31/24 01:06:00",
  "value" : "2"
},{
  "dateTime" : "03/31/24 01:07:00",
  "value" : "14"
},{
  "dateTime" : "03/31/24 01:19:00",
  "value" : "2"
},{
  "dateTime" : "03/31/24 01:20:00",
  "value" : "1"
},{
  "dateTime" : "03/31/24 01:28:00",
  "value" : "2"
},{
  "dateTime" : "03/31/24 01:29:00",
  "value" : "23"
},{
  "dateTime" : "03/31/24 01:43:00",
  "value" : "2"
},{
  "dateTime" : "03/31/24 01:44:00",
  "value" : "10"
},{
  "dateTime" : "03/31/24 09:58:00",
  "value" : "2"
},{
  "dateTime" : "03/31/24 09:59:00",
  "value" : "2"
},{
  "dateTime" : "03/31/24 10:57:00",
  "value" : "0"
},{
  "dateTime" : "03/31/24 10:58:00",
  "value" : "3"
},{
  "dateTime" : "03/31/24 12:13:00",
  "value" : "2"
},{
  "dateTime" : "03/31/24 12:14:00",
  "value" : "2"
},{
  "dateTime" : "03/31/24 12:19:00",
  "value" : "2"
},{
  "dateTime" : "03/31/24 12:20:00",
  "value" : "9"
},{
  "dateTime" : "03/31/24 12:31:00",
  "value" : "1"
},{
  "dateTime" : "03/31/24 12:32:00",
  "value" : "3"
},{
  "dateTime" : "03/31/24 12:50:00",
  "value" : "1"
},{
  "dateTime" : "03/31/24 12:51:00",
  "value" : "3"
},{
  "dateTime" : "03/31/24 12:58:00",
  "value" : "2"
},{
  "dateTime" : "03/31/24 12:59:00",
  "value" : "1"
},{
  "dateTime" : "03/31/24 13:13:00",
  "value" : "1"
},{
  "dateTime" : "03/31/24 13:14:00",
  "value" : "14"
},{
  "dateTime" : "03/31/24 13:15:00",
  "value" : "21"
},{
  "dateTime" : "03/31/24 13:17:00",
  "value" : "2"
},{
  "dateTime" : "03/31/24 13:18:00",
  "value" : "2"
},{
  "dateTime" : "03/31/24 13:37:00",
  "value" : "0"
},{
  "dateTime" : "03/31/24 13:38:00",
  "value" : "3"
},{
  "dateTime" : "03/31/24 13:39:00",
  "value" : "28"
},{
  "dateTime" : "03/31/24 13:50:00",
  "value" : "1"
},{
  "dateTime" : "03/31/24 13:51:00",
  "value" : "38"
},{
  "dateTime" : "03/31/24 13:52:00",
  "value" : "16"
},{
  "dateTime" : "03/31/24 13:53:00",
  "value" : "0"
},{
  "dateTime" : "03/31/24 14:18:00",
  "value" : "1"
},{
  "dateTime" : "03/31/24 14:19:00",
  "value" : "8"
},{
  "dateTime" : "03/31/24 14:22:00",
  "value" : "2"
},{
  "dateTime" : "03/31/24 14:23:00",
  "value" : "34"
},{
  "dateTime" : "03/31/24 14:24:00",
  "value" : "37"
},{
  "dateTime" : "03/31/24 14:25:00",
  "value" : "28"
},{
  "dateTime" : "03/31/24 14:26:00",
  "value" : "55"
},{
  "dateTime" : "03/31/24 14:27:00",
  "value" : "4"
},{
  "dateTime" : "03/31/24 14:38:00",
  "value" : "0"
},{
  "dateTime" : "03/31/24 14:39:00",
  "value" : "10"
},{
  "dateTime" : "03/31/24 14:40:00",
  "value" : "3"
},{
  "dateTime" : "03/31/24 14:41:00",
  "value" : "102"
},{
  "dateTime" : "03/31/24 14:42:00",
  "value" : "108"
},{
  "dateTime" : "03/31/24 14:43:00",
  "value" : "70"
},{
  "dateTime" : "03/31/24 14:44:00",
  "value" : "34"
},{
  "dateTime" : "03/31/24 14:45:00",
  "value" : "60"
},{
  "dateTime" : "03/31/24 14:46:00",
  "value" : "81"
},{
  "dateTime" : "03/31/24 14:47:00",
  "value" : "104"
},{
  "dateTime" : "03/31/24 14:48:00",
  "value" : "107"
},{
  "dateTime" : "03/31/24 14:49:00",
  "value" : "108"
},{
  "dateTime" : "03/31/24 14:50:00",
  "value" : "109"
},{
  "dateTime" : "03/31/24 14:51:00",
  "value" : "111"
},{
  "dateTime" : "03/31/24 14:52:00",
  "value" : "93"
},{
  "dateTime" : "03/31/24 14:53:00",
  "value" : "29"
},{
  "dateTime" : "03/31/24 14:54:00",
  "value" : "108"
},{
  "dateTime" : "03/31/24 14:55:00",
  "value" : "43"
},{
  "dateTime" : "03/31/24 15:01:00",
  "value" : "1"
},{
  "dateTime" : "03/31/24 15:02:00",
  "value" : "32"
},{
  "dateTime" : "03/31/24 15:03:00",
  "value" : "27"
},{
  "dateTime" : "03/31/24 15:04:00",
  "value" : "3"
},{
  "dateTime" : "03/31/24 15:06:00",
  "value" : "0"
},{
  "dateTime" : "03/31/24 15:07:00",
  "value" : "19"
},{
  "dateTime" : "03/31/24 15:08:00",
  "value" : "48"
},{
  "dateTime" : "03/31/24 15:09:00",
  "value" : "76"
},{
  "dateTime" : "03/31/24 15:16:00",
  "value" : "3"
},{
  "dateTime" : "03/31/24 15:17:00",
  "value" : "11"
},{
  "dateTime" : "03/31/24 15:18:00",
  "value" : "8"
},{
  "dateTime" : "03/31/24 15:20:00",
  "value" : "1"
},{
  "dateTime" : "03/31/24 15:21:00",
  "value" : "10"
},{
  "dateTime" : "03/31/24 15:22:00",
  "value" : "48"
},{
  "dateTime" : "03/31/24 15:23:00",
  "value" : "43"
},{
  "dateTime" : "03/31/24 15:25:00",
  "value" : "1"
},{
  "dateTime" : "03/31/24 15:26:00",
  "value" : "18"
},{
  "dateTime" : "03/31/24 15:27:00",
  "value" : "31"
},{
  "dateTime" : "03/31/24 15:38:00",
  "value" : "1"
},{
  "dateTime" : "03/31/24 15:39:00",
  "value" : "2"
},{
  "dateTime" : "03/31/24 15:46:00",
  "value" : "2"
},{
  "dateTime" : "03/31/24 15:47:00",
  "value" : "4"
},{
  "dateTime" : "03/31/24 15:48:00",
  "value" : "2"
},{
  "dateTime" : "03/31/24 15:49:00",
  "value" : "1"
},{
  "dateTime" : "03/31/24 15:54:00",
  "value" : "1"
},{
  "dateTime" : "03/31/24 15:55:00",
  "value" : "2"
},{
  "dateTime" : "03/31/24 17:40:00",
  "value" : "0"
},{
  "dateTime" : "03/31/24 17:41:00",
  "value" : "3"
},{
  "dateTime" : "03/31/24 18:35:00",
  "value" : "2"
},{
  "dateTime" : "03/31/24 18:36:00",
  "value" : "2"
},{
  "dateTime" : "03/31/24 20:52:00",
  "value" : "0"
},{
  "dateTime" : "03/31/24 20:53:00",
  "value" : "3"
},{
  "dateTime" : "03/31/24 21:17:00",
  "value" : "0"
},{
  "dateTime" : "03/31/24 21:18:00",
  "value" : "4"
},{
  "dateTime" : "03/31/24 21:22:00",
  "value" : "1"
},{
  "dateTime" : "03/31/24 21:23:00",
  "value" : "1"
},{
  "dateTime" : "03/31/24 21:38:00",
  "value" : "1"
},{
  "dateTime" : "03/31/24 21:39:00",
  "value" : "2"
},{
  "dateTime" : "03/31/24 21:41:00",
  "value" : "1"
},{
  "dateTime" : "03/31/24 21:42:00",
  "value" : "30"
},{
  "dateTime" : "03/31/24 21:43:00",
  "value" : "13"
},{
  "dateTime" : "03/31/24 22:04:00",
  "value" : "1"
},{
  "dateTime" : "03/31/24 22:05:00",
  "value" : "3"
},{
  "dateTime" : "04/01/24 01:23:00",
  "value" : "1"
},{
  "dateTime" : "04/01/24 01:24:00",
  "value" : "27"
},{
  "dateTime" : "04/01/24 01:25:00",
  "value" : "13"
},{
  "dateTime" : "04/01/24 01:43:00",
  "value" : "2"
},{
  "dateTime" : "04/01/24 01:44:00",
  "value" : "4"
},{
  "dateTime" : "04/01/24 05:33:00",
  "value" : "0"
},{
  "dateTime" : "04/01/24 05:34:00",
  "value" : "2"
},{
  "dateTime" : "04/01/24 10:06:00",
  "value" : "1"
},{
  "dateTime" : "04/01/24 10:07:00",
  "value" : "5"
},{
  "dateTime" : "04/01/24 10:19:00",
  "value" : "0"
},{
  "dateTime" : "04/01/24 10:20:00",
  "value" : "3"
},{
  "dateTime" : "04/01/24 10:45:00",
  "value" : "2"
},{
  "dateTime" : "04/01/24 10:46:00",
  "value" : "0"
},{
  "dateTime" : "04/01/24 11:50:00",
  "value" : "1"
},{
  "dateTime" : "04/01/24 11:51:00",
  "value" : "1"
},{
  "dateTime" : "04/01/24 12:27:00",
  "value" : "1"
},{
  "dateTime" : "04/01/24 12:28:00",
  "value" : "3"
},{
  "dateTime" : "04/01/24 12:33:00",
  "value" : "0"
},{
  "dateTime" : "04/01/24 12:34:00",
  "value" : "11"
},{
  "dateTime" : "04/01/24 13:43:00",
  "value" : "0"
},{
  "dateTime" : "04/01/24 13:44:00",
  "value" : "4"
},{
  "dateTime" : "04/01/24 13:45:00",
  "value" : "16"
},{
  "dateTime" : "04/01/24 13:46:00",
  "value" : "2"
},{
  "dateTime" : "04/01/24 13:56:00",
  "value" : "1"
},{
  "dateTime" : "04/01/24 13:57:00",
  "value" : "15"
},{
  "dateTime" : "04/01/24 13:58:00",
  "value" : "26"
},{
  "dateTime" : "04/01/24 13:59:00",
  "value" : "21"
},{
  "dateTime" : "04/01/24 14:07:00",
  "value" : "1"
},{
  "dateTime" : "04/01/24 14:08:00",
  "value" : "43"
},{
  "dateTime" : "04/01/24 14:09:00",
  "value" : "12"
},{
  "dateTime" : "04/01/24 14:10:00",
  "value" : "7"
},{
  "dateTime" : "04/01/24 14:11:00",
  "value" : "2"
},{
  "dateTime" : "04/01/24 14:12:00",
  "value" : "30"
},{
  "dateTime" : "04/01/24 14:13:00",
  "value" : "33"
},{
  "dateTime" : "04/01/24 14:14:00",
  "value" : "60"
},{
  "dateTime" : "04/01/24 14:15:00",
  "value" : "23"
},{
  "dateTime" : "04/01/24 14:35:00",
  "value" : "3"
},{
  "dateTime" : "04/01/24 14:36:00",
  "value" : "51"
},{
  "dateTime" : "04/01/24 14:37:00",
  "value" : "42"
},{
  "dateTime" : "04/01/24 14:40:00",
  "value" : "1"
},{
  "dateTime" : "04/01/24 14:41:00",
  "value" : "4"
},{
  "dateTime" : "04/01/24 14:46:00",
  "value" : "2"
},{
  "dateTime" : "04/01/24 14:47:00",
  "value" : "2"
},{
  "dateTime" : "04/01/24 14:51:00",
  "value" : "0"
},{
  "dateTime" : "04/01/24 14:52:00",
  "value" : "22"
},{
  "dateTime" : "04/01/24 15:14:00",
  "value" : "1"
},{
  "dateTime" : "04/01/24 15:15:00",
  "value" : "1"
},{
  "dateTime" : "04/01/24 15:52:00",
  "value" : "0"
},{
  "dateTime" : "04/01/24 15:53:00",
  "value" : "14"
},{
  "dateTime" : "04/01/24 16:02:00",
  "value" : "1"
},{
  "dateTime" : "04/01/24 16:03:00",
  "value" : "14"
},{
  "dateTime" : "04/01/24 16:12:00",
  "value" : "2"
},{
  "dateTime" : "04/01/24 16:13:00",
  "value" : "24"
},{
  "dateTime" : "04/01/24 16:14:00",
  "value" : "22"
},{
  "dateTime" : "04/01/24 16:46:00",
  "value" : "1"
},{
  "dateTime" : "04/01/24 16:47:00",
  "value" : "1"
},{
  "dateTime" : "04/01/24 17:07:00",
  "value" : "1"
},{
  "dateTime" : "04/01/24 17:08:00",
  "value" : "21"
},{
  "dateTime" : "04/01/24 17:09:00",
  "value" : "22"
},{
  "dateTime" : "04/01/24 17:45:00",
  "value" : "1"
},{
  "dateTime" : "04/01/24 17:46:00",
  "value" : "1"
},{
  "dateTime" : "04/01/24 17:51:00",
  "value" : "1"
},{
  "dateTime" : "04/01/24 17:52:00",
  "value" : "1"
},{
  "dateTime" : "04/01/24 20:50:00",
  "value" : "2"
},{
  "dateTime" : "04/01/24 20:51:00",
  "value" : "2"
},{
  "dateTime" : "04/01/24 20:54:00",
  "value" : "1"
},{
  "dateTime" : "04/01/24 20:55:00",
  "value" : "20"
},{
  "dateTime" : "04/01/24 20:56:00",
  "value" : "42"
},{
  "dateTime" : "04/01/24 20:58:00",
  "value" : "1"
},{
  "dateTime" : "04/01/24 20:59:00",
  "value" : "5"
},{
  "dateTime" : "04/01/24 21:46:00",
  "value" : "1"
},{
  "dateTime" : "04/01/24 21:47:00",
  "value" : "2"
},{
  "dateTime" : "04/01/24 22:03:00",
  "value" : "0"
},{
  "dateTime" : "04/01/24 22:04:00",
  "value" : "4"
},{
  "dateTime" : "04/01/24 22:34:00",
  "value" : "3"
},{
  "dateTime" : "04/01/24 22:35:00",
  "value" : "3"
},{
  "dateTime" : "04/02/24 01:37:00",
  "value" : "4"
},{
  "dateTime" : "04/02/24 01:38:00",
  "value" : "44"
},{
  "dateTime" : "04/02/24 01:39:00",
  "value" : "22"
},{
  "dateTime" : "04/02/24 01:52:00",
  "value" : "0"
},{
  "dateTime" : "04/02/24 01:53:00",
  "value" : "5"
},{
  "dateTime" : "04/02/24 01:54:00",
  "value" : "22"
},{
  "dateTime" : "04/02/24 01:56:00",
  "value" : "1"
},{
  "dateTime" : "04/02/24 01:57:00",
  "value" : "4"
},{
  "dateTime" : "04/02/24 02:00:00",
  "value" : "2"
},{
  "dateTime" : "04/02/24 02:01:00",
  "value" : "14"
},{
  "dateTime" : "04/02/24 02:05:00",
  "value" : "0"
},{
  "dateTime" : "04/02/24 02:06:00",
  "value" : "2"
},{
  "dateTime" : "04/02/24 02:07:00",
  "value" : "19"
},{
  "dateTime" : "04/02/24 02:08:00",
  "value" : "17"
},{
  "dateTime" : "04/02/24 02:09:00",
  "value" : "11"
},{
  "dateTime" : "04/02/24 07:30:00",
  "value" : "2"
},{
  "dateTime" : "04/02/24 07:31:00",
  "value" : "4"
},{
  "dateTime" : "04/02/24 08:43:00",
  "value" : "1"
},{
  "dateTime" : "04/02/24 08:44:00",
  "value" : "5"
},{
  "dateTime" : "04/02/24 08:52:00",
  "value" : "1"
},{
  "dateTime" : "04/02/24 08:53:00",
  "value" : "11"
},{
  "dateTime" : "04/02/24 08:54:00",
  "value" : "11"
},{
  "dateTime" : "04/02/24 10:12:00",
  "value" : "2"
},{
  "dateTime" : "04/02/24 10:13:00",
  "value" : "6"
},{
  "dateTime" : "04/02/24 10:28:00",
  "value" : "1"
},{
  "dateTime" : "04/02/24 10:29:00",
  "value" : "6"
},{
  "dateTime" : "04/02/24 11:37:00",
  "value" : "1"
},{
  "dateTime" : "04/02/24 11:38:00",
  "value" : "1"
},{
  "dateTime" : "04/02/24 11:40:00",
  "value" : "2"
},{
  "dateTime" : "04/02/24 11:41:00",
  "value" : "0"
},{
  "dateTime" : "04/02/24 11:59:00",
  "value" : "1"
},{
  "dateTime" : "04/02/24 12:00:00",
  "value" : "2"
},{
  "dateTime" : "04/02/24 13:01:00",
  "value" : "1"
},{
  "dateTime" : "04/02/24 13:02:00",
  "value" : "6"
},{
  "dateTime" : "04/02/24 13:03:00",
  "value" : "25"
},{
  "dateTime" : "04/02/24 13:04:00",
  "value" : "11"
},{
  "dateTime" : "04/02/24 13:18:00",
  "value" : "0"
},{
  "dateTime" : "04/02/24 13:19:00",
  "value" : "19"
},{
  "dateTime" : "04/02/24 13:20:00",
  "value" : "12"
},{
  "dateTime" : "04/02/24 13:21:00",
  "value" : "18"
},{
  "dateTime" : "04/02/24 13:22:00",
  "value" : "13"
},{
  "dateTime" : "04/02/24 13:29:00",
  "value" : "2"
},{
  "dateTime" : "04/02/24 13:30:00",
  "value" : "16"
},{
  "dateTime" : "04/02/24 14:00:00",
  "value" : "2"
},{
  "dateTime" : "04/02/24 14:01:00",
  "value" : "19"
},{
  "dateTime" : "04/02/24 14:02:00",
  "value" : "24"
},{
  "dateTime" : "04/02/24 14:03:00",
  "value" : "76"
},{
  "dateTime" : "04/02/24 15:00:00",
  "value" : "2"
},{
  "dateTime" : "04/02/24 15:01:00",
  "value" : "0"
},{
  "dateTime" : "04/02/24 15:07:00",
  "value" : "0"
},{
  "dateTime" : "04/02/24 15:08:00",
  "value" : "8"
},{
  "dateTime" : "04/02/24 15:09:00",
  "value" : "1"
},{
  "dateTime" : "04/02/24 15:10:00",
  "value" : "5"
},{
  "dateTime" : "04/02/24 15:16:00",
  "value" : "1"
},{
  "dateTime" : "04/02/24 15:17:00",
  "value" : "5"
},{
  "dateTime" : "04/02/24 15:18:00",
  "value" : "3"
},{
  "dateTime" : "04/02/24 15:19:00",
  "value" : "4"
},{
  "dateTime" : "04/02/24 15:21:00",
  "value" : "1"
},{
  "dateTime" : "04/02/24 15:22:00",
  "value" : "5"
},{
  "dateTime" : "04/02/24 15:45:00",
  "value" : "2"
},{
  "dateTime" : "04/02/24 15:46:00",
  "value" : "4"
},{
  "dateTime" : "04/02/24 15:55:00",
  "value" : "3"
},{
  "dateTime" : "04/02/24 15:56:00",
  "value" : "1"
},{
  "dateTime" : "04/02/24 15:58:00",
  "value" : "1"
},{
  "dateTime" : "04/02/24 15:59:00",
  "value" : "17"
},{
  "dateTime" : "04/02/24 16:00:00",
  "value" : "9"
},{
  "dateTime" : "04/02/24 16:01:00",
  "value" : "6"
},{
  "dateTime" : "04/02/24 16:02:00",
  "value" : "6"
},{
  "dateTime" : "04/02/24 16:03:00",
  "value" : "1"
},{
  "dateTime" : "04/02/24 16:04:00",
  "value" : "4"
},{
  "dateTime" : "04/02/24 16:28:00",
  "value" : "1"
},{
  "dateTime" : "04/02/24 16:29:00",
  "value" : "1"
},{
  "dateTime" : "04/02/24 21:15:00",
  "value" : "1"
},{
  "dateTime" : "04/02/24 21:16:00",
  "value" : "31"
},{
  "dateTime" : "04/02/24 21:17:00",
  "value" : "8"
},{
  "dateTime" : "04/02/24 21:22:00",
  "value" : "1"
},{
  "dateTime" : "04/02/24 21:23:00",
  "value" : "27"
},{
  "dateTime" : "04/02/24 22:04:00",
  "value" : "1"
},{
  "dateTime" : "04/02/24 22:05:00",
  "value" : "22"
},{
  "dateTime" : "04/02/24 22:51:00",
  "value" : "1"
},{
  "dateTime" : "04/02/24 22:52:00",
  "value" : "0"
},{
  "dateTime" : "04/02/24 23:30:00",
  "value" : "0"
},{
  "dateTime" : "04/02/24 23:31:00",
  "value" : "13"
},{
  "dateTime" : "04/02/24 23:35:00",
  "value" : "0"
},{
  "dateTime" : "04/02/24 23:36:00",
  "value" : "8"
},{
  "dateTime" : "04/02/24 23:37:00",
  "value" : "1"
},{
  "dateTime" : "04/02/24 23:39:00",
  "value" : "0"
},{
  "dateTime" : "04/02/24 23:40:00",
  "value" : "3"
},{
  "dateTime" : "04/02/24 23:44:00",
  "value" : "1"
},{
  "dateTime" : "04/02/24 23:45:00",
  "value" : "1"
},{
  "dateTime" : "04/02/24 23:49:00",
  "value" : "1"
},{
  "dateTime" : "04/02/24 23:50:00",
  "value" : "1"
},{
  "dateTime" : "04/02/24 23:54:00",
  "value" : "1"
},{
  "dateTime" : "04/02/24 23:55:00",
  "value" : "1"
},{
  "dateTime" : "04/03/24 00:06:00",
  "value" : "0"
},{
  "dateTime" : "04/03/24 00:07:00",
  "value" : "5"
},{
  "dateTime" : "04/03/24 00:08:00",
  "value" : "5"
},{
  "dateTime" : "04/03/24 00:09:00",
  "value" : "5"
},{
  "dateTime" : "04/03/24 00:20:00",
  "value" : "2"
},{
  "dateTime" : "04/03/24 00:21:00",
  "value" : "30"
},{
  "dateTime" : "04/03/24 00:22:00",
  "value" : "24"
},{
  "dateTime" : "04/03/24 00:25:00",
  "value" : "2"
},{
  "dateTime" : "04/03/24 00:26:00",
  "value" : "41"
},{
  "dateTime" : "04/03/24 00:27:00",
  "value" : "22"
},{
  "dateTime" : "04/03/24 00:28:00",
  "value" : "5"
},{
  "dateTime" : "04/03/24 00:36:00",
  "value" : "2"
},{
  "dateTime" : "04/03/24 00:37:00",
  "value" : "25"
},{
  "dateTime" : "04/03/24 00:38:00",
  "value" : "22"
},{
  "dateTime" : "04/03/24 00:56:00",
  "value" : "1"
},{
  "dateTime" : "04/03/24 00:57:00",
  "value" : "37"
},{
  "dateTime" : "04/03/24 00:58:00",
  "value" : "1"
},{
  "dateTime" : "04/03/24 01:28:00",
  "value" : "3"
},{
  "dateTime" : "04/03/24 01:29:00",
  "value" : "5"
},{
  "dateTime" : "04/03/24 09:52:00",
  "value" : "3"
},{
  "dateTime" : "04/03/24 09:53:00",
  "value" : "8"
},{
  "dateTime" : "04/03/24 09:55:00",
  "value" : "1"
},{
  "dateTime" : "04/03/24 09:56:00",
  "value" : "14"
},{
  "dateTime" : "04/03/24 10:16:00",
  "value" : "1"
},{
  "dateTime" : "04/03/24 10:17:00",
  "value" : "3"
},{
  "dateTime" : "04/03/24 10:21:00",
  "value" : "2"
},{
  "dateTime" : "04/03/24 10:22:00",
  "value" : "12"
},{
  "dateTime" : "04/03/24 11:25:00",
  "value" : "1"
},{
  "dateTime" : "04/03/24 11:26:00",
  "value" : "2"
},{
  "dateTime" : "04/03/24 11:52:00",
  "value" : "3"
},{
  "dateTime" : "04/03/24 11:53:00",
  "value" : "2"
},{
  "dateTime" : "04/03/24 12:20:00",
  "value" : "2"
},{
  "dateTime" : "04/03/24 12:21:00",
  "value" : "10"
},{
  "dateTime" : "04/03/24 12:39:00",
  "value" : "0"
},{
  "dateTime" : "04/03/24 12:40:00",
  "value" : "10"
},{
  "dateTime" : "04/03/24 12:41:00",
  "value" : "50"
},{
  "dateTime" : "04/03/24 12:42:00",
  "value" : "16"
},{
  "dateTime" : "04/03/24 12:43:00",
  "value" : "23"
},{
  "dateTime" : "04/03/24 19:49:00",
  "value" : "0"
},{
  "dateTime" : "04/03/24 19:50:00",
  "value" : "8"
},{
  "dateTime" : "04/03/24 20:04:00",
  "value" : "1"
},{
  "dateTime" : "04/03/24 20:05:00",
  "value" : "26"
},{
  "dateTime" : "04/03/24 20:06:00",
  "value" : "18"
},{
  "dateTime" : "04/03/24 20:24:00",
  "value" : "1"
},{
  "dateTime" : "04/03/24 20:25:00",
  "value" : "4"
},{
  "dateTime" : "04/03/24 22:57:00",
  "value" : "1"
},{
  "dateTime" : "04/03/24 22:58:00",
  "value" : "20"
},{
  "dateTime" : "04/04/24 00:49:00",
  "value" : "2"
},{
  "dateTime" : "04/04/24 00:50:00",
  "value" : "0"
},{
  "dateTime" : "04/04/24 00:53:00",
  "value" : "3"
},{
  "dateTime" : "04/04/24 00:54:00",
  "value" : "1"
},{
  "dateTime" : "04/04/24 01:26:00",
  "value" : "0"
},{
  "dateTime" : "04/04/24 01:27:00",
  "value" : "4"
},{
  "dateTime" : "04/04/24 01:28:00",
  "value" : "36"
},{
  "dateTime" : "04/04/24 01:29:00",
  "value" : "13"
},{
  "dateTime" : "04/04/24 01:30:00",
  "value" : "26"
},{
  "dateTime" : "04/04/24 01:31:00",
  "value" : "26"
},{
  "dateTime" : "04/04/24 01:32:00",
  "value" : "2"
},{
  "dateTime" : "04/04/24 01:33:00",
  "value" : "16"
},{
  "dateTime" : "04/04/24 01:34:00",
  "value" : "4"
},{
  "dateTime" : "04/04/24 01:35:00",
  "value" : "38"
},{
  "dateTime" : "04/04/24 01:36:00",
  "value" : "12"
},{
  "dateTime" : "04/04/24 01:37:00",
  "value" : "50"
},{
  "dateTime" : "04/04/24 01:38:00",
  "value" : "16"
},{
  "dateTime" : "04/04/24 01:39:00",
  "value" : "14"
},{
  "dateTime" : "04/04/24 01:40:00",
  "value" : "8"
},{
  "dateTime" : "04/04/24 01:43:00",
  "value" : "1"
},{
  "dateTime" : "04/04/24 01:44:00",
  "value" : "1"
},{
  "dateTime" : "04/04/24 09:19:00",
  "value" : "5"
},{
  "dateTime" : "04/04/24 09:20:00",
  "value" : "0"
},{
  "dateTime" : "04/04/24 09:29:00",
  "value" : "0"
},{
  "dateTime" : "04/04/24 09:30:00",
  "value" : "13"
},{
  "dateTime" : "04/04/24 09:33:00",
  "value" : "3"
},{
  "dateTime" : "04/04/24 09:34:00",
  "value" : "46"
},{
  "dateTime" : "04/04/24 09:35:00",
  "value" : "16"
},{
  "dateTime" : "04/04/24 10:31:00",
  "value" : "2"
},{
  "dateTime" : "04/04/24 10:32:00",
  "value" : "20"
},{
  "dateTime" : "04/04/24 10:33:00",
  "value" : "12"
},{
  "dateTime" : "04/04/24 10:48:00",
  "value" : "1"
},{
  "dateTime" : "04/04/24 10:49:00",
  "value" : "29"
},{
  "dateTime" : "04/04/24 10:50:00",
  "value" : "85"
},{
  "dateTime" : "04/04/24 10:51:00",
  "value" : "1"
},{
  "dateTime" : "04/04/24 20:06:00",
  "value" : "1"
},{
  "dateTime" : "04/04/24 20:07:00",
  "value" : "40"
},{
  "dateTime" : "04/04/24 20:08:00",
  "value" : "7"
},{
  "dateTime" : "04/04/24 20:09:00",
  "value" : "5"
},{
  "dateTime" : "04/04/24 20:10:00",
  "value" : "26"
},{
  "dateTime" : "04/04/24 21:18:00",
  "value" : "0"
},{
  "dateTime" : "04/04/24 21:19:00",
  "value" : "19"
},{
  "dateTime" : "04/04/24 21:20:00",
  "value" : "50"
},{
  "dateTime" : "04/04/24 21:21:00",
  "value" : "41"
},{
  "dateTime" : "04/04/24 21:22:00",
  "value" : "58"
},{
  "dateTime" : "04/04/24 21:23:00",
  "value" : "19"
},{
  "dateTime" : "04/04/24 22:26:00",
  "value" : "0"
},{
  "dateTime" : "04/04/24 22:27:00",
  "value" : "6"
},{
  "dateTime" : "04/04/24 22:28:00",
  "value" : "5"
},{
  "dateTime" : "04/04/24 22:29:00",
  "value" : "6"
},{
  "dateTime" : "04/04/24 22:37:00",
  "value" : "1"
},{
  "dateTime" : "04/04/24 22:38:00",
  "value" : "2"
},{
  "dateTime" : "04/04/24 23:36:00",
  "value" : "1"
},{
  "dateTime" : "04/04/24 23:37:00",
  "value" : "2"
},{
  "dateTime" : "04/05/24 00:03:00",
  "value" : "1"
},{
  "dateTime" : "04/05/24 00:04:00",
  "value" : "37"
},{
  "dateTime" : "04/05/24 00:05:00",
  "value" : "2"
},{
  "dateTime" : "04/05/24 00:06:00",
  "value" : "4"
},{
  "dateTime" : "04/05/24 00:07:00",
  "value" : "33"
},{
  "dateTime" : "04/05/24 00:10:00",
  "value" : "2"
},{
  "dateTime" : "04/05/24 00:11:00",
  "value" : "33"
},{
  "dateTime" : "04/05/24 00:12:00",
  "value" : "2"
},{
  "dateTime" : "04/05/24 00:13:00",
  "value" : "1"
},{
  "dateTime" : "04/05/24 00:20:00",
  "value" : "2"
},{
  "dateTime" : "04/05/24 00:21:00",
  "value" : "1"
},{
  "dateTime" : "04/05/24 00:38:00",
  "value" : "0"
},{
  "dateTime" : "04/05/24 00:39:00",
  "value" : "1"
},{
  "dateTime" : "04/05/24 00:44:00",
  "value" : "2"
},{
  "dateTime" : "04/05/24 00:45:00",
  "value" : "5"
},{
  "dateTime" : "04/05/24 00:49:00",
  "value" : "2"
},{
  "dateTime" : "04/05/24 00:50:00",
  "value" : "4"
},{
  "dateTime" : "04/05/24 04:36:00",
  "value" : "1"
},{
  "dateTime" : "04/05/24 04:37:00",
  "value" : "32"
},{
  "dateTime" : "04/05/24 04:38:00",
  "value" : "1"
},{
  "dateTime" : "04/05/24 04:39:00",
  "value" : "2"
},{
  "dateTime" : "04/05/24 04:40:00",
  "value" : "2"
},{
  "dateTime" : "04/05/24 04:41:00",
  "value" : "2"
},{
  "dateTime" : "04/05/24 04:42:00",
  "value" : "25"
},{
  "dateTime" : "04/05/24 04:43:00",
  "value" : "4"
},{
  "dateTime" : "04/05/24 06:56:00",
  "value" : "1"
},{
  "dateTime" : "04/05/24 06:57:00",
  "value" : "21"
},{
  "dateTime" : "04/05/24 07:04:00",
  "value" : "0"
},{
  "dateTime" : "04/05/24 07:05:00",
  "value" : "4"
},{
  "dateTime" : "04/05/24 07:06:00",
  "value" : "49"
},{
  "dateTime" : "04/05/24 07:07:00",
  "value" : "12"
},{
  "dateTime" : "04/05/24 07:12:00",
  "value" : "3"
},{
  "dateTime" : "04/05/24 07:13:00",
  "value" : "6"
},{
  "dateTime" : "04/05/24 07:15:00",
  "value" : "1"
},{
  "dateTime" : "04/05/24 07:16:00",
  "value" : "10"
},{
  "dateTime" : "04/05/24 08:18:00",
  "value" : "3"
},{
  "dateTime" : "04/05/24 08:19:00",
  "value" : "1"
},{
  "dateTime" : "04/05/24 08:28:00",
  "value" : "1"
},{
  "dateTime" : "04/05/24 08:29:00",
  "value" : "3"
},{
  "dateTime" : "04/05/24 12:44:00",
  "value" : "1"
},{
  "dateTime" : "04/05/24 12:45:00",
  "value" : "34"
},{
  "dateTime" : "04/05/24 12:46:00",
  "value" : "37"
},{
  "dateTime" : "04/05/24 12:47:00",
  "value" : "17"
},{
  "dateTime" : "04/05/24 12:48:00",
  "value" : "33"
},{
  "dateTime" : "04/05/24 20:27:00",
  "value" : "2"
},{
  "dateTime" : "04/05/24 20:28:00",
  "value" : "36"
},{
  "dateTime" : "04/05/24 20:29:00",
  "value" : "16"
},{
  "dateTime" : "04/05/24 20:33:00",
  "value" : "2"
},{
  "dateTime" : "04/05/24 20:34:00",
  "value" : "3"
},{
  "dateTime" : "04/05/24 20:35:00",
  "value" : "10"
},{
  "dateTime" : "04/05/24 20:36:00",
  "value" : "4"
},{
  "dateTime" : "04/05/24 20:37:00",
  "value" : "3"
},{
  "dateTime" : "04/05/24 20:38:00",
  "value" : "1"
},{
  "dateTime" : "04/05/24 21:04:00",
  "value" : "1"
},{
  "dateTime" : "04/05/24 21:05:00",
  "value" : "19"
},{
  "dateTime" : "04/05/24 21:06:00",
  "value" : "7"
},{
  "dateTime" : "04/05/24 21:07:00",
  "value" : "9"
},{
  "dateTime" : "04/05/24 21:10:00",
  "value" : "1"
},{
  "dateTime" : "04/05/24 21:11:00",
  "value" : "20"
},{
  "dateTime" : "04/05/24 21:12:00",
  "value" : "9"
},{
  "dateTime" : "04/05/24 21:13:00",
  "value" : "18"
},{
  "dateTime" : "04/05/24 22:28:00",
  "value" : "2"
},{
  "dateTime" : "04/05/24 22:29:00",
  "value" : "12"
},{
  "dateTime" : "04/05/24 22:30:00",
  "value" : "9"
},{
  "dateTime" : "04/05/24 22:47:00",
  "value" : "2"
},{
  "dateTime" : "04/05/24 22:48:00",
  "value" : "11"
},{
  "dateTime" : "04/05/24 22:55:00",
  "value" : "4"
},{
  "dateTime" : "04/05/24 22:56:00",
  "value" : "1"
},{
  "dateTime" : "04/05/24 23:08:00",
  "value" : "1"
},{
  "dateTime" : "04/05/24 23:09:00",
  "value" : "12"
},{
  "dateTime" : "04/05/24 23:10:00",
  "value" : "21"
},{
  "dateTime" : "04/05/24 23:11:00",
  "value" : "16"
},{
  "dateTime" : "04/05/24 23:12:00",
  "value" : "11"
},{
  "dateTime" : "04/05/24 23:13:00",
  "value" : "7"
},{
  "dateTime" : "04/05/24 23:14:00",
  "value" : "18"
},{
  "dateTime" : "04/05/24 23:31:00",
  "value" : "0"
},{
  "dateTime" : "04/05/24 23:32:00",
  "value" : "4"
},{
  "dateTime" : "04/06/24 09:25:00",
  "value" : "2"
},{
  "dateTime" : "04/06/24 09:26:00",
  "value" : "0"
},{
  "dateTime" : "04/06/24 09:32:00",
  "value" : "7"
},{
  "dateTime" : "04/06/24 09:33:00",
  "value" : "29"
},{
  "dateTime" : "04/06/24 11:32:00",
  "value" : "1"
},{
  "dateTime" : "04/06/24 11:33:00",
  "value" : "13"
},{
  "dateTime" : "04/06/24 11:52:00",
  "value" : "1"
},{
  "dateTime" : "04/06/24 11:53:00",
  "value" : "9"
},{
  "dateTime" : "04/06/24 12:11:00",
  "value" : "1"
},{
  "dateTime" : "04/06/24 12:12:00",
  "value" : "2"
},{
  "dateTime" : "04/06/24 12:39:00",
  "value" : "1"
},{
  "dateTime" : "04/06/24 12:40:00",
  "value" : "1"
},{
  "dateTime" : "04/06/24 13:05:00",
  "value" : "2"
},{
  "dateTime" : "04/06/24 13:06:00",
  "value" : "28"
},{
  "dateTime" : "04/06/24 13:10:00",
  "value" : "1"
},{
  "dateTime" : "04/06/24 13:11:00",
  "value" : "18"
},{
  "dateTime" : "04/06/24 13:12:00",
  "value" : "23"
},{
  "dateTime" : "04/06/24 15:42:00",
  "value" : "1"
},{
  "dateTime" : "04/06/24 15:43:00",
  "value" : "3"
},{
  "dateTime" : "04/06/24 16:13:00",
  "value" : "0"
},{
  "dateTime" : "04/06/24 16:14:00",
  "value" : "3"
},{
  "dateTime" : "04/06/24 16:22:00",
  "value" : "1"
},{
  "dateTime" : "04/06/24 16:23:00",
  "value" : "14"
},{
  "dateTime" : "04/06/24 16:24:00",
  "value" : "8"
},{
  "dateTime" : "04/06/24 16:25:00",
  "value" : "3"
},{
  "dateTime" : "04/06/24 16:38:00",
  "value" : "0"
},{
  "dateTime" : "04/06/24 16:39:00",
  "value" : "11"
},{
  "dateTime" : "04/06/24 16:40:00",
  "value" : "5"
},{
  "dateTime" : "04/06/24 16:41:00",
  "value" : "3"
},{
  "dateTime" : "04/06/24 16:42:00",
  "value" : "24"
},{
  "dateTime" : "04/06/24 16:43:00",
  "value" : "6"
},{
  "dateTime" : "04/06/24 16:44:00",
  "value" : "56"
},{
  "dateTime" : "04/06/24 16:45:00",
  "value" : "70"
},{
  "dateTime" : "04/06/24 16:46:00",
  "value" : "10"
},{
  "dateTime" : "04/06/24 16:49:00",
  "value" : "1"
},{
  "dateTime" : "04/06/24 16:50:00",
  "value" : "65"
},{
  "dateTime" : "04/06/24 16:51:00",
  "value" : "107"
},{
  "dateTime" : "04/06/24 16:52:00",
  "value" : "38"
},{
  "dateTime" : "04/06/24 16:53:00",
  "value" : "13"
},{
  "dateTime" : "04/06/24 16:54:00",
  "value" : "91"
},{
  "dateTime" : "04/06/24 16:55:00",
  "value" : "41"
},{
  "dateTime" : "04/06/24 16:56:00",
  "value" : "8"
},{
  "dateTime" : "04/06/24 16:57:00",
  "value" : "2"
},{
  "dateTime" : "04/06/24 16:58:00",
  "value" : "4"
},{
  "dateTime" : "04/06/24 16:59:00",
  "value" : "59"
},{
  "dateTime" : "04/06/24 17:00:00",
  "value" : "111"
},{
  "dateTime" : "04/06/24 17:01:00",
  "value" : "16"
},{
  "dateTime" : "04/06/24 17:11:00",
  "value" : "2"
},{
  "dateTime" : "04/06/24 17:12:00",
  "value" : "53"
},{
  "dateTime" : "04/06/24 17:13:00",
  "value" : "54"
},{
  "dateTime" : "04/06/24 17:14:00",
  "value" : "3"
},{
  "dateTime" : "04/06/24 17:38:00",
  "value" : "1"
},{
  "dateTime" : "04/06/24 17:39:00",
  "value" : "1"
},{
  "dateTime" : "04/06/24 17:43:00",
  "value" : "2"
},{
  "dateTime" : "04/06/24 17:44:00",
  "value" : "28"
},{
  "dateTime" : "04/06/24 19:08:00",
  "value" : "0"
},{
  "dateTime" : "04/06/24 19:09:00",
  "value" : "1"
},{
  "dateTime" : "04/06/24 19:42:00",
  "value" : "1"
},{
  "dateTime" : "04/06/24 19:43:00",
  "value" : "6"
},{
  "dateTime" : "04/06/24 19:47:00",
  "value" : "1"
},{
  "dateTime" : "04/06/24 19:48:00",
  "value" : "5"
},{
  "dateTime" : "04/06/24 20:02:00",
  "value" : "2"
},{
  "dateTime" : "04/06/24 20:03:00",
  "value" : "17"
},{
  "dateTime" : "04/06/24 20:04:00",
  "value" : "3"
},{
  "dateTime" : "04/06/24 20:11:00",
  "value" : "0"
},{
  "dateTime" : "04/06/24 20:12:00",
  "value" : "4"
},{
  "dateTime" : "04/06/24 21:43:00",
  "value" : "1"
},{
  "dateTime" : "04/06/24 21:44:00",
  "value" : "35"
},{
  "dateTime" : "04/06/24 21:45:00",
  "value" : "5"
},{
  "dateTime" : "04/06/24 21:46:00",
  "value" : "4"
},{
  "dateTime" : "04/06/24 21:47:00",
  "value" : "3"
},{
  "dateTime" : "04/06/24 21:48:00",
  "value" : "36"
},{
  "dateTime" : "04/06/24 21:49:00",
  "value" : "5"
},{
  "dateTime" : "04/06/24 21:51:00",
  "value" : "1"
},{
  "dateTime" : "04/06/24 21:52:00",
  "value" : "19"
},{
  "dateTime" : "04/06/24 21:53:00",
  "value" : "8"
},{
  "dateTime" : "04/06/24 21:54:00",
  "value" : "2"
},{
  "dateTime" : "04/06/24 21:55:00",
  "value" : "1"
},{
  "dateTime" : "04/06/24 21:58:00",
  "value" : "1"
},{
  "dateTime" : "04/06/24 21:59:00",
  "value" : "15"
},{
  "dateTime" : "04/06/24 22:00:00",
  "value" : "1"
},{
  "dateTime" : "04/06/24 22:01:00",
  "value" : "5"
},{
  "dateTime" : "04/06/24 22:02:00",
  "value" : "6"
},{
  "dateTime" : "04/06/24 22:03:00",
  "value" : "0"
},{
  "dateTime" : "04/06/24 22:04:00",
  "value" : "8"
},{
  "dateTime" : "04/06/24 22:05:00",
  "value" : "38"
},{
  "dateTime" : "04/06/24 22:17:00",
  "value" : "0"
},{
  "dateTime" : "04/06/24 22:18:00",
  "value" : "1"
},{
  "dateTime" : "04/07/24 04:24:00",
  "value" : "0"
},{
  "dateTime" : "04/07/24 04:25:00",
  "value" : "1"
},{
  "dateTime" : "04/07/24 09:06:00",
  "value" : "2"
},{
  "dateTime" : "04/07/24 09:07:00",
  "value" : "3"
},{
  "dateTime" : "04/07/24 09:34:00",
  "value" : "2"
},{
  "dateTime" : "04/07/24 09:35:00",
  "value" : "17"
},{
  "dateTime" : "04/07/24 11:16:00",
  "value" : "0"
},{
  "dateTime" : "04/07/24 11:17:00",
  "value" : "3"
},{
  "dateTime" : "04/07/24 11:47:00",
  "value" : "3"
},{
  "dateTime" : "04/07/24 11:48:00",
  "value" : "8"
},{
  "dateTime" : "04/07/24 11:57:00",
  "value" : "1"
},{
  "dateTime" : "04/07/24 11:58:00",
  "value" : "11"
},{
  "dateTime" : "04/07/24 12:04:00",
  "value" : "0"
},{
  "dateTime" : "04/07/24 12:05:00",
  "value" : "21"
},{
  "dateTime" : "04/07/24 12:06:00",
  "value" : "50"
},{
  "dateTime" : "04/07/24 12:23:00",
  "value" : "2"
},{
  "dateTime" : "04/07/24 12:24:00",
  "value" : "22"
},{
  "dateTime" : "04/07/24 12:25:00",
  "value" : "5"
},{
  "dateTime" : "04/07/24 13:08:00",
  "value" : "1"
},{
  "dateTime" : "04/07/24 13:09:00",
  "value" : "1"
},{
  "dateTime" : "04/07/24 13:32:00",
  "value" : "2"
},{
  "dateTime" : "04/07/24 13:33:00",
  "value" : "23"
},{
  "dateTime" : "04/07/24 13:34:00",
  "value" : "20"
},{
  "dateTime" : "04/07/24 13:35:00",
  "value" : "63"
},{
  "dateTime" : "04/07/24 13:36:00",
  "value" : "17"
},{
  "dateTime" : "04/07/24 13:43:00",
  "value" : "1"
},{
  "dateTime" : "04/07/24 13:44:00",
  "value" : "24"
},{
  "dateTime" : "04/07/24 14:33:00",
  "value" : "1"
},{
  "dateTime" : "04/07/24 14:34:00",
  "value" : "25"
},{
  "dateTime" : "04/07/24 14:35:00",
  "value" : "1"
},{
  "dateTime" : "04/07/24 14:36:00",
  "value" : "29"
},{
  "dateTime" : "04/07/24 14:37:00",
  "value" : "111"
},{
  "dateTime" : "04/07/24 14:38:00",
  "value" : "104"
},{
  "dateTime" : "04/07/24 14:39:00",
  "value" : "33"
},{
  "dateTime" : "04/07/24 14:40:00",
  "value" : "12"
},{
  "dateTime" : "04/07/24 14:41:00",
  "value" : "21"
},{
  "dateTime" : "04/07/24 14:42:00",
  "value" : "17"
},{
  "dateTime" : "04/07/24 14:43:00",
  "value" : "34"
},{
  "dateTime" : "04/07/24 14:44:00",
  "value" : "55"
},{
  "dateTime" : "04/07/24 14:45:00",
  "value" : "9"
},{
  "dateTime" : "04/07/24 14:46:00",
  "value" : "112"
},{
  "dateTime" : "04/07/24 14:47:00",
  "value" : "52"
},{
  "dateTime" : "04/07/24 14:49:00",
  "value" : "3"
},{
  "dateTime" : "04/07/24 14:50:00",
  "value" : "95"
},{
  "dateTime" : "04/07/24 14:51:00",
  "value" : "27"
},{
  "dateTime" : "04/07/24 14:52:00",
  "value" : "72"
},{
  "dateTime" : "04/07/24 14:53:00",
  "value" : "0"
},{
  "dateTime" : "04/07/24 14:54:00",
  "value" : "10"
},{
  "dateTime" : "04/07/24 14:55:00",
  "value" : "30"
},{
  "dateTime" : "04/07/24 17:07:00",
  "value" : "1"
},{
  "dateTime" : "04/07/24 17:08:00",
  "value" : "10"
},{
  "dateTime" : "04/07/24 17:09:00",
  "value" : "12"
},{
  "dateTime" : "04/07/24 17:10:00",
  "value" : "7"
},{
  "dateTime" : "04/07/24 17:11:00",
  "value" : "37"
},{
  "dateTime" : "04/07/24 17:12:00",
  "value" : "6"
},{
  "dateTime" : "04/07/24 18:33:00",
  "value" : "1"
},{
  "dateTime" : "04/07/24 18:34:00",
  "value" : "15"
},{
  "dateTime" : "04/07/24 18:35:00",
  "value" : "22"
},{
  "dateTime" : "04/07/24 18:36:00",
  "value" : "16"
},{
  "dateTime" : "04/07/24 18:43:00",
  "value" : "1"
},{
  "dateTime" : "04/07/24 18:44:00",
  "value" : "11"
},{
  "dateTime" : "04/07/24 18:45:00",
  "value" : "13"
},{
  "dateTime" : "04/07/24 18:46:00",
  "value" : "23"
},{
  "dateTime" : "04/07/24 21:28:00",
  "value" : "2"
},{
  "dateTime" : "04/07/24 21:29:00",
  "value" : "2"
},{
  "dateTime" : "04/07/24 21:31:00",
  "value" : "0"
},{
  "dateTime" : "04/07/24 21:32:00",
  "value" : "3"
},{
  "dateTime" : "04/07/24 21:33:00",
  "value" : "26"
},{
  "dateTime" : "04/07/24 21:34:00",
  "value" : "31"
},{
  "dateTime" : "04/07/24 23:07:00",
  "value" : "1"
},{
  "dateTime" : "04/07/24 23:08:00",
  "value" : "28"
},{
  "dateTime" : "04/07/24 23:13:00",
  "value" : "1"
},{
  "dateTime" : "04/07/24 23:14:00",
  "value" : "36"
},{
  "dateTime" : "04/07/24 23:15:00",
  "value" : "0"
},{
  "dateTime" : "04/08/24 01:30:00",
  "value" : "0"
},{
  "dateTime" : "04/08/24 01:31:00",
  "value" : "4"
},{
  "dateTime" : "04/08/24 01:32:00",
  "value" : "12"
},{
  "dateTime" : "04/08/24 01:33:00",
  "value" : "8"
},{
  "dateTime" : "04/08/24 01:34:00",
  "value" : "2"
},{
  "dateTime" : "04/08/24 01:35:00",
  "value" : "3"
},{
  "dateTime" : "04/08/24 01:36:00",
  "value" : "2"
},{
  "dateTime" : "04/08/24 01:37:00",
  "value" : "13"
},{
  "dateTime" : "04/08/24 01:45:00",
  "value" : "0"
},{
  "dateTime" : "04/08/24 01:46:00",
  "value" : "6"
},{
  "dateTime" : "04/08/24 01:47:00",
  "value" : "27"
},{
  "dateTime" : "04/08/24 01:56:00",
  "value" : "1"
},{
  "dateTime" : "04/08/24 01:57:00",
  "value" : "10"
},{
  "dateTime" : "04/08/24 01:58:00",
  "value" : "1"
},{
  "dateTime" : "04/08/24 01:59:00",
  "value" : "32"
},{
  "dateTime" : "04/08/24 02:00:00",
  "value" : "10"
},{
  "dateTime" : "04/08/24 02:01:00",
  "value" : "2"
},{
  "dateTime" : "04/08/24 02:02:00",
  "value" : "57"
},{
  "dateTime" : "04/08/24 02:03:00",
  "value" : "33"
},{
  "dateTime" : "04/08/24 02:04:00",
  "value" : "32"
},{
  "dateTime" : "04/08/24 02:05:00",
  "value" : "11"
},{
  "dateTime" : "04/08/24 02:10:00",
  "value" : "0"
},{
  "dateTime" : "04/08/24 02:11:00",
  "value" : "8"
},{
  "dateTime" : "04/08/24 08:55:00",
  "value" : "2"
},{
  "dateTime" : "04/08/24 08:56:00",
  "value" : "1"
},{
  "dateTime" : "04/08/24 09:51:00",
  "value" : "0"
},{
  "dateTime" : "04/08/24 09:52:00",
  "value" : "7"
},{
  "dateTime" : "04/08/24 09:53:00",
  "value" : "14"
},{
  "dateTime" : "04/08/24 10:37:00",
  "value" : "1"
},{
  "dateTime" : "04/08/24 10:38:00",
  "value" : "2"
},{
  "dateTime" : "04/08/24 11:54:00",
  "value" : "1"
},{
  "dateTime" : "04/08/24 11:55:00",
  "value" : "2"
},{
  "dateTime" : "04/08/24 12:21:00",
  "value" : "0"
},{
  "dateTime" : "04/08/24 12:22:00",
  "value" : "8"
},{
  "dateTime" : "04/08/24 12:25:00",
  "value" : "1"
},{
  "dateTime" : "04/08/24 12:26:00",
  "value" : "5"
},{
  "dateTime" : "04/08/24 12:42:00",
  "value" : "1"
},{
  "dateTime" : "04/08/24 12:43:00",
  "value" : "30"
},{
  "dateTime" : "04/08/24 12:44:00",
  "value" : "1"
},{
  "dateTime" : "04/08/24 12:45:00",
  "value" : "17"
},{
  "dateTime" : "04/08/24 12:46:00",
  "value" : "20"
},{
  "dateTime" : "04/08/24 12:47:00",
  "value" : "0"
},{
  "dateTime" : "04/08/24 12:48:00",
  "value" : "10"
},{
  "dateTime" : "04/08/24 12:56:00",
  "value" : "1"
},{
  "dateTime" : "04/08/24 12:57:00",
  "value" : "31"
},{
  "dateTime" : "04/08/24 12:58:00",
  "value" : "13"
},{
  "dateTime" : "04/08/24 12:59:00",
  "value" : "14"
},{
  "dateTime" : "04/08/24 13:00:00",
  "value" : "0"
},{
  "dateTime" : "04/08/24 13:01:00",
  "value" : "4"
},{
  "dateTime" : "04/08/24 13:02:00",
  "value" : "5"
},{
  "dateTime" : "04/08/24 13:03:00",
  "value" : "0"
},{
  "dateTime" : "04/08/24 13:04:00",
  "value" : "28"
},{
  "dateTime" : "04/08/24 13:05:00",
  "value" : "46"
},{
  "dateTime" : "04/08/24 13:06:00",
  "value" : "36"
},{
  "dateTime" : "04/08/24 13:07:00",
  "value" : "47"
},{
  "dateTime" : "04/08/24 13:08:00",
  "value" : "33"
},{
  "dateTime" : "04/08/24 13:35:00",
  "value" : "0"
},{
  "dateTime" : "04/08/24 13:36:00",
  "value" : "36"
},{
  "dateTime" : "04/08/24 13:37:00",
  "value" : "37"
},{
  "dateTime" : "04/08/24 13:38:00",
  "value" : "33"
},{
  "dateTime" : "04/08/24 13:39:00",
  "value" : "63"
},{
  "dateTime" : "04/08/24 13:40:00",
  "value" : "5"
},{
  "dateTime" : "04/08/24 13:41:00",
  "value" : "1"
},{
  "dateTime" : "04/08/24 13:42:00",
  "value" : "30"
},{
  "dateTime" : "04/08/24 13:43:00",
  "value" : "1"
},{
  "dateTime" : "04/08/24 13:44:00",
  "value" : "1"
},{
  "dateTime" : "04/08/24 14:06:00",
  "value" : "1"
},{
  "dateTime" : "04/08/24 14:07:00",
  "value" : "11"
},{
  "dateTime" : "04/08/24 14:19:00",
  "value" : "3"
},{
  "dateTime" : "04/08/24 14:20:00",
  "value" : "1"
},{
  "dateTime" : "04/08/24 14:32:00",
  "value" : "1"
},{
  "dateTime" : "04/08/24 14:33:00",
  "value" : "8"
},{
  "dateTime" : "04/08/24 14:34:00",
  "value" : "39"
},{
  "dateTime" : "04/08/24 14:35:00",
  "value" : "13"
},{
  "dateTime" : "04/08/24 14:36:00",
  "value" : "13"
},{
  "dateTime" : "04/08/24 14:37:00",
  "value" : "22"
},{
  "dateTime" : "04/08/24 15:10:00",
  "value" : "1"
},{
  "dateTime" : "04/08/24 15:11:00",
  "value" : "8"
},{
  "dateTime" : "04/08/24 15:12:00",
  "value" : "11"
},{
  "dateTime" : "04/08/24 15:15:00",
  "value" : "1"
},{
  "dateTime" : "04/08/24 15:16:00",
  "value" : "18"
},{
  "dateTime" : "04/08/24 15:17:00",
  "value" : "18"
},{
  "dateTime" : "04/08/24 15:18:00",
  "value" : "12"
},{
  "dateTime" : "04/08/24 15:19:00",
  "value" : "20"
},{
  "dateTime" : "04/08/24 15:20:00",
  "value" : "6"
},{
  "dateTime" : "04/08/24 15:21:00",
  "value" : "5"
},{
  "dateTime" : "04/08/24 15:22:00",
  "value" : "8"
},{
  "dateTime" : "04/08/24 15:30:00",
  "value" : "1"
},{
  "dateTime" : "04/08/24 15:31:00",
  "value" : "30"
},{
  "dateTime" : "04/08/24 15:32:00",
  "value" : "3"
},{
  "dateTime" : "04/08/24 15:33:00",
  "value" : "94"
},{
  "dateTime" : "04/08/24 15:34:00",
  "value" : "112"
},{
  "dateTime" : "04/08/24 15:35:00",
  "value" : "111"
},{
  "dateTime" : "04/08/24 15:36:00",
  "value" : "110"
},{
  "dateTime" : "04/08/24 15:37:00",
  "value" : "110"
},{
  "dateTime" : "04/08/24 15:38:00",
  "value" : "111"
},{
  "dateTime" : "04/08/24 15:39:00",
  "value" : "97"
},{
  "dateTime" : "04/08/24 15:40:00",
  "value" : "75"
},{
  "dateTime" : "04/08/24 15:41:00",
  "value" : "17"
},{
  "dateTime" : "04/08/24 15:43:00",
  "value" : "1"
},{
  "dateTime" : "04/08/24 15:44:00",
  "value" : "39"
},{
  "dateTime" : "04/08/24 15:45:00",
  "value" : "46"
},{
  "dateTime" : "04/08/24 15:46:00",
  "value" : "104"
},{
  "dateTime" : "04/08/24 15:47:00",
  "value" : "16"
},{
  "dateTime" : "04/08/24 15:48:00",
  "value" : "0"
},{
  "dateTime" : "04/08/24 15:49:00",
  "value" : "25"
},{
  "dateTime" : "04/08/24 15:50:00",
  "value" : "114"
},{
  "dateTime" : "04/08/24 15:51:00",
  "value" : "115"
},{
  "dateTime" : "04/08/24 15:52:00",
  "value" : "96"
},{
  "dateTime" : "04/08/24 15:57:00",
  "value" : "0"
},{
  "dateTime" : "04/08/24 15:58:00",
  "value" : "7"
},{
  "dateTime" : "04/08/24 15:59:00",
  "value" : "113"
},{
  "dateTime" : "04/08/24 16:00:00",
  "value" : "112"
},{
  "dateTime" : "04/08/24 16:01:00",
  "value" : "113"
},{
  "dateTime" : "04/08/24 16:02:00",
  "value" : "112"
},{
  "dateTime" : "04/08/24 16:03:00",
  "value" : "111"
},{
  "dateTime" : "04/08/24 16:04:00",
  "value" : "109"
},{
  "dateTime" : "04/08/24 16:05:00",
  "value" : "112"
},{
  "dateTime" : "04/08/24 16:06:00",
  "value" : "107"
},{
  "dateTime" : "04/08/24 16:07:00",
  "value" : "73"
},{
  "dateTime" : "04/08/24 16:08:00",
  "value" : "1"
},{
  "dateTime" : "04/08/24 16:11:00",
  "value" : "0"
},{
  "dateTime" : "04/08/24 16:12:00",
  "value" : "3"
},{
  "dateTime" : "04/08/24 16:13:00",
  "value" : "3"
},{
  "dateTime" : "04/08/24 16:46:00",
  "value" : "1"
},{
  "dateTime" : "04/08/24 16:47:00",
  "value" : "27"
},{
  "dateTime" : "04/08/24 17:18:00",
  "value" : "2"
},{
  "dateTime" : "04/08/24 17:19:00",
  "value" : "0"
},{
  "dateTime" : "04/08/24 17:29:00",
  "value" : "1"
},{
  "dateTime" : "04/08/24 17:30:00",
  "value" : "23"
},{
  "dateTime" : "04/08/24 17:31:00",
  "value" : "2"
},{
  "dateTime" : "04/08/24 17:32:00",
  "value" : "53"
},{
  "dateTime" : "04/08/24 17:33:00",
  "value" : "51"
},{
  "dateTime" : "04/08/24 17:34:00",
  "value" : "1"
},{
  "dateTime" : "04/08/24 17:35:00",
  "value" : "3"
},{
  "dateTime" : "04/08/24 18:52:00",
  "value" : "2"
},{
  "dateTime" : "04/08/24 18:53:00",
  "value" : "3"
},{
  "dateTime" : "04/08/24 18:58:00",
  "value" : "3"
},{
  "dateTime" : "04/08/24 18:59:00",
  "value" : "3"
},{
  "dateTime" : "04/08/24 19:00:00",
  "value" : "0"
},{
  "dateTime" : "04/08/24 19:32:00",
  "value" : "1"
},{
  "dateTime" : "04/08/24 19:33:00",
  "value" : "0"
},{
  "dateTime" : "04/08/24 19:37:00",
  "value" : "1"
},{
  "dateTime" : "04/08/24 19:38:00",
  "value" : "4"
},{
  "dateTime" : "04/08/24 20:06:00",
  "value" : "1"
},{
  "dateTime" : "04/08/24 20:07:00",
  "value" : "8"
},{
  "dateTime" : "04/08/24 20:08:00",
  "value" : "4"
},{
  "dateTime" : "04/08/24 20:09:00",
  "value" : "2"
},{
  "dateTime" : "04/08/24 20:10:00",
  "value" : "10"
},{
  "dateTime" : "04/08/24 20:11:00",
  "value" : "14"
},{
  "dateTime" : "04/08/24 20:15:00",
  "value" : "2"
},{
  "dateTime" : "04/08/24 20:16:00",
  "value" : "6"
},{
  "dateTime" : "04/08/24 20:18:00",
  "value" : "1"
},{
  "dateTime" : "04/08/24 20:19:00",
  "value" : "4"
},{
  "dateTime" : "04/08/24 20:20:00",
  "value" : "1"
},{
  "dateTime" : "04/08/24 20:21:00",
  "value" : "50"
},{
  "dateTime" : "04/08/24 20:22:00",
  "value" : "109"
},{
  "dateTime" : "04/08/24 20:23:00",
  "value" : "108"
},{
  "dateTime" : "04/08/24 20:24:00",
  "value" : "115"
},{
  "dateTime" : "04/08/24 20:25:00",
  "value" : "66"
},{
  "dateTime" : "04/08/24 20:26:00",
  "value" : "40"
},{
  "dateTime" : "04/08/24 20:27:00",
  "value" : "19"
},{
  "dateTime" : "04/08/24 20:30:00",
  "value" : "2"
},{
  "dateTime" : "04/08/24 20:31:00",
  "value" : "63"
},{
  "dateTime" : "04/08/24 20:32:00",
  "value" : "36"
},{
  "dateTime" : "04/08/24 20:33:00",
  "value" : "103"
},{
  "dateTime" : "04/08/24 20:34:00",
  "value" : "54"
},{
  "dateTime" : "04/08/24 20:35:00",
  "value" : "114"
},{
  "dateTime" : "04/08/24 20:36:00",
  "value" : "80"
},{
  "dateTime" : "04/08/24 20:37:00",
  "value" : "77"
},{
  "dateTime" : "04/08/24 20:38:00",
  "value" : "104"
},{
  "dateTime" : "04/08/24 20:39:00",
  "value" : "103"
},{
  "dateTime" : "04/08/24 20:40:00",
  "value" : "22"
},{
  "dateTime" : "04/08/24 20:41:00",
  "value" : "42"
},{
  "dateTime" : "04/08/24 20:45:00",
  "value" : "0"
},{
  "dateTime" : "04/08/24 20:46:00",
  "value" : "19"
},{
  "dateTime" : "04/08/24 20:47:00",
  "value" : "54"
},{
  "dateTime" : "04/08/24 20:53:00",
  "value" : "2"
},{
  "dateTime" : "04/08/24 20:54:00",
  "value" : "0"
},{
  "dateTime" : "04/08/24 21:10:00",
  "value" : "1"
},{
  "dateTime" : "04/08/24 21:11:00",
  "value" : "35"
},{
  "dateTime" : "04/08/24 21:12:00",
  "value" : "37"
},{
  "dateTime" : "04/08/24 21:13:00",
  "value" : "1"
},{
  "dateTime" : "04/08/24 21:16:00",
  "value" : "1"
},{
  "dateTime" : "04/08/24 21:17:00",
  "value" : "4"
},{
  "dateTime" : "04/08/24 21:20:00",
  "value" : "3"
},{
  "dateTime" : "04/08/24 21:21:00",
  "value" : "72"
},{
  "dateTime" : "04/08/24 21:22:00",
  "value" : "39"
},{
  "dateTime" : "04/08/24 21:23:00",
  "value" : "4"
},{
  "dateTime" : "04/08/24 21:24:00",
  "value" : "5"
},{
  "dateTime" : "04/08/24 22:06:00",
  "value" : "0"
},{
  "dateTime" : "04/08/24 22:07:00",
  "value" : "11"
},{
  "dateTime" : "04/08/24 22:08:00",
  "value" : "0"
},{
  "dateTime" : "04/08/24 22:47:00",
  "value" : "2"
},{
  "dateTime" : "04/08/24 22:48:00",
  "value" : "5"
},{
  "dateTime" : "04/08/24 23:20:00",
  "value" : "3"
},{
  "dateTime" : "04/08/24 23:21:00",
  "value" : "4"
},{
  "dateTime" : "04/08/24 23:25:00",
  "value" : "0"
},{
  "dateTime" : "04/08/24 23:26:00",
  "value" : "3"
},{
  "dateTime" : "04/08/24 23:27:00",
  "value" : "37"
},{
  "dateTime" : "04/08/24 23:28:00",
  "value" : "38"
},{
  "dateTime" : "04/08/24 23:29:00",
  "value" : "100"
},{
  "dateTime" : "04/08/24 23:30:00",
  "value" : "37"
},{
  "dateTime" : "04/08/24 23:31:00",
  "value" : "4"
},{
  "dateTime" : "04/08/24 23:32:00",
  "value" : "34"
},{
  "dateTime" : "04/08/24 23:33:00",
  "value" : "5"
},{
  "dateTime" : "04/08/24 23:34:00",
  "value" : "4"
},{
  "dateTime" : "04/08/24 23:35:00",
  "value" : "4"
},{
  "dateTime" : "04/08/24 23:36:00",
  "value" : "0"
},{
  "dateTime" : "04/08/24 23:37:00",
  "value" : "13"
},{
  "dateTime" : "04/08/24 23:38:00",
  "value" : "114"
},{
  "dateTime" : "04/08/24 23:39:00",
  "value" : "63"
},{
  "dateTime" : "04/08/24 23:40:00",
  "value" : "2"
},{
  "dateTime" : "04/08/24 23:41:00",
  "value" : "11"
},{
  "dateTime" : "04/08/24 23:42:00",
  "value" : "0"
},{
  "dateTime" : "04/08/24 23:43:00",
  "value" : "10"
},{
  "dateTime" : "04/08/24 23:44:00",
  "value" : "1"
},{
  "dateTime" : "04/08/24 23:45:00",
  "value" : "5"
},{
  "dateTime" : "04/08/24 23:46:00",
  "value" : "1"
},{
  "dateTime" : "04/08/24 23:47:00",
  "value" : "4"
},{
  "dateTime" : "04/08/24 23:48:00",
  "value" : "4"
},{
  "dateTime" : "04/08/24 23:54:00",
  "value" : "1"
},{
  "dateTime" : "04/08/24 23:55:00",
  "value" : "5"
},{
  "dateTime" : "04/08/24 23:56:00",
  "value" : "1"
},{
  "dateTime" : "04/08/24 23:57:00",
  "value" : "3"
},{
  "dateTime" : "04/08/24 23:58:00",
  "value" : "3"
},{
  "dateTime" : "04/09/24 00:00:00",
  "value" : "5"
},{
  "dateTime" : "04/09/24 00:01:00",
  "value" : "32"
},{
  "dateTime" : "04/09/24 00:02:00",
  "value" : "1"
},{
  "dateTime" : "04/09/24 00:03:00",
  "value" : "12"
},{
  "dateTime" : "04/09/24 00:04:00",
  "value" : "47"
},{
  "dateTime" : "04/09/24 00:05:00",
  "value" : "6"
},{
  "dateTime" : "04/09/24 00:06:00",
  "value" : "6"
},{
  "dateTime" : "04/09/24 00:07:00",
  "value" : "81"
},{
  "dateTime" : "04/09/24 00:08:00",
  "value" : "109"
},{
  "dateTime" : "04/09/24 00:09:00",
  "value" : "108"
},{
  "dateTime" : "04/09/24 00:10:00",
  "value" : "107"
},{
  "dateTime" : "04/09/24 00:11:00",
  "value" : "112"
},{
  "dateTime" : "04/09/24 00:12:00",
  "value" : "108"
},{
  "dateTime" : "04/09/24 00:13:00",
  "value" : "40"
},{
  "dateTime" : "04/09/24 00:14:00",
  "value" : "104"
},{
  "dateTime" : "04/09/24 00:15:00",
  "value" : "102"
},{
  "dateTime" : "04/09/24 00:16:00",
  "value" : "45"
},{
  "dateTime" : "04/09/24 00:17:00",
  "value" : "77"
},{
  "dateTime" : "04/09/24 00:19:00",
  "value" : "2"
},{
  "dateTime" : "04/09/24 00:20:00",
  "value" : "4"
},{
  "dateTime" : "04/09/24 00:21:00",
  "value" : "33"
},{
  "dateTime" : "04/09/24 00:22:00",
  "value" : "63"
},{
  "dateTime" : "04/09/24 00:23:00",
  "value" : "113"
},{
  "dateTime" : "04/09/24 00:24:00",
  "value" : "114"
},{
  "dateTime" : "04/09/24 00:25:00",
  "value" : "113"
},{
  "dateTime" : "04/09/24 00:26:00",
  "value" : "112"
},{
  "dateTime" : "04/09/24 00:27:00",
  "value" : "113"
},{
  "dateTime" : "04/09/24 00:28:00",
  "value" : "62"
},{
  "dateTime" : "04/09/24 00:30:00",
  "value" : "1"
},{
  "dateTime" : "04/09/24 00:31:00",
  "value" : "18"
},{
  "dateTime" : "04/09/24 00:32:00",
  "value" : "1"
},{
  "dateTime" : "04/09/24 00:38:00",
  "value" : "1"
},{
  "dateTime" : "04/09/24 00:39:00",
  "value" : "2"
},{
  "dateTime" : "04/09/24 00:40:00",
  "value" : "2"
},{
  "dateTime" : "04/09/24 00:41:00",
  "value" : "5"
},{
  "dateTime" : "04/09/24 00:42:00",
  "value" : "12"
},{
  "dateTime" : "04/09/24 01:19:00",
  "value" : "1"
},{
  "dateTime" : "04/09/24 01:20:00",
  "value" : "9"
},{
  "dateTime" : "04/09/24 02:24:00",
  "value" : "3"
},{
  "dateTime" : "04/09/24 02:25:00",
  "value" : "19"
},{
  "dateTime" : "04/09/24 02:27:00",
  "value" : "1"
},{
  "dateTime" : "04/09/24 02:28:00",
  "value" : "7"
},{
  "dateTime" : "04/09/24 02:47:00",
  "value" : "1"
},{
  "dateTime" : "04/09/24 02:48:00",
  "value" : "3"
},{
  "dateTime" : "04/09/24 03:06:00",
  "value" : "1"
},{
  "dateTime" : "04/09/24 03:07:00",
  "value" : "2"
},{
  "dateTime" : "04/09/24 06:58:00",
  "value" : "0"
},{
  "dateTime" : "04/09/24 06:59:00",
  "value" : "6"
},{
  "dateTime" : "04/09/24 12:24:00",
  "value" : "1"
},{
  "dateTime" : "04/09/24 12:25:00",
  "value" : "9"
},{
  "dateTime" : "04/09/24 12:49:00",
  "value" : "0"
},{
  "dateTime" : "04/09/24 12:50:00",
  "value" : "14"
},{
  "dateTime" : "04/09/24 12:51:00",
  "value" : "2"
},{
  "dateTime" : "04/09/24 12:56:00",
  "value" : "0"
},{
  "dateTime" : "04/09/24 12:57:00",
  "value" : "10"
},{
  "dateTime" : "04/09/24 12:58:00",
  "value" : "39"
},{
  "dateTime" : "04/09/24 12:59:00",
  "value" : "10"
},{
  "dateTime" : "04/09/24 13:00:00",
  "value" : "32"
},{
  "dateTime" : "04/09/24 13:01:00",
  "value" : "2"
},{
  "dateTime" : "04/09/24 13:04:00",
  "value" : "0"
},{
  "dateTime" : "04/09/24 13:05:00",
  "value" : "4"
},{
  "dateTime" : "04/09/24 13:06:00",
  "value" : "46"
},{
  "dateTime" : "04/09/24 13:20:00",
  "value" : "2"
},{
  "dateTime" : "04/09/24 13:21:00",
  "value" : "8"
},{
  "dateTime" : "04/09/24 13:22:00",
  "value" : "30"
},{
  "dateTime" : "04/09/24 13:23:00",
  "value" : "60"
},{
  "dateTime" : "04/09/24 13:24:00",
  "value" : "0"
},{
  "dateTime" : "04/09/24 13:27:00",
  "value" : "0"
},{
  "dateTime" : "04/09/24 13:28:00",
  "value" : "4"
},{
  "dateTime" : "04/09/24 13:29:00",
  "value" : "7"
},{
  "dateTime" : "04/09/24 13:30:00",
  "value" : "0"
},{
  "dateTime" : "04/09/24 13:31:00",
  "value" : "10"
},{
  "dateTime" : "04/09/24 13:32:00",
  "value" : "4"
},{
  "dateTime" : "04/09/24 13:33:00",
  "value" : "5"
},{
  "dateTime" : "04/09/24 14:05:00",
  "value" : "1"
},{
  "dateTime" : "04/09/24 14:06:00",
  "value" : "6"
},{
  "dateTime" : "04/09/24 14:27:00",
  "value" : "0"
},{
  "dateTime" : "04/09/24 14:28:00",
  "value" : "22"
},{
  "dateTime" : "04/09/24 14:34:00",
  "value" : "3"
},{
  "dateTime" : "04/09/24 14:35:00",
  "value" : "3"
},{
  "dateTime" : "04/09/24 14:40:00",
  "value" : "1"
},{
  "dateTime" : "04/09/24 14:41:00",
  "value" : "8"
},{
  "dateTime" : "04/09/24 14:42:00",
  "value" : "2"
},{
  "dateTime" : "04/09/24 14:43:00",
  "value" : "19"
},{
  "dateTime" : "04/09/24 15:10:00",
  "value" : "1"
},{
  "dateTime" : "04/09/24 15:11:00",
  "value" : "2"
},{
  "dateTime" : "04/09/24 17:02:00",
  "value" : "1"
},{
  "dateTime" : "04/09/24 17:03:00",
  "value" : "1"
},{
  "dateTime" : "04/09/24 17:38:00",
  "value" : "1"
},{
  "dateTime" : "04/09/24 17:39:00",
  "value" : "51"
},{
  "dateTime" : "04/09/24 17:40:00",
  "value" : "99"
},{
  "dateTime" : "04/09/24 17:41:00",
  "value" : "19"
},{
  "dateTime" : "04/09/24 17:42:00",
  "value" : "72"
},{
  "dateTime" : "04/09/24 17:43:00",
  "value" : "10"
},{
  "dateTime" : "04/09/24 17:45:00",
  "value" : "0"
},{
  "dateTime" : "04/09/24 17:46:00",
  "value" : "21"
},{
  "dateTime" : "04/09/24 17:54:00",
  "value" : "0"
},{
  "dateTime" : "04/09/24 17:55:00",
  "value" : "13"
},{
  "dateTime" : "04/09/24 18:01:00",
  "value" : "2"
},{
  "dateTime" : "04/09/24 18:02:00",
  "value" : "79"
},{
  "dateTime" : "04/09/24 18:03:00",
  "value" : "72"
},{
  "dateTime" : "04/09/24 18:21:00",
  "value" : "2"
},{
  "dateTime" : "04/09/24 18:22:00",
  "value" : "4"
},{
  "dateTime" : "04/09/24 18:44:00",
  "value" : "0"
},{
  "dateTime" : "04/09/24 18:45:00",
  "value" : "2"
},{
  "dateTime" : "04/09/24 22:37:00",
  "value" : "1"
},{
  "dateTime" : "04/09/24 22:38:00",
  "value" : "11"
},{
  "dateTime" : "04/09/24 22:39:00",
  "value" : "18"
},{
  "dateTime" : "04/09/24 22:41:00",
  "value" : "2"
},{
  "dateTime" : "04/09/24 22:42:00",
  "value" : "30"
},{
  "dateTime" : "04/09/24 22:43:00",
  "value" : "12"
},{
  "dateTime" : "04/09/24 22:44:00",
  "value" : "1"
},{
  "dateTime" : "04/09/24 22:45:00",
  "value" : "3"
},{
  "dateTime" : "04/09/24 22:46:00",
  "value" : "5"
},{
  "dateTime" : "04/09/24 22:50:00",
  "value" : "1"
},{
  "dateTime" : "04/09/24 22:51:00",
  "value" : "4"
},{
  "dateTime" : "04/09/24 22:55:00",
  "value" : "1"
},{
  "dateTime" : "04/09/24 22:56:00",
  "value" : "11"
},{
  "dateTime" : "04/09/24 23:00:00",
  "value" : "2"
},{
  "dateTime" : "04/09/24 23:01:00",
  "value" : "12"
},{
  "dateTime" : "04/09/24 23:02:00",
  "value" : "16"
},{
  "dateTime" : "04/09/24 23:11:00",
  "value" : "3"
},{
  "dateTime" : "04/09/24 23:12:00",
  "value" : "4"
},{
  "dateTime" : "04/09/24 23:13:00",
  "value" : "23"
},{
  "dateTime" : "04/09/24 23:20:00",
  "value" : "2"
},{
  "dateTime" : "04/09/24 23:21:00",
  "value" : "20"
},{
  "dateTime" : "04/09/24 23:23:00",
  "value" : "1"
},{
  "dateTime" : "04/09/24 23:24:00",
  "value" : "22"
},{
  "dateTime" : "04/09/24 23:25:00",
  "value" : "42"
},{
  "dateTime" : "04/09/24 23:26:00",
  "value" : "40"
},{
  "dateTime" : "04/09/24 23:27:00",
  "value" : "16"
},{
  "dateTime" : "04/09/24 23:28:00",
  "value" : "6"
},{
  "dateTime" : "04/10/24 00:14:00",
  "value" : "2"
},{
  "dateTime" : "04/10/24 00:15:00",
  "value" : "1"
},{
  "dateTime" : "04/10/24 01:45:00",
  "value" : "2"
},{
  "dateTime" : "04/10/24 01:46:00",
  "value" : "0"
},{
  "dateTime" : "04/10/24 02:40:00",
  "value" : "1"
},{
  "dateTime" : "04/10/24 02:41:00",
  "value" : "1"
},{
  "dateTime" : "04/10/24 02:49:00",
  "value" : "4"
},{
  "dateTime" : "04/10/24 02:50:00",
  "value" : "0"
},{
  "dateTime" : "04/10/24 11:07:00",
  "value" : "1"
},{
  "dateTime" : "04/10/24 11:08:00",
  "value" : "8"
},{
  "dateTime" : "04/10/24 11:51:00",
  "value" : "1"
},{
  "dateTime" : "04/10/24 11:52:00",
  "value" : "9"
},{
  "dateTime" : "04/10/24 12:14:00",
  "value" : "1"
},{
  "dateTime" : "04/10/24 12:15:00",
  "value" : "9"
},{
  "dateTime" : "04/10/24 12:43:00",
  "value" : "1"
},{
  "dateTime" : "04/10/24 12:44:00",
  "value" : "13"
},{
  "dateTime" : "04/10/24 12:45:00",
  "value" : "1"
},{
  "dateTime" : "04/10/24 12:46:00",
  "value" : "10"
},{
  "dateTime" : "04/10/24 12:50:00",
  "value" : "1"
},{
  "dateTime" : "04/10/24 12:51:00",
  "value" : "12"
},{
  "dateTime" : "04/10/24 12:52:00",
  "value" : "36"
},{
  "dateTime" : "04/10/24 12:53:00",
  "value" : "31"
},{
  "dateTime" : "04/10/24 12:54:00",
  "value" : "46"
},{
  "dateTime" : "04/10/24 12:55:00",
  "value" : "5"
},{
  "dateTime" : "04/10/24 12:56:00",
  "value" : "2"
},{
  "dateTime" : "04/10/24 13:01:00",
  "value" : "1"
},{
  "dateTime" : "04/10/24 13:02:00",
  "value" : "19"
},{
  "dateTime" : "04/10/24 13:03:00",
  "value" : "1"
},{
  "dateTime" : "04/10/24 13:04:00",
  "value" : "3"
},{
  "dateTime" : "04/10/24 13:05:00",
  "value" : "10"
},{
  "dateTime" : "04/10/24 13:06:00",
  "value" : "12"
},{
  "dateTime" : "04/10/24 13:07:00",
  "value" : "2"
},{
  "dateTime" : "04/10/24 13:08:00",
  "value" : "18"
},{
  "dateTime" : "04/10/24 13:09:00",
  "value" : "3"
},{
  "dateTime" : "04/10/24 13:10:00",
  "value" : "0"
},{
  "dateTime" : "04/10/24 13:11:00",
  "value" : "3"
},{
  "dateTime" : "04/10/24 13:12:00",
  "value" : "17"
},{
  "dateTime" : "04/10/24 13:13:00",
  "value" : "2"
},{
  "dateTime" : "04/10/24 13:14:00",
  "value" : "33"
},{
  "dateTime" : "04/10/24 13:15:00",
  "value" : "34"
},{
  "dateTime" : "04/10/24 13:21:00",
  "value" : "1"
},{
  "dateTime" : "04/10/24 13:22:00",
  "value" : "25"
},{
  "dateTime" : "04/10/24 13:23:00",
  "value" : "9"
},{
  "dateTime" : "04/10/24 13:26:00",
  "value" : "1"
},{
  "dateTime" : "04/10/24 13:27:00",
  "value" : "7"
},{
  "dateTime" : "04/10/24 13:28:00",
  "value" : "2"
},{
  "dateTime" : "04/10/24 13:29:00",
  "value" : "17"
},{
  "dateTime" : "04/10/24 13:30:00",
  "value" : "40"
},{
  "dateTime" : "04/10/24 13:31:00",
  "value" : "18"
},{
  "dateTime" : "04/10/24 13:32:00",
  "value" : "1"
},{
  "dateTime" : "04/10/24 13:33:00",
  "value" : "4"
},{
  "dateTime" : "04/10/24 13:34:00",
  "value" : "1"
},{
  "dateTime" : "04/10/24 13:35:00",
  "value" : "2"
},{
  "dateTime" : "04/10/24 14:07:00",
  "value" : "0"
},{
  "dateTime" : "04/10/24 14:08:00",
  "value" : "7"
},{
  "dateTime" : "04/10/24 14:09:00",
  "value" : "4"
},{
  "dateTime" : "04/10/24 16:54:00",
  "value" : "0"
},{
  "dateTime" : "04/10/24 16:55:00",
  "value" : "10"
},{
  "dateTime" : "04/10/24 16:59:00",
  "value" : "2"
},{
  "dateTime" : "04/10/24 17:00:00",
  "value" : "1"
},{
  "dateTime" : "04/10/24 17:03:00",
  "value" : "1"
},{
  "dateTime" : "04/10/24 17:04:00",
  "value" : "7"
},{
  "dateTime" : "04/10/24 17:05:00",
  "value" : "9"
},{
  "dateTime" : "04/10/24 17:23:00",
  "value" : "2"
},{
  "dateTime" : "04/10/24 17:24:00",
  "value" : "78"
},{
  "dateTime" : "04/10/24 17:25:00",
  "value" : "50"
},{
  "dateTime" : "04/10/24 17:26:00",
  "value" : "75"
},{
  "dateTime" : "04/10/24 17:27:00",
  "value" : "79"
},{
  "dateTime" : "04/10/24 17:28:00",
  "value" : "30"
},{
  "dateTime" : "04/10/24 17:29:00",
  "value" : "14"
},{
  "dateTime" : "04/10/24 17:30:00",
  "value" : "80"
},{
  "dateTime" : "04/10/24 17:31:00",
  "value" : "2"
},{
  "dateTime" : "04/10/24 21:29:00",
  "value" : "1"
},{
  "dateTime" : "04/10/24 21:30:00",
  "value" : "23"
},{
  "dateTime" : "04/10/24 21:32:00",
  "value" : "1"
},{
  "dateTime" : "04/10/24 21:33:00",
  "value" : "18"
},{
  "dateTime" : "04/10/24 21:34:00",
  "value" : "33"
},{
  "dateTime" : "04/10/24 21:35:00",
  "value" : "11"
},{
  "dateTime" : "04/10/24 21:36:00",
  "value" : "3"
},{
  "dateTime" : "04/10/24 21:37:00",
  "value" : "8"
},{
  "dateTime" : "04/10/24 21:38:00",
  "value" : "10"
},{
  "dateTime" : "04/10/24 21:39:00",
  "value" : "13"
},{
  "dateTime" : "04/10/24 21:40:00",
  "value" : "2"
},{
  "dateTime" : "04/10/24 21:41:00",
  "value" : "1"
},{
  "dateTime" : "04/10/24 21:43:00",
  "value" : "0"
},{
  "dateTime" : "04/10/24 21:44:00",
  "value" : "4"
},{
  "dateTime" : "04/10/24 21:45:00",
  "value" : "19"
},{
  "dateTime" : "04/10/24 21:47:00",
  "value" : "2"
},{
  "dateTime" : "04/10/24 21:48:00",
  "value" : "4"
},{
  "dateTime" : "04/10/24 21:50:00",
  "value" : "2"
},{
  "dateTime" : "04/10/24 21:51:00",
  "value" : "12"
},{
  "dateTime" : "04/10/24 21:54:00",
  "value" : "0"
},{
  "dateTime" : "04/10/24 21:55:00",
  "value" : "1"
},{
  "dateTime" : "04/10/24 22:00:00",
  "value" : "1"
},{
  "dateTime" : "04/10/24 22:01:00",
  "value" : "17"
},{
  "dateTime" : "04/10/24 22:02:00",
  "value" : "6"
},{
  "dateTime" : "04/10/24 22:03:00",
  "value" : "11"
},{
  "dateTime" : "04/10/24 22:04:00",
  "value" : "34"
},{
  "dateTime" : "04/10/24 22:09:00",
  "value" : "1"
},{
  "dateTime" : "04/10/24 22:10:00",
  "value" : "5"
},{
  "dateTime" : "04/10/24 22:11:00",
  "value" : "2"
},{
  "dateTime" : "04/10/24 22:12:00",
  "value" : "26"
},{
  "dateTime" : "04/10/24 22:13:00",
  "value" : "58"
},{
  "dateTime" : "04/10/24 23:33:00",
  "value" : "1"
},{
  "dateTime" : "04/10/24 23:34:00",
  "value" : "25"
},{
  "dateTime" : "04/11/24 00:10:00",
  "value" : "2"
},{
  "dateTime" : "04/11/24 00:11:00",
  "value" : "1"
},{
  "dateTime" : "04/11/24 00:19:00",
  "value" : "1"
},{
  "dateTime" : "04/11/24 00:20:00",
  "value" : "7"
},{
  "dateTime" : "04/11/24 00:21:00",
  "value" : "8"
},{
  "dateTime" : "04/11/24 00:22:00",
  "value" : "9"
},{
  "dateTime" : "04/11/24 00:23:00",
  "value" : "27"
},{
  "dateTime" : "04/11/24 01:35:00",
  "value" : "2"
},{
  "dateTime" : "04/11/24 01:36:00",
  "value" : "10"
},{
  "dateTime" : "04/11/24 01:38:00",
  "value" : "2"
},{
  "dateTime" : "04/11/24 01:39:00",
  "value" : "18"
},{
  "dateTime" : "04/11/24 01:41:00",
  "value" : "0"
},{
  "dateTime" : "04/11/24 01:42:00",
  "value" : "4"
}]