[{
  "dateTime" : "09/12/24 00:50:26",
  "value" : {
    "lapDurationSec" : 17,
    "strokeCount" : 6,
    "swimStrokeType" : "UNKNOWN",
    "swimAlgorithmType" : "EUCLID"
  }
},{
  "dateTime" : "09/12/24 01:01:15",
  "value" : {
    "lapDurationSec" : 19,
    "strokeCount" : 6,
    "swimStrokeType" : "UNKNOWN",
    "swimAlgorithmType" : "EUCLID"
  }
},{
  "dateTime" : "09/12/24 01:04:52",
  "value" : {
    "lapDurationSec" : 15,
    "strokeCount" : 5,
    "swimStrokeType" : "UNKNOWN",
    "swimAlgorithmType" : "EUCLID"
  }
},{
  "dateTime" : "09/12/24 01:33:35",
  "value" : {
    "lapDurationSec" : 27,
    "strokeCount" : 7,
    "swimStrokeType" : "UNKNOWN",
    "swimAlgorithmType" : "EUCLID"
  }
},{
  "dateTime" : "09/22/24 18:48:09",
  "value" : {
    "lapDurationSec" : 23,
    "strokeCount" : 14,
    "swimStrokeType" : "UNKNOWN",
    "swimAlgorithmType" : "EUCLID"
  }
},{
  "dateTime" : "09/28/24 14:46:24",
  "value" : {
    "lapDurationSec" : 16,
    "strokeCount" : 6,
    "swimStrokeType" : "UNKNOWN",
    "swimAlgorithmType" : "EUCLID"
  }
},{
  "dateTime" : "09/28/24 18:18:18",
  "value" : {
    "lapDurationSec" : 15,
    "strokeCount" : 5,
    "swimStrokeType" : "UNKNOWN",
    "swimAlgorithmType" : "EUCLID"
  }
},{
  "dateTime" : "09/28/24 18:26:06",
  "value" : {
    "lapDurationSec" : 9,
    "strokeCount" : 5,
    "swimStrokeType" : "UNKNOWN",
    "swimAlgorithmType" : "EUCLID"
  }
},{
  "dateTime" : "09/29/24 00:17:16",
  "value" : {
    "lapDurationSec" : 9,
    "strokeCount" : 5,
    "swimStrokeType" : "UNKNOWN",
    "swimAlgorithmType" : "EUCLID"
  }
},{
  "dateTime" : "10/04/24 22:09:31",
  "value" : {
    "lapDurationSec" : 14,
    "strokeCount" : 5,
    "swimStrokeType" : "UNKNOWN",
    "swimAlgorithmType" : "EUCLID"
  }
},{
  "dateTime" : "10/04/24 22:14:53",
  "value" : {
    "lapDurationSec" : 22,
    "strokeCount" : 5,
    "swimStrokeType" : "UNKNOWN",
    "swimAlgorithmType" : "EUCLID"
  }
},{
  "dateTime" : "10/04/24 22:16:00",
  "value" : {
    "lapDurationSec" : 35,
    "strokeCount" : 8,
    "swimStrokeType" : "UNKNOWN",
    "swimAlgorithmType" : "EUCLID"
  }
},{
  "dateTime" : "10/04/24 22:23:12",
  "value" : {
    "lapDurationSec" : 33,
    "strokeCount" : 6,
    "swimStrokeType" : "UNKNOWN",
    "swimAlgorithmType" : "EUCLID"
  }
},{
  "dateTime" : "10/04/24 22:23:47",
  "value" : {
    "lapDurationSec" : 33,
    "strokeCount" : 9,
    "swimStrokeType" : "UNKNOWN",
    "swimAlgorithmType" : "EUCLID"
  }
},{
  "dateTime" : "10/04/24 22:40:41",
  "value" : {
    "lapDurationSec" : 14,
    "strokeCount" : 5,
    "swimStrokeType" : "UNKNOWN",
    "swimAlgorithmType" : "EUCLID"
  }
},{
  "dateTime" : "10/05/24 00:40:34",
  "value" : {
    "lapDurationSec" : 18,
    "strokeCount" : 12,
    "swimStrokeType" : "UNKNOWN",
    "swimAlgorithmType" : "EUCLID"
  }
}]