[{
  "dateTime" : "10/14/23 00:00:00",
  "value" : "2"
},{
  "dateTime" : "10/15/23 00:00:00",
  "value" : "27"
},{
  "dateTime" : "10/16/23 00:00:00",
  "value" : "7"
},{
  "dateTime" : "10/17/23 00:00:00",
  "value" : "0"
},{
  "dateTime" : "10/18/23 00:00:00",
  "value" : "0"
},{
  "dateTime" : "10/19/23 00:00:00",
  "value" : "0"
},{
  "dateTime" : "10/20/23 00:00:00",
  "value" : "2"
},{
  "dateTime" : "10/21/23 00:00:00",
  "value" : "0"
},{
  "dateTime" : "10/22/23 00:00:00",
  "value" : "0"
},{
  "dateTime" : "10/23/23 00:00:00",
  "value" : "0"
},{
  "dateTime" : "10/24/23 00:00:00",
  "value" : "32"
},{
  "dateTime" : "10/25/23 00:00:00",
  "value" : "53"
},{
  "dateTime" : "10/26/23 00:00:00",
  "value" : "89"
},{
  "dateTime" : "10/27/23 00:00:00",
  "value" : "0"
},{
  "dateTime" : "10/28/23 00:00:00",
  "value" : "0"
},{
  "dateTime" : "10/29/23 00:00:00",
  "value" : "0"
},{
  "dateTime" : "10/30/23 00:00:00",
  "value" : "0"
},{
  "dateTime" : "10/31/23 00:00:00",
  "value" : "42"
},{
  "dateTime" : "11/01/23 00:00:00",
  "value" : "63"
},{
  "dateTime" : "11/02/23 00:00:00",
  "value" : "24"
},{
  "dateTime" : "11/03/23 00:00:00",
  "value" : "6"
},{
  "dateTime" : "11/04/23 00:00:00",
  "value" : "0"
},{
  "dateTime" : "11/05/23 00:00:00",
  "value" : "6"
},{
  "dateTime" : "11/06/23 00:00:00",
  "value" : "71"
},{
  "dateTime" : "11/07/23 00:00:00",
  "value" : "18"
},{
  "dateTime" : "11/08/23 00:00:00",
  "value" : "8"
},{
  "dateTime" : "11/09/23 00:00:00",
  "value" : "16"
},{
  "dateTime" : "11/10/23 00:00:00",
  "value" : "5"
},{
  "dateTime" : "11/11/23 00:00:00",
  "value" : "127"
},{
  "dateTime" : "11/12/23 00:00:00",
  "value" : "0"
}]