date_time,heart_zone_id,total_minutes
2023-04-26T20:46,FAT_BURN,1
2023-04-26T20:47,FAT_BURN,1
2023-04-26T20:48,FAT_BURN,1
2023-04-26T20:51,FAT_BURN,1
2023-04-26T20:54,FAT_BURN,1
2023-04-26T20:55,FAT_BURN,1
2023-04-26T20:56,FAT_BURN,1
2023-04-26T20:57,FAT_BURN,1
2023-04-26T20:58,FAT_BURN,1
2023-04-26T20:59,FAT_BURN,1
2023-04-26T21:00,FAT_BURN,1
2023-04-26T21:01,FAT_BURN,1
2023-04-26T21:02,FAT_BURN,1
2023-04-26T21:03,FAT_BURN,1
2023-04-26T21:04,FAT_BURN,1
2023-04-26T21:10,FAT_BURN,1
2023-04-26T21:14,FAT_BURN,1
2023-04-26T21:22,FAT_BURN,1