[{
  "dateTime" : "08/04/23 18:58:00",
  "value" : "10"
},{
  "dateTime" : "08/04/23 19:00:00",
  "value" : "10"
},{
  "dateTime" : "08/04/23 20:17:00",
  "value" : "10"
},{
  "dateTime" : "08/04/23 20:53:00",
  "value" : "10"
},{
  "dateTime" : "08/04/23 21:54:00",
  "value" : "10"
},{
  "dateTime" : "08/04/23 22:51:00",
  "value" : "10"
},{
  "dateTime" : "08/04/23 23:01:00",
  "value" : "10"
},{
  "dateTime" : "08/04/23 23:56:00",
  "value" : "10"
},{
  "dateTime" : "08/05/23 00:12:00",
  "value" : "10"
},{
  "dateTime" : "08/05/23 00:48:00",
  "value" : "10"
},{
  "dateTime" : "08/05/23 00:51:00",
  "value" : "10"
},{
  "dateTime" : "08/05/23 01:46:00",
  "value" : "10"
},{
  "dateTime" : "08/05/23 02:47:00",
  "value" : "10"
},{
  "dateTime" : "08/05/23 10:31:00",
  "value" : "10"
},{
  "dateTime" : "08/05/23 10:55:00",
  "value" : "10"
},{
  "dateTime" : "08/05/23 12:01:00",
  "value" : "10"
},{
  "dateTime" : "08/05/23 12:28:00",
  "value" : "10"
},{
  "dateTime" : "08/05/23 13:03:00",
  "value" : "10"
},{
  "dateTime" : "08/05/23 13:19:00",
  "value" : "10"
},{
  "dateTime" : "08/05/23 13:35:00",
  "value" : "10"
},{
  "dateTime" : "08/05/23 14:11:00",
  "value" : "10"
},{
  "dateTime" : "08/05/23 14:48:00",
  "value" : "10"
},{
  "dateTime" : "08/05/23 15:18:00",
  "value" : "10"
},{
  "dateTime" : "08/05/23 15:29:00",
  "value" : "10"
},{
  "dateTime" : "08/05/23 15:40:00",
  "value" : "10"
},{
  "dateTime" : "08/05/23 15:45:00",
  "value" : "10"
},{
  "dateTime" : "08/05/23 16:28:00",
  "value" : "10"
},{
  "dateTime" : "08/05/23 16:55:00",
  "value" : "20"
},{
  "dateTime" : "08/05/23 17:04:00",
  "value" : "10"
},{
  "dateTime" : "08/05/23 17:22:00",
  "value" : "10"
},{
  "dateTime" : "08/05/23 17:23:00",
  "value" : "10"
},{
  "dateTime" : "08/05/23 17:33:00",
  "value" : "10"
},{
  "dateTime" : "08/05/23 18:08:00",
  "value" : "10"
},{
  "dateTime" : "08/05/23 18:58:00",
  "value" : "10"
},{
  "dateTime" : "08/05/23 18:59:00",
  "value" : "10"
},{
  "dateTime" : "08/05/23 19:02:00",
  "value" : "10"
},{
  "dateTime" : "08/05/23 19:16:00",
  "value" : "10"
},{
  "dateTime" : "08/05/23 19:27:00",
  "value" : "20"
},{
  "dateTime" : "08/05/23 20:38:00",
  "value" : "10"
},{
  "dateTime" : "08/05/23 21:18:00",
  "value" : "10"
},{
  "dateTime" : "08/05/23 22:26:00",
  "value" : "10"
},{
  "dateTime" : "08/05/23 22:28:00",
  "value" : "10"
},{
  "dateTime" : "08/05/23 22:30:00",
  "value" : "10"
},{
  "dateTime" : "08/05/23 23:09:00",
  "value" : "10"
},{
  "dateTime" : "08/05/23 23:18:00",
  "value" : "10"
},{
  "dateTime" : "08/06/23 11:41:00",
  "value" : "10"
},{
  "dateTime" : "08/06/23 12:27:00",
  "value" : "10"
},{
  "dateTime" : "08/06/23 12:44:00",
  "value" : "10"
},{
  "dateTime" : "08/06/23 12:52:00",
  "value" : "10"
},{
  "dateTime" : "08/06/23 13:53:00",
  "value" : "10"
},{
  "dateTime" : "08/06/23 14:23:00",
  "value" : "10"
},{
  "dateTime" : "08/06/23 15:55:00",
  "value" : "10"
},{
  "dateTime" : "08/06/23 16:30:00",
  "value" : "10"
},{
  "dateTime" : "08/06/23 17:03:00",
  "value" : "10"
},{
  "dateTime" : "08/06/23 17:36:00",
  "value" : "10"
},{
  "dateTime" : "08/06/23 17:48:00",
  "value" : "10"
},{
  "dateTime" : "08/06/23 18:24:00",
  "value" : "10"
},{
  "dateTime" : "08/06/23 18:48:00",
  "value" : "10"
},{
  "dateTime" : "08/06/23 19:00:00",
  "value" : "10"
},{
  "dateTime" : "08/06/23 19:21:00",
  "value" : "10"
},{
  "dateTime" : "08/06/23 19:22:00",
  "value" : "10"
},{
  "dateTime" : "08/06/23 19:25:00",
  "value" : "10"
},{
  "dateTime" : "08/06/23 19:26:00",
  "value" : "10"
},{
  "dateTime" : "08/06/23 19:45:00",
  "value" : "10"
},{
  "dateTime" : "08/06/23 20:46:00",
  "value" : "10"
},{
  "dateTime" : "08/06/23 20:59:00",
  "value" : "10"
},{
  "dateTime" : "08/06/23 21:33:00",
  "value" : "10"
},{
  "dateTime" : "08/06/23 22:06:00",
  "value" : "10"
},{
  "dateTime" : "08/06/23 22:07:00",
  "value" : "20"
},{
  "dateTime" : "08/06/23 22:13:00",
  "value" : "10"
},{
  "dateTime" : "08/06/23 22:20:00",
  "value" : "10"
},{
  "dateTime" : "08/06/23 22:49:00",
  "value" : "10"
},{
  "dateTime" : "08/06/23 22:54:00",
  "value" : "10"
},{
  "dateTime" : "08/06/23 23:34:00",
  "value" : "10"
},{
  "dateTime" : "08/07/23 00:18:00",
  "value" : "10"
},{
  "dateTime" : "08/07/23 00:35:00",
  "value" : "10"
},{
  "dateTime" : "08/07/23 01:36:00",
  "value" : "10"
},{
  "dateTime" : "08/07/23 09:47:00",
  "value" : "10"
},{
  "dateTime" : "08/07/23 14:40:00",
  "value" : "10"
},{
  "dateTime" : "08/07/23 15:06:00",
  "value" : "10"
},{
  "dateTime" : "08/07/23 16:30:00",
  "value" : "10"
},{
  "dateTime" : "08/07/23 16:34:00",
  "value" : "10"
},{
  "dateTime" : "08/07/23 16:36:00",
  "value" : "10"
},{
  "dateTime" : "08/07/23 16:45:00",
  "value" : "10"
},{
  "dateTime" : "08/07/23 16:50:00",
  "value" : "10"
},{
  "dateTime" : "08/07/23 17:07:00",
  "value" : "10"
},{
  "dateTime" : "08/07/23 17:41:00",
  "value" : "10"
},{
  "dateTime" : "08/07/23 17:48:00",
  "value" : "10"
},{
  "dateTime" : "08/07/23 17:52:00",
  "value" : "10"
},{
  "dateTime" : "08/07/23 17:54:00",
  "value" : "10"
},{
  "dateTime" : "08/07/23 18:12:00",
  "value" : "10"
},{
  "dateTime" : "08/07/23 19:02:00",
  "value" : "10"
},{
  "dateTime" : "08/07/23 19:50:00",
  "value" : "10"
},{
  "dateTime" : "08/07/23 20:37:00",
  "value" : "10"
},{
  "dateTime" : "08/07/23 20:56:00",
  "value" : "10"
},{
  "dateTime" : "08/07/23 21:38:00",
  "value" : "10"
},{
  "dateTime" : "08/07/23 23:18:00",
  "value" : "10"
},{
  "dateTime" : "08/08/23 06:57:00",
  "value" : "10"
},{
  "dateTime" : "08/08/23 11:18:00",
  "value" : "20"
},{
  "dateTime" : "08/08/23 11:19:00",
  "value" : "10"
},{
  "dateTime" : "08/08/23 13:59:00",
  "value" : "10"
},{
  "dateTime" : "08/08/23 14:26:00",
  "value" : "10"
},{
  "dateTime" : "08/08/23 14:57:00",
  "value" : "10"
},{
  "dateTime" : "08/08/23 15:00:00",
  "value" : "10"
},{
  "dateTime" : "08/08/23 15:29:00",
  "value" : "10"
},{
  "dateTime" : "08/08/23 16:02:00",
  "value" : "10"
},{
  "dateTime" : "08/08/23 16:15:00",
  "value" : "10"
},{
  "dateTime" : "08/08/23 16:36:00",
  "value" : "10"
},{
  "dateTime" : "08/08/23 16:52:00",
  "value" : "10"
},{
  "dateTime" : "08/08/23 17:00:00",
  "value" : "10"
},{
  "dateTime" : "08/08/23 17:07:00",
  "value" : "10"
},{
  "dateTime" : "08/08/23 17:09:00",
  "value" : "10"
},{
  "dateTime" : "08/08/23 17:28:00",
  "value" : "10"
},{
  "dateTime" : "08/08/23 18:04:00",
  "value" : "10"
},{
  "dateTime" : "08/08/23 18:05:00",
  "value" : "10"
},{
  "dateTime" : "08/08/23 18:20:00",
  "value" : "10"
},{
  "dateTime" : "08/08/23 18:46:00",
  "value" : "10"
},{
  "dateTime" : "08/08/23 18:52:00",
  "value" : "10"
},{
  "dateTime" : "08/08/23 19:20:00",
  "value" : "10"
},{
  "dateTime" : "08/08/23 19:25:00",
  "value" : "10"
},{
  "dateTime" : "08/08/23 19:39:00",
  "value" : "10"
},{
  "dateTime" : "08/08/23 19:56:00",
  "value" : "10"
},{
  "dateTime" : "08/08/23 20:50:00",
  "value" : "10"
},{
  "dateTime" : "08/08/23 21:12:00",
  "value" : "10"
},{
  "dateTime" : "08/08/23 21:13:00",
  "value" : "10"
},{
  "dateTime" : "08/08/23 22:46:00",
  "value" : "10"
},{
  "dateTime" : "08/08/23 22:49:00",
  "value" : "10"
},{
  "dateTime" : "08/08/23 22:55:00",
  "value" : "10"
},{
  "dateTime" : "08/08/23 23:01:00",
  "value" : "10"
},{
  "dateTime" : "08/09/23 07:36:00",
  "value" : "10"
},{
  "dateTime" : "08/09/23 08:36:00",
  "value" : "10"
},{
  "dateTime" : "08/09/23 08:38:00",
  "value" : "10"
},{
  "dateTime" : "08/09/23 08:59:00",
  "value" : "10"
},{
  "dateTime" : "08/09/23 09:44:00",
  "value" : "10"
},{
  "dateTime" : "08/09/23 09:46:00",
  "value" : "10"
},{
  "dateTime" : "08/09/23 09:55:00",
  "value" : "10"
},{
  "dateTime" : "08/09/23 16:01:00",
  "value" : "10"
},{
  "dateTime" : "08/09/23 16:30:00",
  "value" : "10"
},{
  "dateTime" : "08/09/23 17:58:00",
  "value" : "10"
},{
  "dateTime" : "08/09/23 18:07:00",
  "value" : "10"
},{
  "dateTime" : "08/09/23 18:21:00",
  "value" : "10"
},{
  "dateTime" : "08/09/23 18:54:00",
  "value" : "10"
},{
  "dateTime" : "08/09/23 20:02:00",
  "value" : "10"
},{
  "dateTime" : "08/09/23 20:30:00",
  "value" : "10"
},{
  "dateTime" : "08/09/23 22:47:00",
  "value" : "10"
}]