[{
  "encodedId" : "228TQB",
  "badgeType" : "DAILY_STEPS",
  "value" : 10000,
  "timesAchieved" : 1,
  "dateTime" : "2023-08-06",
  "name" : "Sneakers (10,000 steps in a day)",
  "shortName" : "Sneakers",
  "earnedMessage" : "Congrats on earning your first Sneakers badge!",
  "description" : "10,000 steps in a day",
  "category" : "Daily Steps",
  "shareText" : "I took 10,000 steps and earned the Sneakers badge! #Fitbit"
},{
  "encodedId" : "228TQ4",
  "badgeType" : "DAILY_STEPS",
  "value" : 5000,
  "timesAchieved" : 5,
  "dateTime" : "2023-08-08",
  "name" : "Boat Shoe (5,000 steps in a day)",
  "shortName" : "Boat Shoe",
  "earnedMessage" : "Congrats on earning your first Boat Shoe badge!",
  "description" : "5,000 steps in a day",
  "category" : "Daily Steps",
  "shareText" : "I took 5,000 steps and earned the Boat Shoe badge! #Fitbit"
},{
  "encodedId" : "228TSZ",
  "badgeType" : "DAILY_FLOORS",
  "value" : 25,
  "timesAchieved" : 3,
  "dateTime" : "2023-08-08",
  "name" : "Redwood Forest (25 floors in a day)",
  "shortName" : "Redwood Forest",
  "earnedMessage" : "Congrats on earning your first Redwood Forest badge!",
  "description" : "25 floors in a day",
  "category" : "Daily Climb",
  "shareText" : "I climbed 25 flights of stairs and earned the Redwood Forest badge! #Fitbit"
},{
  "encodedId" : "228TTM",
  "badgeType" : "DAILY_FLOORS",
  "value" : 10,
  "timesAchieved" : 5,
  "dateTime" : "2023-08-09",
  "name" : "Happy Hill (10 floors in a day)",
  "shortName" : "Happy Hill",
  "earnedMessage" : "Congrats on earning your first Happy Hill badge!",
  "description" : "10 floors in a day",
  "category" : "Daily Climb",
  "shareText" : "I climbed 10 flights of stairs and earned the Happy Hill badge! #Fitbit"
},{
  "encodedId" : "22B8MB",
  "badgeType" : "LIFETIME_DISTANCE",
  "value" : 26,
  "unit" : "MILES",
  "timesAchieved" : 1,
  "dateTime" : "2023-08-08",
  "name" : "Marathon (26 lifetime miles)",
  "shortName" : "Marathon",
  "earnedMessage" : "Whoa! You've earned the Marathon badge!",
  "description" : "26 lifetime miles",
  "category" : "Lifetime Distance",
  "shareText" : "I covered 26 miles with my #Fitbit and earned the Marathon badge."
}]