[{
  "logId" : 57025697182,
  "activityName" : "Walk",
  "activityTypeId" : 90013,
  "activityLevel" : [{
    "minutes" : 2,
    "name" : "sedentary"
  },{
    "minutes" : 4,
    "name" : "lightly"
  },{
    "minutes" : 6,
    "name" : "fairly"
  },{
    "minutes" : 45,
    "name" : "very"
  }],
  "averageHeartRate" : 127,
  "calories" : 397,
  "duration" : 3430000,
  "activeDuration" : 3430000,
  "steps" : 5614,
  "logType" : "auto_detected",
  "manualValuesSpecified" : {
    "calories" : false,
    "distance" : false,
    "steps" : false
  },
  "heartRateZones" : [{
    "name" : "Out of Range",
    "min" : 30,
    "max" : 134,
    "minutes" : 57,
    "caloriesOut" : 396.75318
  },{
    "name" : "Fat Burn",
    "min" : 134,
    "max" : 151,
    "minutes" : 0,
    "caloriesOut" : 0.0
  },{
    "name" : "Cardio",
    "min" : 151,
    "max" : 173,
    "minutes" : 0,
    "caloriesOut" : 0.0
  },{
    "name" : "Peak",
    "min" : 173,
    "max" : 220,
    "minutes" : 0,
    "caloriesOut" : 0.0
  }],
  "activeZoneMinutes" : {
    "totalMinutes" : 0,
    "minutesInHeartRateZones" : [{
      "minutes" : 0,
      "zoneName" : "Fat Burn",
      "order" : 1,
      "type" : "FAT_BURN",
      "minuteMultiplier" : 1
    },{
      "minutes" : 0,
      "zoneName" : "Peak",
      "order" : 3,
      "type" : "PEAK",
      "minuteMultiplier" : 2
    },{
      "minutes" : 0,
      "zoneName" : "Out of Range",
      "order" : 0,
      "type" : "OUT_OF_ZONE",
      "minuteMultiplier" : 0
    },{
      "minutes" : 0,
      "zoneName" : "Cardio",
      "order" : 2,
      "type" : "CARDIO",
      "minuteMultiplier" : 2
    }]
  },
  "lastModified" : "07/07/23 00:57:58",
  "startTime" : "07/06/23 23:30:59",
  "originalStartTime" : "07/06/23 23:30:59",
  "originalDuration" : 3430000,
  "elevationGain" : 20.0,
  "hasGps" : false,
  "shouldFetchDetails" : false,
  "hasActiveZoneMinutes" : true
},{
  "logId" : 57703433176,
  "activityName" : "Walk",
  "activityTypeId" : 90013,
  "activityLevel" : [{
    "minutes" : 0,
    "name" : "sedentary"
  },{
    "minutes" : 2,
    "name" : "lightly"
  },{
    "minutes" : 4,
    "name" : "fairly"
  },{
    "minutes" : 43,
    "name" : "very"
  }],
  "averageHeartRate" : 106,
  "calories" : 364,
  "duration" : 2969000,
  "activeDuration" : 2969000,
  "steps" : 5050,
  "logType" : "auto_detected",
  "manualValuesSpecified" : {
    "calories" : false,
    "distance" : false,
    "steps" : false
  },
  "heartRateZones" : [{
    "name" : "Out of Range",
    "min" : 30,
    "max" : 121,
    "minutes" : 49,
    "caloriesOut" : 363.8096
  },{
    "name" : "Fat Burn",
    "min" : 121,
    "max" : 142,
    "minutes" : 0,
    "caloriesOut" : 0.0
  },{
    "name" : "Cardio",
    "min" : 142,
    "max" : 169,
    "minutes" : 0,
    "caloriesOut" : 0.0
  },{
    "name" : "Peak",
    "min" : 169,
    "max" : 220,
    "minutes" : 0,
    "caloriesOut" : 0.0
  }],
  "activeZoneMinutes" : {
    "totalMinutes" : 0,
    "minutesInHeartRateZones" : [{
      "minutes" : 0,
      "zoneName" : "Fat Burn",
      "order" : 1,
      "type" : "FAT_BURN",
      "minuteMultiplier" : 1
    },{
      "minutes" : 0,
      "zoneName" : "Peak",
      "order" : 3,
      "type" : "PEAK",
      "minuteMultiplier" : 2
    },{
      "minutes" : 0,
      "zoneName" : "Out of Range",
      "order" : 0,
      "type" : "OUT_OF_ZONE",
      "minuteMultiplier" : 0
    },{
      "minutes" : 0,
      "zoneName" : "Cardio",
      "order" : 2,
      "type" : "CARDIO",
      "minuteMultiplier" : 2
    }]
  },
  "lastModified" : "08/06/23 22:30:03",
  "startTime" : "08/06/23 21:26:22",
  "originalStartTime" : "08/06/23 21:26:22",
  "originalDuration" : 2969000,
  "elevationGain" : 20.0,
  "hasGps" : false,
  "shouldFetchDetails" : false,
  "hasActiveZoneMinutes" : true
}]