[{
  "dateTime" : "08/15/23 16:44:00",
  "value" : "10"
},{
  "dateTime" : "08/15/23 17:00:00",
  "value" : "10"
},{
  "dateTime" : "08/15/23 17:19:00",
  "value" : "10"
},{
  "dateTime" : "08/15/23 18:01:00",
  "value" : "10"
},{
  "dateTime" : "08/15/23 18:22:00",
  "value" : "10"
},{
  "dateTime" : "08/15/23 18:51:00",
  "value" : "10"
},{
  "dateTime" : "08/15/23 19:54:00",
  "value" : "10"
},{
  "dateTime" : "08/15/23 21:24:00",
  "value" : "10"
},{
  "dateTime" : "08/16/23 08:16:00",
  "value" : "10"
},{
  "dateTime" : "08/16/23 11:07:00",
  "value" : "40"
},{
  "dateTime" : "08/16/23 13:50:00",
  "value" : "10"
},{
  "dateTime" : "08/16/23 14:02:00",
  "value" : "10"
},{
  "dateTime" : "08/17/23 05:45:00",
  "value" : "10"
},{
  "dateTime" : "08/17/23 14:39:00",
  "value" : "10"
},{
  "dateTime" : "08/17/23 14:41:00",
  "value" : "10"
},{
  "dateTime" : "08/17/23 14:45:00",
  "value" : "10"
}]