[{
  "logId" : 42450939744,
  "dateOfSleep" : "2023-08-17",
  "startTime" : "2023-08-16T22:20:30.000",
  "endTime" : "2023-08-17T05:44:30.000",
  "duration" : 26640000,
  "minutesToFallAsleep" : 0,
  "minutesAsleep" : 392,
  "minutesAwake" : 52,
  "minutesAfterWakeup" : 1,
  "timeInBed" : 444,
  "efficiency" : 91,
  "type" : "stages",
  "infoCode" : 0,
  "logType" : "auto_detected",
  "levels" : {
    "summary" : {
      "deep" : {
        "count" : 2,
        "minutes" : 33,
        "thirtyDayAvgMinutes" : 73
      },
      "wake" : {
        "count" : 17,
        "minutes" : 52,
        "thirtyDayAvgMinutes" : 86
      },
      "light" : {
        "count" : 17,
        "minutes" : 279,
        "thirtyDayAvgMinutes" : 390
      },
      "rem" : {
        "count" : 5,
        "minutes" : 80,
        "thirtyDayAvgMinutes" : 26
      }
    },
    "data" : [{
      "dateTime" : "2023-08-16T22:20:30.000",
      "level" : "light",
      "seconds" : 510
    },{
      "dateTime" : "2023-08-16T22:29:00.000",
      "level" : "wake",
      "seconds" : 1230
    },{
      "dateTime" : "2023-08-16T22:49:30.000",
      "level" : "light",
      "seconds" : 720
    },{
      "dateTime" : "2023-08-16T23:01:30.000",
      "level" : "deep",
      "seconds" : 390
    },{
      "dateTime" : "2023-08-16T23:08:00.000",
      "level" : "light",
      "seconds" : 360
    },{
      "dateTime" : "2023-08-16T23:14:00.000",
      "level" : "deep",
      "seconds" : 1680
    },{
      "dateTime" : "2023-08-16T23:42:00.000",
      "level" : "light",
      "seconds" : 5820
    },{
      "dateTime" : "2023-08-17T01:19:00.000",
      "level" : "wake",
      "seconds" : 300
    },{
      "dateTime" : "2023-08-17T01:24:00.000",
      "level" : "light",
      "seconds" : 3810
    },{
      "dateTime" : "2023-08-17T02:27:30.000",
      "level" : "rem",
      "seconds" : 360
    },{
      "dateTime" : "2023-08-17T02:33:30.000",
      "level" : "light",
      "seconds" : 3750
    },{
      "dateTime" : "2023-08-17T03:36:00.000",
      "level" : "rem",
      "seconds" : 4500
    },{
      "dateTime" : "2023-08-17T04:51:00.000",
      "level" : "light",
      "seconds" : 2310
    },{
      "dateTime" : "2023-08-17T05:29:30.000",
      "level" : "wake",
      "seconds" : 900
    }],
    "shortData" : [{
      "dateTime" : "2023-08-16T23:40:30.000",
      "level" : "wake",
      "seconds" : 90
    },{
      "dateTime" : "2023-08-16T23:50:30.000",
      "level" : "wake",
      "seconds" : 60
    },{
      "dateTime" : "2023-08-17T00:07:00.000",
      "level" : "wake",
      "seconds" : 90
    },{
      "dateTime" : "2023-08-17T00:24:30.000",
      "level" : "wake",
      "seconds" : 30
    },{
      "dateTime" : "2023-08-17T00:42:00.000",
      "level" : "wake",
      "seconds" : 60
    },{
      "dateTime" : "2023-08-17T01:46:00.000",
      "level" : "wake",
      "seconds" : 60
    },{
      "dateTime" : "2023-08-17T02:46:00.000",
      "level" : "wake",
      "seconds" : 30
    },{
      "dateTime" : "2023-08-17T02:50:00.000",
      "level" : "wake",
      "seconds" : 60
    },{
      "dateTime" : "2023-08-17T04:26:00.000",
      "level" : "wake",
      "seconds" : 30
    },{
      "dateTime" : "2023-08-17T04:36:00.000",
      "level" : "wake",
      "seconds" : 30
    },{
      "dateTime" : "2023-08-17T04:47:30.000",
      "level" : "wake",
      "seconds" : 30
    },{
      "dateTime" : "2023-08-17T05:03:30.000",
      "level" : "wake",
      "seconds" : 60
    },{
      "dateTime" : "2023-08-17T05:07:00.000",
      "level" : "wake",
      "seconds" : 60
    },{
      "dateTime" : "2023-08-17T05:16:00.000",
      "level" : "wake",
      "seconds" : 30
    }]
  },
  "mainSleep" : true
},{
  "logId" : 42445834914,
  "dateOfSleep" : "2023-08-16",
  "startTime" : "2023-08-16T16:38:30.000",
  "endTime" : "2023-08-16T21:06:00.000",
  "duration" : 16020000,
  "minutesToFallAsleep" : 0,
  "minutesAsleep" : 233,
  "minutesAwake" : 34,
  "minutesAfterWakeup" : 0,
  "timeInBed" : 267,
  "efficiency" : 89,
  "type" : "stages",
  "infoCode" : 0,
  "logType" : "auto_detected",
  "levels" : {
    "summary" : {
      "deep" : {
        "count" : 1,
        "minutes" : 8,
        "thirtyDayAvgMinutes" : 0
      },
      "wake" : {
        "count" : 12,
        "minutes" : 34,
        "thirtyDayAvgMinutes" : 0
      },
      "light" : {
        "count" : 12,
        "minutes" : 209,
        "thirtyDayAvgMinutes" : 0
      },
      "rem" : {
        "count" : 3,
        "minutes" : 16,
        "thirtyDayAvgMinutes" : 0
      }
    },
    "data" : [{
      "dateTime" : "2023-08-16T16:38:30.000",
      "level" : "wake",
      "seconds" : 540
    },{
      "dateTime" : "2023-08-16T16:47:30.000",
      "level" : "light",
      "seconds" : 120
    },{
      "dateTime" : "2023-08-16T16:49:30.000",
      "level" : "wake",
      "seconds" : 240
    },{
      "dateTime" : "2023-08-16T16:53:30.000",
      "level" : "light",
      "seconds" : 2040
    },{
      "dateTime" : "2023-08-16T17:27:30.000",
      "level" : "deep",
      "seconds" : 450
    },{
      "dateTime" : "2023-08-16T17:35:00.000",
      "level" : "light",
      "seconds" : 4800
    },{
      "dateTime" : "2023-08-16T18:55:00.000",
      "level" : "wake",
      "seconds" : 420
    },{
      "dateTime" : "2023-08-16T19:02:00.000",
      "level" : "rem",
      "seconds" : 390
    },{
      "dateTime" : "2023-08-16T19:08:30.000",
      "level" : "light",
      "seconds" : 690
    },{
      "dateTime" : "2023-08-16T19:20:00.000",
      "level" : "rem",
      "seconds" : 390
    },{
      "dateTime" : "2023-08-16T19:26:30.000",
      "level" : "light",
      "seconds" : 150
    },{
      "dateTime" : "2023-08-16T19:29:00.000",
      "level" : "wake",
      "seconds" : 390
    },{
      "dateTime" : "2023-08-16T19:35:30.000",
      "level" : "light",
      "seconds" : 5220
    },{
      "dateTime" : "2023-08-16T21:02:30.000",
      "level" : "rem",
      "seconds" : 210
    }],
    "shortData" : [{
      "dateTime" : "2023-08-16T16:56:00.000",
      "level" : "wake",
      "seconds" : 30
    },{
      "dateTime" : "2023-08-16T16:58:30.000",
      "level" : "wake",
      "seconds" : 30
    },{
      "dateTime" : "2023-08-16T17:35:00.000",
      "level" : "wake",
      "seconds" : 90
    },{
      "dateTime" : "2023-08-16T18:13:30.000",
      "level" : "wake",
      "seconds" : 60
    },{
      "dateTime" : "2023-08-16T19:09:30.000",
      "level" : "wake",
      "seconds" : 30
    },{
      "dateTime" : "2023-08-16T19:39:00.000",
      "level" : "wake",
      "seconds" : 30
    },{
      "dateTime" : "2023-08-16T20:03:30.000",
      "level" : "wake",
      "seconds" : 30
    },{
      "dateTime" : "2023-08-16T21:00:00.000",
      "level" : "wake",
      "seconds" : 150
    }]
  },
  "mainSleep" : false
},{
  "logId" : 42435300079,
  "dateOfSleep" : "2023-08-16",
  "startTime" : "2023-08-16T00:39:00.000",
  "endTime" : "2023-08-16T05:47:00.000",
  "duration" : 18480000,
  "minutesToFallAsleep" : 0,
  "minutesAsleep" : 256,
  "minutesAwake" : 52,
  "minutesAfterWakeup" : 0,
  "timeInBed" : 308,
  "efficiency" : 90,
  "type" : "stages",
  "infoCode" : 0,
  "logType" : "auto_detected",
  "levels" : {
    "summary" : {
      "deep" : {
        "count" : 3,
        "minutes" : 65,
        "thirtyDayAvgMinutes" : 0
      },
      "wake" : {
        "count" : 13,
        "minutes" : 52,
        "thirtyDayAvgMinutes" : 0
      },
      "light" : {
        "count" : 14,
        "minutes" : 181,
        "thirtyDayAvgMinutes" : 0
      },
      "rem" : {
        "count" : 2,
        "minutes" : 10,
        "thirtyDayAvgMinutes" : 0
      }
    },
    "data" : [{
      "dateTime" : "2023-08-16T00:39:00.000",
      "level" : "wake",
      "seconds" : 240
    },{
      "dateTime" : "2023-08-16T00:43:00.000",
      "level" : "light",
      "seconds" : 690
    },{
      "dateTime" : "2023-08-16T00:54:30.000",
      "level" : "deep",
      "seconds" : 2460
    },{
      "dateTime" : "2023-08-16T01:35:30.000",
      "level" : "light",
      "seconds" : 390
    },{
      "dateTime" : "2023-08-16T01:42:00.000",
      "level" : "deep",
      "seconds" : 930
    },{
      "dateTime" : "2023-08-16T01:57:30.000",
      "level" : "wake",
      "seconds" : 540
    },{
      "dateTime" : "2023-08-16T02:06:30.000",
      "level" : "light",
      "seconds" : 1140
    },{
      "dateTime" : "2023-08-16T02:25:30.000",
      "level" : "rem",
      "seconds" : 300
    },{
      "dateTime" : "2023-08-16T02:30:30.000",
      "level" : "light",
      "seconds" : 6600
    },{
      "dateTime" : "2023-08-16T04:20:30.000",
      "level" : "deep",
      "seconds" : 510
    },{
      "dateTime" : "2023-08-16T04:29:00.000",
      "level" : "wake",
      "seconds" : 540
    },{
      "dateTime" : "2023-08-16T04:38:00.000",
      "level" : "light",
      "seconds" : 180
    },{
      "dateTime" : "2023-08-16T04:41:00.000",
      "level" : "rem",
      "seconds" : 360
    },{
      "dateTime" : "2023-08-16T04:47:00.000",
      "level" : "light",
      "seconds" : 60
    },{
      "dateTime" : "2023-08-16T04:48:00.000",
      "level" : "wake",
      "seconds" : 360
    },{
      "dateTime" : "2023-08-16T04:54:00.000",
      "level" : "light",
      "seconds" : 2130
    },{
      "dateTime" : "2023-08-16T05:29:30.000",
      "level" : "wake",
      "seconds" : 1050
    }],
    "shortData" : [{
      "dateTime" : "2023-08-16T00:45:30.000",
      "level" : "wake",
      "seconds" : 30
    },{
      "dateTime" : "2023-08-16T02:49:30.000",
      "level" : "wake",
      "seconds" : 30
    },{
      "dateTime" : "2023-08-16T03:29:00.000",
      "level" : "wake",
      "seconds" : 30
    },{
      "dateTime" : "2023-08-16T04:41:00.000",
      "level" : "wake",
      "seconds" : 60
    },{
      "dateTime" : "2023-08-16T04:56:00.000",
      "level" : "wake",
      "seconds" : 60
    },{
      "dateTime" : "2023-08-16T05:00:00.000",
      "level" : "wake",
      "seconds" : 30
    },{
      "dateTime" : "2023-08-16T05:06:00.000",
      "level" : "wake",
      "seconds" : 120
    },{
      "dateTime" : "2023-08-16T05:10:00.000",
      "level" : "wake",
      "seconds" : 60
    }]
  },
  "mainSleep" : true
}]