[{
  "logId" : 42085104487,
  "dateOfSleep" : "2023-07-16",
  "startTime" : "2023-07-16T22:09:30.000",
  "endTime" : "2023-07-16T23:22:00.000",
  "duration" : 4320000,
  "minutesToFallAsleep" : 0,
  "minutesAsleep" : 72,
  "minutesAwake" : 0,
  "minutesAfterWakeup" : 0,
  "timeInBed" : 72,
  "efficiency" : 100,
  "type" : "classic",
  "infoCode" : 2,
  "logType" : "auto_detected",
  "levels" : {
    "summary" : {
      "restless" : {
        "count" : 0,
        "minutes" : 0
      },
      "awake" : {
        "count" : 0,
        "minutes" : 0
      },
      "asleep" : {
        "count" : 0,
        "minutes" : 72
      }
    },
    "data" : [{
      "dateTime" : "2023-07-16T22:09:30.000",
      "level" : "asleep",
      "seconds" : 4320
    }]
  },
  "mainSleep" : false
},{
  "logId" : 42078630424,
  "dateOfSleep" : "2023-07-16",
  "startTime" : "2023-07-16T05:57:30.000",
  "endTime" : "2023-07-16T09:48:00.000",
  "duration" : 13800000,
  "minutesToFallAsleep" : 0,
  "minutesAsleep" : 230,
  "minutesAwake" : 0,
  "minutesAfterWakeup" : 0,
  "timeInBed" : 230,
  "efficiency" : 100,
  "type" : "classic",
  "infoCode" : 1,
  "logType" : "auto_detected",
  "levels" : {
    "summary" : {
      "restless" : {
        "count" : 0,
        "minutes" : 0
      },
      "awake" : {
        "count" : 0,
        "minutes" : 0
      },
      "asleep" : {
        "count" : 0,
        "minutes" : 230
      }
    },
    "data" : [{
      "dateTime" : "2023-07-16T05:57:30.000",
      "level" : "asleep",
      "seconds" : 13800
    }]
  },
  "mainSleep" : true
}]