[{
  "dateTime" : "08/15/23 15:23:00",
  "value" : "0"
},{
  "dateTime" : "08/15/23 15:24:00",
  "value" : "48"
},{
  "dateTime" : "08/15/23 15:25:00",
  "value" : "13"
},{
  "dateTime" : "08/15/23 15:26:00",
  "value" : "0"
},{
  "dateTime" : "08/15/23 15:27:00",
  "value" : "7"
},{
  "dateTime" : "08/15/23 15:28:00",
  "value" : "0"
},{
  "dateTime" : "08/15/23 15:29:00",
  "value" : "0"
},{
  "dateTime" : "08/15/23 15:30:00",
  "value" : "19"
},{
  "dateTime" : "08/15/23 15:31:00",
  "value" : "8"
},{
  "dateTime" : "08/15/23 15:32:00",
  "value" : "0"
},{
  "dateTime" : "08/15/23 15:33:00",
  "value" : "4"
},{
  "dateTime" : "08/15/23 15:34:00",
  "value" : "7"
},{
  "dateTime" : "08/15/23 15:35:00",
  "value" : "0"
},{
  "dateTime" : "08/15/23 15:36:00",
  "value" : "0"
},{
  "dateTime" : "08/15/23 15:37:00",
  "value" : "0"
},{
  "dateTime" : "08/15/23 15:38:00",
  "value" : "10"
},{
  "dateTime" : "08/15/23 15:39:00",
  "value" : "29"
},{
  "dateTime" : "08/15/23 15:40:00",
  "value" : "78"
},{
  "dateTime" : "08/15/23 15:41:00",
  "value" : "64"
},{
  "dateTime" : "08/15/23 15:42:00",
  "value" : "23"
},{
  "dateTime" : "08/15/23 15:43:00",
  "value" : "14"
},{
  "dateTime" : "08/15/23 15:44:00",
  "value" : "0"
},{
  "dateTime" : "08/15/23 15:45:00",
  "value" : "0"
},{
  "dateTime" : "08/15/23 15:46:00",
  "value" : "0"
},{
  "dateTime" : "08/15/23 15:47:00",
  "value" : "18"
},{
  "dateTime" : "08/15/23 15:48:00",
  "value" : "0"
},{
  "dateTime" : "08/15/23 15:49:00",
  "value" : "0"
},{
  "dateTime" : "08/15/23 15:50:00",
  "value" : "13"
},{
  "dateTime" : "08/15/23 15:51:00",
  "value" : "9"
},{
  "dateTime" : "08/15/23 15:52:00",
  "value" : "19"
},{
  "dateTime" : "08/15/23 15:53:00",
  "value" : "7"
},{
  "dateTime" : "08/15/23 15:54:00",
  "value" : "0"
},{
  "dateTime" : "08/15/23 15:55:00",
  "value" : "14"
},{
  "dateTime" : "08/15/23 15:56:00",
  "value" : "0"
},{
  "dateTime" : "08/15/23 15:57:00",
  "value" : "0"
},{
  "dateTime" : "08/15/23 15:58:00",
  "value" : "0"
},{
  "dateTime" : "08/15/23 15:59:00",
  "value" : "0"
},{
  "dateTime" : "08/15/23 16:00:00",
  "value" : "0"
},{
  "dateTime" : "08/15/23 16:01:00",
  "value" : "0"
},{
  "dateTime" : "08/15/23 16:02:00",
  "value" : "17"
},{
  "dateTime" : "08/15/23 16:03:00",
  "value" : "0"
},{
  "dateTime" : "08/15/23 16:04:00",
  "value" : "0"
},{
  "dateTime" : "08/15/23 16:05:00",
  "value" : "0"
},{
  "dateTime" : "08/15/23 16:06:00",
  "value" : "0"
},{
  "dateTime" : "08/15/23 16:07:00",
  "value" : "0"
},{
  "dateTime" : "08/15/23 16:08:00",
  "value" : "0"
},{
  "dateTime" : "08/15/23 16:09:00",
  "value" : "0"
},{
  "dateTime" : "08/15/23 16:10:00",
  "value" : "0"
},{
  "dateTime" : "08/15/23 16:11:00",
  "value" : "0"
},{
  "dateTime" : "08/15/23 16:12:00",
  "value" : "0"
},{
  "dateTime" : "08/15/23 16:13:00",
  "value" : "0"
},{
  "dateTime" : "08/15/23 16:14:00",
  "value" : "14"
},{
  "dateTime" : "08/15/23 16:15:00",
  "value" : "0"
},{
  "dateTime" : "08/15/23 16:16:00",
  "value" : "30"
},{
  "dateTime" : "08/15/23 16:17:00",
  "value" : "0"
},{
  "dateTime" : "08/15/23 16:18:00",
  "value" : "0"
},{
  "dateTime" : "08/15/23 16:19:00",
  "value" : "0"
},{
  "dateTime" : "08/15/23 16:20:00",
  "value" : "0"
},{
  "dateTime" : "08/15/23 16:21:00",
  "value" : "12"
},{
  "dateTime" : "08/15/23 16:22:00",
  "value" : "0"
},{
  "dateTime" : "08/15/23 16:23:00",
  "value" : "0"
},{
  "dateTime" : "08/15/23 16:24:00",
  "value" : "0"
},{
  "dateTime" : "08/15/23 16:25:00",
  "value" : "0"
},{
  "dateTime" : "08/15/23 16:26:00",
  "value" : "0"
},{
  "dateTime" : "08/15/23 16:27:00",
  "value" : "24"
},{
  "dateTime" : "08/15/23 16:28:00",
  "value" : "11"
},{
  "dateTime" : "08/15/23 16:29:00",
  "value" : "8"
},{
  "dateTime" : "08/15/23 16:30:00",
  "value" : "0"
},{
  "dateTime" : "08/15/23 16:31:00",
  "value" : "0"
},{
  "dateTime" : "08/15/23 16:32:00",
  "value" : "0"
},{
  "dateTime" : "08/15/23 16:33:00",
  "value" : "0"
},{
  "dateTime" : "08/15/23 16:34:00",
  "value" : "0"
},{
  "dateTime" : "08/15/23 16:35:00",
  "value" : "0"
},{
  "dateTime" : "08/15/23 16:36:00",
  "value" : "0"
},{
  "dateTime" : "08/15/23 16:37:00",
  "value" : "8"
},{
  "dateTime" : "08/15/23 16:38:00",
  "value" : "19"
},{
  "dateTime" : "08/15/23 16:39:00",
  "value" : "1"
},{
  "dateTime" : "08/15/23 16:40:00",
  "value" : "0"
},{
  "dateTime" : "08/15/23 16:41:00",
  "value" : "7"
},{
  "dateTime" : "08/15/23 16:42:00",
  "value" : "8"
},{
  "dateTime" : "08/15/23 16:43:00",
  "value" : "0"
},{
  "dateTime" : "08/15/23 16:44:00",
  "value" : "0"
},{
  "dateTime" : "08/15/23 16:45:00",
  "value" : "0"
},{
  "dateTime" : "08/15/23 16:46:00",
  "value" : "4"
},{
  "dateTime" : "08/15/23 16:47:00",
  "value" : "0"
},{
  "dateTime" : "08/15/23 16:48:00",
  "value" : "21"
},{
  "dateTime" : "08/15/23 16:49:00",
  "value" : "1"
},{
  "dateTime" : "08/15/23 16:50:00",
  "value" : "0"
},{
  "dateTime" : "08/15/23 16:51:00",
  "value" : "0"
},{
  "dateTime" : "08/15/23 16:52:00",
  "value" : "0"
},{
  "dateTime" : "08/15/23 16:53:00",
  "value" : "0"
},{
  "dateTime" : "08/15/23 16:54:00",
  "value" : "0"
},{
  "dateTime" : "08/15/23 16:55:00",
  "value" : "0"
},{
  "dateTime" : "08/15/23 16:56:00",
  "value" : "16"
},{
  "dateTime" : "08/15/23 16:57:00",
  "value" : "8"
},{
  "dateTime" : "08/15/23 16:58:00",
  "value" : "0"
},{
  "dateTime" : "08/15/23 16:59:00",
  "value" : "0"
},{
  "dateTime" : "08/15/23 17:00:00",
  "value" : "0"
},{
  "dateTime" : "08/15/23 17:02:00",
  "value" : "0"
},{
  "dateTime" : "08/15/23 17:03:00",
  "value" : "0"
},{
  "dateTime" : "08/15/23 17:04:00",
  "value" : "0"
},{
  "dateTime" : "08/15/23 17:05:00",
  "value" : "0"
},{
  "dateTime" : "08/15/23 17:06:00",
  "value" : "6"
},{
  "dateTime" : "08/15/23 17:07:00",
  "value" : "7"
},{
  "dateTime" : "08/15/23 17:08:00",
  "value" : "0"
},{
  "dateTime" : "08/15/23 17:09:00",
  "value" : "0"
},{
  "dateTime" : "08/15/23 17:10:00",
  "value" : "0"
},{
  "dateTime" : "08/15/23 17:11:00",
  "value" : "0"
},{
  "dateTime" : "08/15/23 17:12:00",
  "value" : "0"
},{
  "dateTime" : "08/15/23 17:14:00",
  "value" : "4"
},{
  "dateTime" : "08/15/23 17:15:00",
  "value" : "0"
},{
  "dateTime" : "08/15/23 17:16:00",
  "value" : "0"
},{
  "dateTime" : "08/15/23 17:18:00",
  "value" : "8"
},{
  "dateTime" : "08/15/23 17:19:00",
  "value" : "0"
},{
  "dateTime" : "08/15/23 17:20:00",
  "value" : "0"
},{
  "dateTime" : "08/15/23 17:21:00",
  "value" : "10"
},{
  "dateTime" : "08/15/23 17:22:00",
  "value" : "13"
},{
  "dateTime" : "08/15/23 17:23:00",
  "value" : "15"
},{
  "dateTime" : "08/15/23 17:24:00",
  "value" : "8"
},{
  "dateTime" : "08/15/23 17:25:00",
  "value" : "18"
},{
  "dateTime" : "08/15/23 17:26:00",
  "value" : "17"
},{
  "dateTime" : "08/15/23 17:27:00",
  "value" : "34"
},{
  "dateTime" : "08/15/23 17:28:00",
  "value" : "9"
},{
  "dateTime" : "08/15/23 17:29:00",
  "value" : "22"
},{
  "dateTime" : "08/15/23 17:30:00",
  "value" : "30"
},{
  "dateTime" : "08/15/23 17:31:00",
  "value" : "30"
},{
  "dateTime" : "08/15/23 17:32:00",
  "value" : "35"
},{
  "dateTime" : "08/15/23 17:33:00",
  "value" : "6"
},{
  "dateTime" : "08/15/23 17:34:00",
  "value" : "0"
},{
  "dateTime" : "08/15/23 17:36:00",
  "value" : "0"
},{
  "dateTime" : "08/15/23 17:37:00",
  "value" : "24"
},{
  "dateTime" : "08/15/23 17:38:00",
  "value" : "8"
},{
  "dateTime" : "08/15/23 17:39:00",
  "value" : "11"
},{
  "dateTime" : "08/15/23 17:40:00",
  "value" : "16"
},{
  "dateTime" : "08/15/23 17:43:00",
  "value" : "0"
},{
  "dateTime" : "08/15/23 17:44:00",
  "value" : "29"
},{
  "dateTime" : "08/15/23 17:45:00",
  "value" : "9"
},{
  "dateTime" : "08/15/23 17:47:00",
  "value" : "0"
},{
  "dateTime" : "08/15/23 17:48:00",
  "value" : "22"
},{
  "dateTime" : "08/15/23 17:49:00",
  "value" : "0"
},{
  "dateTime" : "08/15/23 17:50:00",
  "value" : "0"
},{
  "dateTime" : "08/15/23 17:51:00",
  "value" : "0"
},{
  "dateTime" : "08/15/23 17:52:00",
  "value" : "0"
},{
  "dateTime" : "08/15/23 17:53:00",
  "value" : "0"
},{
  "dateTime" : "08/15/23 17:54:00",
  "value" : "18"
},{
  "dateTime" : "08/15/23 17:57:00",
  "value" : "0"
},{
  "dateTime" : "08/15/23 17:59:00",
  "value" : "0"
},{
  "dateTime" : "08/15/23 18:01:00",
  "value" : "0"
},{
  "dateTime" : "08/15/23 18:02:00",
  "value" : "0"
},{
  "dateTime" : "08/15/23 18:03:00",
  "value" : "10"
},{
  "dateTime" : "08/15/23 18:04:00",
  "value" : "4"
},{
  "dateTime" : "08/15/23 18:05:00",
  "value" : "0"
},{
  "dateTime" : "08/15/23 18:06:00",
  "value" : "0"
},{
  "dateTime" : "08/15/23 18:08:00",
  "value" : "0"
},{
  "dateTime" : "08/15/23 18:11:00",
  "value" : "0"
},{
  "dateTime" : "08/15/23 18:12:00",
  "value" : "0"
},{
  "dateTime" : "08/15/23 18:13:00",
  "value" : "0"
},{
  "dateTime" : "08/15/23 18:16:00",
  "value" : "12"
},{
  "dateTime" : "08/15/23 18:17:00",
  "value" : "29"
},{
  "dateTime" : "08/15/23 18:18:00",
  "value" : "0"
},{
  "dateTime" : "08/15/23 18:19:00",
  "value" : "12"
},{
  "dateTime" : "08/15/23 18:20:00",
  "value" : "21"
},{
  "dateTime" : "08/15/23 18:22:00",
  "value" : "0"
},{
  "dateTime" : "08/15/23 18:25:00",
  "value" : "0"
},{
  "dateTime" : "08/15/23 18:26:00",
  "value" : "0"
},{
  "dateTime" : "08/15/23 18:27:00",
  "value" : "0"
},{
  "dateTime" : "08/15/23 18:28:00",
  "value" : "0"
},{
  "dateTime" : "08/15/23 18:29:00",
  "value" : "0"
},{
  "dateTime" : "08/15/23 18:30:00",
  "value" : "0"
},{
  "dateTime" : "08/15/23 18:31:00",
  "value" : "0"
},{
  "dateTime" : "08/15/23 18:32:00",
  "value" : "0"
},{
  "dateTime" : "08/15/23 18:33:00",
  "value" : "0"
},{
  "dateTime" : "08/15/23 18:34:00",
  "value" : "6"
},{
  "dateTime" : "08/15/23 18:35:00",
  "value" : "0"
},{
  "dateTime" : "08/15/23 18:36:00",
  "value" : "0"
},{
  "dateTime" : "08/15/23 18:37:00",
  "value" : "0"
},{
  "dateTime" : "08/15/23 18:38:00",
  "value" : "9"
},{
  "dateTime" : "08/15/23 18:39:00",
  "value" : "7"
},{
  "dateTime" : "08/15/23 18:40:00",
  "value" : "0"
},{
  "dateTime" : "08/15/23 18:41:00",
  "value" : "0"
},{
  "dateTime" : "08/15/23 18:42:00",
  "value" : "0"
},{
  "dateTime" : "08/15/23 18:43:00",
  "value" : "0"
},{
  "dateTime" : "08/15/23 18:45:00",
  "value" : "0"
},{
  "dateTime" : "08/15/23 18:46:00",
  "value" : "0"
},{
  "dateTime" : "08/15/23 18:47:00",
  "value" : "0"
},{
  "dateTime" : "08/15/23 18:48:00",
  "value" : "0"
},{
  "dateTime" : "08/15/23 18:49:00",
  "value" : "0"
},{
  "dateTime" : "08/15/23 18:50:00",
  "value" : "0"
},{
  "dateTime" : "08/15/23 18:51:00",
  "value" : "0"
},{
  "dateTime" : "08/15/23 18:52:00",
  "value" : "0"
},{
  "dateTime" : "08/15/23 18:53:00",
  "value" : "0"
},{
  "dateTime" : "08/15/23 18:54:00",
  "value" : "0"
},{
  "dateTime" : "08/15/23 18:56:00",
  "value" : "0"
},{
  "dateTime" : "08/15/23 18:57:00",
  "value" : "0"
},{
  "dateTime" : "08/15/23 18:58:00",
  "value" : "0"
},{
  "dateTime" : "08/15/23 18:59:00",
  "value" : "0"
},{
  "dateTime" : "08/15/23 19:00:00",
  "value" : "0"
},{
  "dateTime" : "08/15/23 19:01:00",
  "value" : "7"
},{
  "dateTime" : "08/15/23 19:02:00",
  "value" : "0"
},{
  "dateTime" : "08/15/23 19:03:00",
  "value" : "0"
},{
  "dateTime" : "08/15/23 19:04:00",
  "value" : "8"
},{
  "dateTime" : "08/15/23 19:05:00",
  "value" : "0"
},{
  "dateTime" : "08/15/23 19:06:00",
  "value" : "0"
},{
  "dateTime" : "08/15/23 19:08:00",
  "value" : "0"
},{
  "dateTime" : "08/15/23 19:09:00",
  "value" : "0"
},{
  "dateTime" : "08/15/23 19:11:00",
  "value" : "11"
},{
  "dateTime" : "08/15/23 19:12:00",
  "value" : "0"
},{
  "dateTime" : "08/15/23 19:14:00",
  "value" : "0"
},{
  "dateTime" : "08/15/23 19:15:00",
  "value" : "0"
},{
  "dateTime" : "08/15/23 19:16:00",
  "value" : "0"
},{
  "dateTime" : "08/15/23 19:17:00",
  "value" : "0"
},{
  "dateTime" : "08/15/23 19:18:00",
  "value" : "0"
},{
  "dateTime" : "08/15/23 19:19:00",
  "value" : "13"
},{
  "dateTime" : "08/15/23 19:20:00",
  "value" : "0"
},{
  "dateTime" : "08/15/23 19:21:00",
  "value" : "0"
},{
  "dateTime" : "08/15/23 19:22:00",
  "value" : "6"
},{
  "dateTime" : "08/15/23 19:23:00",
  "value" : "0"
},{
  "dateTime" : "08/15/23 19:24:00",
  "value" : "0"
},{
  "dateTime" : "08/15/23 19:25:00",
  "value" : "0"
},{
  "dateTime" : "08/15/23 19:26:00",
  "value" : "0"
},{
  "dateTime" : "08/15/23 19:27:00",
  "value" : "0"
},{
  "dateTime" : "08/15/23 19:28:00",
  "value" : "0"
},{
  "dateTime" : "08/15/23 19:29:00",
  "value" : "0"
},{
  "dateTime" : "08/15/23 19:30:00",
  "value" : "5"
},{
  "dateTime" : "08/15/23 19:33:00",
  "value" : "0"
},{
  "dateTime" : "08/15/23 19:34:00",
  "value" : "0"
},{
  "dateTime" : "08/15/23 19:37:00",
  "value" : "0"
},{
  "dateTime" : "08/15/23 19:38:00",
  "value" : "0"
},{
  "dateTime" : "08/15/23 19:43:00",
  "value" : "13"
},{
  "dateTime" : "08/15/23 19:44:00",
  "value" : "9"
},{
  "dateTime" : "08/15/23 19:45:00",
  "value" : "46"
},{
  "dateTime" : "08/15/23 19:46:00",
  "value" : "9"
},{
  "dateTime" : "08/15/23 19:47:00",
  "value" : "15"
},{
  "dateTime" : "08/15/23 19:48:00",
  "value" : "1"
},{
  "dateTime" : "08/15/23 19:49:00",
  "value" : "8"
},{
  "dateTime" : "08/15/23 19:52:00",
  "value" : "0"
},{
  "dateTime" : "08/15/23 19:53:00",
  "value" : "0"
},{
  "dateTime" : "08/15/23 19:54:00",
  "value" : "0"
},{
  "dateTime" : "08/15/23 19:55:00",
  "value" : "0"
},{
  "dateTime" : "08/15/23 19:56:00",
  "value" : "9"
},{
  "dateTime" : "08/15/23 19:57:00",
  "value" : "0"
},{
  "dateTime" : "08/15/23 19:59:00",
  "value" : "0"
},{
  "dateTime" : "08/15/23 20:00:00",
  "value" : "0"
},{
  "dateTime" : "08/15/23 20:01:00",
  "value" : "0"
},{
  "dateTime" : "08/15/23 20:02:00",
  "value" : "0"
},{
  "dateTime" : "08/15/23 20:03:00",
  "value" : "0"
},{
  "dateTime" : "08/15/23 20:05:00",
  "value" : "16"
},{
  "dateTime" : "08/15/23 20:06:00",
  "value" : "0"
},{
  "dateTime" : "08/15/23 20:07:00",
  "value" : "0"
},{
  "dateTime" : "08/15/23 20:08:00",
  "value" : "9"
},{
  "dateTime" : "08/15/23 20:09:00",
  "value" : "11"
},{
  "dateTime" : "08/15/23 20:11:00",
  "value" : "15"
},{
  "dateTime" : "08/15/23 20:12:00",
  "value" : "15"
},{
  "dateTime" : "08/15/23 20:13:00",
  "value" : "10"
},{
  "dateTime" : "08/15/23 20:14:00",
  "value" : "0"
},{
  "dateTime" : "08/15/23 20:15:00",
  "value" : "0"
},{
  "dateTime" : "08/15/23 20:16:00",
  "value" : "0"
},{
  "dateTime" : "08/15/23 20:18:00",
  "value" : "0"
},{
  "dateTime" : "08/15/23 20:19:00",
  "value" : "0"
},{
  "dateTime" : "08/15/23 20:20:00",
  "value" : "6"
},{
  "dateTime" : "08/15/23 20:21:00",
  "value" : "15"
},{
  "dateTime" : "08/15/23 20:22:00",
  "value" : "33"
},{
  "dateTime" : "08/15/23 20:23:00",
  "value" : "8"
},{
  "dateTime" : "08/15/23 20:24:00",
  "value" : "23"
},{
  "dateTime" : "08/15/23 20:25:00",
  "value" : "0"
},{
  "dateTime" : "08/15/23 20:26:00",
  "value" : "0"
},{
  "dateTime" : "08/15/23 20:27:00",
  "value" : "0"
},{
  "dateTime" : "08/15/23 20:28:00",
  "value" : "0"
},{
  "dateTime" : "08/15/23 20:29:00",
  "value" : "0"
},{
  "dateTime" : "08/15/23 20:30:00",
  "value" : "0"
},{
  "dateTime" : "08/15/23 20:31:00",
  "value" : "6"
},{
  "dateTime" : "08/15/23 20:32:00",
  "value" : "0"
},{
  "dateTime" : "08/15/23 20:34:00",
  "value" : "0"
},{
  "dateTime" : "08/15/23 20:35:00",
  "value" : "5"
},{
  "dateTime" : "08/15/23 20:36:00",
  "value" : "12"
},{
  "dateTime" : "08/15/23 20:37:00",
  "value" : "6"
},{
  "dateTime" : "08/15/23 20:38:00",
  "value" : "0"
},{
  "dateTime" : "08/15/23 20:39:00",
  "value" : "0"
},{
  "dateTime" : "08/15/23 20:40:00",
  "value" : "26"
},{
  "dateTime" : "08/15/23 20:41:00",
  "value" : "10"
},{
  "dateTime" : "08/15/23 20:43:00",
  "value" : "0"
},{
  "dateTime" : "08/15/23 20:44:00",
  "value" : "68"
},{
  "dateTime" : "08/15/23 20:45:00",
  "value" : "47"
},{
  "dateTime" : "08/15/23 20:46:00",
  "value" : "45"
},{
  "dateTime" : "08/15/23 20:47:00",
  "value" : "26"
},{
  "dateTime" : "08/15/23 20:48:00",
  "value" : "12"
},{
  "dateTime" : "08/15/23 20:49:00",
  "value" : "13"
},{
  "dateTime" : "08/15/23 20:50:00",
  "value" : "0"
},{
  "dateTime" : "08/15/23 20:51:00",
  "value" : "0"
},{
  "dateTime" : "08/15/23 20:52:00",
  "value" : "0"
},{
  "dateTime" : "08/15/23 20:53:00",
  "value" : "9"
},{
  "dateTime" : "08/15/23 20:54:00",
  "value" : "26"
},{
  "dateTime" : "08/15/23 20:55:00",
  "value" : "27"
},{
  "dateTime" : "08/15/23 20:59:00",
  "value" : "14"
},{
  "dateTime" : "08/15/23 21:00:00",
  "value" : "57"
},{
  "dateTime" : "08/15/23 21:01:00",
  "value" : "29"
},{
  "dateTime" : "08/15/23 21:02:00",
  "value" : "0"
},{
  "dateTime" : "08/15/23 21:10:00",
  "value" : "0"
},{
  "dateTime" : "08/15/23 21:16:00",
  "value" : "0"
},{
  "dateTime" : "08/15/23 21:17:00",
  "value" : "64"
},{
  "dateTime" : "08/15/23 21:18:00",
  "value" : "47"
},{
  "dateTime" : "08/15/23 21:19:00",
  "value" : "69"
},{
  "dateTime" : "08/15/23 21:20:00",
  "value" : "31"
},{
  "dateTime" : "08/15/23 21:22:00",
  "value" : "0"
},{
  "dateTime" : "08/15/23 21:23:00",
  "value" : "21"
},{
  "dateTime" : "08/15/23 21:26:00",
  "value" : "0"
},{
  "dateTime" : "08/15/23 21:30:00",
  "value" : "0"
},{
  "dateTime" : "08/15/23 21:32:00",
  "value" : "0"
},{
  "dateTime" : "08/15/23 21:33:00",
  "value" : "0"
},{
  "dateTime" : "08/15/23 21:35:00",
  "value" : "0"
},{
  "dateTime" : "08/15/23 21:40:00",
  "value" : "0"
},{
  "dateTime" : "08/15/23 21:44:00",
  "value" : "0"
},{
  "dateTime" : "08/15/23 21:45:00",
  "value" : "0"
},{
  "dateTime" : "08/15/23 21:47:00",
  "value" : "0"
},{
  "dateTime" : "08/15/23 21:48:00",
  "value" : "5"
},{
  "dateTime" : "08/15/23 21:49:00",
  "value" : "4"
},{
  "dateTime" : "08/15/23 21:50:00",
  "value" : "0"
},{
  "dateTime" : "08/15/23 21:54:00",
  "value" : "0"
},{
  "dateTime" : "08/15/23 21:56:00",
  "value" : "0"
},{
  "dateTime" : "08/15/23 21:58:00",
  "value" : "0"
},{
  "dateTime" : "08/15/23 22:00:00",
  "value" : "15"
},{
  "dateTime" : "08/15/23 22:01:00",
  "value" : "48"
},{
  "dateTime" : "08/15/23 22:02:00",
  "value" : "8"
},{
  "dateTime" : "08/15/23 22:04:00",
  "value" : "0"
},{
  "dateTime" : "08/15/23 22:05:00",
  "value" : "6"
},{
  "dateTime" : "08/15/23 22:07:00",
  "value" : "0"
},{
  "dateTime" : "08/15/23 22:09:00",
  "value" : "0"
},{
  "dateTime" : "08/15/23 22:10:00",
  "value" : "0"
},{
  "dateTime" : "08/15/23 22:11:00",
  "value" : "0"
},{
  "dateTime" : "08/15/23 22:12:00",
  "value" : "0"
},{
  "dateTime" : "08/15/23 22:13:00",
  "value" : "0"
},{
  "dateTime" : "08/15/23 22:14:00",
  "value" : "0"
},{
  "dateTime" : "08/15/23 22:15:00",
  "value" : "0"
},{
  "dateTime" : "08/15/23 22:16:00",
  "value" : "0"
},{
  "dateTime" : "08/15/23 22:17:00",
  "value" : "5"
},{
  "dateTime" : "08/15/23 22:18:00",
  "value" : "4"
},{
  "dateTime" : "08/15/23 22:19:00",
  "value" : "0"
},{
  "dateTime" : "08/15/23 22:20:00",
  "value" : "17"
},{
  "dateTime" : "08/15/23 22:21:00",
  "value" : "4"
},{
  "dateTime" : "08/15/23 22:22:00",
  "value" : "61"
},{
  "dateTime" : "08/15/23 22:23:00",
  "value" : "0"
},{
  "dateTime" : "08/15/23 22:24:00",
  "value" : "0"
},{
  "dateTime" : "08/15/23 22:27:00",
  "value" : "0"
},{
  "dateTime" : "08/15/23 22:28:00",
  "value" : "0"
},{
  "dateTime" : "08/15/23 22:29:00",
  "value" : "0"
},{
  "dateTime" : "08/15/23 22:30:00",
  "value" : "0"
},{
  "dateTime" : "08/15/23 22:34:00",
  "value" : "0"
},{
  "dateTime" : "08/15/23 22:35:00",
  "value" : "0"
},{
  "dateTime" : "08/15/23 22:36:00",
  "value" : "0"
},{
  "dateTime" : "08/15/23 22:37:00",
  "value" : "0"
},{
  "dateTime" : "08/15/23 22:38:00",
  "value" : "0"
},{
  "dateTime" : "08/15/23 22:39:00",
  "value" : "0"
},{
  "dateTime" : "08/15/23 22:41:00",
  "value" : "8"
},{
  "dateTime" : "08/15/23 22:42:00",
  "value" : "15"
},{
  "dateTime" : "08/15/23 22:44:00",
  "value" : "0"
},{
  "dateTime" : "08/15/23 22:48:00",
  "value" : "26"
},{
  "dateTime" : "08/15/23 22:49:00",
  "value" : "0"
},{
  "dateTime" : "08/15/23 22:50:00",
  "value" : "20"
},{
  "dateTime" : "08/15/23 22:51:00",
  "value" : "35"
},{
  "dateTime" : "08/15/23 22:52:00",
  "value" : "18"
},{
  "dateTime" : "08/15/23 22:53:00",
  "value" : "31"
},{
  "dateTime" : "08/15/23 22:54:00",
  "value" : "0"
},{
  "dateTime" : "08/15/23 22:55:00",
  "value" : "0"
},{
  "dateTime" : "08/15/23 22:56:00",
  "value" : "0"
},{
  "dateTime" : "08/15/23 23:03:00",
  "value" : "0"
},{
  "dateTime" : "08/15/23 23:04:00",
  "value" : "0"
},{
  "dateTime" : "08/15/23 23:06:00",
  "value" : "0"
},{
  "dateTime" : "08/15/23 23:12:00",
  "value" : "0"
},{
  "dateTime" : "08/15/23 23:13:00",
  "value" : "0"
},{
  "dateTime" : "08/15/23 23:15:00",
  "value" : "0"
},{
  "dateTime" : "08/15/23 23:16:00",
  "value" : "0"
},{
  "dateTime" : "08/15/23 23:17:00",
  "value" : "0"
},{
  "dateTime" : "08/15/23 23:18:00",
  "value" : "8"
},{
  "dateTime" : "08/15/23 23:19:00",
  "value" : "0"
},{
  "dateTime" : "08/15/23 23:21:00",
  "value" : "0"
},{
  "dateTime" : "08/15/23 23:22:00",
  "value" : "0"
},{
  "dateTime" : "08/15/23 23:24:00",
  "value" : "0"
},{
  "dateTime" : "08/15/23 23:25:00",
  "value" : "8"
},{
  "dateTime" : "08/15/23 23:26:00",
  "value" : "0"
},{
  "dateTime" : "08/15/23 23:28:00",
  "value" : "0"
},{
  "dateTime" : "08/15/23 23:29:00",
  "value" : "0"
},{
  "dateTime" : "08/15/23 23:30:00",
  "value" : "0"
},{
  "dateTime" : "08/15/23 23:31:00",
  "value" : "0"
},{
  "dateTime" : "08/15/23 23:32:00",
  "value" : "12"
},{
  "dateTime" : "08/15/23 23:33:00",
  "value" : "0"
},{
  "dateTime" : "08/15/23 23:34:00",
  "value" : "11"
},{
  "dateTime" : "08/15/23 23:35:00",
  "value" : "0"
},{
  "dateTime" : "08/15/23 23:41:00",
  "value" : "0"
},{
  "dateTime" : "08/15/23 23:48:00",
  "value" : "7"
},{
  "dateTime" : "08/15/23 23:49:00",
  "value" : "8"
},{
  "dateTime" : "08/15/23 23:51:00",
  "value" : "0"
},{
  "dateTime" : "08/15/23 23:52:00",
  "value" : "0"
},{
  "dateTime" : "08/15/23 23:53:00",
  "value" : "26"
},{
  "dateTime" : "08/15/23 23:54:00",
  "value" : "43"
},{
  "dateTime" : "08/15/23 23:55:00",
  "value" : "0"
},{
  "dateTime" : "08/15/23 23:56:00",
  "value" : "0"
},{
  "dateTime" : "08/15/23 23:58:00",
  "value" : "0"
},{
  "dateTime" : "08/16/23 00:00:00",
  "value" : "6"
},{
  "dateTime" : "08/16/23 00:01:00",
  "value" : "0"
},{
  "dateTime" : "08/16/23 00:06:00",
  "value" : "0"
},{
  "dateTime" : "08/16/23 00:07:00",
  "value" : "0"
},{
  "dateTime" : "08/16/23 00:08:00",
  "value" : "0"
},{
  "dateTime" : "08/16/23 00:09:00",
  "value" : "0"
},{
  "dateTime" : "08/16/23 00:12:00",
  "value" : "0"
},{
  "dateTime" : "08/16/23 00:14:00",
  "value" : "0"
},{
  "dateTime" : "08/16/23 00:15:00",
  "value" : "0"
},{
  "dateTime" : "08/16/23 00:21:00",
  "value" : "0"
},{
  "dateTime" : "08/16/23 00:22:00",
  "value" : "0"
},{
  "dateTime" : "08/16/23 00:23:00",
  "value" : "9"
},{
  "dateTime" : "08/16/23 00:24:00",
  "value" : "9"
},{
  "dateTime" : "08/16/23 00:25:00",
  "value" : "0"
},{
  "dateTime" : "08/16/23 00:29:00",
  "value" : "0"
},{
  "dateTime" : "08/16/23 00:32:00",
  "value" : "7"
},{
  "dateTime" : "08/16/23 00:38:00",
  "value" : "0"
},{
  "dateTime" : "08/16/23 00:39:00",
  "value" : "0"
},{
  "dateTime" : "08/16/23 00:40:00",
  "value" : "0"
},{
  "dateTime" : "08/16/23 00:41:00",
  "value" : "7"
},{
  "dateTime" : "08/16/23 00:45:00",
  "value" : "0"
},{
  "dateTime" : "08/16/23 00:47:00",
  "value" : "0"
},{
  "dateTime" : "08/16/23 00:48:00",
  "value" : "0"
},{
  "dateTime" : "08/16/23 00:49:00",
  "value" : "0"
},{
  "dateTime" : "08/16/23 00:50:00",
  "value" : "0"
},{
  "dateTime" : "08/16/23 00:53:00",
  "value" : "0"
},{
  "dateTime" : "08/16/23 00:54:00",
  "value" : "0"
},{
  "dateTime" : "08/16/23 00:55:00",
  "value" : "0"
},{
  "dateTime" : "08/16/23 00:56:00",
  "value" : "8"
},{
  "dateTime" : "08/16/23 00:58:00",
  "value" : "0"
},{
  "dateTime" : "08/16/23 01:00:00",
  "value" : "0"
},{
  "dateTime" : "08/16/23 01:02:00",
  "value" : "0"
},{
  "dateTime" : "08/16/23 01:03:00",
  "value" : "0"
},{
  "dateTime" : "08/16/23 01:05:00",
  "value" : "0"
},{
  "dateTime" : "08/16/23 01:06:00",
  "value" : "0"
},{
  "dateTime" : "08/16/23 01:12:00",
  "value" : "0"
},{
  "dateTime" : "08/16/23 01:13:00",
  "value" : "0"
},{
  "dateTime" : "08/16/23 01:19:00",
  "value" : "0"
},{
  "dateTime" : "08/16/23 01:20:00",
  "value" : "0"
},{
  "dateTime" : "08/16/23 01:21:00",
  "value" : "0"
},{
  "dateTime" : "08/16/23 01:22:00",
  "value" : "7"
},{
  "dateTime" : "08/16/23 01:23:00",
  "value" : "19"
},{
  "dateTime" : "08/16/23 01:24:00",
  "value" : "38"
},{
  "dateTime" : "08/16/23 01:25:00",
  "value" : "0"
},{
  "dateTime" : "08/16/23 01:26:00",
  "value" : "7"
},{
  "dateTime" : "08/16/23 01:27:00",
  "value" : "0"
},{
  "dateTime" : "08/16/23 01:28:00",
  "value" : "0"
},{
  "dateTime" : "08/16/23 01:30:00",
  "value" : "0"
},{
  "dateTime" : "08/16/23 01:31:00",
  "value" : "0"
},{
  "dateTime" : "08/16/23 01:32:00",
  "value" : "0"
},{
  "dateTime" : "08/16/23 01:33:00",
  "value" : "0"
},{
  "dateTime" : "08/16/23 01:34:00",
  "value" : "0"
},{
  "dateTime" : "08/16/23 01:35:00",
  "value" : "0"
},{
  "dateTime" : "08/16/23 01:36:00",
  "value" : "0"
},{
  "dateTime" : "08/16/23 01:37:00",
  "value" : "0"
},{
  "dateTime" : "08/16/23 01:38:00",
  "value" : "0"
},{
  "dateTime" : "08/16/23 01:39:00",
  "value" : "0"
},{
  "dateTime" : "08/16/23 01:40:00",
  "value" : "0"
},{
  "dateTime" : "08/16/23 01:41:00",
  "value" : "0"
},{
  "dateTime" : "08/16/23 01:42:00",
  "value" : "0"
},{
  "dateTime" : "08/16/23 01:43:00",
  "value" : "0"
},{
  "dateTime" : "08/16/23 01:44:00",
  "value" : "0"
},{
  "dateTime" : "08/16/23 01:45:00",
  "value" : "0"
},{
  "dateTime" : "08/16/23 01:46:00",
  "value" : "0"
},{
  "dateTime" : "08/16/23 01:48:00",
  "value" : "0"
},{
  "dateTime" : "08/16/23 01:49:00",
  "value" : "0"
},{
  "dateTime" : "08/16/23 01:52:00",
  "value" : "0"
},{
  "dateTime" : "08/16/23 01:53:00",
  "value" : "0"
},{
  "dateTime" : "08/16/23 01:54:00",
  "value" : "11"
},{
  "dateTime" : "08/16/23 01:55:00",
  "value" : "5"
},{
  "dateTime" : "08/16/23 01:56:00",
  "value" : "0"
},{
  "dateTime" : "08/16/23 01:57:00",
  "value" : "0"
},{
  "dateTime" : "08/16/23 01:58:00",
  "value" : "0"
},{
  "dateTime" : "08/16/23 02:01:00",
  "value" : "0"
},{
  "dateTime" : "08/16/23 02:03:00",
  "value" : "7"
},{
  "dateTime" : "08/16/23 02:04:00",
  "value" : "0"
},{
  "dateTime" : "08/16/23 02:06:00",
  "value" : "0"
},{
  "dateTime" : "08/16/23 02:08:00",
  "value" : "9"
},{
  "dateTime" : "08/16/23 02:09:00",
  "value" : "0"
},{
  "dateTime" : "08/16/23 02:11:00",
  "value" : "0"
},{
  "dateTime" : "08/16/23 02:12:00",
  "value" : "0"
},{
  "dateTime" : "08/16/23 02:13:00",
  "value" : "18"
},{
  "dateTime" : "08/16/23 02:14:00",
  "value" : "0"
},{
  "dateTime" : "08/16/23 02:15:00",
  "value" : "0"
},{
  "dateTime" : "08/16/23 02:16:00",
  "value" : "25"
},{
  "dateTime" : "08/16/23 02:17:00",
  "value" : "47"
},{
  "dateTime" : "08/16/23 02:18:00",
  "value" : "17"
},{
  "dateTime" : "08/16/23 02:19:00",
  "value" : "27"
},{
  "dateTime" : "08/16/23 02:20:00",
  "value" : "6"
},{
  "dateTime" : "08/16/23 02:21:00",
  "value" : "42"
},{
  "dateTime" : "08/16/23 02:22:00",
  "value" : "18"
},{
  "dateTime" : "08/16/23 02:23:00",
  "value" : "12"
},{
  "dateTime" : "08/16/23 02:24:00",
  "value" : "21"
},{
  "dateTime" : "08/16/23 02:25:00",
  "value" : "14"
},{
  "dateTime" : "08/16/23 02:26:00",
  "value" : "0"
},{
  "dateTime" : "08/16/23 02:27:00",
  "value" : "0"
},{
  "dateTime" : "08/16/23 02:28:00",
  "value" : "0"
},{
  "dateTime" : "08/16/23 02:29:00",
  "value" : "0"
},{
  "dateTime" : "08/16/23 02:30:00",
  "value" : "0"
},{
  "dateTime" : "08/16/23 02:31:00",
  "value" : "0"
},{
  "dateTime" : "08/16/23 02:38:00",
  "value" : "0"
},{
  "dateTime" : "08/16/23 02:43:00",
  "value" : "0"
},{
  "dateTime" : "08/16/23 02:44:00",
  "value" : "0"
},{
  "dateTime" : "08/16/23 02:45:00",
  "value" : "0"
},{
  "dateTime" : "08/16/23 02:48:00",
  "value" : "0"
},{
  "dateTime" : "08/16/23 02:52:00",
  "value" : "0"
},{
  "dateTime" : "08/16/23 02:54:00",
  "value" : "0"
},{
  "dateTime" : "08/16/23 02:56:00",
  "value" : "0"
},{
  "dateTime" : "08/16/23 02:58:00",
  "value" : "4"
},{
  "dateTime" : "08/16/23 02:59:00",
  "value" : "24"
},{
  "dateTime" : "08/16/23 03:00:00",
  "value" : "0"
},{
  "dateTime" : "08/16/23 03:01:00",
  "value" : "13"
},{
  "dateTime" : "08/16/23 03:02:00",
  "value" : "8"
},{
  "dateTime" : "08/16/23 03:03:00",
  "value" : "0"
},{
  "dateTime" : "08/16/23 03:04:00",
  "value" : "0"
},{
  "dateTime" : "08/16/23 03:05:00",
  "value" : "0"
},{
  "dateTime" : "08/16/23 03:06:00",
  "value" : "0"
},{
  "dateTime" : "08/16/23 03:07:00",
  "value" : "0"
},{
  "dateTime" : "08/16/23 03:08:00",
  "value" : "0"
},{
  "dateTime" : "08/16/23 03:09:00",
  "value" : "0"
},{
  "dateTime" : "08/16/23 03:10:00",
  "value" : "0"
},{
  "dateTime" : "08/16/23 03:11:00",
  "value" : "0"
},{
  "dateTime" : "08/16/23 03:12:00",
  "value" : "0"
},{
  "dateTime" : "08/16/23 03:13:00",
  "value" : "0"
},{
  "dateTime" : "08/16/23 03:14:00",
  "value" : "0"
},{
  "dateTime" : "08/16/23 03:15:00",
  "value" : "0"
},{
  "dateTime" : "08/16/23 03:16:00",
  "value" : "0"
},{
  "dateTime" : "08/16/23 03:17:00",
  "value" : "0"
},{
  "dateTime" : "08/16/23 03:18:00",
  "value" : "0"
},{
  "dateTime" : "08/16/23 03:19:00",
  "value" : "0"
},{
  "dateTime" : "08/16/23 03:20:00",
  "value" : "0"
},{
  "dateTime" : "08/16/23 03:23:00",
  "value" : "0"
},{
  "dateTime" : "08/16/23 03:28:00",
  "value" : "0"
},{
  "dateTime" : "08/16/23 03:34:00",
  "value" : "0"
},{
  "dateTime" : "08/16/23 03:35:00",
  "value" : "0"
},{
  "dateTime" : "08/16/23 03:45:00",
  "value" : "0"
},{
  "dateTime" : "08/16/23 03:46:00",
  "value" : "0"
},{
  "dateTime" : "08/16/23 03:48:00",
  "value" : "0"
},{
  "dateTime" : "08/16/23 03:49:00",
  "value" : "0"
},{
  "dateTime" : "08/16/23 03:57:00",
  "value" : "0"
},{
  "dateTime" : "08/16/23 04:00:00",
  "value" : "16"
},{
  "dateTime" : "08/16/23 04:01:00",
  "value" : "4"
},{
  "dateTime" : "08/16/23 04:02:00",
  "value" : "0"
},{
  "dateTime" : "08/16/23 04:05:00",
  "value" : "0"
},{
  "dateTime" : "08/16/23 04:10:00",
  "value" : "0"
},{
  "dateTime" : "08/16/23 04:11:00",
  "value" : "0"
},{
  "dateTime" : "08/16/23 04:14:00",
  "value" : "0"
},{
  "dateTime" : "08/16/23 04:15:00",
  "value" : "0"
},{
  "dateTime" : "08/16/23 04:16:00",
  "value" : "0"
},{
  "dateTime" : "08/16/23 04:19:00",
  "value" : "0"
},{
  "dateTime" : "08/16/23 04:20:00",
  "value" : "0"
},{
  "dateTime" : "08/16/23 04:30:00",
  "value" : "13"
},{
  "dateTime" : "08/16/23 04:31:00",
  "value" : "6"
},{
  "dateTime" : "08/16/23 04:32:00",
  "value" : "4"
},{
  "dateTime" : "08/16/23 04:33:00",
  "value" : "25"
},{
  "dateTime" : "08/16/23 04:34:00",
  "value" : "0"
},{
  "dateTime" : "08/16/23 04:41:00",
  "value" : "0"
},{
  "dateTime" : "08/16/23 05:57:00",
  "value" : "0"
},{
  "dateTime" : "08/16/23 05:58:00",
  "value" : "0"
},{
  "dateTime" : "08/16/23 05:59:00",
  "value" : "0"
},{
  "dateTime" : "08/16/23 06:00:00",
  "value" : "0"
},{
  "dateTime" : "08/16/23 06:01:00",
  "value" : "0"
},{
  "dateTime" : "08/16/23 06:02:00",
  "value" : "0"
},{
  "dateTime" : "08/16/23 06:03:00",
  "value" : "0"
},{
  "dateTime" : "08/16/23 06:04:00",
  "value" : "8"
},{
  "dateTime" : "08/16/23 07:29:00",
  "value" : "0"
},{
  "dateTime" : "08/16/23 08:30:00",
  "value" : "0"
},{
  "dateTime" : "08/16/23 08:31:00",
  "value" : "0"
},{
  "dateTime" : "08/16/23 08:32:00",
  "value" : "0"
},{
  "dateTime" : "08/16/23 08:49:00",
  "value" : "7"
},{
  "dateTime" : "08/16/23 09:06:00",
  "value" : "6"
},{
  "dateTime" : "08/16/23 09:30:00",
  "value" : "0"
},{
  "dateTime" : "08/16/23 09:31:00",
  "value" : "0"
},{
  "dateTime" : "08/16/23 09:32:00",
  "value" : "6"
},{
  "dateTime" : "08/16/23 09:40:00",
  "value" : "0"
},{
  "dateTime" : "08/16/23 09:48:00",
  "value" : "15"
},{
  "dateTime" : "08/16/23 09:49:00",
  "value" : "24"
},{
  "dateTime" : "08/16/23 09:50:00",
  "value" : "0"
},{
  "dateTime" : "08/16/23 09:52:00",
  "value" : "11"
},{
  "dateTime" : "08/16/23 09:53:00",
  "value" : "20"
},{
  "dateTime" : "08/16/23 09:54:00",
  "value" : "0"
},{
  "dateTime" : "08/16/23 09:55:00",
  "value" : "8"
},{
  "dateTime" : "08/16/23 09:56:00",
  "value" : "0"
},{
  "dateTime" : "08/16/23 09:57:00",
  "value" : "5"
},{
  "dateTime" : "08/16/23 09:58:00",
  "value" : "33"
},{
  "dateTime" : "08/16/23 09:59:00",
  "value" : "16"
},{
  "dateTime" : "08/16/23 10:00:00",
  "value" : "53"
},{
  "dateTime" : "08/16/23 10:01:00",
  "value" : "54"
},{
  "dateTime" : "08/16/23 10:02:00",
  "value" : "54"
},{
  "dateTime" : "08/16/23 10:03:00",
  "value" : "49"
},{
  "dateTime" : "08/16/23 10:04:00",
  "value" : "10"
},{
  "dateTime" : "08/16/23 10:05:00",
  "value" : "8"
},{
  "dateTime" : "08/16/23 10:06:00",
  "value" : "15"
},{
  "dateTime" : "08/16/23 10:07:00",
  "value" : "69"
},{
  "dateTime" : "08/16/23 10:08:00",
  "value" : "19"
},{
  "dateTime" : "08/16/23 10:10:00",
  "value" : "6"
},{
  "dateTime" : "08/16/23 10:11:00",
  "value" : "0"
},{
  "dateTime" : "08/16/23 10:12:00",
  "value" : "0"
},{
  "dateTime" : "08/16/23 10:13:00",
  "value" : "0"
},{
  "dateTime" : "08/16/23 10:14:00",
  "value" : "0"
},{
  "dateTime" : "08/16/23 10:15:00",
  "value" : "0"
},{
  "dateTime" : "08/16/23 10:17:00",
  "value" : "0"
},{
  "dateTime" : "08/16/23 10:18:00",
  "value" : "8"
},{
  "dateTime" : "08/16/23 10:19:00",
  "value" : "0"
},{
  "dateTime" : "08/16/23 10:20:00",
  "value" : "0"
},{
  "dateTime" : "08/16/23 10:21:00",
  "value" : "0"
},{
  "dateTime" : "08/16/23 10:22:00",
  "value" : "0"
},{
  "dateTime" : "08/16/23 10:23:00",
  "value" : "0"
},{
  "dateTime" : "08/16/23 10:24:00",
  "value" : "0"
},{
  "dateTime" : "08/16/23 10:25:00",
  "value" : "0"
},{
  "dateTime" : "08/16/23 10:26:00",
  "value" : "0"
},{
  "dateTime" : "08/16/23 10:27:00",
  "value" : "0"
},{
  "dateTime" : "08/16/23 10:28:00",
  "value" : "0"
},{
  "dateTime" : "08/16/23 10:29:00",
  "value" : "0"
},{
  "dateTime" : "08/16/23 10:30:00",
  "value" : "0"
},{
  "dateTime" : "08/16/23 10:31:00",
  "value" : "0"
},{
  "dateTime" : "08/16/23 10:32:00",
  "value" : "0"
},{
  "dateTime" : "08/16/23 10:33:00",
  "value" : "0"
},{
  "dateTime" : "08/16/23 10:34:00",
  "value" : "0"
},{
  "dateTime" : "08/16/23 10:35:00",
  "value" : "0"
},{
  "dateTime" : "08/16/23 10:36:00",
  "value" : "0"
},{
  "dateTime" : "08/16/23 10:37:00",
  "value" : "0"
},{
  "dateTime" : "08/16/23 10:38:00",
  "value" : "0"
},{
  "dateTime" : "08/16/23 10:39:00",
  "value" : "0"
},{
  "dateTime" : "08/16/23 10:40:00",
  "value" : "0"
},{
  "dateTime" : "08/16/23 10:41:00",
  "value" : "0"
},{
  "dateTime" : "08/16/23 10:42:00",
  "value" : "0"
},{
  "dateTime" : "08/16/23 10:43:00",
  "value" : "0"
},{
  "dateTime" : "08/16/23 10:44:00",
  "value" : "0"
},{
  "dateTime" : "08/16/23 10:45:00",
  "value" : "0"
},{
  "dateTime" : "08/16/23 10:46:00",
  "value" : "0"
},{
  "dateTime" : "08/16/23 10:47:00",
  "value" : "0"
},{
  "dateTime" : "08/16/23 10:48:00",
  "value" : "0"
},{
  "dateTime" : "08/16/23 10:49:00",
  "value" : "0"
},{
  "dateTime" : "08/16/23 10:50:00",
  "value" : "0"
},{
  "dateTime" : "08/16/23 10:51:00",
  "value" : "0"
},{
  "dateTime" : "08/16/23 10:52:00",
  "value" : "0"
},{
  "dateTime" : "08/16/23 10:53:00",
  "value" : "0"
},{
  "dateTime" : "08/16/23 10:54:00",
  "value" : "0"
},{
  "dateTime" : "08/16/23 10:55:00",
  "value" : "0"
},{
  "dateTime" : "08/16/23 10:56:00",
  "value" : "0"
},{
  "dateTime" : "08/16/23 10:57:00",
  "value" : "0"
},{
  "dateTime" : "08/16/23 10:58:00",
  "value" : "0"
},{
  "dateTime" : "08/16/23 10:59:00",
  "value" : "0"
},{
  "dateTime" : "08/16/23 11:00:00",
  "value" : "0"
},{
  "dateTime" : "08/16/23 11:01:00",
  "value" : "0"
},{
  "dateTime" : "08/16/23 11:02:00",
  "value" : "0"
},{
  "dateTime" : "08/16/23 11:03:00",
  "value" : "0"
},{
  "dateTime" : "08/16/23 11:04:00",
  "value" : "0"
},{
  "dateTime" : "08/16/23 11:05:00",
  "value" : "0"
},{
  "dateTime" : "08/16/23 11:06:00",
  "value" : "0"
},{
  "dateTime" : "08/16/23 11:07:00",
  "value" : "0"
},{
  "dateTime" : "08/16/23 11:08:00",
  "value" : "0"
},{
  "dateTime" : "08/16/23 11:09:00",
  "value" : "0"
},{
  "dateTime" : "08/16/23 11:10:00",
  "value" : "9"
},{
  "dateTime" : "08/16/23 11:11:00",
  "value" : "0"
},{
  "dateTime" : "08/16/23 11:12:00",
  "value" : "0"
},{
  "dateTime" : "08/16/23 11:13:00",
  "value" : "0"
},{
  "dateTime" : "08/16/23 11:14:00",
  "value" : "0"
},{
  "dateTime" : "08/16/23 11:15:00",
  "value" : "0"
},{
  "dateTime" : "08/16/23 11:16:00",
  "value" : "0"
},{
  "dateTime" : "08/16/23 11:17:00",
  "value" : "0"
},{
  "dateTime" : "08/16/23 11:18:00",
  "value" : "0"
},{
  "dateTime" : "08/16/23 11:19:00",
  "value" : "0"
},{
  "dateTime" : "08/16/23 11:20:00",
  "value" : "0"
},{
  "dateTime" : "08/16/23 11:21:00",
  "value" : "0"
},{
  "dateTime" : "08/16/23 11:22:00",
  "value" : "0"
},{
  "dateTime" : "08/16/23 11:23:00",
  "value" : "0"
},{
  "dateTime" : "08/16/23 11:24:00",
  "value" : "0"
},{
  "dateTime" : "08/16/23 11:25:00",
  "value" : "0"
},{
  "dateTime" : "08/16/23 11:26:00",
  "value" : "0"
},{
  "dateTime" : "08/16/23 11:27:00",
  "value" : "0"
},{
  "dateTime" : "08/16/23 11:28:00",
  "value" : "0"
},{
  "dateTime" : "08/16/23 11:29:00",
  "value" : "0"
},{
  "dateTime" : "08/16/23 11:30:00",
  "value" : "0"
},{
  "dateTime" : "08/16/23 11:31:00",
  "value" : "0"
},{
  "dateTime" : "08/16/23 11:32:00",
  "value" : "0"
},{
  "dateTime" : "08/16/23 11:33:00",
  "value" : "0"
},{
  "dateTime" : "08/16/23 11:34:00",
  "value" : "0"
},{
  "dateTime" : "08/16/23 11:35:00",
  "value" : "0"
},{
  "dateTime" : "08/16/23 11:36:00",
  "value" : "0"
},{
  "dateTime" : "08/16/23 11:37:00",
  "value" : "0"
},{
  "dateTime" : "08/16/23 11:38:00",
  "value" : "0"
},{
  "dateTime" : "08/16/23 11:39:00",
  "value" : "0"
},{
  "dateTime" : "08/16/23 11:40:00",
  "value" : "0"
},{
  "dateTime" : "08/16/23 11:41:00",
  "value" : "6"
},{
  "dateTime" : "08/16/23 11:42:00",
  "value" : "0"
},{
  "dateTime" : "08/16/23 11:43:00",
  "value" : "0"
},{
  "dateTime" : "08/16/23 11:44:00",
  "value" : "0"
},{
  "dateTime" : "08/16/23 11:45:00",
  "value" : "0"
},{
  "dateTime" : "08/16/23 11:46:00",
  "value" : "0"
},{
  "dateTime" : "08/16/23 11:47:00",
  "value" : "4"
},{
  "dateTime" : "08/16/23 11:48:00",
  "value" : "0"
},{
  "dateTime" : "08/16/23 11:49:00",
  "value" : "0"
},{
  "dateTime" : "08/16/23 11:50:00",
  "value" : "0"
},{
  "dateTime" : "08/16/23 11:51:00",
  "value" : "0"
},{
  "dateTime" : "08/16/23 11:52:00",
  "value" : "0"
},{
  "dateTime" : "08/16/23 11:53:00",
  "value" : "0"
},{
  "dateTime" : "08/16/23 11:54:00",
  "value" : "0"
},{
  "dateTime" : "08/16/23 11:55:00",
  "value" : "0"
},{
  "dateTime" : "08/16/23 11:56:00",
  "value" : "0"
},{
  "dateTime" : "08/16/23 11:57:00",
  "value" : "0"
},{
  "dateTime" : "08/16/23 11:58:00",
  "value" : "0"
},{
  "dateTime" : "08/16/23 11:59:00",
  "value" : "0"
},{
  "dateTime" : "08/16/23 12:00:00",
  "value" : "0"
},{
  "dateTime" : "08/16/23 12:01:00",
  "value" : "0"
},{
  "dateTime" : "08/16/23 12:02:00",
  "value" : "0"
},{
  "dateTime" : "08/16/23 12:03:00",
  "value" : "0"
},{
  "dateTime" : "08/16/23 12:04:00",
  "value" : "0"
},{
  "dateTime" : "08/16/23 12:05:00",
  "value" : "0"
},{
  "dateTime" : "08/16/23 12:06:00",
  "value" : "0"
},{
  "dateTime" : "08/16/23 12:07:00",
  "value" : "9"
},{
  "dateTime" : "08/16/23 12:08:00",
  "value" : "12"
},{
  "dateTime" : "08/16/23 12:09:00",
  "value" : "51"
},{
  "dateTime" : "08/16/23 12:10:00",
  "value" : "114"
},{
  "dateTime" : "08/16/23 12:11:00",
  "value" : "116"
},{
  "dateTime" : "08/16/23 12:12:00",
  "value" : "119"
},{
  "dateTime" : "08/16/23 12:13:00",
  "value" : "120"
},{
  "dateTime" : "08/16/23 12:14:00",
  "value" : "119"
},{
  "dateTime" : "08/16/23 12:15:00",
  "value" : "89"
},{
  "dateTime" : "08/16/23 12:16:00",
  "value" : "98"
},{
  "dateTime" : "08/16/23 12:17:00",
  "value" : "11"
},{
  "dateTime" : "08/16/23 12:18:00",
  "value" : "0"
},{
  "dateTime" : "08/16/23 12:19:00",
  "value" : "0"
},{
  "dateTime" : "08/16/23 12:20:00",
  "value" : "0"
},{
  "dateTime" : "08/16/23 12:21:00",
  "value" : "0"
},{
  "dateTime" : "08/16/23 12:22:00",
  "value" : "0"
},{
  "dateTime" : "08/16/23 12:23:00",
  "value" : "0"
},{
  "dateTime" : "08/16/23 12:24:00",
  "value" : "0"
},{
  "dateTime" : "08/16/23 12:25:00",
  "value" : "0"
},{
  "dateTime" : "08/16/23 12:26:00",
  "value" : "0"
},{
  "dateTime" : "08/16/23 12:29:00",
  "value" : "0"
},{
  "dateTime" : "08/16/23 12:31:00",
  "value" : "0"
},{
  "dateTime" : "08/16/23 12:32:00",
  "value" : "0"
},{
  "dateTime" : "08/16/23 12:34:00",
  "value" : "0"
},{
  "dateTime" : "08/16/23 12:42:00",
  "value" : "0"
},{
  "dateTime" : "08/16/23 12:43:00",
  "value" : "0"
},{
  "dateTime" : "08/16/23 12:44:00",
  "value" : "0"
},{
  "dateTime" : "08/16/23 12:46:00",
  "value" : "0"
},{
  "dateTime" : "08/16/23 12:47:00",
  "value" : "7"
},{
  "dateTime" : "08/16/23 12:48:00",
  "value" : "0"
},{
  "dateTime" : "08/16/23 12:49:00",
  "value" : "0"
},{
  "dateTime" : "08/16/23 12:50:00",
  "value" : "12"
},{
  "dateTime" : "08/16/23 12:51:00",
  "value" : "0"
},{
  "dateTime" : "08/16/23 12:52:00",
  "value" : "0"
},{
  "dateTime" : "08/16/23 12:56:00",
  "value" : "0"
},{
  "dateTime" : "08/16/23 13:00:00",
  "value" : "0"
},{
  "dateTime" : "08/16/23 13:01:00",
  "value" : "0"
},{
  "dateTime" : "08/16/23 13:02:00",
  "value" : "0"
},{
  "dateTime" : "08/16/23 13:04:00",
  "value" : "0"
},{
  "dateTime" : "08/16/23 13:06:00",
  "value" : "0"
},{
  "dateTime" : "08/16/23 13:08:00",
  "value" : "0"
},{
  "dateTime" : "08/16/23 13:09:00",
  "value" : "0"
},{
  "dateTime" : "08/16/23 13:10:00",
  "value" : "0"
},{
  "dateTime" : "08/16/23 13:12:00",
  "value" : "0"
},{
  "dateTime" : "08/16/23 13:14:00",
  "value" : "0"
},{
  "dateTime" : "08/16/23 13:15:00",
  "value" : "0"
},{
  "dateTime" : "08/16/23 13:18:00",
  "value" : "0"
},{
  "dateTime" : "08/16/23 13:21:00",
  "value" : "0"
},{
  "dateTime" : "08/16/23 13:22:00",
  "value" : "0"
},{
  "dateTime" : "08/16/23 13:24:00",
  "value" : "0"
},{
  "dateTime" : "08/16/23 13:25:00",
  "value" : "0"
},{
  "dateTime" : "08/16/23 13:26:00",
  "value" : "8"
},{
  "dateTime" : "08/16/23 13:27:00",
  "value" : "0"
},{
  "dateTime" : "08/16/23 13:28:00",
  "value" : "0"
},{
  "dateTime" : "08/16/23 13:29:00",
  "value" : "0"
},{
  "dateTime" : "08/16/23 13:30:00",
  "value" : "0"
},{
  "dateTime" : "08/16/23 13:32:00",
  "value" : "0"
},{
  "dateTime" : "08/16/23 13:33:00",
  "value" : "0"
},{
  "dateTime" : "08/16/23 13:34:00",
  "value" : "0"
},{
  "dateTime" : "08/16/23 13:35:00",
  "value" : "0"
},{
  "dateTime" : "08/16/23 13:39:00",
  "value" : "0"
},{
  "dateTime" : "08/16/23 13:40:00",
  "value" : "0"
},{
  "dateTime" : "08/16/23 13:41:00",
  "value" : "0"
},{
  "dateTime" : "08/16/23 13:43:00",
  "value" : "0"
},{
  "dateTime" : "08/16/23 13:54:00",
  "value" : "0"
},{
  "dateTime" : "08/16/23 13:55:00",
  "value" : "0"
},{
  "dateTime" : "08/16/23 13:56:00",
  "value" : "0"
},{
  "dateTime" : "08/16/23 13:59:00",
  "value" : "0"
},{
  "dateTime" : "08/16/23 14:02:00",
  "value" : "0"
},{
  "dateTime" : "08/16/23 14:03:00",
  "value" : "18"
},{
  "dateTime" : "08/16/23 14:04:00",
  "value" : "0"
},{
  "dateTime" : "08/16/23 14:05:00",
  "value" : "34"
},{
  "dateTime" : "08/16/23 14:06:00",
  "value" : "36"
},{
  "dateTime" : "08/16/23 14:14:00",
  "value" : "5"
},{
  "dateTime" : "08/16/23 14:24:00",
  "value" : "0"
},{
  "dateTime" : "08/16/23 14:25:00",
  "value" : "0"
},{
  "dateTime" : "08/16/23 14:27:00",
  "value" : "0"
},{
  "dateTime" : "08/16/23 14:28:00",
  "value" : "0"
},{
  "dateTime" : "08/16/23 14:34:00",
  "value" : "0"
},{
  "dateTime" : "08/16/23 14:36:00",
  "value" : "0"
},{
  "dateTime" : "08/16/23 14:48:00",
  "value" : "0"
},{
  "dateTime" : "08/16/23 14:54:00",
  "value" : "0"
},{
  "dateTime" : "08/16/23 14:55:00",
  "value" : "0"
},{
  "dateTime" : "08/16/23 15:00:00",
  "value" : "0"
},{
  "dateTime" : "08/16/23 15:01:00",
  "value" : "22"
},{
  "dateTime" : "08/16/23 15:02:00",
  "value" : "44"
},{
  "dateTime" : "08/16/23 15:03:00",
  "value" : "66"
},{
  "dateTime" : "08/16/23 15:04:00",
  "value" : "111"
},{
  "dateTime" : "08/16/23 15:05:00",
  "value" : "114"
},{
  "dateTime" : "08/16/23 15:06:00",
  "value" : "111"
},{
  "dateTime" : "08/16/23 15:07:00",
  "value" : "103"
},{
  "dateTime" : "08/16/23 15:08:00",
  "value" : "108"
},{
  "dateTime" : "08/16/23 15:09:00",
  "value" : "110"
},{
  "dateTime" : "08/16/23 15:10:00",
  "value" : "110"
},{
  "dateTime" : "08/16/23 15:11:00",
  "value" : "16"
},{
  "dateTime" : "08/16/23 15:12:00",
  "value" : "18"
},{
  "dateTime" : "08/16/23 15:13:00",
  "value" : "0"
},{
  "dateTime" : "08/16/23 15:14:00",
  "value" : "13"
},{
  "dateTime" : "08/16/23 15:15:00",
  "value" : "9"
},{
  "dateTime" : "08/16/23 15:16:00",
  "value" : "23"
},{
  "dateTime" : "08/16/23 15:17:00",
  "value" : "0"
},{
  "dateTime" : "08/16/23 15:18:00",
  "value" : "0"
},{
  "dateTime" : "08/16/23 15:19:00",
  "value" : "0"
},{
  "dateTime" : "08/16/23 15:20:00",
  "value" : "0"
},{
  "dateTime" : "08/16/23 15:21:00",
  "value" : "0"
},{
  "dateTime" : "08/16/23 15:22:00",
  "value" : "0"
},{
  "dateTime" : "08/16/23 15:23:00",
  "value" : "0"
},{
  "dateTime" : "08/16/23 15:24:00",
  "value" : "0"
},{
  "dateTime" : "08/16/23 15:25:00",
  "value" : "0"
},{
  "dateTime" : "08/16/23 15:26:00",
  "value" : "0"
},{
  "dateTime" : "08/16/23 15:27:00",
  "value" : "0"
},{
  "dateTime" : "08/16/23 15:28:00",
  "value" : "0"
},{
  "dateTime" : "08/16/23 15:29:00",
  "value" : "0"
},{
  "dateTime" : "08/16/23 15:30:00",
  "value" : "0"
},{
  "dateTime" : "08/16/23 15:31:00",
  "value" : "0"
},{
  "dateTime" : "08/16/23 15:32:00",
  "value" : "0"
},{
  "dateTime" : "08/16/23 15:33:00",
  "value" : "0"
},{
  "dateTime" : "08/16/23 15:34:00",
  "value" : "0"
},{
  "dateTime" : "08/16/23 15:35:00",
  "value" : "0"
},{
  "dateTime" : "08/16/23 15:36:00",
  "value" : "0"
},{
  "dateTime" : "08/16/23 15:37:00",
  "value" : "0"
},{
  "dateTime" : "08/16/23 15:38:00",
  "value" : "0"
},{
  "dateTime" : "08/16/23 15:39:00",
  "value" : "0"
},{
  "dateTime" : "08/16/23 15:40:00",
  "value" : "0"
},{
  "dateTime" : "08/16/23 15:41:00",
  "value" : "0"
},{
  "dateTime" : "08/16/23 15:42:00",
  "value" : "0"
},{
  "dateTime" : "08/16/23 15:43:00",
  "value" : "0"
},{
  "dateTime" : "08/16/23 15:44:00",
  "value" : "0"
},{
  "dateTime" : "08/16/23 15:45:00",
  "value" : "0"
},{
  "dateTime" : "08/16/23 15:46:00",
  "value" : "0"
},{
  "dateTime" : "08/16/23 15:47:00",
  "value" : "0"
},{
  "dateTime" : "08/16/23 15:48:00",
  "value" : "0"
},{
  "dateTime" : "08/16/23 15:49:00",
  "value" : "0"
},{
  "dateTime" : "08/16/23 15:50:00",
  "value" : "0"
},{
  "dateTime" : "08/16/23 15:51:00",
  "value" : "0"
},{
  "dateTime" : "08/16/23 15:52:00",
  "value" : "0"
},{
  "dateTime" : "08/16/23 15:53:00",
  "value" : "0"
},{
  "dateTime" : "08/16/23 15:54:00",
  "value" : "0"
},{
  "dateTime" : "08/16/23 15:55:00",
  "value" : "0"
},{
  "dateTime" : "08/16/23 15:56:00",
  "value" : "0"
},{
  "dateTime" : "08/16/23 15:57:00",
  "value" : "0"
},{
  "dateTime" : "08/16/23 15:58:00",
  "value" : "0"
},{
  "dateTime" : "08/16/23 15:59:00",
  "value" : "0"
},{
  "dateTime" : "08/16/23 16:01:00",
  "value" : "0"
},{
  "dateTime" : "08/16/23 16:02:00",
  "value" : "0"
},{
  "dateTime" : "08/16/23 16:03:00",
  "value" : "0"
},{
  "dateTime" : "08/16/23 16:04:00",
  "value" : "0"
},{
  "dateTime" : "08/16/23 16:05:00",
  "value" : "0"
},{
  "dateTime" : "08/16/23 16:06:00",
  "value" : "0"
},{
  "dateTime" : "08/16/23 16:07:00",
  "value" : "0"
},{
  "dateTime" : "08/16/23 16:08:00",
  "value" : "0"
},{
  "dateTime" : "08/16/23 16:09:00",
  "value" : "0"
},{
  "dateTime" : "08/16/23 16:10:00",
  "value" : "0"
},{
  "dateTime" : "08/16/23 16:11:00",
  "value" : "0"
},{
  "dateTime" : "08/16/23 16:12:00",
  "value" : "0"
},{
  "dateTime" : "08/16/23 16:13:00",
  "value" : "0"
},{
  "dateTime" : "08/16/23 16:14:00",
  "value" : "0"
},{
  "dateTime" : "08/16/23 16:15:00",
  "value" : "0"
},{
  "dateTime" : "08/16/23 16:16:00",
  "value" : "0"
},{
  "dateTime" : "08/16/23 16:17:00",
  "value" : "0"
},{
  "dateTime" : "08/16/23 16:18:00",
  "value" : "4"
},{
  "dateTime" : "08/16/23 16:19:00",
  "value" : "0"
},{
  "dateTime" : "08/16/23 16:20:00",
  "value" : "0"
},{
  "dateTime" : "08/16/23 16:21:00",
  "value" : "0"
},{
  "dateTime" : "08/16/23 16:22:00",
  "value" : "15"
},{
  "dateTime" : "08/16/23 16:23:00",
  "value" : "0"
},{
  "dateTime" : "08/16/23 16:25:00",
  "value" : "0"
},{
  "dateTime" : "08/16/23 16:26:00",
  "value" : "0"
},{
  "dateTime" : "08/16/23 16:30:00",
  "value" : "0"
},{
  "dateTime" : "08/16/23 16:31:00",
  "value" : "0"
},{
  "dateTime" : "08/16/23 16:32:00",
  "value" : "0"
},{
  "dateTime" : "08/16/23 16:34:00",
  "value" : "0"
},{
  "dateTime" : "08/16/23 16:36:00",
  "value" : "0"
},{
  "dateTime" : "08/16/23 16:38:00",
  "value" : "0"
},{
  "dateTime" : "08/16/23 16:39:00",
  "value" : "0"
},{
  "dateTime" : "08/16/23 16:40:00",
  "value" : "0"
},{
  "dateTime" : "08/16/23 16:43:00",
  "value" : "0"
},{
  "dateTime" : "08/16/23 16:44:00",
  "value" : "0"
},{
  "dateTime" : "08/16/23 16:46:00",
  "value" : "0"
},{
  "dateTime" : "08/16/23 16:48:00",
  "value" : "0"
},{
  "dateTime" : "08/16/23 16:49:00",
  "value" : "0"
},{
  "dateTime" : "08/16/23 16:50:00",
  "value" : "0"
},{
  "dateTime" : "08/16/23 16:51:00",
  "value" : "0"
},{
  "dateTime" : "08/16/23 16:52:00",
  "value" : "0"
},{
  "dateTime" : "08/16/23 16:53:00",
  "value" : "0"
},{
  "dateTime" : "08/16/23 16:54:00",
  "value" : "0"
},{
  "dateTime" : "08/16/23 16:55:00",
  "value" : "0"
},{
  "dateTime" : "08/16/23 16:56:00",
  "value" : "0"
},{
  "dateTime" : "08/16/23 16:57:00",
  "value" : "0"
},{
  "dateTime" : "08/16/23 16:58:00",
  "value" : "0"
},{
  "dateTime" : "08/16/23 16:59:00",
  "value" : "0"
},{
  "dateTime" : "08/16/23 17:00:00",
  "value" : "0"
},{
  "dateTime" : "08/16/23 17:01:00",
  "value" : "9"
},{
  "dateTime" : "08/16/23 17:02:00",
  "value" : "0"
},{
  "dateTime" : "08/16/23 17:03:00",
  "value" : "0"
},{
  "dateTime" : "08/16/23 17:04:00",
  "value" : "66"
},{
  "dateTime" : "08/16/23 17:05:00",
  "value" : "0"
},{
  "dateTime" : "08/16/23 17:06:00",
  "value" : "8"
},{
  "dateTime" : "08/16/23 17:07:00",
  "value" : "63"
},{
  "dateTime" : "08/16/23 17:08:00",
  "value" : "8"
},{
  "dateTime" : "08/16/23 17:09:00",
  "value" : "0"
},{
  "dateTime" : "08/16/23 17:10:00",
  "value" : "0"
},{
  "dateTime" : "08/16/23 17:11:00",
  "value" : "11"
},{
  "dateTime" : "08/16/23 17:12:00",
  "value" : "0"
},{
  "dateTime" : "08/16/23 17:13:00",
  "value" : "7"
},{
  "dateTime" : "08/16/23 17:14:00",
  "value" : "33"
},{
  "dateTime" : "08/16/23 17:15:00",
  "value" : "0"
},{
  "dateTime" : "08/16/23 17:16:00",
  "value" : "0"
},{
  "dateTime" : "08/16/23 17:17:00",
  "value" : "0"
},{
  "dateTime" : "08/16/23 17:18:00",
  "value" : "0"
},{
  "dateTime" : "08/16/23 17:19:00",
  "value" : "0"
},{
  "dateTime" : "08/16/23 17:20:00",
  "value" : "0"
},{
  "dateTime" : "08/16/23 17:21:00",
  "value" : "12"
},{
  "dateTime" : "08/16/23 17:22:00",
  "value" : "0"
},{
  "dateTime" : "08/16/23 17:23:00",
  "value" : "10"
},{
  "dateTime" : "08/16/23 17:24:00",
  "value" : "0"
},{
  "dateTime" : "08/16/23 17:25:00",
  "value" : "0"
},{
  "dateTime" : "08/16/23 17:26:00",
  "value" : "0"
},{
  "dateTime" : "08/16/23 17:27:00",
  "value" : "0"
},{
  "dateTime" : "08/16/23 17:28:00",
  "value" : "0"
},{
  "dateTime" : "08/16/23 17:29:00",
  "value" : "0"
},{
  "dateTime" : "08/16/23 17:30:00",
  "value" : "0"
},{
  "dateTime" : "08/16/23 17:31:00",
  "value" : "0"
},{
  "dateTime" : "08/16/23 17:32:00",
  "value" : "0"
},{
  "dateTime" : "08/16/23 17:33:00",
  "value" : "0"
},{
  "dateTime" : "08/16/23 17:34:00",
  "value" : "0"
},{
  "dateTime" : "08/16/23 17:35:00",
  "value" : "0"
},{
  "dateTime" : "08/16/23 17:36:00",
  "value" : "0"
},{
  "dateTime" : "08/16/23 17:37:00",
  "value" : "0"
},{
  "dateTime" : "08/16/23 17:38:00",
  "value" : "0"
},{
  "dateTime" : "08/16/23 17:39:00",
  "value" : "9"
},{
  "dateTime" : "08/16/23 17:40:00",
  "value" : "0"
},{
  "dateTime" : "08/16/23 17:41:00",
  "value" : "0"
},{
  "dateTime" : "08/16/23 17:42:00",
  "value" : "17"
},{
  "dateTime" : "08/16/23 17:43:00",
  "value" : "0"
},{
  "dateTime" : "08/16/23 17:44:00",
  "value" : "0"
},{
  "dateTime" : "08/16/23 17:45:00",
  "value" : "0"
},{
  "dateTime" : "08/16/23 17:46:00",
  "value" : "34"
},{
  "dateTime" : "08/16/23 17:47:00",
  "value" : "22"
},{
  "dateTime" : "08/16/23 17:48:00",
  "value" : "8"
},{
  "dateTime" : "08/16/23 17:49:00",
  "value" : "0"
},{
  "dateTime" : "08/16/23 17:50:00",
  "value" : "33"
},{
  "dateTime" : "08/16/23 17:51:00",
  "value" : "0"
},{
  "dateTime" : "08/16/23 17:52:00",
  "value" : "0"
},{
  "dateTime" : "08/16/23 17:53:00",
  "value" : "0"
},{
  "dateTime" : "08/16/23 17:54:00",
  "value" : "0"
},{
  "dateTime" : "08/16/23 17:55:00",
  "value" : "0"
},{
  "dateTime" : "08/16/23 17:56:00",
  "value" : "0"
},{
  "dateTime" : "08/16/23 17:57:00",
  "value" : "0"
},{
  "dateTime" : "08/16/23 17:58:00",
  "value" : "27"
},{
  "dateTime" : "08/16/23 17:59:00",
  "value" : "18"
},{
  "dateTime" : "08/16/23 18:00:00",
  "value" : "24"
},{
  "dateTime" : "08/16/23 18:01:00",
  "value" : "16"
},{
  "dateTime" : "08/16/23 18:02:00",
  "value" : "43"
},{
  "dateTime" : "08/16/23 18:03:00",
  "value" : "17"
},{
  "dateTime" : "08/16/23 18:04:00",
  "value" : "10"
},{
  "dateTime" : "08/16/23 18:05:00",
  "value" : "0"
},{
  "dateTime" : "08/16/23 18:06:00",
  "value" : "17"
},{
  "dateTime" : "08/16/23 18:07:00",
  "value" : "9"
},{
  "dateTime" : "08/16/23 18:08:00",
  "value" : "0"
},{
  "dateTime" : "08/16/23 18:09:00",
  "value" : "9"
},{
  "dateTime" : "08/16/23 18:10:00",
  "value" : "0"
},{
  "dateTime" : "08/16/23 18:11:00",
  "value" : "0"
},{
  "dateTime" : "08/16/23 18:18:00",
  "value" : "0"
},{
  "dateTime" : "08/16/23 18:19:00",
  "value" : "0"
},{
  "dateTime" : "08/16/23 18:20:00",
  "value" : "10"
},{
  "dateTime" : "08/16/23 18:21:00",
  "value" : "7"
},{
  "dateTime" : "08/16/23 18:22:00",
  "value" : "13"
},{
  "dateTime" : "08/16/23 18:23:00",
  "value" : "14"
},{
  "dateTime" : "08/16/23 18:24:00",
  "value" : "10"
},{
  "dateTime" : "08/16/23 18:25:00",
  "value" : "0"
},{
  "dateTime" : "08/16/23 18:28:00",
  "value" : "0"
},{
  "dateTime" : "08/16/23 18:29:00",
  "value" : "0"
},{
  "dateTime" : "08/16/23 18:30:00",
  "value" : "0"
},{
  "dateTime" : "08/16/23 18:31:00",
  "value" : "0"
},{
  "dateTime" : "08/16/23 18:32:00",
  "value" : "26"
},{
  "dateTime" : "08/16/23 18:33:00",
  "value" : "0"
},{
  "dateTime" : "08/16/23 18:34:00",
  "value" : "0"
},{
  "dateTime" : "08/16/23 18:37:00",
  "value" : "0"
},{
  "dateTime" : "08/16/23 18:39:00",
  "value" : "0"
},{
  "dateTime" : "08/16/23 18:40:00",
  "value" : "0"
},{
  "dateTime" : "08/16/23 18:41:00",
  "value" : "0"
},{
  "dateTime" : "08/16/23 18:42:00",
  "value" : "0"
},{
  "dateTime" : "08/16/23 18:44:00",
  "value" : "0"
},{
  "dateTime" : "08/16/23 18:45:00",
  "value" : "0"
},{
  "dateTime" : "08/16/23 18:46:00",
  "value" : "0"
},{
  "dateTime" : "08/16/23 18:47:00",
  "value" : "0"
},{
  "dateTime" : "08/16/23 18:48:00",
  "value" : "0"
},{
  "dateTime" : "08/16/23 18:50:00",
  "value" : "0"
},{
  "dateTime" : "08/16/23 18:51:00",
  "value" : "0"
},{
  "dateTime" : "08/16/23 18:58:00",
  "value" : "0"
},{
  "dateTime" : "08/16/23 18:59:00",
  "value" : "0"
},{
  "dateTime" : "08/16/23 19:02:00",
  "value" : "0"
},{
  "dateTime" : "08/16/23 19:08:00",
  "value" : "0"
},{
  "dateTime" : "08/16/23 19:21:00",
  "value" : "0"
},{
  "dateTime" : "08/16/23 19:29:00",
  "value" : "0"
},{
  "dateTime" : "08/16/23 19:30:00",
  "value" : "0"
},{
  "dateTime" : "08/16/23 19:31:00",
  "value" : "0"
},{
  "dateTime" : "08/16/23 19:34:00",
  "value" : "0"
},{
  "dateTime" : "08/16/23 19:35:00",
  "value" : "0"
},{
  "dateTime" : "08/16/23 19:36:00",
  "value" : "0"
},{
  "dateTime" : "08/16/23 19:37:00",
  "value" : "21"
},{
  "dateTime" : "08/16/23 19:38:00",
  "value" : "12"
},{
  "dateTime" : "08/16/23 19:39:00",
  "value" : "10"
},{
  "dateTime" : "08/16/23 19:40:00",
  "value" : "14"
},{
  "dateTime" : "08/16/23 19:41:00",
  "value" : "0"
},{
  "dateTime" : "08/16/23 19:42:00",
  "value" : "0"
},{
  "dateTime" : "08/16/23 19:43:00",
  "value" : "6"
},{
  "dateTime" : "08/16/23 19:44:00",
  "value" : "0"
},{
  "dateTime" : "08/16/23 19:45:00",
  "value" : "0"
},{
  "dateTime" : "08/16/23 19:46:00",
  "value" : "13"
},{
  "dateTime" : "08/16/23 19:47:00",
  "value" : "0"
},{
  "dateTime" : "08/16/23 19:50:00",
  "value" : "0"
},{
  "dateTime" : "08/16/23 19:55:00",
  "value" : "0"
},{
  "dateTime" : "08/16/23 20:00:00",
  "value" : "0"
},{
  "dateTime" : "08/16/23 20:01:00",
  "value" : "0"
},{
  "dateTime" : "08/16/23 20:03:00",
  "value" : "0"
},{
  "dateTime" : "08/16/23 20:04:00",
  "value" : "0"
},{
  "dateTime" : "08/16/23 20:07:00",
  "value" : "0"
},{
  "dateTime" : "08/16/23 20:11:00",
  "value" : "0"
},{
  "dateTime" : "08/16/23 20:12:00",
  "value" : "0"
},{
  "dateTime" : "08/16/23 20:20:00",
  "value" : "26"
},{
  "dateTime" : "08/16/23 20:21:00",
  "value" : "66"
},{
  "dateTime" : "08/16/23 20:22:00",
  "value" : "18"
},{
  "dateTime" : "08/16/23 20:23:00",
  "value" : "0"
},{
  "dateTime" : "08/16/23 20:24:00",
  "value" : "0"
},{
  "dateTime" : "08/16/23 20:25:00",
  "value" : "0"
},{
  "dateTime" : "08/16/23 20:26:00",
  "value" : "0"
},{
  "dateTime" : "08/16/23 20:28:00",
  "value" : "0"
},{
  "dateTime" : "08/16/23 20:30:00",
  "value" : "14"
},{
  "dateTime" : "08/16/23 20:31:00",
  "value" : "0"
},{
  "dateTime" : "08/16/23 20:36:00",
  "value" : "0"
},{
  "dateTime" : "08/16/23 20:37:00",
  "value" : "4"
},{
  "dateTime" : "08/16/23 20:42:00",
  "value" : "0"
},{
  "dateTime" : "08/16/23 20:46:00",
  "value" : "0"
},{
  "dateTime" : "08/16/23 20:52:00",
  "value" : "0"
},{
  "dateTime" : "08/16/23 21:35:00",
  "value" : "0"
},{
  "dateTime" : "08/16/23 22:14:00",
  "value" : "9"
},{
  "dateTime" : "08/16/23 22:55:00",
  "value" : "0"
},{
  "dateTime" : "08/16/23 22:57:00",
  "value" : "0"
},{
  "dateTime" : "08/16/23 22:58:00",
  "value" : "0"
},{
  "dateTime" : "08/16/23 22:59:00",
  "value" : "17"
},{
  "dateTime" : "08/16/23 23:00:00",
  "value" : "12"
},{
  "dateTime" : "08/16/23 23:29:00",
  "value" : "6"
},{
  "dateTime" : "08/16/23 23:30:00",
  "value" : "10"
},{
  "dateTime" : "08/16/23 23:31:00",
  "value" : "30"
},{
  "dateTime" : "08/17/23 00:03:00",
  "value" : "0"
},{
  "dateTime" : "08/17/23 00:59:00",
  "value" : "0"
},{
  "dateTime" : "08/17/23 01:00:00",
  "value" : "0"
},{
  "dateTime" : "08/17/23 01:02:00",
  "value" : "0"
},{
  "dateTime" : "08/17/23 01:07:00",
  "value" : "13"
},{
  "dateTime" : "08/17/23 01:08:00",
  "value" : "0"
},{
  "dateTime" : "08/17/23 01:09:00",
  "value" : "0"
},{
  "dateTime" : "08/17/23 01:10:00",
  "value" : "7"
},{
  "dateTime" : "08/17/23 01:11:00",
  "value" : "0"
},{
  "dateTime" : "08/17/23 01:12:00",
  "value" : "0"
},{
  "dateTime" : "08/17/23 01:13:00",
  "value" : "7"
},{
  "dateTime" : "08/17/23 01:14:00",
  "value" : "0"
},{
  "dateTime" : "08/17/23 01:15:00",
  "value" : "0"
},{
  "dateTime" : "08/17/23 01:16:00",
  "value" : "29"
},{
  "dateTime" : "08/17/23 01:17:00",
  "value" : "25"
},{
  "dateTime" : "08/17/23 01:18:00",
  "value" : "0"
},{
  "dateTime" : "08/17/23 01:19:00",
  "value" : "9"
},{
  "dateTime" : "08/17/23 01:20:00",
  "value" : "10"
},{
  "dateTime" : "08/17/23 01:21:00",
  "value" : "0"
},{
  "dateTime" : "08/17/23 01:25:00",
  "value" : "0"
},{
  "dateTime" : "08/17/23 01:33:00",
  "value" : "0"
},{
  "dateTime" : "08/17/23 01:34:00",
  "value" : "0"
},{
  "dateTime" : "08/17/23 02:04:00",
  "value" : "13"
},{
  "dateTime" : "08/17/23 02:05:00",
  "value" : "0"
},{
  "dateTime" : "08/17/23 02:06:00",
  "value" : "8"
},{
  "dateTime" : "08/17/23 02:07:00",
  "value" : "23"
},{
  "dateTime" : "08/17/23 02:08:00",
  "value" : "16"
},{
  "dateTime" : "08/17/23 02:09:00",
  "value" : "4"
},{
  "dateTime" : "08/17/23 02:10:00",
  "value" : "0"
},{
  "dateTime" : "08/17/23 02:33:00",
  "value" : "0"
},{
  "dateTime" : "08/17/23 02:35:00",
  "value" : "8"
},{
  "dateTime" : "08/17/23 02:36:00",
  "value" : "0"
},{
  "dateTime" : "08/17/23 02:37:00",
  "value" : "0"
},{
  "dateTime" : "08/17/23 02:42:00",
  "value" : "0"
},{
  "dateTime" : "08/17/23 03:40:00",
  "value" : "0"
},{
  "dateTime" : "08/17/23 03:41:00",
  "value" : "0"
},{
  "dateTime" : "08/17/23 03:51:00",
  "value" : "0"
},{
  "dateTime" : "08/17/23 04:07:00",
  "value" : "0"
},{
  "dateTime" : "08/17/23 04:08:00",
  "value" : "0"
},{
  "dateTime" : "08/17/23 04:24:00",
  "value" : "0"
},{
  "dateTime" : "08/17/23 04:42:00",
  "value" : "0"
},{
  "dateTime" : "08/17/23 05:19:00",
  "value" : "0"
},{
  "dateTime" : "08/17/23 05:46:00",
  "value" : "0"
},{
  "dateTime" : "08/17/23 06:46:00",
  "value" : "0"
},{
  "dateTime" : "08/17/23 06:50:00",
  "value" : "0"
},{
  "dateTime" : "08/17/23 08:36:00",
  "value" : "6"
},{
  "dateTime" : "08/17/23 08:47:00",
  "value" : "0"
},{
  "dateTime" : "08/17/23 09:03:00",
  "value" : "0"
},{
  "dateTime" : "08/17/23 09:30:00",
  "value" : "0"
},{
  "dateTime" : "08/17/23 09:31:00",
  "value" : "0"
},{
  "dateTime" : "08/17/23 09:33:00",
  "value" : "0"
},{
  "dateTime" : "08/17/23 09:35:00",
  "value" : "0"
},{
  "dateTime" : "08/17/23 09:38:00",
  "value" : "0"
},{
  "dateTime" : "08/17/23 09:39:00",
  "value" : "0"
},{
  "dateTime" : "08/17/23 09:40:00",
  "value" : "0"
},{
  "dateTime" : "08/17/23 09:41:00",
  "value" : "0"
},{
  "dateTime" : "08/17/23 09:42:00",
  "value" : "0"
},{
  "dateTime" : "08/17/23 09:43:00",
  "value" : "0"
},{
  "dateTime" : "08/17/23 09:45:00",
  "value" : "19"
},{
  "dateTime" : "08/17/23 09:46:00",
  "value" : "24"
},{
  "dateTime" : "08/17/23 09:47:00",
  "value" : "0"
},{
  "dateTime" : "08/17/23 09:48:00",
  "value" : "0"
},{
  "dateTime" : "08/17/23 09:49:00",
  "value" : "0"
},{
  "dateTime" : "08/17/23 09:50:00",
  "value" : "0"
},{
  "dateTime" : "08/17/23 09:51:00",
  "value" : "10"
},{
  "dateTime" : "08/17/23 09:52:00",
  "value" : "0"
},{
  "dateTime" : "08/17/23 15:49:00",
  "value" : "0"
},{
  "dateTime" : "08/17/23 15:50:00",
  "value" : "48"
},{
  "dateTime" : "08/17/23 15:51:00",
  "value" : "46"
},{
  "dateTime" : "08/17/23 15:52:00",
  "value" : "18"
},{
  "dateTime" : "08/17/23 15:53:00",
  "value" : "0"
},{
  "dateTime" : "08/17/23 15:54:00",
  "value" : "14"
},{
  "dateTime" : "08/17/23 15:55:00",
  "value" : "38"
},{
  "dateTime" : "08/17/23 15:56:00",
  "value" : "60"
},{
  "dateTime" : "08/17/23 15:57:00",
  "value" : "37"
},{
  "dateTime" : "08/17/23 15:58:00",
  "value" : "4"
},{
  "dateTime" : "08/17/23 15:59:00",
  "value" : "19"
},{
  "dateTime" : "08/17/23 16:00:00",
  "value" : "0"
},{
  "dateTime" : "08/17/23 16:01:00",
  "value" : "20"
},{
  "dateTime" : "08/17/23 16:02:00",
  "value" : "16"
},{
  "dateTime" : "08/17/23 16:03:00",
  "value" : "6"
},{
  "dateTime" : "08/17/23 16:04:00",
  "value" : "14"
},{
  "dateTime" : "08/17/23 16:05:00",
  "value" : "8"
},{
  "dateTime" : "08/17/23 16:06:00",
  "value" : "11"
},{
  "dateTime" : "08/17/23 16:07:00",
  "value" : "0"
},{
  "dateTime" : "08/17/23 16:08:00",
  "value" : "0"
},{
  "dateTime" : "08/17/23 16:09:00",
  "value" : "0"
},{
  "dateTime" : "08/17/23 16:10:00",
  "value" : "0"
},{
  "dateTime" : "08/17/23 16:11:00",
  "value" : "0"
},{
  "dateTime" : "08/17/23 16:12:00",
  "value" : "0"
},{
  "dateTime" : "08/17/23 16:13:00",
  "value" : "10"
},{
  "dateTime" : "08/17/23 16:14:00",
  "value" : "12"
},{
  "dateTime" : "08/17/23 16:15:00",
  "value" : "24"
},{
  "dateTime" : "08/17/23 16:16:00",
  "value" : "0"
},{
  "dateTime" : "08/17/23 16:17:00",
  "value" : "0"
},{
  "dateTime" : "08/17/23 16:18:00",
  "value" : "0"
},{
  "dateTime" : "08/17/23 16:19:00",
  "value" : "0"
},{
  "dateTime" : "08/17/23 16:20:00",
  "value" : "0"
},{
  "dateTime" : "08/17/23 16:21:00",
  "value" : "0"
},{
  "dateTime" : "08/17/23 16:22:00",
  "value" : "0"
},{
  "dateTime" : "08/17/23 16:23:00",
  "value" : "0"
},{
  "dateTime" : "08/17/23 16:24:00",
  "value" : "0"
},{
  "dateTime" : "08/17/23 16:25:00",
  "value" : "0"
},{
  "dateTime" : "08/17/23 16:26:00",
  "value" : "0"
},{
  "dateTime" : "08/17/23 16:27:00",
  "value" : "0"
},{
  "dateTime" : "08/17/23 16:28:00",
  "value" : "0"
},{
  "dateTime" : "08/17/23 16:29:00",
  "value" : "0"
},{
  "dateTime" : "08/17/23 16:30:00",
  "value" : "0"
},{
  "dateTime" : "08/17/23 16:31:00",
  "value" : "0"
},{
  "dateTime" : "08/17/23 16:32:00",
  "value" : "0"
},{
  "dateTime" : "08/17/23 16:33:00",
  "value" : "0"
},{
  "dateTime" : "08/17/23 16:34:00",
  "value" : "24"
},{
  "dateTime" : "08/17/23 16:35:00",
  "value" : "7"
},{
  "dateTime" : "08/17/23 16:36:00",
  "value" : "4"
},{
  "dateTime" : "08/17/23 16:37:00",
  "value" : "0"
},{
  "dateTime" : "08/17/23 16:38:00",
  "value" : "0"
},{
  "dateTime" : "08/17/23 16:39:00",
  "value" : "0"
},{
  "dateTime" : "08/17/23 16:40:00",
  "value" : "0"
},{
  "dateTime" : "08/17/23 16:41:00",
  "value" : "0"
},{
  "dateTime" : "08/17/23 16:42:00",
  "value" : "0"
},{
  "dateTime" : "08/17/23 16:43:00",
  "value" : "10"
},{
  "dateTime" : "08/17/23 16:44:00",
  "value" : "8"
},{
  "dateTime" : "08/17/23 16:45:00",
  "value" : "0"
},{
  "dateTime" : "08/17/23 16:46:00",
  "value" : "0"
},{
  "dateTime" : "08/17/23 16:47:00",
  "value" : "26"
},{
  "dateTime" : "08/17/23 16:49:00",
  "value" : "11"
},{
  "dateTime" : "08/17/23 16:50:00",
  "value" : "13"
},{
  "dateTime" : "08/17/23 16:51:00",
  "value" : "10"
},{
  "dateTime" : "08/17/23 16:52:00",
  "value" : "0"
},{
  "dateTime" : "08/17/23 16:53:00",
  "value" : "0"
},{
  "dateTime" : "08/17/23 16:54:00",
  "value" : "14"
},{
  "dateTime" : "08/17/23 16:55:00",
  "value" : "0"
},{
  "dateTime" : "08/17/23 16:56:00",
  "value" : "0"
},{
  "dateTime" : "08/17/23 16:57:00",
  "value" : "19"
},{
  "dateTime" : "08/17/23 16:58:00",
  "value" : "4"
},{
  "dateTime" : "08/17/23 16:59:00",
  "value" : "0"
},{
  "dateTime" : "08/17/23 17:00:00",
  "value" : "0"
},{
  "dateTime" : "08/17/23 17:01:00",
  "value" : "0"
},{
  "dateTime" : "08/17/23 17:02:00",
  "value" : "0"
},{
  "dateTime" : "08/17/23 17:03:00",
  "value" : "0"
},{
  "dateTime" : "08/17/23 17:04:00",
  "value" : "8"
},{
  "dateTime" : "08/17/23 17:05:00",
  "value" : "17"
},{
  "dateTime" : "08/17/23 17:06:00",
  "value" : "0"
},{
  "dateTime" : "08/17/23 17:07:00",
  "value" : "0"
},{
  "dateTime" : "08/17/23 17:08:00",
  "value" : "16"
},{
  "dateTime" : "08/17/23 17:09:00",
  "value" : "10"
},{
  "dateTime" : "08/17/23 17:10:00",
  "value" : "0"
},{
  "dateTime" : "08/17/23 17:11:00",
  "value" : "26"
},{
  "dateTime" : "08/17/23 17:12:00",
  "value" : "22"
},{
  "dateTime" : "08/17/23 17:13:00",
  "value" : "38"
},{
  "dateTime" : "08/17/23 17:14:00",
  "value" : "67"
},{
  "dateTime" : "08/17/23 17:15:00",
  "value" : "17"
},{
  "dateTime" : "08/17/23 17:16:00",
  "value" : "0"
},{
  "dateTime" : "08/17/23 17:17:00",
  "value" : "0"
},{
  "dateTime" : "08/17/23 17:18:00",
  "value" : "0"
},{
  "dateTime" : "08/17/23 17:19:00",
  "value" : "15"
},{
  "dateTime" : "08/17/23 17:20:00",
  "value" : "12"
},{
  "dateTime" : "08/17/23 17:21:00",
  "value" : "0"
},{
  "dateTime" : "08/17/23 17:22:00",
  "value" : "0"
},{
  "dateTime" : "08/17/23 17:23:00",
  "value" : "9"
},{
  "dateTime" : "08/17/23 17:24:00",
  "value" : "0"
},{
  "dateTime" : "08/17/23 17:25:00",
  "value" : "57"
},{
  "dateTime" : "08/17/23 17:26:00",
  "value" : "4"
},{
  "dateTime" : "08/17/23 17:27:00",
  "value" : "6"
},{
  "dateTime" : "08/17/23 17:28:00",
  "value" : "0"
},{
  "dateTime" : "08/17/23 17:29:00",
  "value" : "9"
},{
  "dateTime" : "08/17/23 17:30:00",
  "value" : "87"
},{
  "dateTime" : "08/17/23 17:31:00",
  "value" : "38"
},{
  "dateTime" : "08/17/23 17:32:00",
  "value" : "27"
},{
  "dateTime" : "08/17/23 17:33:00",
  "value" : "36"
},{
  "dateTime" : "08/17/23 17:34:00",
  "value" : "88"
},{
  "dateTime" : "08/17/23 17:35:00",
  "value" : "64"
},{
  "dateTime" : "08/17/23 17:36:00",
  "value" : "108"
},{
  "dateTime" : "08/17/23 17:37:00",
  "value" : "61"
},{
  "dateTime" : "08/17/23 17:38:00",
  "value" : "15"
},{
  "dateTime" : "08/17/23 17:39:00",
  "value" : "0"
},{
  "dateTime" : "08/17/23 17:40:00",
  "value" : "62"
},{
  "dateTime" : "08/17/23 17:41:00",
  "value" : "83"
},{
  "dateTime" : "08/17/23 17:42:00",
  "value" : "13"
},{
  "dateTime" : "08/17/23 17:43:00",
  "value" : "91"
},{
  "dateTime" : "08/17/23 17:44:00",
  "value" : "29"
},{
  "dateTime" : "08/17/23 17:45:00",
  "value" : "4"
},{
  "dateTime" : "08/17/23 17:46:00",
  "value" : "0"
},{
  "dateTime" : "08/17/23 17:47:00",
  "value" : "22"
},{
  "dateTime" : "08/17/23 17:48:00",
  "value" : "91"
},{
  "dateTime" : "08/17/23 17:49:00",
  "value" : "5"
},{
  "dateTime" : "08/17/23 17:50:00",
  "value" : "0"
},{
  "dateTime" : "08/17/23 17:51:00",
  "value" : "6"
},{
  "dateTime" : "08/17/23 17:52:00",
  "value" : "0"
},{
  "dateTime" : "08/17/23 17:53:00",
  "value" : "16"
},{
  "dateTime" : "08/17/23 17:54:00",
  "value" : "9"
},{
  "dateTime" : "08/17/23 17:55:00",
  "value" : "0"
},{
  "dateTime" : "08/17/23 17:56:00",
  "value" : "9"
},{
  "dateTime" : "08/17/23 17:57:00",
  "value" : "0"
},{
  "dateTime" : "08/17/23 17:58:00",
  "value" : "7"
},{
  "dateTime" : "08/17/23 17:59:00",
  "value" : "0"
},{
  "dateTime" : "08/17/23 18:00:00",
  "value" : "0"
},{
  "dateTime" : "08/17/23 18:01:00",
  "value" : "0"
},{
  "dateTime" : "08/17/23 18:02:00",
  "value" : "23"
},{
  "dateTime" : "08/17/23 18:03:00",
  "value" : "2"
},{
  "dateTime" : "08/17/23 18:04:00",
  "value" : "6"
},{
  "dateTime" : "08/17/23 18:05:00",
  "value" : "8"
},{
  "dateTime" : "08/17/23 18:06:00",
  "value" : "0"
},{
  "dateTime" : "08/17/23 18:07:00",
  "value" : "18"
},{
  "dateTime" : "08/17/23 18:08:00",
  "value" : "82"
},{
  "dateTime" : "08/17/23 18:09:00",
  "value" : "10"
},{
  "dateTime" : "08/17/23 18:10:00",
  "value" : "0"
},{
  "dateTime" : "08/17/23 18:11:00",
  "value" : "0"
},{
  "dateTime" : "08/17/23 18:12:00",
  "value" : "4"
},{
  "dateTime" : "08/17/23 18:13:00",
  "value" : "0"
},{
  "dateTime" : "08/17/23 18:14:00",
  "value" : "31"
},{
  "dateTime" : "08/17/23 18:15:00",
  "value" : "0"
},{
  "dateTime" : "08/17/23 18:16:00",
  "value" : "59"
},{
  "dateTime" : "08/17/23 18:17:00",
  "value" : "5"
},{
  "dateTime" : "08/17/23 18:18:00",
  "value" : "0"
},{
  "dateTime" : "08/17/23 18:19:00",
  "value" : "0"
},{
  "dateTime" : "08/17/23 18:20:00",
  "value" : "0"
},{
  "dateTime" : "08/17/23 18:21:00",
  "value" : "32"
},{
  "dateTime" : "08/17/23 18:22:00",
  "value" : "56"
},{
  "dateTime" : "08/17/23 18:23:00",
  "value" : "0"
},{
  "dateTime" : "08/17/23 18:24:00",
  "value" : "36"
},{
  "dateTime" : "08/17/23 18:25:00",
  "value" : "20"
},{
  "dateTime" : "08/17/23 18:26:00",
  "value" : "0"
},{
  "dateTime" : "08/17/23 18:27:00",
  "value" : "6"
},{
  "dateTime" : "08/17/23 18:28:00",
  "value" : "0"
},{
  "dateTime" : "08/17/23 18:29:00",
  "value" : "0"
},{
  "dateTime" : "08/17/23 18:30:00",
  "value" : "0"
},{
  "dateTime" : "08/17/23 18:31:00",
  "value" : "37"
},{
  "dateTime" : "08/17/23 18:32:00",
  "value" : "12"
},{
  "dateTime" : "08/17/23 18:33:00",
  "value" : "31"
},{
  "dateTime" : "08/17/23 18:34:00",
  "value" : "17"
},{
  "dateTime" : "08/17/23 18:35:00",
  "value" : "30"
},{
  "dateTime" : "08/17/23 18:36:00",
  "value" : "54"
},{
  "dateTime" : "08/17/23 18:37:00",
  "value" : "46"
},{
  "dateTime" : "08/17/23 18:38:00",
  "value" : "29"
},{
  "dateTime" : "08/17/23 18:39:00",
  "value" : "46"
},{
  "dateTime" : "08/17/23 18:40:00",
  "value" : "35"
},{
  "dateTime" : "08/17/23 18:41:00",
  "value" : "60"
},{
  "dateTime" : "08/17/23 18:42:00",
  "value" : "27"
},{
  "dateTime" : "08/17/23 18:43:00",
  "value" : "35"
},{
  "dateTime" : "08/17/23 18:44:00",
  "value" : "23"
},{
  "dateTime" : "08/17/23 18:45:00",
  "value" : "44"
},{
  "dateTime" : "08/17/23 18:46:00",
  "value" : "21"
},{
  "dateTime" : "08/17/23 18:47:00",
  "value" : "8"
},{
  "dateTime" : "08/17/23 18:48:00",
  "value" : "0"
},{
  "dateTime" : "08/17/23 18:49:00",
  "value" : "0"
},{
  "dateTime" : "08/17/23 18:50:00",
  "value" : "0"
},{
  "dateTime" : "08/17/23 18:51:00",
  "value" : "12"
},{
  "dateTime" : "08/17/23 18:52:00",
  "value" : "0"
},{
  "dateTime" : "08/17/23 18:53:00",
  "value" : "0"
},{
  "dateTime" : "08/17/23 18:54:00",
  "value" : "0"
},{
  "dateTime" : "08/17/23 18:55:00",
  "value" : "0"
},{
  "dateTime" : "08/17/23 18:56:00",
  "value" : "0"
},{
  "dateTime" : "08/17/23 18:57:00",
  "value" : "0"
},{
  "dateTime" : "08/17/23 18:58:00",
  "value" : "0"
},{
  "dateTime" : "08/17/23 18:59:00",
  "value" : "0"
},{
  "dateTime" : "08/17/23 19:00:00",
  "value" : "0"
}]