[{
  "dateTime" : "08/04/23 18:58:00",
  "value" : "10"
},{
  "dateTime" : "08/04/23 19:00:00",
  "value" : "10"
},{
  "dateTime" : "08/04/23 20:17:00",
  "value" : "10"
},{
  "dateTime" : "08/04/23 20:53:00",
  "value" : "10"
},{
  "dateTime" : "08/04/23 21:54:00",
  "value" : "10"
},{
  "dateTime" : "08/04/23 22:51:00",
  "value" : "10"
},{
  "dateTime" : "08/04/23 23:01:00",
  "value" : "10"
},{
  "dateTime" : "08/04/23 23:56:00",
  "value" : "10"
},{
  "dateTime" : "08/05/23 00:12:00",
  "value" : "10"
},{
  "dateTime" : "08/05/23 00:48:00",
  "value" : "10"
},{
  "dateTime" : "08/05/23 00:51:00",
  "value" : "10"
},{
  "dateTime" : "08/05/23 01:46:00",
  "value" : "10"
},{
  "dateTime" : "08/05/23 02:47:00",
  "value" : "10"
},{
  "dateTime" : "08/05/23 10:31:00",
  "value" : "10"
},{
  "dateTime" : "08/05/23 10:55:00",
  "value" : "10"
},{
  "dateTime" : "08/05/23 12:01:00",
  "value" : "10"
},{
  "dateTime" : "08/05/23 12:28:00",
  "value" : "10"
},{
  "dateTime" : "08/05/23 13:03:00",
  "value" : "10"
},{
  "dateTime" : "08/05/23 13:19:00",
  "value" : "10"
},{
  "dateTime" : "08/05/23 13:35:00",
  "value" : "10"
},{
  "dateTime" : "08/05/23 14:11:00",
  "value" : "10"
},{
  "dateTime" : "08/05/23 14:48:00",
  "value" : "10"
},{
  "dateTime" : "08/05/23 15:18:00",
  "value" : "10"
},{
  "dateTime" : "08/05/23 15:29:00",
  "value" : "10"
},{
  "dateTime" : "08/05/23 15:40:00",
  "value" : "10"
},{
  "dateTime" : "08/05/23 15:45:00",
  "value" : "10"
},{
  "dateTime" : "08/05/23 16:28:00",
  "value" : "10"
},{
  "dateTime" : "08/05/23 16:55:00",
  "value" : "20"
},{
  "dateTime" : "08/05/23 17:04:00",
  "value" : "10"
},{
  "dateTime" : "08/05/23 17:22:00",
  "value" : "10"
},{
  "dateTime" : "08/05/23 17:23:00",
  "value" : "10"
},{
  "dateTime" : "08/05/23 17:33:00",
  "value" : "10"
},{
  "dateTime" : "08/05/23 18:08:00",
  "value" : "10"
},{
  "dateTime" : "08/05/23 18:58:00",
  "value" : "10"
},{
  "dateTime" : "08/05/23 18:59:00",
  "value" : "10"
},{
  "dateTime" : "08/05/23 19:02:00",
  "value" : "10"
},{
  "dateTime" : "08/05/23 19:16:00",
  "value" : "10"
},{
  "dateTime" : "08/05/23 19:27:00",
  "value" : "20"
},{
  "dateTime" : "08/05/23 20:38:00",
  "value" : "10"
},{
  "dateTime" : "08/05/23 21:18:00",
  "value" : "10"
},{
  "dateTime" : "08/05/23 22:26:00",
  "value" : "10"
},{
  "dateTime" : "08/05/23 22:28:00",
  "value" : "10"
},{
  "dateTime" : "08/05/23 22:30:00",
  "value" : "10"
},{
  "dateTime" : "08/05/23 23:09:00",
  "value" : "10"
},{
  "dateTime" : "08/05/23 23:18:00",
  "value" : "10"
},{
  "dateTime" : "08/06/23 11:41:00",
  "value" : "10"
},{
  "dateTime" : "08/06/23 12:27:00",
  "value" : "10"
},{
  "dateTime" : "08/06/23 12:44:00",
  "value" : "10"
},{
  "dateTime" : "08/06/23 12:52:00",
  "value" : "10"
},{
  "dateTime" : "08/06/23 13:53:00",
  "value" : "10"
}]