[{
  "logId" : 42322927128,
  "dateOfSleep" : "2023-08-06",
  "startTime" : "2023-08-06T00:52:30.000",
  "endTime" : "2023-08-06T11:13:30.000",
  "duration" : 37260000,
  "minutesToFallAsleep" : 0,
  "minutesAsleep" : 565,
  "minutesAwake" : 56,
  "minutesAfterWakeup" : 0,
  "timeInBed" : 621,
  "efficiency" : 91,
  "type" : "stages",
  "infoCode" : 0,
  "logType" : "auto_detected",
  "levels" : {
    "summary" : {
      "deep" : {
        "count" : 5,
        "minutes" : 155,
        "thirtyDayAvgMinutes" : 87
      },
      "wake" : {
        "count" : 24,
        "minutes" : 56,
        "thirtyDayAvgMinutes" : 48
      },
      "light" : {
        "count" : 15,
        "minutes" : 254,
        "thirtyDayAvgMinutes" : 163
      },
      "rem" : {
        "count" : 13,
        "minutes" : 156,
        "thirtyDayAvgMinutes" : 59
      }
    },
    "data" : [{
      "dateTime" : "2023-08-06T00:52:30.000",
      "level" : "wake",
      "seconds" : 450
    },{
      "dateTime" : "2023-08-06T01:00:00.000",
      "level" : "light",
      "seconds" : 60
    },{
      "dateTime" : "2023-08-06T01:01:00.000",
      "level" : "deep",
      "seconds" : 6000
    },{
      "dateTime" : "2023-08-06T02:41:00.000",
      "level" : "light",
      "seconds" : 2460
    },{
      "dateTime" : "2023-08-06T03:22:00.000",
      "level" : "deep",
      "seconds" : 360
    },{
      "dateTime" : "2023-08-06T03:28:00.000",
      "level" : "light",
      "seconds" : 990
    },{
      "dateTime" : "2023-08-06T03:44:30.000",
      "level" : "deep",
      "seconds" : 690
    },{
      "dateTime" : "2023-08-06T03:56:00.000",
      "level" : "wake",
      "seconds" : 510
    },{
      "dateTime" : "2023-08-06T04:04:30.000",
      "level" : "light",
      "seconds" : 510
    },{
      "dateTime" : "2023-08-06T04:13:00.000",
      "level" : "rem",
      "seconds" : 300
    },{
      "dateTime" : "2023-08-06T04:18:00.000",
      "level" : "light",
      "seconds" : 2250
    },{
      "dateTime" : "2023-08-06T04:55:30.000",
      "level" : "deep",
      "seconds" : 1950
    },{
      "dateTime" : "2023-08-06T05:28:00.000",
      "level" : "light",
      "seconds" : 3060
    },{
      "dateTime" : "2023-08-06T06:19:00.000",
      "level" : "wake",
      "seconds" : 240
    },{
      "dateTime" : "2023-08-06T06:23:00.000",
      "level" : "light",
      "seconds" : 150
    },{
      "dateTime" : "2023-08-06T06:25:30.000",
      "level" : "rem",
      "seconds" : 4650
    },{
      "dateTime" : "2023-08-06T07:43:00.000",
      "level" : "wake",
      "seconds" : 360
    },{
      "dateTime" : "2023-08-06T07:49:00.000",
      "level" : "light",
      "seconds" : 990
    },{
      "dateTime" : "2023-08-06T08:05:30.000",
      "level" : "rem",
      "seconds" : 300
    },{
      "dateTime" : "2023-08-06T08:10:30.000",
      "level" : "light",
      "seconds" : 510
    },{
      "dateTime" : "2023-08-06T08:19:00.000",
      "level" : "wake",
      "seconds" : 330
    },{
      "dateTime" : "2023-08-06T08:24:30.000",
      "level" : "light",
      "seconds" : 3210
    },{
      "dateTime" : "2023-08-06T09:18:00.000",
      "level" : "deep",
      "seconds" : 330
    },{
      "dateTime" : "2023-08-06T09:23:30.000",
      "level" : "wake",
      "seconds" : 240
    },{
      "dateTime" : "2023-08-06T09:27:30.000",
      "level" : "light",
      "seconds" : 1770
    },{
      "dateTime" : "2023-08-06T09:57:00.000",
      "level" : "rem",
      "seconds" : 4590
    }],
    "shortData" : [{
      "dateTime" : "2023-08-06T02:40:30.000",
      "level" : "wake",
      "seconds" : 30
    },{
      "dateTime" : "2023-08-06T04:43:30.000",
      "level" : "wake",
      "seconds" : 120
    },{
      "dateTime" : "2023-08-06T05:28:00.000",
      "level" : "wake",
      "seconds" : 60
    },{
      "dateTime" : "2023-08-06T07:11:00.000",
      "level" : "wake",
      "seconds" : 30
    },{
      "dateTime" : "2023-08-06T07:15:00.000",
      "level" : "wake",
      "seconds" : 60
    },{
      "dateTime" : "2023-08-06T07:24:30.000",
      "level" : "wake",
      "seconds" : 60
    },{
      "dateTime" : "2023-08-06T07:39:00.000",
      "level" : "wake",
      "seconds" : 30
    },{
      "dateTime" : "2023-08-06T07:54:00.000",
      "level" : "wake",
      "seconds" : 150
    },{
      "dateTime" : "2023-08-06T08:10:30.000",
      "level" : "wake",
      "seconds" : 60
    },{
      "dateTime" : "2023-08-06T09:31:00.000",
      "level" : "wake",
      "seconds" : 60
    },{
      "dateTime" : "2023-08-06T09:42:00.000",
      "level" : "wake",
      "seconds" : 90
    },{
      "dateTime" : "2023-08-06T09:54:00.000",
      "level" : "wake",
      "seconds" : 180
    },{
      "dateTime" : "2023-08-06T09:59:30.000",
      "level" : "wake",
      "seconds" : 30
    },{
      "dateTime" : "2023-08-06T10:28:00.000",
      "level" : "wake",
      "seconds" : 30
    },{
      "dateTime" : "2023-08-06T10:31:00.000",
      "level" : "wake",
      "seconds" : 30
    },{
      "dateTime" : "2023-08-06T10:54:30.000",
      "level" : "wake",
      "seconds" : 60
    },{
      "dateTime" : "2023-08-06T11:02:00.000",
      "level" : "wake",
      "seconds" : 30
    },{
      "dateTime" : "2023-08-06T11:11:30.000",
      "level" : "wake",
      "seconds" : 120
    }]
  },
  "mainSleep" : true
},{
  "logId" : 42310262963,
  "dateOfSleep" : "2023-08-05",
  "startTime" : "2023-08-05T04:01:00.000",
  "endTime" : "2023-08-05T09:58:00.000",
  "duration" : 21420000,
  "minutesToFallAsleep" : 0,
  "minutesAsleep" : 309,
  "minutesAwake" : 48,
  "minutesAfterWakeup" : 0,
  "timeInBed" : 357,
  "efficiency" : 88,
  "type" : "stages",
  "infoCode" : 0,
  "logType" : "auto_detected",
  "levels" : {
    "summary" : {
      "deep" : {
        "count" : 1,
        "minutes" : 87,
        "thirtyDayAvgMinutes" : 0
      },
      "wake" : {
        "count" : 11,
        "minutes" : 48,
        "thirtyDayAvgMinutes" : 0
      },
      "light" : {
        "count" : 11,
        "minutes" : 163,
        "thirtyDayAvgMinutes" : 0
      },
      "rem" : {
        "count" : 5,
        "minutes" : 59,
        "thirtyDayAvgMinutes" : 0
      }
    },
    "data" : [{
      "dateTime" : "2023-08-05T04:01:00.000",
      "level" : "wake",
      "seconds" : 30
    },{
      "dateTime" : "2023-08-05T04:01:30.000",
      "level" : "light",
      "seconds" : 1170
    },{
      "dateTime" : "2023-08-05T04:21:00.000",
      "level" : "wake",
      "seconds" : 330
    },{
      "dateTime" : "2023-08-05T04:26:30.000",
      "level" : "light",
      "seconds" : 150
    },{
      "dateTime" : "2023-08-05T04:29:00.000",
      "level" : "deep",
      "seconds" : 5400
    },{
      "dateTime" : "2023-08-05T05:59:00.000",
      "level" : "light",
      "seconds" : 1560
    },{
      "dateTime" : "2023-08-05T06:25:00.000",
      "level" : "rem",
      "seconds" : 480
    },{
      "dateTime" : "2023-08-05T06:33:00.000",
      "level" : "light",
      "seconds" : 1710
    },{
      "dateTime" : "2023-08-05T07:01:30.000",
      "level" : "rem",
      "seconds" : 330
    },{
      "dateTime" : "2023-08-05T07:07:00.000",
      "level" : "light",
      "seconds" : 2760
    },{
      "dateTime" : "2023-08-05T07:53:00.000",
      "level" : "wake",
      "seconds" : 1110
    },{
      "dateTime" : "2023-08-05T08:11:30.000",
      "level" : "light",
      "seconds" : 30
    },{
      "dateTime" : "2023-08-05T08:12:00.000",
      "level" : "rem",
      "seconds" : 1950
    },{
      "dateTime" : "2023-08-05T08:44:30.000",
      "level" : "wake",
      "seconds" : 810
    },{
      "dateTime" : "2023-08-05T08:58:00.000",
      "level" : "light",
      "seconds" : 1920
    },{
      "dateTime" : "2023-08-05T09:30:00.000",
      "level" : "wake",
      "seconds" : 210
    },{
      "dateTime" : "2023-08-05T09:33:30.000",
      "level" : "light",
      "seconds" : 660
    },{
      "dateTime" : "2023-08-05T09:44:30.000",
      "level" : "rem",
      "seconds" : 810
    }],
    "shortData" : [{
      "dateTime" : "2023-08-05T04:01:00.000",
      "level" : "wake",
      "seconds" : 30
    },{
      "dateTime" : "2023-08-05T05:56:00.000",
      "level" : "wake",
      "seconds" : 180
    },{
      "dateTime" : "2023-08-05T06:35:00.000",
      "level" : "wake",
      "seconds" : 30
    },{
      "dateTime" : "2023-08-05T06:54:30.000",
      "level" : "wake",
      "seconds" : 30
    },{
      "dateTime" : "2023-08-05T07:07:00.000",
      "level" : "wake",
      "seconds" : 30
    },{
      "dateTime" : "2023-08-05T07:45:00.000",
      "level" : "wake",
      "seconds" : 120
    },{
      "dateTime" : "2023-08-05T09:50:00.000",
      "level" : "wake",
      "seconds" : 30
    }]
  },
  "mainSleep" : true
},{
  "logId" : 42085104487,
  "dateOfSleep" : "2023-07-16",
  "startTime" : "2023-07-16T22:09:30.000",
  "endTime" : "2023-07-16T23:22:00.000",
  "duration" : 4320000,
  "minutesToFallAsleep" : 0,
  "minutesAsleep" : 72,
  "minutesAwake" : 0,
  "minutesAfterWakeup" : 0,
  "timeInBed" : 72,
  "efficiency" : 100,
  "type" : "classic",
  "infoCode" : 2,
  "logType" : "auto_detected",
  "levels" : {
    "summary" : {
      "restless" : {
        "count" : 0,
        "minutes" : 0
      },
      "awake" : {
        "count" : 0,
        "minutes" : 0
      },
      "asleep" : {
        "count" : 0,
        "minutes" : 72
      }
    },
    "data" : [{
      "dateTime" : "2023-07-16T22:09:30.000",
      "level" : "asleep",
      "seconds" : 4320
    }]
  },
  "mainSleep" : false
},{
  "logId" : 42078630424,
  "dateOfSleep" : "2023-07-16",
  "startTime" : "2023-07-16T05:57:30.000",
  "endTime" : "2023-07-16T09:48:00.000",
  "duration" : 13800000,
  "minutesToFallAsleep" : 0,
  "minutesAsleep" : 230,
  "minutesAwake" : 0,
  "minutesAfterWakeup" : 0,
  "timeInBed" : 230,
  "efficiency" : 100,
  "type" : "classic",
  "infoCode" : 1,
  "logType" : "auto_detected",
  "levels" : {
    "summary" : {
      "restless" : {
        "count" : 0,
        "minutes" : 0
      },
      "awake" : {
        "count" : 0,
        "minutes" : 0
      },
      "asleep" : {
        "count" : 0,
        "minutes" : 230
      }
    },
    "data" : [{
      "dateTime" : "2023-07-16T05:57:30.000",
      "level" : "asleep",
      "seconds" : 13800
    }]
  },
  "mainSleep" : true
}]