[{
  "dateTime" : "08/15/23 16:44:00",
  "value" : "10"
},{
  "dateTime" : "08/15/23 17:00:00",
  "value" : "10"
},{
  "dateTime" : "08/15/23 17:19:00",
  "value" : "10"
},{
  "dateTime" : "08/15/23 18:01:00",
  "value" : "10"
},{
  "dateTime" : "08/15/23 18:22:00",
  "value" : "10"
},{
  "dateTime" : "08/15/23 18:51:00",
  "value" : "10"
},{
  "dateTime" : "08/15/23 19:54:00",
  "value" : "10"
},{
  "dateTime" : "08/15/23 21:24:00",
  "value" : "10"
},{
  "dateTime" : "08/16/23 08:16:00",
  "value" : "10"
},{
  "dateTime" : "08/16/23 11:07:00",
  "value" : "40"
},{
  "dateTime" : "08/16/23 13:50:00",
  "value" : "10"
},{
  "dateTime" : "08/16/23 14:02:00",
  "value" : "10"
},{
  "dateTime" : "08/17/23 05:45:00",
  "value" : "10"
},{
  "dateTime" : "08/17/23 14:39:00",
  "value" : "10"
},{
  "dateTime" : "08/17/23 14:41:00",
  "value" : "10"
},{
  "dateTime" : "08/17/23 14:45:00",
  "value" : "10"
},{
  "dateTime" : "08/17/23 15:31:00",
  "value" : "10"
},{
  "dateTime" : "08/17/23 15:33:00",
  "value" : "10"
},{
  "dateTime" : "08/17/23 16:52:00",
  "value" : "10"
},{
  "dateTime" : "08/18/23 07:41:00",
  "value" : "20"
},{
  "dateTime" : "08/18/23 11:09:00",
  "value" : "30"
},{
  "dateTime" : "08/18/23 11:19:00",
  "value" : "10"
},{
  "dateTime" : "08/18/23 11:38:00",
  "value" : "10"
},{
  "dateTime" : "08/18/23 11:51:00",
  "value" : "10"
},{
  "dateTime" : "08/18/23 12:37:00",
  "value" : "10"
},{
  "dateTime" : "08/18/23 12:38:00",
  "value" : "10"
},{
  "dateTime" : "08/18/23 14:11:00",
  "value" : "20"
},{
  "dateTime" : "08/18/23 14:12:00",
  "value" : "10"
},{
  "dateTime" : "08/18/23 15:02:00",
  "value" : "10"
},{
  "dateTime" : "08/18/23 17:10:00",
  "value" : "10"
},{
  "dateTime" : "08/19/23 08:13:00",
  "value" : "10"
},{
  "dateTime" : "08/19/23 08:16:00",
  "value" : "10"
},{
  "dateTime" : "08/19/23 09:49:00",
  "value" : "10"
},{
  "dateTime" : "08/19/23 10:14:00",
  "value" : "10"
},{
  "dateTime" : "08/19/23 10:39:00",
  "value" : "10"
},{
  "dateTime" : "08/19/23 11:09:00",
  "value" : "10"
},{
  "dateTime" : "08/19/23 11:30:00",
  "value" : "10"
},{
  "dateTime" : "08/19/23 11:32:00",
  "value" : "10"
},{
  "dateTime" : "08/19/23 11:33:00",
  "value" : "10"
},{
  "dateTime" : "08/19/23 11:37:00",
  "value" : "10"
},{
  "dateTime" : "08/19/23 12:54:00",
  "value" : "10"
},{
  "dateTime" : "08/19/23 13:09:00",
  "value" : "10"
},{
  "dateTime" : "08/19/23 13:13:00",
  "value" : "10"
},{
  "dateTime" : "08/19/23 13:58:00",
  "value" : "10"
},{
  "dateTime" : "08/20/23 08:38:00",
  "value" : "10"
},{
  "dateTime" : "08/20/23 09:43:00",
  "value" : "10"
},{
  "dateTime" : "08/20/23 10:30:00",
  "value" : "10"
},{
  "dateTime" : "08/20/23 11:32:00",
  "value" : "10"
},{
  "dateTime" : "08/20/23 12:50:00",
  "value" : "10"
},{
  "dateTime" : "08/20/23 13:06:00",
  "value" : "10"
},{
  "dateTime" : "08/20/23 13:12:00",
  "value" : "10"
},{
  "dateTime" : "08/20/23 13:48:00",
  "value" : "10"
},{
  "dateTime" : "08/20/23 13:50:00",
  "value" : "10"
},{
  "dateTime" : "08/20/23 14:38:00",
  "value" : "10"
},{
  "dateTime" : "08/21/23 05:25:00",
  "value" : "10"
},{
  "dateTime" : "08/21/23 11:12:00",
  "value" : "30"
},{
  "dateTime" : "08/21/23 11:37:00",
  "value" : "30"
},{
  "dateTime" : "08/21/23 15:31:00",
  "value" : "10"
},{
  "dateTime" : "08/21/23 15:41:00",
  "value" : "10"
},{
  "dateTime" : "08/21/23 15:54:00",
  "value" : "10"
},{
  "dateTime" : "08/21/23 16:21:00",
  "value" : "10"
},{
  "dateTime" : "08/21/23 16:55:00",
  "value" : "10"
},{
  "dateTime" : "08/22/23 07:26:00",
  "value" : "10"
},{
  "dateTime" : "08/22/23 09:13:00",
  "value" : "10"
},{
  "dateTime" : "08/22/23 09:15:00",
  "value" : "10"
},{
  "dateTime" : "08/22/23 09:22:00",
  "value" : "10"
},{
  "dateTime" : "08/22/23 10:15:00",
  "value" : "10"
},{
  "dateTime" : "08/22/23 10:53:00",
  "value" : "10"
},{
  "dateTime" : "08/22/23 11:29:00",
  "value" : "10"
},{
  "dateTime" : "08/22/23 12:24:00",
  "value" : "10"
},{
  "dateTime" : "08/22/23 12:58:00",
  "value" : "10"
},{
  "dateTime" : "08/22/23 13:30:00",
  "value" : "10"
},{
  "dateTime" : "08/22/23 13:34:00",
  "value" : "10"
},{
  "dateTime" : "08/22/23 13:53:00",
  "value" : "10"
},{
  "dateTime" : "08/22/23 16:54:00",
  "value" : "10"
},{
  "dateTime" : "08/22/23 17:01:00",
  "value" : "10"
},{
  "dateTime" : "08/22/23 17:22:00",
  "value" : "10"
},{
  "dateTime" : "08/22/23 18:03:00",
  "value" : "10"
},{
  "dateTime" : "08/22/23 18:37:00",
  "value" : "10"
},{
  "dateTime" : "08/22/23 18:38:00",
  "value" : "10"
},{
  "dateTime" : "08/23/23 05:34:00",
  "value" : "10"
},{
  "dateTime" : "08/23/23 05:40:00",
  "value" : "10"
},{
  "dateTime" : "08/23/23 11:07:00",
  "value" : "20"
},{
  "dateTime" : "08/23/23 11:08:00",
  "value" : "20"
},{
  "dateTime" : "08/23/23 13:11:00",
  "value" : "40"
},{
  "dateTime" : "08/23/23 14:04:00",
  "value" : "10"
},{
  "dateTime" : "08/23/23 17:06:00",
  "value" : "10"
},{
  "dateTime" : "08/23/23 17:17:00",
  "value" : "10"
},{
  "dateTime" : "08/23/23 17:26:00",
  "value" : "10"
},{
  "dateTime" : "08/23/23 18:05:00",
  "value" : "10"
},{
  "dateTime" : "08/23/23 18:27:00",
  "value" : "10"
},{
  "dateTime" : "08/23/23 19:22:00",
  "value" : "10"
},{
  "dateTime" : "08/24/23 13:39:00",
  "value" : "10"
},{
  "dateTime" : "08/24/23 13:52:00",
  "value" : "10"
},{
  "dateTime" : "08/24/23 14:18:00",
  "value" : "10"
},{
  "dateTime" : "08/24/23 15:05:00",
  "value" : "10"
},{
  "dateTime" : "08/24/23 15:54:00",
  "value" : "10"
},{
  "dateTime" : "08/24/23 16:30:00",
  "value" : "10"
},{
  "dateTime" : "08/24/23 17:24:00",
  "value" : "10"
},{
  "dateTime" : "08/24/23 17:27:00",
  "value" : "10"
},{
  "dateTime" : "08/24/23 17:30:00",
  "value" : "10"
},{
  "dateTime" : "08/24/23 17:35:00",
  "value" : "10"
},{
  "dateTime" : "08/24/23 18:02:00",
  "value" : "10"
},{
  "dateTime" : "08/24/23 18:06:00",
  "value" : "10"
},{
  "dateTime" : "08/24/23 21:00:00",
  "value" : "10"
},{
  "dateTime" : "08/24/23 23:07:00",
  "value" : "10"
},{
  "dateTime" : "08/25/23 05:42:00",
  "value" : "10"
},{
  "dateTime" : "08/25/23 07:44:00",
  "value" : "10"
},{
  "dateTime" : "08/25/23 11:07:00",
  "value" : "20"
},{
  "dateTime" : "08/25/23 11:08:00",
  "value" : "10"
},{
  "dateTime" : "08/25/23 12:45:00",
  "value" : "10"
},{
  "dateTime" : "08/25/23 16:17:00",
  "value" : "10"
},{
  "dateTime" : "08/25/23 16:20:00",
  "value" : "10"
},{
  "dateTime" : "08/25/23 16:27:00",
  "value" : "10"
},{
  "dateTime" : "08/25/23 17:32:00",
  "value" : "10"
},{
  "dateTime" : "08/25/23 18:14:00",
  "value" : "10"
},{
  "dateTime" : "08/25/23 19:09:00",
  "value" : "10"
},{
  "dateTime" : "08/25/23 22:51:00",
  "value" : "10"
},{
  "dateTime" : "08/26/23 00:12:00",
  "value" : "10"
},{
  "dateTime" : "08/26/23 05:14:00",
  "value" : "10"
},{
  "dateTime" : "08/26/23 08:53:00",
  "value" : "10"
},{
  "dateTime" : "08/26/23 09:36:00",
  "value" : "10"
},{
  "dateTime" : "08/26/23 10:09:00",
  "value" : "10"
},{
  "dateTime" : "08/26/23 11:08:00",
  "value" : "10"
},{
  "dateTime" : "08/26/23 11:25:00",
  "value" : "10"
},{
  "dateTime" : "08/26/23 11:50:00",
  "value" : "10"
},{
  "dateTime" : "08/26/23 13:16:00",
  "value" : "10"
},{
  "dateTime" : "08/26/23 14:13:00",
  "value" : "10"
},{
  "dateTime" : "08/26/23 20:38:00",
  "value" : "10"
},{
  "dateTime" : "08/27/23 12:45:00",
  "value" : "10"
},{
  "dateTime" : "08/27/23 13:39:00",
  "value" : "10"
},{
  "dateTime" : "08/27/23 14:34:00",
  "value" : "10"
},{
  "dateTime" : "08/27/23 17:54:00",
  "value" : "10"
},{
  "dateTime" : "08/27/23 18:40:00",
  "value" : "10"
},{
  "dateTime" : "08/27/23 19:56:00",
  "value" : "10"
},{
  "dateTime" : "08/27/23 21:11:00",
  "value" : "10"
},{
  "dateTime" : "08/27/23 23:19:00",
  "value" : "10"
},{
  "dateTime" : "08/28/23 05:28:00",
  "value" : "10"
},{
  "dateTime" : "08/28/23 08:05:00",
  "value" : "10"
},{
  "dateTime" : "08/28/23 11:16:00",
  "value" : "40"
},{
  "dateTime" : "08/28/23 14:12:00",
  "value" : "10"
},{
  "dateTime" : "08/28/23 15:21:00",
  "value" : "10"
},{
  "dateTime" : "08/28/23 15:24:00",
  "value" : "10"
},{
  "dateTime" : "08/28/23 15:30:00",
  "value" : "0"
},{
  "dateTime" : "08/28/23 15:31:00",
  "value" : "0"
},{
  "dateTime" : "08/28/23 15:32:00",
  "value" : "0"
},{
  "dateTime" : "08/28/23 15:33:00",
  "value" : "0"
},{
  "dateTime" : "08/28/23 15:34:00",
  "value" : "0"
},{
  "dateTime" : "08/28/23 15:35:00",
  "value" : "0"
},{
  "dateTime" : "08/28/23 15:36:00",
  "value" : "0"
},{
  "dateTime" : "08/28/23 15:37:00",
  "value" : "0"
},{
  "dateTime" : "08/28/23 15:38:00",
  "value" : "0"
},{
  "dateTime" : "08/28/23 15:39:00",
  "value" : "0"
},{
  "dateTime" : "08/28/23 15:41:00",
  "value" : "0"
},{
  "dateTime" : "08/28/23 15:46:00",
  "value" : "0"
},{
  "dateTime" : "08/28/23 15:47:00",
  "value" : "0"
},{
  "dateTime" : "08/28/23 15:48:00",
  "value" : "0"
},{
  "dateTime" : "08/28/23 15:49:00",
  "value" : "0"
},{
  "dateTime" : "08/28/23 15:51:00",
  "value" : "0"
},{
  "dateTime" : "08/28/23 15:53:00",
  "value" : "0"
},{
  "dateTime" : "08/28/23 15:54:00",
  "value" : "0"
},{
  "dateTime" : "08/28/23 15:55:00",
  "value" : "0"
},{
  "dateTime" : "08/28/23 16:02:00",
  "value" : "0"
},{
  "dateTime" : "08/28/23 16:10:00",
  "value" : "0"
},{
  "dateTime" : "08/28/23 16:13:00",
  "value" : "0"
},{
  "dateTime" : "08/28/23 16:15:00",
  "value" : "0"
},{
  "dateTime" : "08/28/23 16:16:00",
  "value" : "0"
},{
  "dateTime" : "08/28/23 16:17:00",
  "value" : "0"
},{
  "dateTime" : "08/28/23 16:18:00",
  "value" : "0"
},{
  "dateTime" : "08/28/23 16:19:00",
  "value" : "0"
},{
  "dateTime" : "08/28/23 17:26:00",
  "value" : "0"
},{
  "dateTime" : "08/28/23 17:49:00",
  "value" : "0"
},{
  "dateTime" : "08/28/23 17:50:00",
  "value" : "0"
},{
  "dateTime" : "08/28/23 17:52:00",
  "value" : "0"
},{
  "dateTime" : "08/28/23 17:53:00",
  "value" : "0"
},{
  "dateTime" : "08/28/23 17:54:00",
  "value" : "0"
},{
  "dateTime" : "08/28/23 17:55:00",
  "value" : "0"
},{
  "dateTime" : "08/28/23 17:56:00",
  "value" : "0"
},{
  "dateTime" : "08/28/23 17:58:00",
  "value" : "0"
},{
  "dateTime" : "08/28/23 17:59:00",
  "value" : "0"
},{
  "dateTime" : "08/28/23 18:00:00",
  "value" : "0"
},{
  "dateTime" : "08/28/23 18:01:00",
  "value" : "0"
},{
  "dateTime" : "08/28/23 18:02:00",
  "value" : "0"
},{
  "dateTime" : "08/28/23 18:04:00",
  "value" : "0"
},{
  "dateTime" : "08/28/23 19:20:00",
  "value" : "0"
},{
  "dateTime" : "08/28/23 19:21:00",
  "value" : "0"
},{
  "dateTime" : "08/28/23 19:22:00",
  "value" : "0"
},{
  "dateTime" : "08/28/23 19:23:00",
  "value" : "0"
},{
  "dateTime" : "08/28/23 19:24:00",
  "value" : "0"
},{
  "dateTime" : "08/28/23 19:25:00",
  "value" : "0"
},{
  "dateTime" : "08/28/23 19:26:00",
  "value" : "0"
},{
  "dateTime" : "08/28/23 19:27:00",
  "value" : "0"
},{
  "dateTime" : "08/28/23 19:28:00",
  "value" : "0"
},{
  "dateTime" : "08/28/23 19:29:00",
  "value" : "0"
},{
  "dateTime" : "08/28/23 19:30:00",
  "value" : "0"
},{
  "dateTime" : "08/28/23 19:31:00",
  "value" : "0"
},{
  "dateTime" : "08/28/23 19:32:00",
  "value" : "0"
},{
  "dateTime" : "08/28/23 19:33:00",
  "value" : "0"
},{
  "dateTime" : "08/28/23 19:34:00",
  "value" : "0"
},{
  "dateTime" : "08/28/23 19:47:00",
  "value" : "0"
},{
  "dateTime" : "08/28/23 19:48:00",
  "value" : "0"
},{
  "dateTime" : "08/28/23 20:00:00",
  "value" : "0"
},{
  "dateTime" : "08/28/23 20:06:00",
  "value" : "0"
},{
  "dateTime" : "08/28/23 20:07:00",
  "value" : "0"
},{
  "dateTime" : "08/28/23 20:09:00",
  "value" : "0"
},{
  "dateTime" : "08/28/23 20:10:00",
  "value" : "0"
},{
  "dateTime" : "08/28/23 20:15:00",
  "value" : "0"
},{
  "dateTime" : "08/28/23 20:24:00",
  "value" : "0"
},{
  "dateTime" : "08/28/23 20:25:00",
  "value" : "0"
},{
  "dateTime" : "08/28/23 20:26:00",
  "value" : "0"
},{
  "dateTime" : "08/28/23 20:27:00",
  "value" : "0"
},{
  "dateTime" : "08/28/23 20:28:00",
  "value" : "0"
},{
  "dateTime" : "08/28/23 20:29:00",
  "value" : "0"
},{
  "dateTime" : "08/28/23 20:30:00",
  "value" : "0"
},{
  "dateTime" : "08/28/23 20:31:00",
  "value" : "0"
},{
  "dateTime" : "08/28/23 20:32:00",
  "value" : "0"
},{
  "dateTime" : "08/28/23 20:35:00",
  "value" : "0"
},{
  "dateTime" : "08/28/23 20:47:00",
  "value" : "0"
},{
  "dateTime" : "08/28/23 20:48:00",
  "value" : "0"
},{
  "dateTime" : "08/28/23 20:50:00",
  "value" : "0"
},{
  "dateTime" : "08/28/23 20:51:00",
  "value" : "10"
},{
  "dateTime" : "08/28/23 20:59:00",
  "value" : "0"
},{
  "dateTime" : "08/28/23 21:06:00",
  "value" : "0"
},{
  "dateTime" : "08/28/23 21:11:00",
  "value" : "0"
},{
  "dateTime" : "08/28/23 21:16:00",
  "value" : "0"
},{
  "dateTime" : "08/28/23 21:18:00",
  "value" : "0"
},{
  "dateTime" : "08/28/23 21:19:00",
  "value" : "0"
},{
  "dateTime" : "08/28/23 21:28:00",
  "value" : "0"
},{
  "dateTime" : "08/28/23 21:29:00",
  "value" : "0"
},{
  "dateTime" : "08/28/23 21:34:00",
  "value" : "0"
},{
  "dateTime" : "08/28/23 21:40:00",
  "value" : "0"
},{
  "dateTime" : "08/28/23 21:47:00",
  "value" : "0"
},{
  "dateTime" : "08/28/23 22:47:00",
  "value" : "10"
},{
  "dateTime" : "08/28/23 22:54:00",
  "value" : "10"
},{
  "dateTime" : "08/28/23 22:55:00",
  "value" : "0"
},{
  "dateTime" : "08/29/23 00:45:00",
  "value" : "0"
},{
  "dateTime" : "08/29/23 00:49:00",
  "value" : "0"
},{
  "dateTime" : "08/29/23 01:56:00",
  "value" : "0"
},{
  "dateTime" : "08/29/23 03:35:00",
  "value" : "0"
},{
  "dateTime" : "08/29/23 04:17:00",
  "value" : "0"
},{
  "dateTime" : "08/29/23 04:45:00",
  "value" : "0"
},{
  "dateTime" : "08/29/23 04:52:00",
  "value" : "0"
},{
  "dateTime" : "08/29/23 05:44:00",
  "value" : "0"
},{
  "dateTime" : "08/29/23 05:45:00",
  "value" : "0"
},{
  "dateTime" : "08/29/23 06:38:00",
  "value" : "0"
},{
  "dateTime" : "08/29/23 07:23:00",
  "value" : "0"
},{
  "dateTime" : "08/29/23 07:26:00",
  "value" : "0"
},{
  "dateTime" : "08/29/23 07:27:00",
  "value" : "0"
},{
  "dateTime" : "08/29/23 07:30:00",
  "value" : "0"
},{
  "dateTime" : "08/29/23 07:31:00",
  "value" : "0"
},{
  "dateTime" : "08/29/23 07:34:00",
  "value" : "0"
},{
  "dateTime" : "08/29/23 07:36:00",
  "value" : "10"
},{
  "dateTime" : "08/29/23 07:39:00",
  "value" : "0"
},{
  "dateTime" : "08/29/23 08:21:00",
  "value" : "0"
},{
  "dateTime" : "08/29/23 08:23:00",
  "value" : "10"
},{
  "dateTime" : "08/29/23 08:25:00",
  "value" : "0"
},{
  "dateTime" : "08/29/23 08:26:00",
  "value" : "0"
},{
  "dateTime" : "08/29/23 08:34:00",
  "value" : "0"
},{
  "dateTime" : "08/29/23 08:49:00",
  "value" : "0"
},{
  "dateTime" : "08/29/23 08:55:00",
  "value" : "0"
},{
  "dateTime" : "08/29/23 08:57:00",
  "value" : "0"
},{
  "dateTime" : "08/29/23 09:05:00",
  "value" : "0"
},{
  "dateTime" : "08/29/23 09:21:00",
  "value" : "0"
},{
  "dateTime" : "08/29/23 09:23:00",
  "value" : "0"
},{
  "dateTime" : "08/29/23 09:25:00",
  "value" : "0"
},{
  "dateTime" : "08/29/23 09:44:00",
  "value" : "0"
},{
  "dateTime" : "08/29/23 09:50:00",
  "value" : "0"
},{
  "dateTime" : "08/29/23 09:54:00",
  "value" : "0"
},{
  "dateTime" : "08/29/23 10:04:00",
  "value" : "0"
},{
  "dateTime" : "08/29/23 10:43:00",
  "value" : "0"
},{
  "dateTime" : "08/29/23 10:46:00",
  "value" : "0"
},{
  "dateTime" : "08/29/23 10:47:00",
  "value" : "0"
},{
  "dateTime" : "08/29/23 10:48:00",
  "value" : "0"
},{
  "dateTime" : "08/29/23 10:50:00",
  "value" : "0"
},{
  "dateTime" : "08/29/23 10:55:00",
  "value" : "10"
},{
  "dateTime" : "08/29/23 11:10:00",
  "value" : "0"
},{
  "dateTime" : "08/29/23 11:53:00",
  "value" : "10"
},{
  "dateTime" : "08/29/23 12:15:00",
  "value" : "0"
},{
  "dateTime" : "08/29/23 12:38:00",
  "value" : "10"
},{
  "dateTime" : "08/29/23 12:39:00",
  "value" : "0"
},{
  "dateTime" : "08/29/23 12:44:00",
  "value" : "0"
},{
  "dateTime" : "08/29/23 12:50:00",
  "value" : "0"
},{
  "dateTime" : "08/29/23 12:58:00",
  "value" : "0"
},{
  "dateTime" : "08/29/23 13:02:00",
  "value" : "0"
},{
  "dateTime" : "08/29/23 13:18:00",
  "value" : "0"
},{
  "dateTime" : "08/29/23 13:26:00",
  "value" : "0"
},{
  "dateTime" : "08/29/23 13:33:00",
  "value" : "0"
},{
  "dateTime" : "08/29/23 13:39:00",
  "value" : "0"
},{
  "dateTime" : "08/29/23 13:41:00",
  "value" : "10"
},{
  "dateTime" : "08/29/23 13:42:00",
  "value" : "0"
},{
  "dateTime" : "08/29/23 13:43:00",
  "value" : "0"
},{
  "dateTime" : "08/29/23 13:57:00",
  "value" : "0"
},{
  "dateTime" : "08/29/23 13:58:00",
  "value" : "0"
},{
  "dateTime" : "08/29/23 14:03:00",
  "value" : "0"
},{
  "dateTime" : "08/29/23 14:13:00",
  "value" : "0"
},{
  "dateTime" : "08/29/23 14:23:00",
  "value" : "0"
},{
  "dateTime" : "08/29/23 14:24:00",
  "value" : "0"
},{
  "dateTime" : "08/29/23 14:41:00",
  "value" : "0"
},{
  "dateTime" : "08/29/23 14:50:00",
  "value" : "0"
},{
  "dateTime" : "08/29/23 14:51:00",
  "value" : "0"
},{
  "dateTime" : "08/29/23 14:55:00",
  "value" : "10"
},{
  "dateTime" : "08/29/23 15:06:00",
  "value" : "0"
},{
  "dateTime" : "08/29/23 15:10:00",
  "value" : "0"
},{
  "dateTime" : "08/29/23 15:12:00",
  "value" : "0"
},{
  "dateTime" : "08/29/23 15:14:00",
  "value" : "0"
},{
  "dateTime" : "08/29/23 15:17:00",
  "value" : "0"
},{
  "dateTime" : "08/29/23 15:19:00",
  "value" : "0"
},{
  "dateTime" : "08/29/23 15:30:00",
  "value" : "0"
},{
  "dateTime" : "08/29/23 15:31:00",
  "value" : "0"
},{
  "dateTime" : "08/29/23 15:50:00",
  "value" : "0"
},{
  "dateTime" : "08/29/23 16:50:00",
  "value" : "0"
},{
  "dateTime" : "08/29/23 17:10:00",
  "value" : "0"
},{
  "dateTime" : "08/29/23 17:28:00",
  "value" : "0"
},{
  "dateTime" : "08/29/23 17:40:00",
  "value" : "0"
},{
  "dateTime" : "08/29/23 17:41:00",
  "value" : "0"
},{
  "dateTime" : "08/29/23 17:45:00",
  "value" : "0"
},{
  "dateTime" : "08/29/23 18:40:00",
  "value" : "0"
},{
  "dateTime" : "08/29/23 18:41:00",
  "value" : "0"
},{
  "dateTime" : "08/29/23 18:42:00",
  "value" : "0"
},{
  "dateTime" : "08/29/23 18:57:00",
  "value" : "0"
},{
  "dateTime" : "08/29/23 19:01:00",
  "value" : "0"
},{
  "dateTime" : "08/29/23 19:02:00",
  "value" : "0"
},{
  "dateTime" : "08/29/23 19:19:00",
  "value" : "0"
},{
  "dateTime" : "08/29/23 19:31:00",
  "value" : "0"
},{
  "dateTime" : "08/29/23 19:38:00",
  "value" : "0"
},{
  "dateTime" : "08/29/23 19:39:00",
  "value" : "0"
},{
  "dateTime" : "08/29/23 19:49:00",
  "value" : "10"
},{
  "dateTime" : "08/29/23 20:00:00",
  "value" : "0"
},{
  "dateTime" : "08/29/23 20:03:00",
  "value" : "0"
},{
  "dateTime" : "08/29/23 20:04:00",
  "value" : "0"
},{
  "dateTime" : "08/29/23 20:05:00",
  "value" : "0"
},{
  "dateTime" : "08/29/23 20:06:00",
  "value" : "0"
},{
  "dateTime" : "08/29/23 20:07:00",
  "value" : "0"
},{
  "dateTime" : "08/29/23 20:08:00",
  "value" : "0"
},{
  "dateTime" : "08/29/23 20:09:00",
  "value" : "0"
},{
  "dateTime" : "08/29/23 20:10:00",
  "value" : "0"
},{
  "dateTime" : "08/29/23 20:11:00",
  "value" : "0"
},{
  "dateTime" : "08/29/23 20:12:00",
  "value" : "0"
},{
  "dateTime" : "08/29/23 20:13:00",
  "value" : "0"
},{
  "dateTime" : "08/29/23 20:14:00",
  "value" : "0"
},{
  "dateTime" : "08/29/23 20:15:00",
  "value" : "0"
},{
  "dateTime" : "08/29/23 20:18:00",
  "value" : "0"
},{
  "dateTime" : "08/29/23 20:19:00",
  "value" : "0"
},{
  "dateTime" : "08/29/23 20:21:00",
  "value" : "0"
},{
  "dateTime" : "08/29/23 20:22:00",
  "value" : "0"
},{
  "dateTime" : "08/29/23 20:23:00",
  "value" : "0"
},{
  "dateTime" : "08/29/23 20:25:00",
  "value" : "0"
},{
  "dateTime" : "08/29/23 20:26:00",
  "value" : "0"
},{
  "dateTime" : "08/29/23 20:27:00",
  "value" : "0"
},{
  "dateTime" : "08/29/23 20:30:00",
  "value" : "0"
},{
  "dateTime" : "08/29/23 20:31:00",
  "value" : "0"
},{
  "dateTime" : "08/29/23 20:36:00",
  "value" : "0"
},{
  "dateTime" : "08/29/23 20:38:00",
  "value" : "0"
},{
  "dateTime" : "08/29/23 20:41:00",
  "value" : "0"
},{
  "dateTime" : "08/29/23 20:46:00",
  "value" : "0"
},{
  "dateTime" : "08/29/23 20:53:00",
  "value" : "0"
},{
  "dateTime" : "08/29/23 20:58:00",
  "value" : "0"
},{
  "dateTime" : "08/29/23 21:07:00",
  "value" : "0"
},{
  "dateTime" : "08/29/23 21:36:00",
  "value" : "0"
},{
  "dateTime" : "08/29/23 21:39:00",
  "value" : "0"
},{
  "dateTime" : "08/29/23 21:40:00",
  "value" : "0"
},{
  "dateTime" : "08/29/23 21:54:00",
  "value" : "0"
},{
  "dateTime" : "08/29/23 21:57:00",
  "value" : "0"
},{
  "dateTime" : "08/29/23 22:05:00",
  "value" : "0"
},{
  "dateTime" : "08/29/23 22:18:00",
  "value" : "10"
},{
  "dateTime" : "08/29/23 23:00:00",
  "value" : "0"
},{
  "dateTime" : "08/30/23 01:04:00",
  "value" : "0"
},{
  "dateTime" : "08/30/23 02:09:00",
  "value" : "0"
},{
  "dateTime" : "08/30/23 02:11:00",
  "value" : "0"
},{
  "dateTime" : "08/30/23 02:39:00",
  "value" : "0"
},{
  "dateTime" : "08/30/23 03:44:00",
  "value" : "0"
},{
  "dateTime" : "08/30/23 03:45:00",
  "value" : "0"
},{
  "dateTime" : "08/30/23 04:16:00",
  "value" : "0"
},{
  "dateTime" : "08/30/23 04:32:00",
  "value" : "0"
},{
  "dateTime" : "08/30/23 04:46:00",
  "value" : "0"
},{
  "dateTime" : "08/30/23 04:47:00",
  "value" : "0"
},{
  "dateTime" : "08/30/23 04:59:00",
  "value" : "0"
},{
  "dateTime" : "08/30/23 05:15:00",
  "value" : "0"
},{
  "dateTime" : "08/30/23 05:18:00",
  "value" : "0"
},{
  "dateTime" : "08/30/23 06:11:00",
  "value" : "0"
},{
  "dateTime" : "08/30/23 06:34:00",
  "value" : "0"
},{
  "dateTime" : "08/30/23 06:54:00",
  "value" : "0"
},{
  "dateTime" : "08/30/23 07:14:00",
  "value" : "0"
},{
  "dateTime" : "08/30/23 07:15:00",
  "value" : "0"
},{
  "dateTime" : "08/30/23 07:20:00",
  "value" : "0"
},{
  "dateTime" : "08/30/23 07:36:00",
  "value" : "0"
},{
  "dateTime" : "08/30/23 08:07:00",
  "value" : "0"
},{
  "dateTime" : "08/30/23 08:11:00",
  "value" : "0"
},{
  "dateTime" : "08/30/23 08:29:00",
  "value" : "0"
},{
  "dateTime" : "08/30/23 08:30:00",
  "value" : "0"
},{
  "dateTime" : "08/30/23 08:38:00",
  "value" : "0"
},{
  "dateTime" : "08/30/23 08:57:00",
  "value" : "0"
},{
  "dateTime" : "08/30/23 08:59:00",
  "value" : "0"
},{
  "dateTime" : "08/30/23 09:04:00",
  "value" : "0"
},{
  "dateTime" : "08/30/23 09:15:00",
  "value" : "0"
},{
  "dateTime" : "08/30/23 09:25:00",
  "value" : "0"
},{
  "dateTime" : "08/30/23 09:40:00",
  "value" : "0"
},{
  "dateTime" : "08/30/23 09:49:00",
  "value" : "0"
},{
  "dateTime" : "08/30/23 09:50:00",
  "value" : "0"
},{
  "dateTime" : "08/30/23 09:51:00",
  "value" : "0"
},{
  "dateTime" : "08/30/23 10:00:00",
  "value" : "0"
},{
  "dateTime" : "08/30/23 10:02:00",
  "value" : "0"
},{
  "dateTime" : "08/30/23 10:17:00",
  "value" : "0"
},{
  "dateTime" : "08/30/23 10:30:00",
  "value" : "0"
},{
  "dateTime" : "08/30/23 10:50:00",
  "value" : "0"
},{
  "dateTime" : "08/30/23 11:05:00",
  "value" : "0"
},{
  "dateTime" : "08/30/23 11:08:00",
  "value" : "0"
},{
  "dateTime" : "08/30/23 11:12:00",
  "value" : "30"
},{
  "dateTime" : "08/30/23 11:13:00",
  "value" : "20"
},{
  "dateTime" : "08/30/23 11:16:00",
  "value" : "0"
},{
  "dateTime" : "08/30/23 11:17:00",
  "value" : "0"
},{
  "dateTime" : "08/30/23 11:37:00",
  "value" : "0"
},{
  "dateTime" : "08/30/23 11:38:00",
  "value" : "0"
},{
  "dateTime" : "08/30/23 12:08:00",
  "value" : "0"
},{
  "dateTime" : "08/30/23 12:09:00",
  "value" : "0"
},{
  "dateTime" : "08/30/23 12:35:00",
  "value" : "0"
},{
  "dateTime" : "08/30/23 12:50:00",
  "value" : "0"
},{
  "dateTime" : "08/30/23 13:33:00",
  "value" : "0"
},{
  "dateTime" : "08/30/23 13:48:00",
  "value" : "0"
},{
  "dateTime" : "08/30/23 13:50:00",
  "value" : "0"
},{
  "dateTime" : "08/30/23 13:57:00",
  "value" : "0"
},{
  "dateTime" : "08/30/23 13:58:00",
  "value" : "0"
},{
  "dateTime" : "08/30/23 14:00:00",
  "value" : "0"
},{
  "dateTime" : "08/30/23 14:07:00",
  "value" : "0"
},{
  "dateTime" : "08/30/23 14:08:00",
  "value" : "0"
},{
  "dateTime" : "08/30/23 14:09:00",
  "value" : "0"
},{
  "dateTime" : "08/30/23 14:25:00",
  "value" : "0"
},{
  "dateTime" : "08/30/23 14:40:00",
  "value" : "10"
},{
  "dateTime" : "08/30/23 14:41:00",
  "value" : "0"
},{
  "dateTime" : "08/30/23 14:45:00",
  "value" : "0"
},{
  "dateTime" : "08/30/23 14:55:00",
  "value" : "10"
},{
  "dateTime" : "08/30/23 16:21:00",
  "value" : "0"
},{
  "dateTime" : "08/30/23 16:22:00",
  "value" : "0"
},{
  "dateTime" : "08/30/23 16:24:00",
  "value" : "0"
},{
  "dateTime" : "08/30/23 16:34:00",
  "value" : "0"
},{
  "dateTime" : "08/30/23 16:35:00",
  "value" : "0"
},{
  "dateTime" : "08/30/23 16:36:00",
  "value" : "0"
},{
  "dateTime" : "08/30/23 16:37:00",
  "value" : "0"
},{
  "dateTime" : "08/30/23 16:50:00",
  "value" : "0"
},{
  "dateTime" : "08/30/23 17:07:00",
  "value" : "0"
},{
  "dateTime" : "08/30/23 17:13:00",
  "value" : "0"
},{
  "dateTime" : "08/30/23 17:20:00",
  "value" : "0"
},{
  "dateTime" : "08/30/23 17:38:00",
  "value" : "0"
},{
  "dateTime" : "08/30/23 17:39:00",
  "value" : "0"
},{
  "dateTime" : "08/30/23 17:50:00",
  "value" : "0"
},{
  "dateTime" : "08/30/23 17:55:00",
  "value" : "0"
},{
  "dateTime" : "08/30/23 17:56:00",
  "value" : "0"
},{
  "dateTime" : "08/30/23 18:07:00",
  "value" : "0"
},{
  "dateTime" : "08/30/23 18:09:00",
  "value" : "0"
},{
  "dateTime" : "08/30/23 19:16:00",
  "value" : "0"
},{
  "dateTime" : "08/30/23 19:25:00",
  "value" : "0"
},{
  "dateTime" : "08/30/23 19:27:00",
  "value" : "0"
},{
  "dateTime" : "08/30/23 19:28:00",
  "value" : "10"
},{
  "dateTime" : "08/30/23 19:33:00",
  "value" : "10"
},{
  "dateTime" : "08/30/23 19:51:00",
  "value" : "0"
},{
  "dateTime" : "08/30/23 19:52:00",
  "value" : "0"
},{
  "dateTime" : "08/30/23 19:57:00",
  "value" : "0"
},{
  "dateTime" : "08/30/23 20:02:00",
  "value" : "0"
},{
  "dateTime" : "08/30/23 20:09:00",
  "value" : "0"
},{
  "dateTime" : "08/30/23 20:21:00",
  "value" : "10"
},{
  "dateTime" : "08/30/23 20:41:00",
  "value" : "0"
},{
  "dateTime" : "08/30/23 20:43:00",
  "value" : "10"
},{
  "dateTime" : "08/30/23 20:44:00",
  "value" : "0"
},{
  "dateTime" : "08/30/23 20:47:00",
  "value" : "10"
},{
  "dateTime" : "08/30/23 22:02:00",
  "value" : "0"
},{
  "dateTime" : "08/30/23 22:05:00",
  "value" : "10"
},{
  "dateTime" : "08/30/23 22:06:00",
  "value" : "10"
},{
  "dateTime" : "08/30/23 22:11:00",
  "value" : "0"
},{
  "dateTime" : "08/30/23 22:20:00",
  "value" : "0"
},{
  "dateTime" : "08/30/23 22:32:00",
  "value" : "0"
},{
  "dateTime" : "08/31/23 00:41:00",
  "value" : "0"
},{
  "dateTime" : "08/31/23 01:55:00",
  "value" : "0"
},{
  "dateTime" : "08/31/23 01:58:00",
  "value" : "10"
},{
  "dateTime" : "08/31/23 03:30:00",
  "value" : "0"
},{
  "dateTime" : "08/31/23 04:16:00",
  "value" : "0"
},{
  "dateTime" : "08/31/23 04:57:00",
  "value" : "0"
},{
  "dateTime" : "08/31/23 06:45:00",
  "value" : "0"
},{
  "dateTime" : "08/31/23 08:13:00",
  "value" : "0"
},{
  "dateTime" : "08/31/23 08:17:00",
  "value" : "10"
},{
  "dateTime" : "08/31/23 08:18:00",
  "value" : "0"
},{
  "dateTime" : "08/31/23 10:06:00",
  "value" : "0"
},{
  "dateTime" : "08/31/23 10:07:00",
  "value" : "0"
},{
  "dateTime" : "08/31/23 10:16:00",
  "value" : "0"
},{
  "dateTime" : "08/31/23 10:17:00",
  "value" : "0"
},{
  "dateTime" : "08/31/23 10:19:00",
  "value" : "0"
},{
  "dateTime" : "08/31/23 10:45:00",
  "value" : "0"
},{
  "dateTime" : "08/31/23 10:46:00",
  "value" : "0"
},{
  "dateTime" : "08/31/23 10:47:00",
  "value" : "0"
},{
  "dateTime" : "08/31/23 10:48:00",
  "value" : "0"
},{
  "dateTime" : "08/31/23 10:50:00",
  "value" : "0"
},{
  "dateTime" : "08/31/23 10:52:00",
  "value" : "0"
},{
  "dateTime" : "08/31/23 11:03:00",
  "value" : "0"
},{
  "dateTime" : "08/31/23 11:05:00",
  "value" : "0"
},{
  "dateTime" : "08/31/23 11:32:00",
  "value" : "0"
},{
  "dateTime" : "08/31/23 11:33:00",
  "value" : "0"
},{
  "dateTime" : "08/31/23 11:36:00",
  "value" : "0"
},{
  "dateTime" : "08/31/23 11:40:00",
  "value" : "0"
},{
  "dateTime" : "08/31/23 11:41:00",
  "value" : "0"
},{
  "dateTime" : "08/31/23 11:58:00",
  "value" : "0"
},{
  "dateTime" : "08/31/23 11:59:00",
  "value" : "0"
},{
  "dateTime" : "08/31/23 12:09:00",
  "value" : "0"
},{
  "dateTime" : "08/31/23 12:12:00",
  "value" : "0"
},{
  "dateTime" : "08/31/23 13:04:00",
  "value" : "0"
},{
  "dateTime" : "08/31/23 13:05:00",
  "value" : "0"
},{
  "dateTime" : "08/31/23 13:06:00",
  "value" : "0"
},{
  "dateTime" : "08/31/23 13:08:00",
  "value" : "0"
},{
  "dateTime" : "08/31/23 13:09:00",
  "value" : "0"
},{
  "dateTime" : "08/31/23 13:10:00",
  "value" : "0"
},{
  "dateTime" : "08/31/23 13:24:00",
  "value" : "0"
},{
  "dateTime" : "08/31/23 13:35:00",
  "value" : "0"
},{
  "dateTime" : "08/31/23 13:38:00",
  "value" : "10"
},{
  "dateTime" : "08/31/23 13:48:00",
  "value" : "10"
},{
  "dateTime" : "08/31/23 13:51:00",
  "value" : "10"
},{
  "dateTime" : "08/31/23 14:20:00",
  "value" : "0"
},{
  "dateTime" : "08/31/23 14:34:00",
  "value" : "0"
},{
  "dateTime" : "08/31/23 14:36:00",
  "value" : "0"
},{
  "dateTime" : "08/31/23 14:37:00",
  "value" : "0"
},{
  "dateTime" : "08/31/23 14:50:00",
  "value" : "0"
},{
  "dateTime" : "08/31/23 15:00:00",
  "value" : "0"
},{
  "dateTime" : "08/31/23 15:01:00",
  "value" : "0"
},{
  "dateTime" : "08/31/23 15:11:00",
  "value" : "0"
},{
  "dateTime" : "08/31/23 15:25:00",
  "value" : "0"
},{
  "dateTime" : "08/31/23 15:40:00",
  "value" : "0"
},{
  "dateTime" : "08/31/23 15:50:00",
  "value" : "0"
},{
  "dateTime" : "08/31/23 15:52:00",
  "value" : "0"
},{
  "dateTime" : "08/31/23 15:56:00",
  "value" : "0"
},{
  "dateTime" : "08/31/23 15:57:00",
  "value" : "0"
},{
  "dateTime" : "08/31/23 15:59:00",
  "value" : "0"
},{
  "dateTime" : "08/31/23 16:03:00",
  "value" : "0"
},{
  "dateTime" : "08/31/23 16:04:00",
  "value" : "0"
},{
  "dateTime" : "08/31/23 16:26:00",
  "value" : "0"
},{
  "dateTime" : "08/31/23 16:27:00",
  "value" : "10"
},{
  "dateTime" : "08/31/23 16:28:00",
  "value" : "0"
},{
  "dateTime" : "08/31/23 16:29:00",
  "value" : "0"
},{
  "dateTime" : "08/31/23 16:30:00",
  "value" : "0"
},{
  "dateTime" : "08/31/23 16:35:00",
  "value" : "0"
},{
  "dateTime" : "08/31/23 16:49:00",
  "value" : "0"
},{
  "dateTime" : "08/31/23 16:55:00",
  "value" : "0"
},{
  "dateTime" : "08/31/23 16:59:00",
  "value" : "0"
},{
  "dateTime" : "08/31/23 17:00:00",
  "value" : "0"
},{
  "dateTime" : "08/31/23 17:01:00",
  "value" : "0"
},{
  "dateTime" : "08/31/23 17:13:00",
  "value" : "0"
},{
  "dateTime" : "08/31/23 17:27:00",
  "value" : "0"
},{
  "dateTime" : "08/31/23 17:56:00",
  "value" : "0"
},{
  "dateTime" : "08/31/23 18:02:00",
  "value" : "0"
},{
  "dateTime" : "08/31/23 18:21:00",
  "value" : "0"
},{
  "dateTime" : "08/31/23 18:26:00",
  "value" : "0"
},{
  "dateTime" : "08/31/23 18:37:00",
  "value" : "0"
},{
  "dateTime" : "08/31/23 18:58:00",
  "value" : "0"
},{
  "dateTime" : "08/31/23 19:11:00",
  "value" : "0"
},{
  "dateTime" : "08/31/23 19:15:00",
  "value" : "0"
},{
  "dateTime" : "08/31/23 19:20:00",
  "value" : "10"
},{
  "dateTime" : "08/31/23 19:22:00",
  "value" : "0"
},{
  "dateTime" : "08/31/23 19:23:00",
  "value" : "0"
},{
  "dateTime" : "08/31/23 20:40:00",
  "value" : "0"
},{
  "dateTime" : "08/31/23 20:50:00",
  "value" : "0"
},{
  "dateTime" : "08/31/23 20:51:00",
  "value" : "0"
},{
  "dateTime" : "08/31/23 21:15:00",
  "value" : "0"
},{
  "dateTime" : "08/31/23 21:27:00",
  "value" : "0"
},{
  "dateTime" : "08/31/23 21:32:00",
  "value" : "0"
},{
  "dateTime" : "08/31/23 21:34:00",
  "value" : "0"
},{
  "dateTime" : "08/31/23 21:35:00",
  "value" : "0"
},{
  "dateTime" : "08/31/23 22:18:00",
  "value" : "0"
},{
  "dateTime" : "08/31/23 23:06:00",
  "value" : "0"
},{
  "dateTime" : "08/31/23 23:08:00",
  "value" : "0"
},{
  "dateTime" : "08/31/23 23:11:00",
  "value" : "10"
},{
  "dateTime" : "08/31/23 23:33:00",
  "value" : "0"
},{
  "dateTime" : "08/31/23 23:34:00",
  "value" : "0"
},{
  "dateTime" : "08/31/23 23:41:00",
  "value" : "0"
},{
  "dateTime" : "09/01/23 00:16:00",
  "value" : "0"
},{
  "dateTime" : "09/01/23 00:44:00",
  "value" : "0"
},{
  "dateTime" : "09/01/23 03:07:00",
  "value" : "0"
},{
  "dateTime" : "09/01/23 03:18:00",
  "value" : "0"
},{
  "dateTime" : "09/01/23 03:19:00",
  "value" : "0"
},{
  "dateTime" : "09/01/23 03:24:00",
  "value" : "0"
},{
  "dateTime" : "09/01/23 03:25:00",
  "value" : "10"
},{
  "dateTime" : "09/01/23 05:20:00",
  "value" : "0"
},{
  "dateTime" : "09/01/23 05:35:00",
  "value" : "0"
},{
  "dateTime" : "09/01/23 05:40:00",
  "value" : "0"
},{
  "dateTime" : "09/01/23 07:03:00",
  "value" : "0"
},{
  "dateTime" : "09/01/23 07:10:00",
  "value" : "10"
},{
  "dateTime" : "09/01/23 07:18:00",
  "value" : "0"
},{
  "dateTime" : "09/01/23 07:19:00",
  "value" : "0"
},{
  "dateTime" : "09/01/23 07:20:00",
  "value" : "0"
},{
  "dateTime" : "09/01/23 07:42:00",
  "value" : "0"
},{
  "dateTime" : "09/01/23 08:31:00",
  "value" : "0"
},{
  "dateTime" : "09/01/23 08:45:00",
  "value" : "0"
},{
  "dateTime" : "09/01/23 09:01:00",
  "value" : "10"
},{
  "dateTime" : "09/01/23 09:05:00",
  "value" : "10"
},{
  "dateTime" : "09/01/23 09:12:00",
  "value" : "0"
},{
  "dateTime" : "09/01/23 09:51:00",
  "value" : "0"
},{
  "dateTime" : "09/01/23 10:01:00",
  "value" : "0"
},{
  "dateTime" : "09/01/23 10:03:00",
  "value" : "0"
},{
  "dateTime" : "09/01/23 10:06:00",
  "value" : "0"
},{
  "dateTime" : "09/01/23 10:44:00",
  "value" : "0"
},{
  "dateTime" : "09/01/23 10:50:00",
  "value" : "0"
},{
  "dateTime" : "09/01/23 10:52:00",
  "value" : "0"
},{
  "dateTime" : "09/01/23 10:54:00",
  "value" : "20"
},{
  "dateTime" : "09/01/23 10:55:00",
  "value" : "20"
},{
  "dateTime" : "09/01/23 10:57:00",
  "value" : "0"
},{
  "dateTime" : "09/01/23 10:58:00",
  "value" : "0"
},{
  "dateTime" : "09/01/23 11:10:00",
  "value" : "0"
},{
  "dateTime" : "09/01/23 11:24:00",
  "value" : "0"
},{
  "dateTime" : "09/01/23 11:50:00",
  "value" : "0"
},{
  "dateTime" : "09/01/23 11:54:00",
  "value" : "0"
},{
  "dateTime" : "09/01/23 11:55:00",
  "value" : "0"
},{
  "dateTime" : "09/01/23 12:05:00",
  "value" : "0"
},{
  "dateTime" : "09/01/23 12:18:00",
  "value" : "0"
},{
  "dateTime" : "09/01/23 12:31:00",
  "value" : "0"
},{
  "dateTime" : "09/01/23 12:45:00",
  "value" : "0"
},{
  "dateTime" : "09/01/23 12:56:00",
  "value" : "0"
},{
  "dateTime" : "09/01/23 13:15:00",
  "value" : "0"
},{
  "dateTime" : "09/01/23 13:22:00",
  "value" : "0"
},{
  "dateTime" : "09/01/23 13:39:00",
  "value" : "0"
},{
  "dateTime" : "09/01/23 13:57:00",
  "value" : "0"
},{
  "dateTime" : "09/01/23 14:11:00",
  "value" : "0"
},{
  "dateTime" : "09/01/23 14:12:00",
  "value" : "0"
},{
  "dateTime" : "09/01/23 14:19:00",
  "value" : "0"
},{
  "dateTime" : "09/01/23 14:51:00",
  "value" : "0"
},{
  "dateTime" : "09/01/23 14:52:00",
  "value" : "0"
},{
  "dateTime" : "09/01/23 14:53:00",
  "value" : "0"
},{
  "dateTime" : "09/01/23 14:56:00",
  "value" : "0"
},{
  "dateTime" : "09/01/23 14:57:00",
  "value" : "0"
},{
  "dateTime" : "09/01/23 17:46:00",
  "value" : "0"
},{
  "dateTime" : "09/01/23 17:47:00",
  "value" : "0"
},{
  "dateTime" : "09/01/23 17:50:00",
  "value" : "0"
},{
  "dateTime" : "09/01/23 18:00:00",
  "value" : "0"
},{
  "dateTime" : "09/01/23 18:24:00",
  "value" : "0"
},{
  "dateTime" : "09/01/23 18:26:00",
  "value" : "10"
},{
  "dateTime" : "09/01/23 18:57:00",
  "value" : "0"
},{
  "dateTime" : "09/01/23 18:58:00",
  "value" : "0"
},{
  "dateTime" : "09/01/23 19:17:00",
  "value" : "0"
},{
  "dateTime" : "09/01/23 19:38:00",
  "value" : "0"
},{
  "dateTime" : "09/01/23 19:39:00",
  "value" : "0"
},{
  "dateTime" : "09/01/23 20:00:00",
  "value" : "0"
},{
  "dateTime" : "09/01/23 22:36:00",
  "value" : "0"
},{
  "dateTime" : "09/01/23 22:40:00",
  "value" : "10"
},{
  "dateTime" : "09/01/23 22:51:00",
  "value" : "0"
},{
  "dateTime" : "09/01/23 22:52:00",
  "value" : "0"
},{
  "dateTime" : "09/02/23 03:08:00",
  "value" : "0"
},{
  "dateTime" : "09/02/23 07:31:00",
  "value" : "0"
},{
  "dateTime" : "09/02/23 09:02:00",
  "value" : "0"
},{
  "dateTime" : "09/02/23 09:03:00",
  "value" : "0"
},{
  "dateTime" : "09/02/23 09:12:00",
  "value" : "0"
},{
  "dateTime" : "09/02/23 09:14:00",
  "value" : "0"
},{
  "dateTime" : "09/02/23 09:45:00",
  "value" : "0"
},{
  "dateTime" : "09/02/23 10:23:00",
  "value" : "0"
},{
  "dateTime" : "09/02/23 10:27:00",
  "value" : "0"
},{
  "dateTime" : "09/02/23 10:28:00",
  "value" : "0"
},{
  "dateTime" : "09/02/23 10:29:00",
  "value" : "10"
},{
  "dateTime" : "09/02/23 10:31:00",
  "value" : "0"
},{
  "dateTime" : "09/02/23 10:32:00",
  "value" : "0"
},{
  "dateTime" : "09/02/23 10:33:00",
  "value" : "0"
},{
  "dateTime" : "09/02/23 10:40:00",
  "value" : "0"
},{
  "dateTime" : "09/02/23 10:41:00",
  "value" : "10"
},{
  "dateTime" : "09/02/23 10:44:00",
  "value" : "0"
},{
  "dateTime" : "09/02/23 10:47:00",
  "value" : "0"
},{
  "dateTime" : "09/02/23 10:48:00",
  "value" : "0"
},{
  "dateTime" : "09/02/23 10:50:00",
  "value" : "0"
},{
  "dateTime" : "09/02/23 10:51:00",
  "value" : "0"
},{
  "dateTime" : "09/02/23 10:52:00",
  "value" : "0"
},{
  "dateTime" : "09/02/23 10:53:00",
  "value" : "0"
},{
  "dateTime" : "09/02/23 10:56:00",
  "value" : "0"
},{
  "dateTime" : "09/02/23 10:57:00",
  "value" : "0"
},{
  "dateTime" : "09/02/23 11:00:00",
  "value" : "0"
},{
  "dateTime" : "09/02/23 11:01:00",
  "value" : "0"
},{
  "dateTime" : "09/02/23 11:04:00",
  "value" : "0"
},{
  "dateTime" : "09/02/23 11:05:00",
  "value" : "0"
},{
  "dateTime" : "09/02/23 11:06:00",
  "value" : "0"
},{
  "dateTime" : "09/02/23 11:07:00",
  "value" : "0"
},{
  "dateTime" : "09/02/23 11:08:00",
  "value" : "0"
},{
  "dateTime" : "09/02/23 11:10:00",
  "value" : "0"
},{
  "dateTime" : "09/02/23 11:11:00",
  "value" : "0"
},{
  "dateTime" : "09/02/23 11:15:00",
  "value" : "0"
},{
  "dateTime" : "09/02/23 11:16:00",
  "value" : "0"
},{
  "dateTime" : "09/02/23 11:18:00",
  "value" : "0"
},{
  "dateTime" : "09/02/23 11:20:00",
  "value" : "0"
},{
  "dateTime" : "09/02/23 11:21:00",
  "value" : "0"
},{
  "dateTime" : "09/02/23 11:23:00",
  "value" : "0"
},{
  "dateTime" : "09/02/23 11:24:00",
  "value" : "0"
},{
  "dateTime" : "09/02/23 11:26:00",
  "value" : "0"
},{
  "dateTime" : "09/02/23 11:27:00",
  "value" : "0"
},{
  "dateTime" : "09/02/23 11:29:00",
  "value" : "0"
},{
  "dateTime" : "09/02/23 11:30:00",
  "value" : "0"
},{
  "dateTime" : "09/02/23 11:31:00",
  "value" : "0"
},{
  "dateTime" : "09/02/23 11:32:00",
  "value" : "0"
},{
  "dateTime" : "09/02/23 11:33:00",
  "value" : "0"
},{
  "dateTime" : "09/02/23 11:34:00",
  "value" : "0"
},{
  "dateTime" : "09/02/23 11:35:00",
  "value" : "0"
},{
  "dateTime" : "09/02/23 11:36:00",
  "value" : "0"
},{
  "dateTime" : "09/02/23 11:37:00",
  "value" : "0"
},{
  "dateTime" : "09/02/23 11:38:00",
  "value" : "0"
},{
  "dateTime" : "09/02/23 11:39:00",
  "value" : "0"
},{
  "dateTime" : "09/02/23 11:40:00",
  "value" : "0"
},{
  "dateTime" : "09/02/23 11:41:00",
  "value" : "0"
},{
  "dateTime" : "09/02/23 11:42:00",
  "value" : "0"
},{
  "dateTime" : "09/02/23 11:44:00",
  "value" : "0"
},{
  "dateTime" : "09/02/23 11:46:00",
  "value" : "0"
},{
  "dateTime" : "09/02/23 11:47:00",
  "value" : "0"
},{
  "dateTime" : "09/02/23 11:51:00",
  "value" : "0"
},{
  "dateTime" : "09/02/23 11:53:00",
  "value" : "0"
},{
  "dateTime" : "09/02/23 11:54:00",
  "value" : "0"
},{
  "dateTime" : "09/02/23 11:55:00",
  "value" : "0"
},{
  "dateTime" : "09/02/23 11:56:00",
  "value" : "0"
},{
  "dateTime" : "09/02/23 11:57:00",
  "value" : "0"
},{
  "dateTime" : "09/02/23 12:00:00",
  "value" : "0"
},{
  "dateTime" : "09/02/23 12:19:00",
  "value" : "0"
},{
  "dateTime" : "09/02/23 12:20:00",
  "value" : "0"
},{
  "dateTime" : "09/02/23 12:21:00",
  "value" : "0"
},{
  "dateTime" : "09/02/23 12:23:00",
  "value" : "0"
},{
  "dateTime" : "09/02/23 12:24:00",
  "value" : "0"
},{
  "dateTime" : "09/02/23 12:28:00",
  "value" : "0"
},{
  "dateTime" : "09/02/23 12:30:00",
  "value" : "0"
},{
  "dateTime" : "09/02/23 12:31:00",
  "value" : "0"
},{
  "dateTime" : "09/02/23 12:32:00",
  "value" : "0"
},{
  "dateTime" : "09/02/23 12:34:00",
  "value" : "0"
},{
  "dateTime" : "09/02/23 12:35:00",
  "value" : "0"
},{
  "dateTime" : "09/02/23 12:38:00",
  "value" : "0"
},{
  "dateTime" : "09/02/23 12:39:00",
  "value" : "0"
},{
  "dateTime" : "09/02/23 12:41:00",
  "value" : "0"
},{
  "dateTime" : "09/02/23 12:43:00",
  "value" : "0"
},{
  "dateTime" : "09/02/23 12:44:00",
  "value" : "0"
},{
  "dateTime" : "09/02/23 12:45:00",
  "value" : "0"
},{
  "dateTime" : "09/02/23 12:46:00",
  "value" : "0"
},{
  "dateTime" : "09/02/23 12:47:00",
  "value" : "0"
},{
  "dateTime" : "09/02/23 12:48:00",
  "value" : "0"
},{
  "dateTime" : "09/02/23 12:50:00",
  "value" : "0"
},{
  "dateTime" : "09/02/23 12:51:00",
  "value" : "0"
},{
  "dateTime" : "09/02/23 12:52:00",
  "value" : "0"
},{
  "dateTime" : "09/02/23 12:53:00",
  "value" : "0"
},{
  "dateTime" : "09/02/23 12:54:00",
  "value" : "0"
},{
  "dateTime" : "09/02/23 12:55:00",
  "value" : "0"
},{
  "dateTime" : "09/02/23 12:58:00",
  "value" : "10"
},{
  "dateTime" : "09/02/23 12:59:00",
  "value" : "0"
},{
  "dateTime" : "09/02/23 13:01:00",
  "value" : "0"
},{
  "dateTime" : "09/02/23 13:06:00",
  "value" : "0"
},{
  "dateTime" : "09/02/23 13:11:00",
  "value" : "0"
},{
  "dateTime" : "09/02/23 13:13:00",
  "value" : "0"
},{
  "dateTime" : "09/02/23 13:14:00",
  "value" : "0"
},{
  "dateTime" : "09/02/23 13:15:00",
  "value" : "0"
},{
  "dateTime" : "09/02/23 13:17:00",
  "value" : "0"
},{
  "dateTime" : "09/02/23 13:18:00",
  "value" : "0"
},{
  "dateTime" : "09/02/23 13:19:00",
  "value" : "0"
},{
  "dateTime" : "09/02/23 13:21:00",
  "value" : "0"
},{
  "dateTime" : "09/02/23 13:22:00",
  "value" : "0"
},{
  "dateTime" : "09/02/23 13:26:00",
  "value" : "0"
},{
  "dateTime" : "09/02/23 13:27:00",
  "value" : "10"
},{
  "dateTime" : "09/02/23 13:29:00",
  "value" : "0"
},{
  "dateTime" : "09/02/23 13:30:00",
  "value" : "0"
},{
  "dateTime" : "09/02/23 13:32:00",
  "value" : "0"
},{
  "dateTime" : "09/02/23 13:35:00",
  "value" : "0"
},{
  "dateTime" : "09/02/23 13:36:00",
  "value" : "10"
},{
  "dateTime" : "09/02/23 13:37:00",
  "value" : "0"
},{
  "dateTime" : "09/02/23 13:38:00",
  "value" : "10"
},{
  "dateTime" : "09/02/23 13:39:00",
  "value" : "0"
},{
  "dateTime" : "09/02/23 13:41:00",
  "value" : "0"
},{
  "dateTime" : "09/02/23 14:06:00",
  "value" : "0"
},{
  "dateTime" : "09/02/23 14:07:00",
  "value" : "0"
},{
  "dateTime" : "09/02/23 14:21:00",
  "value" : "0"
},{
  "dateTime" : "09/02/23 14:33:00",
  "value" : "0"
},{
  "dateTime" : "09/02/23 14:34:00",
  "value" : "0"
},{
  "dateTime" : "09/02/23 14:35:00",
  "value" : "0"
},{
  "dateTime" : "09/02/23 14:46:00",
  "value" : "0"
},{
  "dateTime" : "09/02/23 14:49:00",
  "value" : "0"
},{
  "dateTime" : "09/02/23 15:05:00",
  "value" : "0"
},{
  "dateTime" : "09/02/23 15:06:00",
  "value" : "0"
},{
  "dateTime" : "09/02/23 15:11:00",
  "value" : "0"
},{
  "dateTime" : "09/02/23 15:26:00",
  "value" : "0"
},{
  "dateTime" : "09/02/23 15:27:00",
  "value" : "0"
},{
  "dateTime" : "09/02/23 15:50:00",
  "value" : "0"
},{
  "dateTime" : "09/02/23 15:51:00",
  "value" : "0"
},{
  "dateTime" : "09/02/23 16:01:00",
  "value" : "0"
},{
  "dateTime" : "09/02/23 16:06:00",
  "value" : "0"
},{
  "dateTime" : "09/02/23 16:10:00",
  "value" : "0"
},{
  "dateTime" : "09/02/23 16:31:00",
  "value" : "0"
},{
  "dateTime" : "09/02/23 16:32:00",
  "value" : "0"
},{
  "dateTime" : "09/02/23 16:50:00",
  "value" : "0"
},{
  "dateTime" : "09/02/23 16:59:00",
  "value" : "0"
},{
  "dateTime" : "09/02/23 17:00:00",
  "value" : "0"
},{
  "dateTime" : "09/02/23 17:02:00",
  "value" : "0"
},{
  "dateTime" : "09/02/23 17:22:00",
  "value" : "0"
},{
  "dateTime" : "09/02/23 17:23:00",
  "value" : "0"
},{
  "dateTime" : "09/02/23 17:24:00",
  "value" : "10"
},{
  "dateTime" : "09/02/23 17:26:00",
  "value" : "0"
},{
  "dateTime" : "09/02/23 17:28:00",
  "value" : "0"
},{
  "dateTime" : "09/02/23 17:29:00",
  "value" : "0"
},{
  "dateTime" : "09/02/23 17:30:00",
  "value" : "0"
},{
  "dateTime" : "09/02/23 17:31:00",
  "value" : "0"
},{
  "dateTime" : "09/02/23 17:32:00",
  "value" : "0"
},{
  "dateTime" : "09/02/23 17:34:00",
  "value" : "0"
},{
  "dateTime" : "09/02/23 17:36:00",
  "value" : "10"
},{
  "dateTime" : "09/02/23 17:38:00",
  "value" : "0"
},{
  "dateTime" : "09/02/23 17:39:00",
  "value" : "0"
},{
  "dateTime" : "09/02/23 17:40:00",
  "value" : "0"
},{
  "dateTime" : "09/02/23 17:41:00",
  "value" : "0"
},{
  "dateTime" : "09/02/23 17:42:00",
  "value" : "0"
},{
  "dateTime" : "09/02/23 17:43:00",
  "value" : "0"
},{
  "dateTime" : "09/02/23 17:44:00",
  "value" : "0"
}]