[{
  "dateTime" : "05/21/23 16:25:00",
  "value" : "10"
},{
  "dateTime" : "05/21/23 16:36:00",
  "value" : "10"
},{
  "dateTime" : "05/21/23 16:56:00",
  "value" : "10"
},{
  "dateTime" : "05/21/23 17:31:00",
  "value" : "10"
},{
  "dateTime" : "05/21/23 17:40:00",
  "value" : "10"
},{
  "dateTime" : "05/21/23 18:04:00",
  "value" : "10"
},{
  "dateTime" : "05/26/23 15:22:00",
  "value" : "10"
},{
  "dateTime" : "05/26/23 16:25:00",
  "value" : "10"
},{
  "dateTime" : "05/26/23 17:40:00",
  "value" : "10"
},{
  "dateTime" : "05/26/23 20:47:00",
  "value" : "10"
}]