[{
  "dateTime" : "04/19/23 00:00:00",
  "value" : {
    "demographicVO2Max" : 34.056630000000006,
    "demographicVO2MaxError" : 3.0000000000000004,
    "filteredDemographicVO2Max" : 34.056630000000006,
    "filteredDemographicVO2MaxError" : 3.0000000000000004
  }
},{
  "dateTime" : "04/22/23 00:00:00",
  "value" : {
    "demographicVO2Max" : 34.056630000000006,
    "demographicVO2MaxError" : 3.0000000000000004,
    "filteredDemographicVO2Max" : 34.056630000000006,
    "filteredDemographicVO2MaxError" : 1.53658
  }
},{
  "dateTime" : "04/23/23 00:00:00",
  "value" : {
    "demographicVO2Max" : 34.056630000000006,
    "demographicVO2MaxError" : 3.0000000000000004,
    "filteredDemographicVO2Max" : 34.056630000000006,
    "filteredDemographicVO2MaxError" : 1.0377500000000002
  }
},{
  "dateTime" : "04/24/23 00:00:00",
  "value" : {
    "demographicVO2Max" : 34.056630000000006,
    "demographicVO2MaxError" : 3.0000000000000004,
    "filteredDemographicVO2Max" : 34.056630000000006,
    "filteredDemographicVO2MaxError" : 0.7983000000000001
  }
},{
  "dateTime" : "04/25/23 00:00:00",
  "value" : {
    "demographicVO2Max" : 34.056630000000006,
    "demographicVO2MaxError" : 3.0000000000000004,
    "filteredDemographicVO2Max" : 34.056630000000006,
    "filteredDemographicVO2MaxError" : 0.6613
  }
},{
  "dateTime" : "04/26/23 00:00:00",
  "value" : {
    "demographicVO2Max" : 34.056630000000006,
    "demographicVO2MaxError" : 3.0000000000000004,
    "filteredDemographicVO2Max" : 34.056630000000006,
    "filteredDemographicVO2MaxError" : 0.5749700000000001
  }
},{
  "dateTime" : "04/27/23 00:00:00",
  "value" : {
    "demographicVO2Max" : 34.056630000000006,
    "demographicVO2MaxError" : 3.0000000000000004,
    "filteredDemographicVO2Max" : 34.056630000000006,
    "filteredDemographicVO2MaxError" : 0.51722
  }
},{
  "dateTime" : "04/29/23 00:00:00",
  "value" : {
    "demographicVO2Max" : 34.056630000000006,
    "demographicVO2MaxError" : 3.0000000000000004,
    "filteredDemographicVO2Max" : 34.056630000000006,
    "filteredDemographicVO2MaxError" : 0.5119
  }
},{
  "dateTime" : "05/02/23 00:00:00",
  "value" : {
    "demographicVO2Max" : 34.056630000000006,
    "demographicVO2MaxError" : 3.0000000000000004,
    "filteredDemographicVO2Max" : 34.056630000000006,
    "filteredDemographicVO2MaxError" : 0.5422600000000001
  }
},{
  "dateTime" : "05/03/23 00:00:00",
  "value" : {
    "demographicVO2Max" : 34.056630000000006,
    "demographicVO2MaxError" : 3.0000000000000004,
    "filteredDemographicVO2Max" : 34.056630000000006,
    "filteredDemographicVO2MaxError" : 0.49461000000000005
  }
},{
  "dateTime" : "05/04/23 00:00:00",
  "value" : {
    "demographicVO2Max" : 34.056630000000006,
    "demographicVO2MaxError" : 3.0000000000000004,
    "filteredDemographicVO2Max" : 34.056630000000006,
    "filteredDemographicVO2MaxError" : 0.46093000000000006
  }
},{
  "dateTime" : "05/05/23 00:00:00",
  "value" : {
    "demographicVO2Max" : 34.056630000000006,
    "demographicVO2MaxError" : 3.0000000000000004,
    "filteredDemographicVO2Max" : 34.056630000000006,
    "filteredDemographicVO2MaxError" : 0.43658
  }
},{
  "dateTime" : "05/06/23 00:00:00",
  "value" : {
    "demographicVO2Max" : 33.84883,
    "demographicVO2MaxError" : 3.0000000000000004,
    "filteredDemographicVO2Max" : 34.02763,
    "filteredDemographicVO2MaxError" : 0.41867000000000004
  }
},{
  "dateTime" : "05/07/23 00:00:00",
  "value" : {
    "demographicVO2Max" : 33.84883,
    "demographicVO2MaxError" : 3.0000000000000004,
    "filteredDemographicVO2Max" : 34.00347,
    "filteredDemographicVO2MaxError" : 0.40534000000000003
  }
},{
  "dateTime" : "05/20/23 00:00:00",
  "value" : {
    "demographicVO2Max" : 33.84883,
    "demographicVO2MaxError" : 3.0000000000000004,
    "filteredDemographicVO2Max" : 33.96323,
    "filteredDemographicVO2MaxError" : 0.7807000000000001
  }
},{
  "dateTime" : "05/21/23 00:00:00",
  "value" : {
    "demographicVO2Max" : 33.84883,
    "demographicVO2MaxError" : 3.0000000000000004,
    "filteredDemographicVO2Max" : 33.93842,
    "filteredDemographicVO2MaxError" : 0.65056
  }
},{
  "dateTime" : "05/26/23 00:00:00",
  "value" : {
    "demographicVO2Max" : 33.84883,
    "demographicVO2MaxError" : 3.0000000000000004,
    "filteredDemographicVO2Max" : 33.91774,
    "filteredDemographicVO2MaxError" : 0.69264
  }
},{
  "dateTime" : "07/06/23 00:00:00",
  "value" : {
    "demographicVO2Max" : 35.288970000000006,
    "demographicVO2MaxError" : 3.0000000000000004,
    "filteredDemographicVO2Max" : 34.572630000000004,
    "filteredDemographicVO2MaxError" : 1.43277
  }
},{
  "dateTime" : "07/07/23 00:00:00",
  "value" : {
    "demographicVO2Max" : 35.288970000000006,
    "demographicVO2MaxError" : 3.0000000000000004,
    "filteredDemographicVO2Max" : 34.80957,
    "filteredDemographicVO2MaxError" : 0.9923100000000001
  }
},{
  "dateTime" : "07/08/23 00:00:00",
  "value" : {
    "demographicVO2Max" : 35.288970000000006,
    "demographicVO2MaxError" : 3.0000000000000004,
    "filteredDemographicVO2Max" : 34.93319,
    "filteredDemographicVO2MaxError" : 0.7735500000000001
  }
},{
  "dateTime" : "07/09/23 00:00:00",
  "value" : {
    "demographicVO2Max" : 35.288970000000006,
    "demographicVO2MaxError" : 3.0000000000000004,
    "filteredDemographicVO2Max" : 35.009820000000005,
    "filteredDemographicVO2MaxError" : 0.6461600000000001
  }
},{
  "dateTime" : "07/10/23 00:00:00",
  "value" : {
    "demographicVO2Max" : 35.288970000000006,
    "demographicVO2MaxError" : 3.0000000000000004,
    "filteredDemographicVO2Max" : 35.062400000000004,
    "filteredDemographicVO2MaxError" : 0.5650400000000001
  }
},{
  "dateTime" : "07/15/23 00:00:00",
  "value" : {
    "demographicVO2Max" : 35.288970000000006,
    "demographicVO2MaxError" : 3.0000000000000004,
    "filteredDemographicVO2Max" : 35.110800000000005,
    "filteredDemographicVO2MaxError" : 0.6409100000000001
  }
},{
  "dateTime" : "07/16/23 00:00:00",
  "value" : {
    "demographicVO2Max" : 35.288970000000006,
    "demographicVO2MaxError" : 3.0000000000000004,
    "filteredDemographicVO2Max" : 35.14416,
    "filteredDemographicVO2MaxError" : 0.5615800000000001
  }
},{
  "dateTime" : "07/17/23 00:00:00",
  "value" : {
    "demographicVO2Max" : 35.288970000000006,
    "demographicVO2MaxError" : 3.0000000000000004,
    "filteredDemographicVO2Max" : 35.16868,
    "filteredDemographicVO2MaxError" : 0.5080100000000001
  }
},{
  "dateTime" : "07/18/23 00:00:00",
  "value" : {
    "demographicVO2Max" : 35.288970000000006,
    "demographicVO2MaxError" : 3.0000000000000004,
    "filteredDemographicVO2Max" : 35.187540000000006,
    "filteredDemographicVO2MaxError" : 0.47050000000000003
  }
},{
  "dateTime" : "08/04/23 00:00:00",
  "value" : {
    "demographicVO2Max" : 39.061510000000006,
    "demographicVO2MaxError" : 3.0000000000000004,
    "filteredDemographicVO2Max" : 36.371570000000006,
    "filteredDemographicVO2MaxError" : 0.9169
  }
},{
  "dateTime" : "08/05/23 00:00:00",
  "value" : {
    "demographicVO2Max" : 39.74846,
    "demographicVO2MaxError" : 3.0000000000000004,
    "filteredDemographicVO2Max" : 37.194660000000006,
    "filteredDemographicVO2MaxError" : 0.73123
  }
},{
  "dateTime" : "08/06/23 00:00:00",
  "value" : {
    "demographicVO2Max" : 40.986740000000005,
    "demographicVO2MaxError" : 3.0000000000000004,
    "filteredDemographicVO2Max" : 37.97814,
    "filteredDemographicVO2MaxError" : 0.61982
  }
},{
  "dateTime" : "08/07/23 00:00:00",
  "value" : {
    "demographicVO2Max" : 40.74432,
    "demographicVO2MaxError" : 3.0000000000000004,
    "filteredDemographicVO2Max" : 38.48302,
    "filteredDemographicVO2MaxError" : 0.54756
  }
},{
  "dateTime" : "08/08/23 00:00:00",
  "value" : {
    "demographicVO2Max" : 41.64763000000001,
    "demographicVO2MaxError" : 3.0000000000000004,
    "filteredDemographicVO2Max" : 39.00867,
    "filteredDemographicVO2MaxError" : 0.4983
  }
},{
  "dateTime" : "08/09/23 00:00:00",
  "value" : {
    "demographicVO2Max" : 41.724180000000004,
    "demographicVO2MaxError" : 3.0000000000000004,
    "filteredDemographicVO2Max" : 39.428290000000004,
    "filteredDemographicVO2MaxError" : 0.46357000000000004
  }
},{
  "dateTime" : "08/10/23 00:00:00",
  "value" : {
    "demographicVO2Max" : 42.510250000000006,
    "demographicVO2MaxError" : 3.0000000000000004,
    "filteredDemographicVO2Max" : 39.878780000000006,
    "filteredDemographicVO2MaxError" : 0.43850000000000006
  }
},{
  "dateTime" : "08/11/23 00:00:00",
  "value" : {
    "demographicVO2Max" : 42.90099,
    "demographicVO2MaxError" : 3.0000000000000004,
    "filteredDemographicVO2Max" : 40.30199,
    "filteredDemographicVO2MaxError" : 0.42010000000000003
  }
},{
  "dateTime" : "08/12/23 00:00:00",
  "value" : {
    "demographicVO2Max" : 42.66628,
    "demographicVO2MaxError" : 3.0000000000000004,
    "filteredDemographicVO2Max" : 40.62229000000001,
    "filteredDemographicVO2MaxError" : 0.40641000000000005
  }
},{
  "dateTime" : "08/13/23 00:00:00",
  "value" : {
    "demographicVO2Max" : 42.7394,
    "demographicVO2MaxError" : 3.0000000000000004,
    "filteredDemographicVO2Max" : 40.90185,
    "filteredDemographicVO2MaxError" : 0.39614000000000005
  }
},{
  "dateTime" : "08/14/23 00:00:00",
  "value" : {
    "demographicVO2Max" : 43.51541,
    "demographicVO2MaxError" : 3.0000000000000004,
    "filteredDemographicVO2Max" : 41.240210000000005,
    "filteredDemographicVO2MaxError" : 0.38838000000000006
  }
},{
  "dateTime" : "08/15/23 00:00:00",
  "value" : {
    "demographicVO2Max" : 43.645,
    "demographicVO2MaxError" : 3.0000000000000004,
    "filteredDemographicVO2Max" : 41.546820000000004,
    "filteredDemographicVO2MaxError" : 0.38249000000000005
  }
},{
  "dateTime" : "08/16/23 00:00:00",
  "value" : {
    "demographicVO2Max" : 44.22542000000001,
    "demographicVO2MaxError" : 3.0000000000000004,
    "filteredDemographicVO2Max" : 41.88432,
    "filteredDemographicVO2MaxError" : 0.37799000000000005
  }
},{
  "dateTime" : "08/17/23 00:00:00",
  "value" : {
    "demographicVO2Max" : 44.696200000000005,
    "demographicVO2MaxError" : 3.0000000000000004,
    "filteredDemographicVO2Max" : 42.23539,
    "filteredDemographicVO2MaxError" : 0.37456
  }
},{
  "dateTime" : "08/18/23 00:00:00",
  "value" : {
    "demographicVO2Max" : 44.086040000000004,
    "demographicVO2MaxError" : 3.0000000000000004,
    "filteredDemographicVO2Max" : 42.464830000000006,
    "filteredDemographicVO2MaxError" : 0.37192000000000003
  }
},{
  "dateTime" : "08/19/23 00:00:00",
  "value" : {
    "demographicVO2Max" : 43.502590000000005,
    "demographicVO2MaxError" : 3.0000000000000004,
    "filteredDemographicVO2Max" : 42.59279,
    "filteredDemographicVO2MaxError" : 0.3699
  }
},{
  "dateTime" : "08/20/23 00:00:00",
  "value" : {
    "demographicVO2Max" : 43.701060000000005,
    "demographicVO2MaxError" : 3.0000000000000004,
    "filteredDemographicVO2Max" : 42.728860000000005,
    "filteredDemographicVO2MaxError" : 0.36834000000000006
  }
},{
  "dateTime" : "08/21/23 00:00:00",
  "value" : {
    "demographicVO2Max" : 43.71976,
    "demographicVO2MaxError" : 3.0000000000000004,
    "filteredDemographicVO2Max" : 42.85013,
    "filteredDemographicVO2MaxError" : 0.36714
  }
},{
  "dateTime" : "08/22/23 00:00:00",
  "value" : {
    "demographicVO2Max" : 44.26187,
    "demographicVO2MaxError" : 3.0000000000000004,
    "filteredDemographicVO2Max" : 43.022470000000006,
    "filteredDemographicVO2MaxError" : 0.36622000000000005
  }
},{
  "dateTime" : "08/23/23 00:00:00",
  "value" : {
    "demographicVO2Max" : 44.24978,
    "demographicVO2MaxError" : 3.0000000000000004,
    "filteredDemographicVO2Max" : 43.172000000000004,
    "filteredDemographicVO2MaxError" : 0.36551000000000006
  }
},{
  "dateTime" : "08/24/23 00:00:00",
  "value" : {
    "demographicVO2Max" : 44.220760000000006,
    "demographicVO2MaxError" : 3.0000000000000004,
    "filteredDemographicVO2Max" : 43.29959,
    "filteredDemographicVO2MaxError" : 0.36496
  }
},{
  "dateTime" : "08/25/23 00:00:00",
  "value" : {
    "demographicVO2Max" : 44.148210000000006,
    "demographicVO2MaxError" : 3.0000000000000004,
    "filteredDemographicVO2Max" : 43.402710000000006,
    "filteredDemographicVO2MaxError" : 0.36454000000000003
  }
},{
  "dateTime" : "08/26/23 00:00:00",
  "value" : {
    "demographicVO2Max" : 42.41481,
    "demographicVO2MaxError" : 3.0000000000000004,
    "filteredDemographicVO2Max" : 43.282770000000006,
    "filteredDemographicVO2MaxError" : 0.36421000000000003
  }
},{
  "dateTime" : "08/27/23 00:00:00",
  "value" : {
    "demographicVO2Max" : 42.19189,
    "demographicVO2MaxError" : 3.0000000000000004,
    "filteredDemographicVO2Max" : 43.150420000000004,
    "filteredDemographicVO2MaxError" : 0.36395000000000005
  }
},{
  "dateTime" : "08/28/23 00:00:00",
  "value" : {
    "demographicVO2Max" : 42.23082,
    "demographicVO2MaxError" : 3.0000000000000004,
    "filteredDemographicVO2Max" : 43.03891,
    "filteredDemographicVO2MaxError" : 0.36375
  }
},{
  "dateTime" : "08/29/23 00:00:00",
  "value" : {
    "demographicVO2Max" : 41.699290000000005,
    "demographicVO2MaxError" : 3.0000000000000004,
    "filteredDemographicVO2Max" : 42.876540000000006,
    "filteredDemographicVO2MaxError" : 0.36360000000000003
  }
},{
  "dateTime" : "08/30/23 00:00:00",
  "value" : {
    "demographicVO2Max" : 41.77704000000001,
    "demographicVO2MaxError" : 3.0000000000000004,
    "filteredDemographicVO2Max" : 42.743320000000004,
    "filteredDemographicVO2MaxError" : 0.36348
  }
},{
  "dateTime" : "08/31/23 00:00:00",
  "value" : {
    "demographicVO2Max" : 41.987080000000006,
    "demographicVO2MaxError" : 3.0000000000000004,
    "filteredDemographicVO2Max" : 42.65171,
    "filteredDemographicVO2MaxError" : 0.36339000000000005
  }
},{
  "dateTime" : "09/01/23 00:00:00",
  "value" : {
    "demographicVO2Max" : 41.337360000000004,
    "demographicVO2MaxError" : 3.0000000000000004,
    "filteredDemographicVO2Max" : 42.49253,
    "filteredDemographicVO2MaxError" : 0.36332000000000003
  }
},{
  "dateTime" : "09/02/23 00:00:00",
  "value" : {
    "demographicVO2Max" : 41.213860000000004,
    "demographicVO2MaxError" : 3.0000000000000004,
    "filteredDemographicVO2Max" : 42.33769,
    "filteredDemographicVO2MaxError" : 0.36327000000000004
  }
}]