[{
  "dateTime" : "08/15/23 00:00:00",
  "value" : "173"
},{
  "dateTime" : "08/16/23 00:00:00",
  "value" : "132"
},{
  "dateTime" : "08/17/23 00:00:00",
  "value" : "142"
},{
  "dateTime" : "08/18/23 00:00:00",
  "value" : "229"
},{
  "dateTime" : "08/19/23 00:00:00",
  "value" : "203"
},{
  "dateTime" : "08/20/23 00:00:00",
  "value" : "204"
},{
  "dateTime" : "08/21/23 00:00:00",
  "value" : "157"
},{
  "dateTime" : "08/22/23 00:00:00",
  "value" : "317"
},{
  "dateTime" : "08/23/23 00:00:00",
  "value" : "219"
},{
  "dateTime" : "08/24/23 00:00:00",
  "value" : "199"
},{
  "dateTime" : "08/25/23 00:00:00",
  "value" : "247"
},{
  "dateTime" : "08/26/23 00:00:00",
  "value" : "154"
},{
  "dateTime" : "08/27/23 00:00:00",
  "value" : "63"
},{
  "dateTime" : "08/28/23 00:00:00",
  "value" : "229"
},{
  "dateTime" : "08/29/23 00:00:00",
  "value" : "312"
},{
  "dateTime" : "08/30/23 00:00:00",
  "value" : "307"
},{
  "dateTime" : "08/31/23 00:00:00",
  "value" : "257"
},{
  "dateTime" : "09/01/23 00:00:00",
  "value" : "184"
},{
  "dateTime" : "09/02/23 00:00:00",
  "value" : "164"
},{
  "dateTime" : "09/03/23 00:00:00",
  "value" : "0"
},{
  "dateTime" : "09/04/23 00:00:00",
  "value" : "0"
},{
  "dateTime" : "09/05/23 00:00:00",
  "value" : "0"
},{
  "dateTime" : "09/06/23 00:00:00",
  "value" : "0"
},{
  "dateTime" : "09/07/23 00:00:00",
  "value" : "0"
},{
  "dateTime" : "09/08/23 00:00:00",
  "value" : "0"
},{
  "dateTime" : "09/09/23 00:00:00",
  "value" : "0"
},{
  "dateTime" : "09/10/23 00:00:00",
  "value" : "0"
},{
  "dateTime" : "09/11/23 00:00:00",
  "value" : "0"
},{
  "dateTime" : "09/12/23 00:00:00",
  "value" : "0"
},{
  "dateTime" : "09/13/23 00:00:00",
  "value" : "0"
}]