[{
  "dateTime" : "07/06/23 17:27:00",
  "value" : "9"
},{
  "dateTime" : "07/06/23 17:28:00",
  "value" : "25"
},{
  "dateTime" : "07/06/23 17:29:00",
  "value" : "20"
},{
  "dateTime" : "07/06/23 17:30:00",
  "value" : "27"
},{
  "dateTime" : "07/06/23 17:31:00",
  "value" : "25"
},{
  "dateTime" : "07/06/23 17:32:00",
  "value" : "5"
},{
  "dateTime" : "07/06/23 17:33:00",
  "value" : "0"
},{
  "dateTime" : "07/06/23 17:34:00",
  "value" : "34"
},{
  "dateTime" : "07/06/23 17:35:00",
  "value" : "21"
},{
  "dateTime" : "07/06/23 17:36:00",
  "value" : "14"
},{
  "dateTime" : "07/06/23 17:37:00",
  "value" : "0"
},{
  "dateTime" : "07/06/23 17:38:00",
  "value" : "0"
},{
  "dateTime" : "07/06/23 17:39:00",
  "value" : "0"
},{
  "dateTime" : "07/06/23 17:40:00",
  "value" : "0"
},{
  "dateTime" : "07/06/23 17:41:00",
  "value" : "0"
},{
  "dateTime" : "07/06/23 17:42:00",
  "value" : "42"
},{
  "dateTime" : "07/06/23 17:43:00",
  "value" : "19"
},{
  "dateTime" : "07/06/23 17:44:00",
  "value" : "8"
},{
  "dateTime" : "07/06/23 17:45:00",
  "value" : "49"
},{
  "dateTime" : "07/06/23 17:46:00",
  "value" : "0"
},{
  "dateTime" : "07/06/23 17:47:00",
  "value" : "36"
},{
  "dateTime" : "07/06/23 17:48:00",
  "value" : "70"
},{
  "dateTime" : "07/06/23 17:49:00",
  "value" : "54"
},{
  "dateTime" : "07/06/23 17:50:00",
  "value" : "29"
},{
  "dateTime" : "07/06/23 17:51:00",
  "value" : "0"
},{
  "dateTime" : "07/06/23 17:52:00",
  "value" : "8"
},{
  "dateTime" : "07/06/23 17:53:00",
  "value" : "9"
},{
  "dateTime" : "07/06/23 17:54:00",
  "value" : "20"
},{
  "dateTime" : "07/06/23 17:55:00",
  "value" : "90"
},{
  "dateTime" : "07/06/23 17:56:00",
  "value" : "95"
},{
  "dateTime" : "07/06/23 17:57:00",
  "value" : "25"
},{
  "dateTime" : "07/06/23 17:58:00",
  "value" : "0"
},{
  "dateTime" : "07/06/23 17:59:00",
  "value" : "9"
},{
  "dateTime" : "07/06/23 18:00:00",
  "value" : "0"
},{
  "dateTime" : "07/06/23 18:01:00",
  "value" : "0"
},{
  "dateTime" : "07/06/23 18:02:00",
  "value" : "0"
},{
  "dateTime" : "07/06/23 18:03:00",
  "value" : "0"
},{
  "dateTime" : "07/06/23 18:04:00",
  "value" : "0"
},{
  "dateTime" : "07/06/23 18:05:00",
  "value" : "0"
},{
  "dateTime" : "07/06/23 18:07:00",
  "value" : "0"
},{
  "dateTime" : "07/06/23 18:08:00",
  "value" : "0"
},{
  "dateTime" : "07/06/23 18:10:00",
  "value" : "0"
},{
  "dateTime" : "07/06/23 18:11:00",
  "value" : "0"
},{
  "dateTime" : "07/06/23 18:12:00",
  "value" : "0"
},{
  "dateTime" : "07/06/23 18:14:00",
  "value" : "0"
},{
  "dateTime" : "07/06/23 18:15:00",
  "value" : "0"
},{
  "dateTime" : "07/06/23 18:18:00",
  "value" : "39"
},{
  "dateTime" : "07/06/23 18:19:00",
  "value" : "0"
},{
  "dateTime" : "07/06/23 18:20:00",
  "value" : "0"
},{
  "dateTime" : "07/06/23 18:21:00",
  "value" : "0"
},{
  "dateTime" : "07/06/23 18:22:00",
  "value" : "0"
},{
  "dateTime" : "07/06/23 18:23:00",
  "value" : "0"
},{
  "dateTime" : "07/06/23 18:25:00",
  "value" : "0"
},{
  "dateTime" : "07/06/23 18:27:00",
  "value" : "0"
},{
  "dateTime" : "07/06/23 18:28:00",
  "value" : "0"
},{
  "dateTime" : "07/06/23 18:30:00",
  "value" : "0"
},{
  "dateTime" : "07/06/23 18:34:00",
  "value" : "0"
},{
  "dateTime" : "07/06/23 18:36:00",
  "value" : "5"
},{
  "dateTime" : "07/06/23 18:37:00",
  "value" : "6"
},{
  "dateTime" : "07/06/23 18:38:00",
  "value" : "0"
},{
  "dateTime" : "07/06/23 18:42:00",
  "value" : "0"
},{
  "dateTime" : "07/06/23 18:43:00",
  "value" : "0"
},{
  "dateTime" : "07/06/23 18:46:00",
  "value" : "0"
},{
  "dateTime" : "07/06/23 18:47:00",
  "value" : "0"
},{
  "dateTime" : "07/06/23 18:48:00",
  "value" : "6"
},{
  "dateTime" : "07/06/23 18:49:00",
  "value" : "6"
},{
  "dateTime" : "07/06/23 18:50:00",
  "value" : "0"
},{
  "dateTime" : "07/06/23 18:51:00",
  "value" : "6"
},{
  "dateTime" : "07/06/23 18:52:00",
  "value" : "0"
},{
  "dateTime" : "07/06/23 18:53:00",
  "value" : "0"
},{
  "dateTime" : "07/06/23 18:55:00",
  "value" : "0"
},{
  "dateTime" : "07/06/23 18:57:00",
  "value" : "0"
},{
  "dateTime" : "07/06/23 18:58:00",
  "value" : "0"
},{
  "dateTime" : "07/06/23 18:59:00",
  "value" : "0"
},{
  "dateTime" : "07/06/23 19:00:00",
  "value" : "0"
},{
  "dateTime" : "07/06/23 19:01:00",
  "value" : "10"
},{
  "dateTime" : "07/06/23 19:02:00",
  "value" : "28"
},{
  "dateTime" : "07/06/23 19:03:00",
  "value" : "35"
},{
  "dateTime" : "07/06/23 19:04:00",
  "value" : "46"
},{
  "dateTime" : "07/06/23 19:05:00",
  "value" : "92"
},{
  "dateTime" : "07/06/23 19:06:00",
  "value" : "46"
},{
  "dateTime" : "07/06/23 19:07:00",
  "value" : "13"
},{
  "dateTime" : "07/06/23 19:08:00",
  "value" : "31"
},{
  "dateTime" : "07/06/23 19:09:00",
  "value" : "29"
},{
  "dateTime" : "07/06/23 19:10:00",
  "value" : "91"
},{
  "dateTime" : "07/06/23 19:11:00",
  "value" : "29"
},{
  "dateTime" : "07/06/23 19:12:00",
  "value" : "0"
},{
  "dateTime" : "07/06/23 19:13:00",
  "value" : "9"
},{
  "dateTime" : "07/06/23 19:14:00",
  "value" : "16"
},{
  "dateTime" : "07/06/23 19:15:00",
  "value" : "82"
},{
  "dateTime" : "07/06/23 19:16:00",
  "value" : "13"
},{
  "dateTime" : "07/06/23 19:17:00",
  "value" : "0"
},{
  "dateTime" : "07/06/23 19:18:00",
  "value" : "0"
},{
  "dateTime" : "07/06/23 19:19:00",
  "value" : "0"
},{
  "dateTime" : "07/06/23 19:20:00",
  "value" : "20"
},{
  "dateTime" : "07/06/23 19:21:00",
  "value" : "22"
},{
  "dateTime" : "07/06/23 19:22:00",
  "value" : "34"
},{
  "dateTime" : "07/06/23 19:23:00",
  "value" : "0"
},{
  "dateTime" : "07/06/23 19:24:00",
  "value" : "9"
},{
  "dateTime" : "07/06/23 19:25:00",
  "value" : "0"
},{
  "dateTime" : "07/06/23 19:26:00",
  "value" : "8"
},{
  "dateTime" : "07/06/23 19:27:00",
  "value" : "41"
},{
  "dateTime" : "07/06/23 19:28:00",
  "value" : "17"
},{
  "dateTime" : "07/06/23 19:29:00",
  "value" : "10"
},{
  "dateTime" : "07/06/23 19:30:00",
  "value" : "0"
},{
  "dateTime" : "07/06/23 19:31:00",
  "value" : "8"
},{
  "dateTime" : "07/06/23 19:32:00",
  "value" : "68"
},{
  "dateTime" : "07/06/23 19:33:00",
  "value" : "54"
},{
  "dateTime" : "07/06/23 19:34:00",
  "value" : "17"
},{
  "dateTime" : "07/06/23 19:35:00",
  "value" : "72"
},{
  "dateTime" : "07/06/23 19:36:00",
  "value" : "0"
},{
  "dateTime" : "07/06/23 19:37:00",
  "value" : "10"
},{
  "dateTime" : "07/06/23 19:38:00",
  "value" : "7"
},{
  "dateTime" : "07/06/23 19:39:00",
  "value" : "10"
},{
  "dateTime" : "07/06/23 19:40:00",
  "value" : "0"
},{
  "dateTime" : "07/06/23 19:41:00",
  "value" : "0"
},{
  "dateTime" : "07/06/23 19:42:00",
  "value" : "0"
},{
  "dateTime" : "07/06/23 19:43:00",
  "value" : "0"
},{
  "dateTime" : "07/06/23 19:44:00",
  "value" : "62"
},{
  "dateTime" : "07/06/23 19:45:00",
  "value" : "38"
},{
  "dateTime" : "07/06/23 19:46:00",
  "value" : "0"
},{
  "dateTime" : "07/06/23 19:47:00",
  "value" : "0"
},{
  "dateTime" : "07/06/23 23:03:00",
  "value" : "34"
},{
  "dateTime" : "07/06/23 23:04:00",
  "value" : "0"
},{
  "dateTime" : "07/06/23 23:05:00",
  "value" : "0"
},{
  "dateTime" : "07/06/23 23:06:00",
  "value" : "0"
},{
  "dateTime" : "07/06/23 23:07:00",
  "value" : "0"
},{
  "dateTime" : "07/06/23 23:08:00",
  "value" : "9"
},{
  "dateTime" : "07/06/23 23:09:00",
  "value" : "30"
},{
  "dateTime" : "07/06/23 23:10:00",
  "value" : "24"
},{
  "dateTime" : "07/06/23 23:11:00",
  "value" : "13"
},{
  "dateTime" : "07/06/23 23:12:00",
  "value" : "48"
},{
  "dateTime" : "07/06/23 23:13:00",
  "value" : "8"
},{
  "dateTime" : "07/06/23 23:14:00",
  "value" : "0"
},{
  "dateTime" : "07/06/23 23:15:00",
  "value" : "0"
},{
  "dateTime" : "07/06/23 23:16:00",
  "value" : "6"
},{
  "dateTime" : "07/06/23 23:17:00",
  "value" : "0"
},{
  "dateTime" : "07/06/23 23:18:00",
  "value" : "0"
},{
  "dateTime" : "07/06/23 23:19:00",
  "value" : "0"
},{
  "dateTime" : "07/06/23 23:21:00",
  "value" : "0"
},{
  "dateTime" : "07/06/23 23:22:00",
  "value" : "0"
},{
  "dateTime" : "07/06/23 23:23:00",
  "value" : "7"
},{
  "dateTime" : "07/06/23 23:25:00",
  "value" : "0"
},{
  "dateTime" : "07/06/23 23:28:00",
  "value" : "0"
},{
  "dateTime" : "07/06/23 23:29:00",
  "value" : "13"
},{
  "dateTime" : "07/06/23 23:30:00",
  "value" : "44"
},{
  "dateTime" : "07/06/23 23:31:00",
  "value" : "93"
},{
  "dateTime" : "07/06/23 23:32:00",
  "value" : "108"
},{
  "dateTime" : "07/06/23 23:33:00",
  "value" : "107"
},{
  "dateTime" : "07/06/23 23:34:00",
  "value" : "112"
},{
  "dateTime" : "07/06/23 23:35:00",
  "value" : "110"
},{
  "dateTime" : "07/06/23 23:36:00",
  "value" : "113"
},{
  "dateTime" : "07/06/23 23:37:00",
  "value" : "115"
},{
  "dateTime" : "07/06/23 23:38:00",
  "value" : "113"
},{
  "dateTime" : "07/06/23 23:39:00",
  "value" : "113"
},{
  "dateTime" : "07/06/23 23:40:00",
  "value" : "110"
},{
  "dateTime" : "07/06/23 23:41:00",
  "value" : "108"
},{
  "dateTime" : "07/06/23 23:42:00",
  "value" : "107"
},{
  "dateTime" : "07/06/23 23:43:00",
  "value" : "108"
},{
  "dateTime" : "07/06/23 23:44:00",
  "value" : "111"
},{
  "dateTime" : "07/06/23 23:45:00",
  "value" : "110"
},{
  "dateTime" : "07/06/23 23:46:00",
  "value" : "113"
},{
  "dateTime" : "07/06/23 23:47:00",
  "value" : "113"
},{
  "dateTime" : "07/06/23 23:48:00",
  "value" : "115"
},{
  "dateTime" : "07/06/23 23:49:00",
  "value" : "111"
},{
  "dateTime" : "07/06/23 23:50:00",
  "value" : "109"
},{
  "dateTime" : "07/06/23 23:51:00",
  "value" : "93"
},{
  "dateTime" : "07/06/23 23:52:00",
  "value" : "65"
},{
  "dateTime" : "07/06/23 23:53:00",
  "value" : "67"
},{
  "dateTime" : "07/06/23 23:54:00",
  "value" : "25"
},{
  "dateTime" : "07/06/23 23:55:00",
  "value" : "0"
},{
  "dateTime" : "07/06/23 23:56:00",
  "value" : "16"
},{
  "dateTime" : "07/06/23 23:57:00",
  "value" : "56"
},{
  "dateTime" : "07/06/23 23:58:00",
  "value" : "98"
},{
  "dateTime" : "07/06/23 23:59:00",
  "value" : "107"
},{
  "dateTime" : "07/07/23 00:00:00",
  "value" : "102"
},{
  "dateTime" : "07/07/23 00:01:00",
  "value" : "107"
},{
  "dateTime" : "07/07/23 00:02:00",
  "value" : "108"
},{
  "dateTime" : "07/07/23 00:03:00",
  "value" : "110"
},{
  "dateTime" : "07/07/23 00:04:00",
  "value" : "107"
},{
  "dateTime" : "07/07/23 00:05:00",
  "value" : "110"
},{
  "dateTime" : "07/07/23 00:06:00",
  "value" : "107"
},{
  "dateTime" : "07/07/23 00:07:00",
  "value" : "111"
},{
  "dateTime" : "07/07/23 00:08:00",
  "value" : "110"
},{
  "dateTime" : "07/07/23 00:09:00",
  "value" : "106"
},{
  "dateTime" : "07/07/23 00:10:00",
  "value" : "111"
},{
  "dateTime" : "07/07/23 00:11:00",
  "value" : "110"
},{
  "dateTime" : "07/07/23 00:12:00",
  "value" : "111"
},{
  "dateTime" : "07/07/23 00:13:00",
  "value" : "112"
},{
  "dateTime" : "07/07/23 00:14:00",
  "value" : "112"
},{
  "dateTime" : "07/07/23 00:15:00",
  "value" : "109"
},{
  "dateTime" : "07/07/23 00:16:00",
  "value" : "90"
},{
  "dateTime" : "07/07/23 00:17:00",
  "value" : "98"
},{
  "dateTime" : "07/07/23 00:18:00",
  "value" : "110"
},{
  "dateTime" : "07/07/23 00:19:00",
  "value" : "110"
},{
  "dateTime" : "07/07/23 00:20:00",
  "value" : "112"
},{
  "dateTime" : "07/07/23 00:21:00",
  "value" : "110"
},{
  "dateTime" : "07/07/23 00:22:00",
  "value" : "110"
},{
  "dateTime" : "07/07/23 00:23:00",
  "value" : "113"
},{
  "dateTime" : "07/07/23 00:24:00",
  "value" : "111"
},{
  "dateTime" : "07/07/23 00:25:00",
  "value" : "106"
},{
  "dateTime" : "07/07/23 00:26:00",
  "value" : "75"
},{
  "dateTime" : "07/07/23 00:27:00",
  "value" : "0"
},{
  "dateTime" : "07/07/23 00:28:00",
  "value" : "0"
},{
  "dateTime" : "07/07/23 00:29:00",
  "value" : "0"
},{
  "dateTime" : "07/07/23 00:30:00",
  "value" : "0"
},{
  "dateTime" : "07/07/23 00:31:00",
  "value" : "0"
},{
  "dateTime" : "07/07/23 00:32:00",
  "value" : "0"
},{
  "dateTime" : "07/07/23 00:33:00",
  "value" : "0"
},{
  "dateTime" : "07/07/23 00:34:00",
  "value" : "0"
},{
  "dateTime" : "07/07/23 00:35:00",
  "value" : "0"
},{
  "dateTime" : "07/07/23 00:36:00",
  "value" : "0"
},{
  "dateTime" : "07/07/23 00:37:00",
  "value" : "11"
},{
  "dateTime" : "07/07/23 00:38:00",
  "value" : "0"
},{
  "dateTime" : "07/07/23 00:39:00",
  "value" : "0"
},{
  "dateTime" : "07/07/23 00:40:00",
  "value" : "0"
},{
  "dateTime" : "07/07/23 00:41:00",
  "value" : "0"
},{
  "dateTime" : "07/07/23 00:42:00",
  "value" : "0"
},{
  "dateTime" : "07/07/23 00:43:00",
  "value" : "4"
},{
  "dateTime" : "07/07/23 00:44:00",
  "value" : "0"
},{
  "dateTime" : "07/07/23 00:45:00",
  "value" : "0"
},{
  "dateTime" : "07/07/23 00:46:00",
  "value" : "0"
},{
  "dateTime" : "07/07/23 00:48:00",
  "value" : "0"
},{
  "dateTime" : "07/07/23 00:49:00",
  "value" : "10"
},{
  "dateTime" : "07/07/23 00:50:00",
  "value" : "4"
},{
  "dateTime" : "07/07/23 00:51:00",
  "value" : "6"
},{
  "dateTime" : "07/07/23 00:52:00",
  "value" : "0"
},{
  "dateTime" : "07/07/23 00:53:00",
  "value" : "0"
},{
  "dateTime" : "07/07/23 00:54:00",
  "value" : "0"
},{
  "dateTime" : "07/07/23 00:55:00",
  "value" : "0"
},{
  "dateTime" : "07/07/23 00:56:00",
  "value" : "0"
},{
  "dateTime" : "07/07/23 00:57:00",
  "value" : "9"
},{
  "dateTime" : "07/07/23 00:58:00",
  "value" : "16"
},{
  "dateTime" : "07/07/23 00:59:00",
  "value" : "29"
},{
  "dateTime" : "07/07/23 01:00:00",
  "value" : "0"
},{
  "dateTime" : "07/07/23 01:01:00",
  "value" : "0"
},{
  "dateTime" : "07/07/23 01:02:00",
  "value" : "4"
},{
  "dateTime" : "07/07/23 01:03:00",
  "value" : "0"
},{
  "dateTime" : "07/07/23 01:04:00",
  "value" : "0"
},{
  "dateTime" : "07/07/23 01:05:00",
  "value" : "0"
},{
  "dateTime" : "07/07/23 01:06:00",
  "value" : "0"
},{
  "dateTime" : "07/07/23 01:07:00",
  "value" : "0"
},{
  "dateTime" : "07/07/23 01:08:00",
  "value" : "0"
},{
  "dateTime" : "07/07/23 01:09:00",
  "value" : "0"
},{
  "dateTime" : "07/07/23 01:10:00",
  "value" : "0"
},{
  "dateTime" : "07/07/23 01:11:00",
  "value" : "4"
},{
  "dateTime" : "07/07/23 01:12:00",
  "value" : "0"
},{
  "dateTime" : "07/07/23 01:13:00",
  "value" : "0"
},{
  "dateTime" : "07/07/23 01:14:00",
  "value" : "0"
},{
  "dateTime" : "07/07/23 01:15:00",
  "value" : "0"
},{
  "dateTime" : "07/07/23 01:16:00",
  "value" : "18"
},{
  "dateTime" : "07/07/23 01:17:00",
  "value" : "0"
},{
  "dateTime" : "07/07/23 01:18:00",
  "value" : "0"
},{
  "dateTime" : "07/07/23 01:20:00",
  "value" : "0"
},{
  "dateTime" : "07/07/23 01:21:00",
  "value" : "0"
},{
  "dateTime" : "07/07/23 01:22:00",
  "value" : "0"
},{
  "dateTime" : "07/07/23 01:23:00",
  "value" : "0"
},{
  "dateTime" : "07/07/23 01:24:00",
  "value" : "0"
},{
  "dateTime" : "07/07/23 01:25:00",
  "value" : "0"
},{
  "dateTime" : "07/07/23 01:26:00",
  "value" : "0"
},{
  "dateTime" : "07/07/23 01:27:00",
  "value" : "0"
},{
  "dateTime" : "07/07/23 01:28:00",
  "value" : "0"
},{
  "dateTime" : "07/07/23 01:29:00",
  "value" : "0"
},{
  "dateTime" : "07/07/23 01:30:00",
  "value" : "0"
},{
  "dateTime" : "07/07/23 01:31:00",
  "value" : "0"
},{
  "dateTime" : "07/07/23 01:32:00",
  "value" : "7"
},{
  "dateTime" : "07/07/23 01:33:00",
  "value" : "0"
},{
  "dateTime" : "07/07/23 01:36:00",
  "value" : "0"
},{
  "dateTime" : "07/07/23 01:37:00",
  "value" : "0"
},{
  "dateTime" : "07/07/23 01:39:00",
  "value" : "4"
},{
  "dateTime" : "07/07/23 01:41:00",
  "value" : "0"
},{
  "dateTime" : "07/07/23 01:43:00",
  "value" : "0"
},{
  "dateTime" : "07/07/23 01:44:00",
  "value" : "0"
},{
  "dateTime" : "07/07/23 01:45:00",
  "value" : "4"
},{
  "dateTime" : "07/07/23 01:48:00",
  "value" : "0"
},{
  "dateTime" : "07/07/23 01:51:00",
  "value" : "8"
},{
  "dateTime" : "07/07/23 01:53:00",
  "value" : "4"
},{
  "dateTime" : "07/07/23 01:54:00",
  "value" : "0"
},{
  "dateTime" : "07/07/23 01:55:00",
  "value" : "0"
},{
  "dateTime" : "07/07/23 01:56:00",
  "value" : "0"
},{
  "dateTime" : "07/07/23 01:57:00",
  "value" : "0"
},{
  "dateTime" : "07/07/23 01:59:00",
  "value" : "0"
},{
  "dateTime" : "07/07/23 02:00:00",
  "value" : "0"
},{
  "dateTime" : "07/07/23 02:01:00",
  "value" : "0"
},{
  "dateTime" : "07/07/23 02:02:00",
  "value" : "7"
},{
  "dateTime" : "07/07/23 02:03:00",
  "value" : "0"
},{
  "dateTime" : "07/07/23 02:04:00",
  "value" : "0"
},{
  "dateTime" : "07/07/23 02:05:00",
  "value" : "0"
},{
  "dateTime" : "07/07/23 02:06:00",
  "value" : "0"
},{
  "dateTime" : "07/07/23 02:07:00",
  "value" : "7"
},{
  "dateTime" : "07/07/23 02:08:00",
  "value" : "0"
},{
  "dateTime" : "07/07/23 02:09:00",
  "value" : "0"
},{
  "dateTime" : "07/07/23 02:10:00",
  "value" : "0"
},{
  "dateTime" : "07/07/23 02:11:00",
  "value" : "0"
},{
  "dateTime" : "07/07/23 02:12:00",
  "value" : "0"
},{
  "dateTime" : "07/07/23 02:13:00",
  "value" : "0"
},{
  "dateTime" : "07/07/23 02:14:00",
  "value" : "0"
},{
  "dateTime" : "07/07/23 02:15:00",
  "value" : "0"
},{
  "dateTime" : "07/07/23 02:16:00",
  "value" : "0"
},{
  "dateTime" : "07/07/23 02:17:00",
  "value" : "11"
},{
  "dateTime" : "07/07/23 02:18:00",
  "value" : "0"
},{
  "dateTime" : "07/07/23 02:19:00",
  "value" : "0"
},{
  "dateTime" : "07/07/23 02:20:00",
  "value" : "0"
},{
  "dateTime" : "07/07/23 02:21:00",
  "value" : "0"
},{
  "dateTime" : "07/07/23 02:22:00",
  "value" : "0"
},{
  "dateTime" : "07/07/23 02:24:00",
  "value" : "0"
},{
  "dateTime" : "07/07/23 02:26:00",
  "value" : "0"
},{
  "dateTime" : "07/07/23 02:28:00",
  "value" : "4"
},{
  "dateTime" : "07/07/23 02:29:00",
  "value" : "4"
},{
  "dateTime" : "07/07/23 02:30:00",
  "value" : "4"
},{
  "dateTime" : "07/07/23 02:31:00",
  "value" : "0"
},{
  "dateTime" : "07/07/23 02:32:00",
  "value" : "0"
},{
  "dateTime" : "07/07/23 02:33:00",
  "value" : "0"
},{
  "dateTime" : "07/07/23 02:35:00",
  "value" : "13"
},{
  "dateTime" : "07/07/23 02:37:00",
  "value" : "0"
},{
  "dateTime" : "07/07/23 02:38:00",
  "value" : "68"
},{
  "dateTime" : "07/07/23 02:39:00",
  "value" : "42"
},{
  "dateTime" : "07/07/23 02:40:00",
  "value" : "0"
},{
  "dateTime" : "07/07/23 02:41:00",
  "value" : "0"
},{
  "dateTime" : "07/07/23 02:42:00",
  "value" : "0"
},{
  "dateTime" : "07/07/23 02:43:00",
  "value" : "0"
},{
  "dateTime" : "07/07/23 02:44:00",
  "value" : "21"
},{
  "dateTime" : "07/07/23 02:45:00",
  "value" : "26"
},{
  "dateTime" : "07/07/23 02:46:00",
  "value" : "20"
},{
  "dateTime" : "07/07/23 02:47:00",
  "value" : "0"
},{
  "dateTime" : "07/07/23 02:48:00",
  "value" : "0"
},{
  "dateTime" : "07/07/23 02:50:00",
  "value" : "0"
},{
  "dateTime" : "07/07/23 02:52:00",
  "value" : "0"
},{
  "dateTime" : "07/07/23 02:56:00",
  "value" : "0"
},{
  "dateTime" : "07/07/23 02:57:00",
  "value" : "0"
},{
  "dateTime" : "07/07/23 02:59:00",
  "value" : "0"
},{
  "dateTime" : "07/07/23 03:00:00",
  "value" : "0"
},{
  "dateTime" : "07/07/23 03:01:00",
  "value" : "0"
},{
  "dateTime" : "07/07/23 03:02:00",
  "value" : "0"
},{
  "dateTime" : "07/07/23 03:06:00",
  "value" : "0"
},{
  "dateTime" : "07/07/23 03:08:00",
  "value" : "0"
},{
  "dateTime" : "07/07/23 03:09:00",
  "value" : "0"
},{
  "dateTime" : "07/07/23 03:10:00",
  "value" : "0"
},{
  "dateTime" : "07/07/23 03:11:00",
  "value" : "0"
},{
  "dateTime" : "07/07/23 03:12:00",
  "value" : "0"
},{
  "dateTime" : "07/07/23 03:13:00",
  "value" : "8"
},{
  "dateTime" : "07/07/23 03:14:00",
  "value" : "0"
},{
  "dateTime" : "07/07/23 03:15:00",
  "value" : "0"
},{
  "dateTime" : "07/07/23 03:16:00",
  "value" : "0"
},{
  "dateTime" : "07/07/23 03:17:00",
  "value" : "0"
},{
  "dateTime" : "07/07/23 03:18:00",
  "value" : "0"
},{
  "dateTime" : "07/07/23 03:19:00",
  "value" : "0"
},{
  "dateTime" : "07/07/23 03:20:00",
  "value" : "0"
},{
  "dateTime" : "07/07/23 03:21:00",
  "value" : "0"
},{
  "dateTime" : "07/07/23 03:22:00",
  "value" : "0"
},{
  "dateTime" : "07/07/23 03:23:00",
  "value" : "0"
},{
  "dateTime" : "07/07/23 03:24:00",
  "value" : "8"
},{
  "dateTime" : "07/07/23 03:25:00",
  "value" : "0"
},{
  "dateTime" : "07/07/23 03:26:00",
  "value" : "0"
},{
  "dateTime" : "07/07/23 03:27:00",
  "value" : "0"
},{
  "dateTime" : "07/07/23 03:28:00",
  "value" : "44"
},{
  "dateTime" : "07/07/23 03:29:00",
  "value" : "18"
},{
  "dateTime" : "07/07/23 03:30:00",
  "value" : "0"
},{
  "dateTime" : "07/07/23 03:31:00",
  "value" : "0"
},{
  "dateTime" : "07/07/23 03:32:00",
  "value" : "0"
},{
  "dateTime" : "07/07/23 03:34:00",
  "value" : "0"
},{
  "dateTime" : "07/07/23 03:36:00",
  "value" : "0"
},{
  "dateTime" : "07/07/23 03:37:00",
  "value" : "0"
},{
  "dateTime" : "07/07/23 03:38:00",
  "value" : "0"
},{
  "dateTime" : "07/07/23 03:39:00",
  "value" : "0"
},{
  "dateTime" : "07/07/23 03:40:00",
  "value" : "0"
},{
  "dateTime" : "07/07/23 03:41:00",
  "value" : "0"
},{
  "dateTime" : "07/07/23 03:42:00",
  "value" : "0"
},{
  "dateTime" : "07/07/23 03:43:00",
  "value" : "7"
},{
  "dateTime" : "07/07/23 03:44:00",
  "value" : "0"
},{
  "dateTime" : "07/07/23 03:45:00",
  "value" : "0"
},{
  "dateTime" : "07/07/23 03:46:00",
  "value" : "0"
},{
  "dateTime" : "07/07/23 03:47:00",
  "value" : "0"
},{
  "dateTime" : "07/07/23 03:48:00",
  "value" : "0"
},{
  "dateTime" : "07/07/23 03:49:00",
  "value" : "0"
},{
  "dateTime" : "07/07/23 03:50:00",
  "value" : "0"
},{
  "dateTime" : "07/07/23 03:51:00",
  "value" : "0"
},{
  "dateTime" : "07/07/23 03:52:00",
  "value" : "0"
},{
  "dateTime" : "07/07/23 03:53:00",
  "value" : "0"
},{
  "dateTime" : "07/07/23 03:54:00",
  "value" : "0"
},{
  "dateTime" : "07/07/23 03:55:00",
  "value" : "0"
},{
  "dateTime" : "07/07/23 03:56:00",
  "value" : "0"
},{
  "dateTime" : "07/07/23 03:57:00",
  "value" : "0"
},{
  "dateTime" : "07/07/23 03:58:00",
  "value" : "0"
},{
  "dateTime" : "07/07/23 03:59:00",
  "value" : "0"
},{
  "dateTime" : "07/07/23 04:00:00",
  "value" : "0"
},{
  "dateTime" : "07/07/23 04:02:00",
  "value" : "0"
},{
  "dateTime" : "07/07/23 04:04:00",
  "value" : "0"
},{
  "dateTime" : "07/07/23 04:07:00",
  "value" : "0"
},{
  "dateTime" : "07/07/23 04:08:00",
  "value" : "50"
},{
  "dateTime" : "07/07/23 04:09:00",
  "value" : "0"
},{
  "dateTime" : "07/07/23 04:10:00",
  "value" : "0"
},{
  "dateTime" : "07/07/23 04:12:00",
  "value" : "0"
},{
  "dateTime" : "07/07/23 04:14:00",
  "value" : "0"
},{
  "dateTime" : "07/07/23 04:15:00",
  "value" : "0"
},{
  "dateTime" : "07/07/23 04:16:00",
  "value" : "0"
},{
  "dateTime" : "07/07/23 04:17:00",
  "value" : "0"
},{
  "dateTime" : "07/07/23 04:18:00",
  "value" : "0"
},{
  "dateTime" : "07/07/23 04:19:00",
  "value" : "0"
},{
  "dateTime" : "07/07/23 04:22:00",
  "value" : "0"
},{
  "dateTime" : "07/07/23 04:23:00",
  "value" : "6"
},{
  "dateTime" : "07/07/23 04:24:00",
  "value" : "0"
},{
  "dateTime" : "07/07/23 04:25:00",
  "value" : "0"
},{
  "dateTime" : "07/07/23 04:26:00",
  "value" : "24"
},{
  "dateTime" : "07/07/23 04:27:00",
  "value" : "12"
},{
  "dateTime" : "07/07/23 04:28:00",
  "value" : "0"
},{
  "dateTime" : "07/07/23 04:29:00",
  "value" : "34"
},{
  "dateTime" : "07/07/23 04:30:00",
  "value" : "0"
},{
  "dateTime" : "07/07/23 04:31:00",
  "value" : "0"
},{
  "dateTime" : "07/07/23 04:32:00",
  "value" : "0"
},{
  "dateTime" : "07/07/23 04:33:00",
  "value" : "0"
},{
  "dateTime" : "07/07/23 04:34:00",
  "value" : "0"
},{
  "dateTime" : "07/07/23 04:35:00",
  "value" : "8"
},{
  "dateTime" : "07/07/23 04:36:00",
  "value" : "27"
},{
  "dateTime" : "07/07/23 04:37:00",
  "value" : "0"
},{
  "dateTime" : "07/07/23 21:14:00",
  "value" : "0"
},{
  "dateTime" : "07/08/23 03:22:00",
  "value" : "0"
},{
  "dateTime" : "07/08/23 12:08:00",
  "value" : "0"
},{
  "dateTime" : "07/08/23 22:21:00",
  "value" : "0"
},{
  "dateTime" : "07/09/23 01:39:00",
  "value" : "0"
},{
  "dateTime" : "07/09/23 04:52:00",
  "value" : "0"
},{
  "dateTime" : "07/09/23 07:58:00",
  "value" : "0"
},{
  "dateTime" : "07/09/23 09:07:00",
  "value" : "0"
},{
  "dateTime" : "07/09/23 09:18:00",
  "value" : "0"
},{
  "dateTime" : "07/09/23 19:41:00",
  "value" : "0"
},{
  "dateTime" : "07/09/23 19:43:00",
  "value" : "0"
},{
  "dateTime" : "07/09/23 19:44:00",
  "value" : "0"
},{
  "dateTime" : "07/09/23 19:45:00",
  "value" : "0"
},{
  "dateTime" : "07/09/23 19:56:00",
  "value" : "0"
},{
  "dateTime" : "07/09/23 21:25:00",
  "value" : "0"
},{
  "dateTime" : "07/09/23 21:39:00",
  "value" : "0"
},{
  "dateTime" : "07/09/23 21:50:00",
  "value" : "0"
},{
  "dateTime" : "07/09/23 21:57:00",
  "value" : "0"
},{
  "dateTime" : "07/09/23 21:59:00",
  "value" : "0"
},{
  "dateTime" : "07/10/23 02:11:00",
  "value" : "0"
},{
  "dateTime" : "07/10/23 17:45:00",
  "value" : "0"
},{
  "dateTime" : "07/10/23 18:08:00",
  "value" : "0"
},{
  "dateTime" : "07/10/23 18:09:00",
  "value" : "0"
},{
  "dateTime" : "07/10/23 18:31:00",
  "value" : "0"
},{
  "dateTime" : "07/15/23 14:56:00",
  "value" : "0"
},{
  "dateTime" : "07/15/23 14:57:00",
  "value" : "14"
},{
  "dateTime" : "07/15/23 14:58:00",
  "value" : "0"
},{
  "dateTime" : "07/15/23 14:59:00",
  "value" : "53"
},{
  "dateTime" : "07/15/23 15:00:00",
  "value" : "9"
},{
  "dateTime" : "07/15/23 15:01:00",
  "value" : "0"
},{
  "dateTime" : "07/15/23 15:02:00",
  "value" : "0"
},{
  "dateTime" : "07/15/23 15:03:00",
  "value" : "0"
},{
  "dateTime" : "07/15/23 15:04:00",
  "value" : "0"
},{
  "dateTime" : "07/15/23 15:05:00",
  "value" : "0"
},{
  "dateTime" : "07/15/23 15:06:00",
  "value" : "0"
},{
  "dateTime" : "07/15/23 15:07:00",
  "value" : "7"
},{
  "dateTime" : "07/15/23 15:08:00",
  "value" : "0"
},{
  "dateTime" : "07/15/23 15:09:00",
  "value" : "0"
},{
  "dateTime" : "07/15/23 15:10:00",
  "value" : "0"
},{
  "dateTime" : "07/15/23 15:11:00",
  "value" : "7"
},{
  "dateTime" : "07/15/23 15:12:00",
  "value" : "0"
},{
  "dateTime" : "07/15/23 15:13:00",
  "value" : "39"
},{
  "dateTime" : "07/15/23 15:14:00",
  "value" : "26"
},{
  "dateTime" : "07/15/23 15:15:00",
  "value" : "50"
},{
  "dateTime" : "07/15/23 15:16:00",
  "value" : "24"
},{
  "dateTime" : "07/15/23 15:17:00",
  "value" : "0"
},{
  "dateTime" : "07/15/23 15:18:00",
  "value" : "0"
},{
  "dateTime" : "07/15/23 15:19:00",
  "value" : "0"
},{
  "dateTime" : "07/15/23 15:20:00",
  "value" : "11"
},{
  "dateTime" : "07/15/23 15:21:00",
  "value" : "36"
},{
  "dateTime" : "07/15/23 15:22:00",
  "value" : "50"
},{
  "dateTime" : "07/15/23 15:23:00",
  "value" : "66"
},{
  "dateTime" : "07/15/23 15:24:00",
  "value" : "47"
},{
  "dateTime" : "07/15/23 15:25:00",
  "value" : "13"
},{
  "dateTime" : "07/15/23 15:26:00",
  "value" : "101"
},{
  "dateTime" : "07/15/23 15:27:00",
  "value" : "44"
},{
  "dateTime" : "07/15/23 15:28:00",
  "value" : "76"
},{
  "dateTime" : "07/15/23 15:29:00",
  "value" : "39"
},{
  "dateTime" : "07/15/23 15:30:00",
  "value" : "0"
},{
  "dateTime" : "07/15/23 15:31:00",
  "value" : "0"
},{
  "dateTime" : "07/15/23 15:32:00",
  "value" : "0"
},{
  "dateTime" : "07/15/23 15:33:00",
  "value" : "68"
},{
  "dateTime" : "07/15/23 15:34:00",
  "value" : "92"
},{
  "dateTime" : "07/15/23 15:35:00",
  "value" : "43"
},{
  "dateTime" : "07/15/23 15:36:00",
  "value" : "0"
},{
  "dateTime" : "07/15/23 15:37:00",
  "value" : "0"
},{
  "dateTime" : "07/15/23 15:38:00",
  "value" : "0"
},{
  "dateTime" : "07/15/23 15:39:00",
  "value" : "102"
},{
  "dateTime" : "07/15/23 15:40:00",
  "value" : "0"
},{
  "dateTime" : "07/15/23 15:41:00",
  "value" : "0"
},{
  "dateTime" : "07/15/23 15:42:00",
  "value" : "0"
},{
  "dateTime" : "07/15/23 15:43:00",
  "value" : "18"
},{
  "dateTime" : "07/15/23 15:44:00",
  "value" : "4"
},{
  "dateTime" : "07/15/23 15:45:00",
  "value" : "31"
},{
  "dateTime" : "07/15/23 15:46:00",
  "value" : "73"
},{
  "dateTime" : "07/15/23 15:47:00",
  "value" : "19"
},{
  "dateTime" : "07/15/23 15:48:00",
  "value" : "1"
},{
  "dateTime" : "07/15/23 15:49:00",
  "value" : "0"
},{
  "dateTime" : "07/15/23 15:50:00",
  "value" : "0"
},{
  "dateTime" : "07/15/23 15:51:00",
  "value" : "15"
},{
  "dateTime" : "07/15/23 15:52:00",
  "value" : "79"
},{
  "dateTime" : "07/15/23 15:53:00",
  "value" : "30"
},{
  "dateTime" : "07/15/23 15:54:00",
  "value" : "0"
},{
  "dateTime" : "07/15/23 15:55:00",
  "value" : "0"
},{
  "dateTime" : "07/15/23 15:56:00",
  "value" : "22"
},{
  "dateTime" : "07/15/23 15:57:00",
  "value" : "37"
},{
  "dateTime" : "07/15/23 15:58:00",
  "value" : "12"
},{
  "dateTime" : "07/15/23 15:59:00",
  "value" : "7"
},{
  "dateTime" : "07/15/23 16:00:00",
  "value" : "18"
},{
  "dateTime" : "07/15/23 16:01:00",
  "value" : "9"
},{
  "dateTime" : "07/15/23 16:02:00",
  "value" : "21"
},{
  "dateTime" : "07/15/23 16:03:00",
  "value" : "14"
},{
  "dateTime" : "07/15/23 16:04:00",
  "value" : "6"
},{
  "dateTime" : "07/15/23 16:05:00",
  "value" : "0"
},{
  "dateTime" : "07/15/23 16:06:00",
  "value" : "46"
},{
  "dateTime" : "07/15/23 16:07:00",
  "value" : "8"
},{
  "dateTime" : "07/15/23 16:08:00",
  "value" : "0"
},{
  "dateTime" : "07/15/23 16:09:00",
  "value" : "34"
},{
  "dateTime" : "07/15/23 16:10:00",
  "value" : "70"
},{
  "dateTime" : "07/15/23 16:11:00",
  "value" : "57"
},{
  "dateTime" : "07/15/23 16:12:00",
  "value" : "30"
},{
  "dateTime" : "07/15/23 16:13:00",
  "value" : "11"
},{
  "dateTime" : "07/15/23 16:14:00",
  "value" : "14"
},{
  "dateTime" : "07/15/23 16:15:00",
  "value" : "18"
},{
  "dateTime" : "07/15/23 16:16:00",
  "value" : "9"
},{
  "dateTime" : "07/15/23 16:17:00",
  "value" : "6"
},{
  "dateTime" : "07/15/23 16:18:00",
  "value" : "0"
},{
  "dateTime" : "07/15/23 16:19:00",
  "value" : "21"
},{
  "dateTime" : "07/15/23 16:20:00",
  "value" : "18"
},{
  "dateTime" : "07/15/23 16:21:00",
  "value" : "11"
},{
  "dateTime" : "07/15/23 16:22:00",
  "value" : "13"
},{
  "dateTime" : "07/15/23 16:23:00",
  "value" : "10"
},{
  "dateTime" : "07/15/23 16:24:00",
  "value" : "23"
},{
  "dateTime" : "07/15/23 16:25:00",
  "value" : "15"
},{
  "dateTime" : "07/15/23 16:26:00",
  "value" : "0"
},{
  "dateTime" : "07/15/23 16:27:00",
  "value" : "0"
},{
  "dateTime" : "07/15/23 16:28:00",
  "value" : "8"
},{
  "dateTime" : "07/15/23 16:29:00",
  "value" : "8"
},{
  "dateTime" : "07/15/23 16:30:00",
  "value" : "0"
},{
  "dateTime" : "07/15/23 16:32:00",
  "value" : "0"
},{
  "dateTime" : "07/15/23 16:33:00",
  "value" : "8"
},{
  "dateTime" : "07/15/23 16:34:00",
  "value" : "0"
},{
  "dateTime" : "07/15/23 16:36:00",
  "value" : "0"
},{
  "dateTime" : "07/15/23 16:37:00",
  "value" : "11"
},{
  "dateTime" : "07/15/23 16:38:00",
  "value" : "18"
},{
  "dateTime" : "07/15/23 16:39:00",
  "value" : "11"
},{
  "dateTime" : "07/15/23 16:40:00",
  "value" : "0"
},{
  "dateTime" : "07/15/23 16:42:00",
  "value" : "0"
},{
  "dateTime" : "07/15/23 16:43:00",
  "value" : "4"
},{
  "dateTime" : "07/15/23 16:44:00",
  "value" : "31"
},{
  "dateTime" : "07/15/23 16:45:00",
  "value" : "0"
},{
  "dateTime" : "07/15/23 16:46:00",
  "value" : "9"
},{
  "dateTime" : "07/15/23 16:47:00",
  "value" : "2"
},{
  "dateTime" : "07/15/23 16:49:00",
  "value" : "0"
},{
  "dateTime" : "07/15/23 16:50:00",
  "value" : "20"
},{
  "dateTime" : "07/15/23 16:51:00",
  "value" : "14"
},{
  "dateTime" : "07/15/23 16:52:00",
  "value" : "11"
},{
  "dateTime" : "07/15/23 16:53:00",
  "value" : "0"
},{
  "dateTime" : "07/15/23 16:54:00",
  "value" : "0"
},{
  "dateTime" : "07/15/23 16:55:00",
  "value" : "16"
},{
  "dateTime" : "07/15/23 16:56:00",
  "value" : "0"
},{
  "dateTime" : "07/15/23 16:57:00",
  "value" : "5"
},{
  "dateTime" : "07/15/23 16:58:00",
  "value" : "22"
},{
  "dateTime" : "07/15/23 17:00:00",
  "value" : "20"
},{
  "dateTime" : "07/15/23 17:01:00",
  "value" : "28"
},{
  "dateTime" : "07/15/23 17:02:00",
  "value" : "31"
},{
  "dateTime" : "07/15/23 17:03:00",
  "value" : "12"
},{
  "dateTime" : "07/15/23 17:04:00",
  "value" : "0"
},{
  "dateTime" : "07/15/23 17:05:00",
  "value" : "6"
},{
  "dateTime" : "07/15/23 17:06:00",
  "value" : "0"
},{
  "dateTime" : "07/15/23 17:07:00",
  "value" : "0"
},{
  "dateTime" : "07/15/23 17:08:00",
  "value" : "0"
},{
  "dateTime" : "07/15/23 17:09:00",
  "value" : "11"
},{
  "dateTime" : "07/15/23 17:10:00",
  "value" : "16"
},{
  "dateTime" : "07/15/23 17:11:00",
  "value" : "0"
},{
  "dateTime" : "07/15/23 17:12:00",
  "value" : "0"
},{
  "dateTime" : "07/15/23 17:13:00",
  "value" : "0"
},{
  "dateTime" : "07/15/23 17:14:00",
  "value" : "18"
},{
  "dateTime" : "07/15/23 17:15:00",
  "value" : "17"
},{
  "dateTime" : "07/15/23 17:16:00",
  "value" : "0"
},{
  "dateTime" : "07/15/23 17:18:00",
  "value" : "0"
},{
  "dateTime" : "07/15/23 17:19:00",
  "value" : "16"
},{
  "dateTime" : "07/15/23 17:20:00",
  "value" : "0"
},{
  "dateTime" : "07/15/23 17:21:00",
  "value" : "15"
},{
  "dateTime" : "07/15/23 17:22:00",
  "value" : "0"
},{
  "dateTime" : "07/15/23 17:23:00",
  "value" : "0"
},{
  "dateTime" : "07/15/23 17:24:00",
  "value" : "12"
},{
  "dateTime" : "07/15/23 17:25:00",
  "value" : "7"
},{
  "dateTime" : "07/15/23 17:26:00",
  "value" : "22"
},{
  "dateTime" : "07/15/23 17:27:00",
  "value" : "0"
},{
  "dateTime" : "07/15/23 17:35:00",
  "value" : "0"
},{
  "dateTime" : "07/15/23 17:36:00",
  "value" : "0"
},{
  "dateTime" : "07/15/23 17:37:00",
  "value" : "30"
},{
  "dateTime" : "07/15/23 17:38:00",
  "value" : "0"
},{
  "dateTime" : "07/15/23 17:39:00",
  "value" : "6"
},{
  "dateTime" : "07/15/23 17:40:00",
  "value" : "0"
},{
  "dateTime" : "07/15/23 17:41:00",
  "value" : "0"
},{
  "dateTime" : "07/15/23 17:42:00",
  "value" : "0"
},{
  "dateTime" : "07/15/23 17:43:00",
  "value" : "0"
},{
  "dateTime" : "07/15/23 17:44:00",
  "value" : "0"
},{
  "dateTime" : "07/15/23 17:45:00",
  "value" : "0"
},{
  "dateTime" : "07/15/23 17:46:00",
  "value" : "10"
},{
  "dateTime" : "07/15/23 17:47:00",
  "value" : "0"
},{
  "dateTime" : "07/15/23 17:48:00",
  "value" : "12"
},{
  "dateTime" : "07/15/23 17:49:00",
  "value" : "9"
},{
  "dateTime" : "07/15/23 17:50:00",
  "value" : "7"
},{
  "dateTime" : "07/15/23 17:51:00",
  "value" : "11"
},{
  "dateTime" : "07/15/23 17:52:00",
  "value" : "14"
},{
  "dateTime" : "07/15/23 17:53:00",
  "value" : "15"
},{
  "dateTime" : "07/15/23 17:54:00",
  "value" : "22"
},{
  "dateTime" : "07/15/23 17:56:00",
  "value" : "17"
},{
  "dateTime" : "07/15/23 17:57:00",
  "value" : "51"
},{
  "dateTime" : "07/15/23 17:58:00",
  "value" : "19"
},{
  "dateTime" : "07/15/23 17:59:00",
  "value" : "0"
},{
  "dateTime" : "07/15/23 18:00:00",
  "value" : "6"
},{
  "dateTime" : "07/15/23 18:01:00",
  "value" : "0"
},{
  "dateTime" : "07/15/23 18:02:00",
  "value" : "0"
},{
  "dateTime" : "07/15/23 18:03:00",
  "value" : "0"
},{
  "dateTime" : "07/15/23 18:04:00",
  "value" : "0"
},{
  "dateTime" : "07/15/23 18:05:00",
  "value" : "17"
},{
  "dateTime" : "07/15/23 18:06:00",
  "value" : "0"
},{
  "dateTime" : "07/15/23 18:07:00",
  "value" : "0"
},{
  "dateTime" : "07/15/23 18:08:00",
  "value" : "7"
},{
  "dateTime" : "07/15/23 18:09:00",
  "value" : "26"
},{
  "dateTime" : "07/15/23 18:10:00",
  "value" : "12"
},{
  "dateTime" : "07/15/23 18:11:00",
  "value" : "6"
},{
  "dateTime" : "07/15/23 18:12:00",
  "value" : "0"
},{
  "dateTime" : "07/15/23 18:13:00",
  "value" : "16"
},{
  "dateTime" : "07/15/23 18:14:00",
  "value" : "11"
},{
  "dateTime" : "07/15/23 18:15:00",
  "value" : "5"
},{
  "dateTime" : "07/15/23 18:16:00",
  "value" : "8"
},{
  "dateTime" : "07/15/23 18:17:00",
  "value" : "9"
},{
  "dateTime" : "07/15/23 18:18:00",
  "value" : "0"
},{
  "dateTime" : "07/15/23 18:19:00",
  "value" : "8"
},{
  "dateTime" : "07/15/23 18:20:00",
  "value" : "10"
},{
  "dateTime" : "07/15/23 18:21:00",
  "value" : "0"
},{
  "dateTime" : "07/15/23 18:22:00",
  "value" : "0"
},{
  "dateTime" : "07/15/23 18:23:00",
  "value" : "6"
},{
  "dateTime" : "07/15/23 18:24:00",
  "value" : "23"
},{
  "dateTime" : "07/15/23 18:25:00",
  "value" : "6"
},{
  "dateTime" : "07/15/23 18:26:00",
  "value" : "12"
},{
  "dateTime" : "07/15/23 18:27:00",
  "value" : "18"
},{
  "dateTime" : "07/15/23 18:28:00",
  "value" : "7"
},{
  "dateTime" : "07/15/23 18:29:00",
  "value" : "21"
},{
  "dateTime" : "07/15/23 18:30:00",
  "value" : "14"
},{
  "dateTime" : "07/15/23 18:31:00",
  "value" : "18"
},{
  "dateTime" : "07/15/23 18:32:00",
  "value" : "0"
},{
  "dateTime" : "07/15/23 18:33:00",
  "value" : "0"
},{
  "dateTime" : "07/15/23 18:34:00",
  "value" : "0"
},{
  "dateTime" : "07/15/23 18:35:00",
  "value" : "15"
},{
  "dateTime" : "07/15/23 18:36:00",
  "value" : "0"
},{
  "dateTime" : "07/15/23 18:37:00",
  "value" : "40"
},{
  "dateTime" : "07/15/23 18:38:00",
  "value" : "1"
},{
  "dateTime" : "07/15/23 18:40:00",
  "value" : "0"
},{
  "dateTime" : "07/15/23 18:41:00",
  "value" : "0"
},{
  "dateTime" : "07/15/23 18:42:00",
  "value" : "24"
},{
  "dateTime" : "07/15/23 18:43:00",
  "value" : "0"
},{
  "dateTime" : "07/15/23 18:44:00",
  "value" : "49"
},{
  "dateTime" : "07/15/23 18:45:00",
  "value" : "14"
},{
  "dateTime" : "07/15/23 20:01:00",
  "value" : "0"
}]