timestamp,full_sleep_breathing_rate,full_sleep_standard_deviation,full_sleep_signal_to_noise,deep_sleep_breathing_rate,deep_sleep_standard_deviation,deep_sleep_signal_to_noise,light_sleep_breathing_rate,light_sleep_standard_deviation,light_sleep_signal_to_noise,rem_sleep_breathing_rate,rem_sleep_standard_deviation,rem_sleep_signal_to_noise
2023-08-05T09:58:00,15.8,2.1,14.142,15.8,2.1,14.142,14.2,2.1,11.726,14.0,2.7,5.018
2023-08-06T11:13:30,14.4,1.6,10.722,14.4,1.6,10.722,13.2,1.8,13.805,12.6,1.9,9.505
2023-08-07T08:47:00,15.4,1.4,9.386,15.4,1.4,9.386,14.6,2.0,10.084,15.0,2.2,7.404
2023-08-08T05:42:00,12.0,1.2,6.604,12.0,1.2,6.604,12.0,1.5,12.491,-1.0,0.0,0.0
2023-08-09T07:33:30,14.6,1.4,11.607,14.6,1.4,11.607,12.0,1.5,12.66,12.6,2.2,6.819