[{
  "dateTime" : "08/04/23 18:58:00",
  "value" : "10"
},{
  "dateTime" : "08/04/23 19:00:00",
  "value" : "10"
},{
  "dateTime" : "08/04/23 20:17:00",
  "value" : "10"
},{
  "dateTime" : "08/04/23 20:53:00",
  "value" : "10"
},{
  "dateTime" : "08/04/23 21:54:00",
  "value" : "10"
},{
  "dateTime" : "08/04/23 22:51:00",
  "value" : "10"
},{
  "dateTime" : "08/04/23 23:01:00",
  "value" : "10"
},{
  "dateTime" : "08/04/23 23:56:00",
  "value" : "10"
},{
  "dateTime" : "08/05/23 00:12:00",
  "value" : "10"
}]