[{
  "dateTime" : "07/16/23 04:08:00",
  "value" : "0"
},{
  "dateTime" : "07/16/23 04:09:00",
  "value" : "0"
},{
  "dateTime" : "07/16/23 04:21:00",
  "value" : "0"
},{
  "dateTime" : "07/16/23 04:43:00",
  "value" : "0"
},{
  "dateTime" : "07/16/23 04:46:00",
  "value" : "0"
},{
  "dateTime" : "07/16/23 04:55:00",
  "value" : "0"
},{
  "dateTime" : "07/16/23 04:56:00",
  "value" : "0"
},{
  "dateTime" : "07/16/23 05:16:00",
  "value" : "0"
},{
  "dateTime" : "07/16/23 05:43:00",
  "value" : "0"
},{
  "dateTime" : "07/16/23 10:09:00",
  "value" : "0"
},{
  "dateTime" : "07/16/23 10:11:00",
  "value" : "0"
},{
  "dateTime" : "07/16/23 10:12:00",
  "value" : "0"
},{
  "dateTime" : "07/16/23 10:34:00",
  "value" : "0"
},{
  "dateTime" : "07/16/23 10:38:00",
  "value" : "0"
},{
  "dateTime" : "07/16/23 10:49:00",
  "value" : "0"
},{
  "dateTime" : "07/16/23 10:50:00",
  "value" : "0"
},{
  "dateTime" : "07/16/23 11:52:00",
  "value" : "0"
},{
  "dateTime" : "07/16/23 13:21:00",
  "value" : "0"
},{
  "dateTime" : "07/16/23 13:30:00",
  "value" : "0"
},{
  "dateTime" : "07/16/23 13:47:00",
  "value" : "0"
},{
  "dateTime" : "07/16/23 19:50:00",
  "value" : "0"
},{
  "dateTime" : "07/16/23 19:56:00",
  "value" : "0"
},{
  "dateTime" : "07/16/23 19:58:00",
  "value" : "0"
},{
  "dateTime" : "07/17/23 02:11:00",
  "value" : "0"
},{
  "dateTime" : "07/17/23 02:17:00",
  "value" : "0"
},{
  "dateTime" : "07/17/23 02:20:00",
  "value" : "0"
},{
  "dateTime" : "07/17/23 02:21:00",
  "value" : "0"
},{
  "dateTime" : "07/17/23 02:25:00",
  "value" : "0"
},{
  "dateTime" : "07/17/23 02:27:00",
  "value" : "0"
},{
  "dateTime" : "07/17/23 02:44:00",
  "value" : "0"
},{
  "dateTime" : "07/17/23 02:45:00",
  "value" : "0"
},{
  "dateTime" : "07/17/23 02:48:00",
  "value" : "0"
},{
  "dateTime" : "07/17/23 03:08:00",
  "value" : "0"
},{
  "dateTime" : "07/17/23 03:25:00",
  "value" : "0"
},{
  "dateTime" : "07/17/23 03:34:00",
  "value" : "0"
},{
  "dateTime" : "07/17/23 03:35:00",
  "value" : "0"
},{
  "dateTime" : "07/17/23 03:42:00",
  "value" : "0"
},{
  "dateTime" : "07/17/23 08:17:00",
  "value" : "0"
},{
  "dateTime" : "07/17/23 09:28:00",
  "value" : "0"
},{
  "dateTime" : "07/17/23 09:40:00",
  "value" : "0"
},{
  "dateTime" : "07/17/23 10:12:00",
  "value" : "0"
},{
  "dateTime" : "07/17/23 10:19:00",
  "value" : "0"
},{
  "dateTime" : "07/17/23 10:24:00",
  "value" : "0"
},{
  "dateTime" : "07/17/23 10:35:00",
  "value" : "0"
},{
  "dateTime" : "07/17/23 14:31:00",
  "value" : "0"
},{
  "dateTime" : "07/17/23 14:36:00",
  "value" : "0"
},{
  "dateTime" : "07/17/23 14:45:00",
  "value" : "0"
},{
  "dateTime" : "07/17/23 14:46:00",
  "value" : "0"
},{
  "dateTime" : "07/17/23 15:00:00",
  "value" : "0"
},{
  "dateTime" : "07/17/23 15:03:00",
  "value" : "0"
},{
  "dateTime" : "07/18/23 02:27:00",
  "value" : "0"
},{
  "dateTime" : "07/18/23 02:28:00",
  "value" : "0"
},{
  "dateTime" : "07/18/23 02:31:00",
  "value" : "0"
},{
  "dateTime" : "07/18/23 02:43:00",
  "value" : "0"
},{
  "dateTime" : "07/18/23 02:51:00",
  "value" : "0"
},{
  "dateTime" : "07/18/23 02:52:00",
  "value" : "0"
},{
  "dateTime" : "07/18/23 15:47:00",
  "value" : "0"
},{
  "dateTime" : "07/18/23 16:01:00",
  "value" : "0"
},{
  "dateTime" : "07/18/23 16:55:00",
  "value" : "0"
},{
  "dateTime" : "07/18/23 17:04:00",
  "value" : "0"
},{
  "dateTime" : "07/18/23 17:18:00",
  "value" : "0"
},{
  "dateTime" : "07/18/23 17:58:00",
  "value" : "0"
},{
  "dateTime" : "07/18/23 18:09:00",
  "value" : "0"
},{
  "dateTime" : "07/18/23 21:58:00",
  "value" : "0"
},{
  "dateTime" : "08/04/23 22:55:00",
  "value" : "0"
},{
  "dateTime" : "08/04/23 22:56:00",
  "value" : "780"
},{
  "dateTime" : "08/04/23 22:57:00",
  "value" : "280"
},{
  "dateTime" : "08/04/23 22:58:00",
  "value" : "3650"
},{
  "dateTime" : "08/04/23 22:59:00",
  "value" : "1000"
},{
  "dateTime" : "08/04/23 23:00:00",
  "value" : "2070"
},{
  "dateTime" : "08/04/23 23:01:00",
  "value" : "0"
},{
  "dateTime" : "08/04/23 23:02:00",
  "value" : "0"
},{
  "dateTime" : "08/04/23 23:03:00",
  "value" : "0"
},{
  "dateTime" : "08/04/23 23:04:00",
  "value" : "0"
},{
  "dateTime" : "08/04/23 23:05:00",
  "value" : "0"
},{
  "dateTime" : "08/04/23 23:06:00",
  "value" : "0"
},{
  "dateTime" : "08/04/23 23:08:00",
  "value" : "0"
},{
  "dateTime" : "08/04/23 23:12:00",
  "value" : "0"
},{
  "dateTime" : "08/04/23 23:13:00",
  "value" : "0"
},{
  "dateTime" : "08/04/23 23:15:00",
  "value" : "0"
},{
  "dateTime" : "08/04/23 23:19:00",
  "value" : "0"
},{
  "dateTime" : "08/04/23 23:22:00",
  "value" : "0"
},{
  "dateTime" : "08/04/23 23:25:00",
  "value" : "0"
},{
  "dateTime" : "08/04/23 23:34:00",
  "value" : "0"
},{
  "dateTime" : "08/04/23 23:35:00",
  "value" : "0"
},{
  "dateTime" : "08/04/23 23:37:00",
  "value" : "0"
},{
  "dateTime" : "08/04/23 23:45:00",
  "value" : "1390"
},{
  "dateTime" : "08/04/23 23:46:00",
  "value" : "1530"
},{
  "dateTime" : "08/04/23 23:47:00",
  "value" : "0"
},{
  "dateTime" : "08/04/23 23:48:00",
  "value" : "0"
},{
  "dateTime" : "08/04/23 23:49:00",
  "value" : "0"
},{
  "dateTime" : "08/04/23 23:52:00",
  "value" : "0"
},{
  "dateTime" : "08/04/23 23:55:00",
  "value" : "0"
},{
  "dateTime" : "08/04/23 23:56:00",
  "value" : "0"
},{
  "dateTime" : "08/04/23 23:58:00",
  "value" : "0"
},{
  "dateTime" : "08/04/23 23:59:00",
  "value" : "0"
},{
  "dateTime" : "08/05/23 00:03:00",
  "value" : "0"
},{
  "dateTime" : "08/05/23 00:05:00",
  "value" : "0"
},{
  "dateTime" : "08/05/23 00:07:00",
  "value" : "0"
},{
  "dateTime" : "08/05/23 00:09:00",
  "value" : "0"
},{
  "dateTime" : "08/05/23 00:10:00",
  "value" : "0"
},{
  "dateTime" : "08/05/23 00:13:00",
  "value" : "0"
},{
  "dateTime" : "08/05/23 00:14:00",
  "value" : "0"
},{
  "dateTime" : "08/05/23 00:15:00",
  "value" : "0"
},{
  "dateTime" : "08/05/23 00:16:00",
  "value" : "3270"
},{
  "dateTime" : "08/05/23 00:17:00",
  "value" : "1110"
},{
  "dateTime" : "08/05/23 00:18:00",
  "value" : "0"
},{
  "dateTime" : "08/05/23 00:20:00",
  "value" : "0"
},{
  "dateTime" : "08/05/23 00:21:00",
  "value" : "0"
},{
  "dateTime" : "08/05/23 00:22:00",
  "value" : "0"
},{
  "dateTime" : "08/05/23 00:23:00",
  "value" : "0"
},{
  "dateTime" : "08/05/23 00:24:00",
  "value" : "0"
},{
  "dateTime" : "08/05/23 00:25:00",
  "value" : "0"
},{
  "dateTime" : "08/05/23 00:26:00",
  "value" : "0"
},{
  "dateTime" : "08/05/23 00:28:00",
  "value" : "0"
},{
  "dateTime" : "08/05/23 00:30:00",
  "value" : "410"
},{
  "dateTime" : "08/05/23 00:31:00",
  "value" : "0"
},{
  "dateTime" : "08/05/23 00:32:00",
  "value" : "0"
},{
  "dateTime" : "08/05/23 00:33:00",
  "value" : "0"
},{
  "dateTime" : "08/05/23 00:35:00",
  "value" : "0"
},{
  "dateTime" : "08/05/23 00:36:00",
  "value" : "0"
},{
  "dateTime" : "08/05/23 00:37:00",
  "value" : "0"
},{
  "dateTime" : "08/05/23 00:38:00",
  "value" : "0"
},{
  "dateTime" : "08/05/23 00:39:00",
  "value" : "0"
},{
  "dateTime" : "08/05/23 00:40:00",
  "value" : "0"
},{
  "dateTime" : "08/05/23 00:41:00",
  "value" : "0"
},{
  "dateTime" : "08/05/23 00:42:00",
  "value" : "0"
},{
  "dateTime" : "08/05/23 00:44:00",
  "value" : "0"
},{
  "dateTime" : "08/05/23 00:45:00",
  "value" : "0"
},{
  "dateTime" : "08/05/23 00:46:00",
  "value" : "0"
},{
  "dateTime" : "08/05/23 00:47:00",
  "value" : "0"
},{
  "dateTime" : "08/05/23 00:49:00",
  "value" : "0"
},{
  "dateTime" : "08/05/23 00:50:00",
  "value" : "0"
},{
  "dateTime" : "08/05/23 00:51:00",
  "value" : "0"
},{
  "dateTime" : "08/05/23 00:52:00",
  "value" : "1940"
},{
  "dateTime" : "08/05/23 00:53:00",
  "value" : "1670"
},{
  "dateTime" : "08/05/23 00:54:00",
  "value" : "830"
},{
  "dateTime" : "08/05/23 00:55:00",
  "value" : "970"
},{
  "dateTime" : "08/05/23 00:56:00",
  "value" : "0"
},{
  "dateTime" : "08/05/23 00:57:00",
  "value" : "0"
},{
  "dateTime" : "08/05/23 00:58:00",
  "value" : "0"
},{
  "dateTime" : "08/05/23 00:59:00",
  "value" : "0"
},{
  "dateTime" : "08/05/23 01:00:00",
  "value" : "0"
},{
  "dateTime" : "08/05/23 01:02:00",
  "value" : "0"
},{
  "dateTime" : "08/05/23 01:03:00",
  "value" : "0"
},{
  "dateTime" : "08/05/23 01:04:00",
  "value" : "0"
},{
  "dateTime" : "08/05/23 01:05:00",
  "value" : "0"
},{
  "dateTime" : "08/05/23 01:07:00",
  "value" : "0"
},{
  "dateTime" : "08/05/23 01:08:00",
  "value" : "0"
},{
  "dateTime" : "08/05/23 01:09:00",
  "value" : "0"
},{
  "dateTime" : "08/05/23 01:10:00",
  "value" : "0"
},{
  "dateTime" : "08/05/23 01:11:00",
  "value" : "0"
},{
  "dateTime" : "08/05/23 01:12:00",
  "value" : "0"
},{
  "dateTime" : "08/05/23 01:13:00",
  "value" : "0"
},{
  "dateTime" : "08/05/23 01:14:00",
  "value" : "0"
},{
  "dateTime" : "08/05/23 01:15:00",
  "value" : "0"
},{
  "dateTime" : "08/05/23 01:16:00",
  "value" : "0"
},{
  "dateTime" : "08/05/23 01:17:00",
  "value" : "0"
},{
  "dateTime" : "08/05/23 01:18:00",
  "value" : "0"
},{
  "dateTime" : "08/05/23 01:21:00",
  "value" : "410"
},{
  "dateTime" : "08/05/23 01:22:00",
  "value" : "0"
},{
  "dateTime" : "08/05/23 01:24:00",
  "value" : "0"
},{
  "dateTime" : "08/05/23 01:27:00",
  "value" : "0"
},{
  "dateTime" : "08/05/23 01:29:00",
  "value" : "0"
},{
  "dateTime" : "08/05/23 01:30:00",
  "value" : "0"
},{
  "dateTime" : "08/05/23 01:31:00",
  "value" : "0"
},{
  "dateTime" : "08/05/23 01:33:00",
  "value" : "0"
},{
  "dateTime" : "08/05/23 01:34:00",
  "value" : "0"
},{
  "dateTime" : "08/05/23 01:35:00",
  "value" : "0"
},{
  "dateTime" : "08/05/23 01:36:00",
  "value" : "0"
},{
  "dateTime" : "08/05/23 01:37:00",
  "value" : "0"
},{
  "dateTime" : "08/05/23 01:38:00",
  "value" : "0"
},{
  "dateTime" : "08/05/23 01:41:00",
  "value" : "0"
},{
  "dateTime" : "08/05/23 01:42:00",
  "value" : "0"
},{
  "dateTime" : "08/05/23 01:43:00",
  "value" : "0"
},{
  "dateTime" : "08/05/23 01:44:00",
  "value" : "0"
},{
  "dateTime" : "08/05/23 01:45:00",
  "value" : "0"
},{
  "dateTime" : "08/05/23 01:46:00",
  "value" : "0"
},{
  "dateTime" : "08/05/23 01:47:00",
  "value" : "0"
},{
  "dateTime" : "08/05/23 01:48:00",
  "value" : "0"
},{
  "dateTime" : "08/05/23 01:49:00",
  "value" : "0"
},{
  "dateTime" : "08/05/23 01:50:00",
  "value" : "0"
},{
  "dateTime" : "08/05/23 01:51:00",
  "value" : "0"
},{
  "dateTime" : "08/05/23 01:52:00",
  "value" : "0"
},{
  "dateTime" : "08/05/23 01:53:00",
  "value" : "0"
},{
  "dateTime" : "08/05/23 01:54:00",
  "value" : "3130"
},{
  "dateTime" : "08/05/23 01:55:00",
  "value" : "0"
},{
  "dateTime" : "08/05/23 01:56:00",
  "value" : "0"
},{
  "dateTime" : "08/05/23 01:57:00",
  "value" : "0"
},{
  "dateTime" : "08/05/23 01:58:00",
  "value" : "0"
},{
  "dateTime" : "08/05/23 01:59:00",
  "value" : "0"
},{
  "dateTime" : "08/05/23 02:02:00",
  "value" : "0"
},{
  "dateTime" : "08/05/23 02:06:00",
  "value" : "0"
},{
  "dateTime" : "08/05/23 02:07:00",
  "value" : "0"
},{
  "dateTime" : "08/05/23 02:08:00",
  "value" : "0"
},{
  "dateTime" : "08/05/23 02:09:00",
  "value" : "0"
},{
  "dateTime" : "08/05/23 02:10:00",
  "value" : "0"
},{
  "dateTime" : "08/05/23 02:12:00",
  "value" : "0"
},{
  "dateTime" : "08/05/23 02:13:00",
  "value" : "0"
},{
  "dateTime" : "08/05/23 02:17:00",
  "value" : "0"
},{
  "dateTime" : "08/05/23 02:20:00",
  "value" : "0"
},{
  "dateTime" : "08/05/23 02:22:00",
  "value" : "0"
},{
  "dateTime" : "08/05/23 02:23:00",
  "value" : "1390"
},{
  "dateTime" : "08/05/23 02:24:00",
  "value" : "1530"
},{
  "dateTime" : "08/05/23 02:25:00",
  "value" : "0"
},{
  "dateTime" : "08/05/23 02:26:00",
  "value" : "0"
},{
  "dateTime" : "08/05/23 02:27:00",
  "value" : "0"
},{
  "dateTime" : "08/05/23 02:28:00",
  "value" : "0"
},{
  "dateTime" : "08/05/23 02:30:00",
  "value" : "0"
},{
  "dateTime" : "08/05/23 02:31:00",
  "value" : "0"
},{
  "dateTime" : "08/05/23 02:34:00",
  "value" : "0"
},{
  "dateTime" : "08/05/23 02:35:00",
  "value" : "0"
},{
  "dateTime" : "08/05/23 02:37:00",
  "value" : "0"
},{
  "dateTime" : "08/05/23 02:38:00",
  "value" : "0"
},{
  "dateTime" : "08/05/23 02:40:00",
  "value" : "0"
},{
  "dateTime" : "08/05/23 02:41:00",
  "value" : "0"
},{
  "dateTime" : "08/05/23 02:43:00",
  "value" : "0"
},{
  "dateTime" : "08/05/23 02:44:00",
  "value" : "0"
},{
  "dateTime" : "08/05/23 02:47:00",
  "value" : "690"
},{
  "dateTime" : "08/05/23 02:48:00",
  "value" : "0"
},{
  "dateTime" : "08/05/23 02:49:00",
  "value" : "550"
},{
  "dateTime" : "08/05/23 02:50:00",
  "value" : "2150"
},{
  "dateTime" : "08/05/23 02:51:00",
  "value" : "2640"
},{
  "dateTime" : "08/05/23 02:52:00",
  "value" : "0"
},{
  "dateTime" : "08/05/23 02:53:00",
  "value" : "0"
},{
  "dateTime" : "08/05/23 02:54:00",
  "value" : "340"
},{
  "dateTime" : "08/05/23 02:55:00",
  "value" : "1600"
},{
  "dateTime" : "08/05/23 02:56:00",
  "value" : "0"
},{
  "dateTime" : "08/05/23 02:59:00",
  "value" : "0"
},{
  "dateTime" : "08/05/23 03:00:00",
  "value" : "1670"
},{
  "dateTime" : "08/05/23 03:01:00",
  "value" : "2220"
},{
  "dateTime" : "08/05/23 03:04:00",
  "value" : "1250"
},{
  "dateTime" : "08/05/23 03:05:00",
  "value" : "620"
},{
  "dateTime" : "08/05/23 03:06:00",
  "value" : "0"
},{
  "dateTime" : "08/05/23 03:07:00",
  "value" : "270"
},{
  "dateTime" : "08/05/23 03:08:00",
  "value" : "690"
},{
  "dateTime" : "08/05/23 03:09:00",
  "value" : "0"
},{
  "dateTime" : "08/05/23 03:10:00",
  "value" : "0"
},{
  "dateTime" : "08/05/23 03:11:00",
  "value" : "0"
},{
  "dateTime" : "08/05/23 03:13:00",
  "value" : "0"
},{
  "dateTime" : "08/05/23 03:16:00",
  "value" : "0"
},{
  "dateTime" : "08/05/23 03:20:00",
  "value" : "760"
},{
  "dateTime" : "08/05/23 03:21:00",
  "value" : "690"
},{
  "dateTime" : "08/05/23 03:22:00",
  "value" : "1320"
},{
  "dateTime" : "08/05/23 03:23:00",
  "value" : "760"
},{
  "dateTime" : "08/05/23 03:24:00",
  "value" : "0"
},{
  "dateTime" : "08/05/23 03:25:00",
  "value" : "0"
},{
  "dateTime" : "08/05/23 03:27:00",
  "value" : "0"
},{
  "dateTime" : "08/05/23 03:28:00",
  "value" : "0"
},{
  "dateTime" : "08/05/23 03:29:00",
  "value" : "0"
},{
  "dateTime" : "08/05/23 03:30:00",
  "value" : "1320"
},{
  "dateTime" : "08/05/23 03:31:00",
  "value" : "0"
},{
  "dateTime" : "08/05/23 03:32:00",
  "value" : "620"
},{
  "dateTime" : "08/05/23 03:33:00",
  "value" : "0"
},{
  "dateTime" : "08/05/23 03:34:00",
  "value" : "0"
},{
  "dateTime" : "08/05/23 03:35:00",
  "value" : "0"
},{
  "dateTime" : "08/05/23 03:36:00",
  "value" : "0"
},{
  "dateTime" : "08/05/23 03:38:00",
  "value" : "0"
},{
  "dateTime" : "08/05/23 03:41:00",
  "value" : "0"
},{
  "dateTime" : "08/05/23 03:44:00",
  "value" : "0"
},{
  "dateTime" : "08/05/23 03:45:00",
  "value" : "0"
},{
  "dateTime" : "08/05/23 03:47:00",
  "value" : "620"
},{
  "dateTime" : "08/05/23 03:48:00",
  "value" : "0"
},{
  "dateTime" : "08/05/23 03:49:00",
  "value" : "1040"
},{
  "dateTime" : "08/05/23 03:50:00",
  "value" : "0"
},{
  "dateTime" : "08/05/23 03:51:00",
  "value" : "0"
},{
  "dateTime" : "08/05/23 03:52:00",
  "value" : "0"
},{
  "dateTime" : "08/05/23 03:53:00",
  "value" : "620"
},{
  "dateTime" : "08/05/23 03:55:00",
  "value" : "620"
},{
  "dateTime" : "08/05/23 03:56:00",
  "value" : "4870"
},{
  "dateTime" : "08/05/23 03:57:00",
  "value" : "1110"
},{
  "dateTime" : "08/05/23 03:58:00",
  "value" : "60"
},{
  "dateTime" : "08/05/23 03:59:00",
  "value" : "1320"
},{
  "dateTime" : "08/05/23 04:01:00",
  "value" : "1460"
},{
  "dateTime" : "08/05/23 04:02:00",
  "value" : "690"
},{
  "dateTime" : "08/05/23 04:03:00",
  "value" : "0"
},{
  "dateTime" : "08/05/23 04:04:00",
  "value" : "2710"
},{
  "dateTime" : "08/05/23 04:05:00",
  "value" : "480"
},{
  "dateTime" : "08/05/23 04:06:00",
  "value" : "760"
},{
  "dateTime" : "08/05/23 04:07:00",
  "value" : "0"
},{
  "dateTime" : "08/05/23 04:08:00",
  "value" : "2990"
},{
  "dateTime" : "08/05/23 04:09:00",
  "value" : "690"
},{
  "dateTime" : "08/05/23 04:10:00",
  "value" : "0"
},{
  "dateTime" : "08/05/23 04:11:00",
  "value" : "690"
},{
  "dateTime" : "08/05/23 04:12:00",
  "value" : "1320"
},{
  "dateTime" : "08/05/23 04:13:00",
  "value" : "0"
},{
  "dateTime" : "08/05/23 04:14:00",
  "value" : "0"
},{
  "dateTime" : "08/05/23 04:15:00",
  "value" : "0"
},{
  "dateTime" : "08/05/23 04:16:00",
  "value" : "480"
},{
  "dateTime" : "08/05/23 04:17:00",
  "value" : "0"
},{
  "dateTime" : "08/05/23 04:18:00",
  "value" : "0"
},{
  "dateTime" : "08/05/23 04:19:00",
  "value" : "1390"
},{
  "dateTime" : "08/05/23 04:20:00",
  "value" : "1390"
},{
  "dateTime" : "08/05/23 04:21:00",
  "value" : "0"
},{
  "dateTime" : "08/05/23 04:22:00",
  "value" : "0"
},{
  "dateTime" : "08/05/23 04:23:00",
  "value" : "0"
},{
  "dateTime" : "08/05/23 04:24:00",
  "value" : "0"
},{
  "dateTime" : "08/05/23 04:25:00",
  "value" : "0"
},{
  "dateTime" : "08/05/23 04:27:00",
  "value" : "0"
},{
  "dateTime" : "08/05/23 04:28:00",
  "value" : "0"
},{
  "dateTime" : "08/05/23 04:29:00",
  "value" : "0"
},{
  "dateTime" : "08/05/23 04:30:00",
  "value" : "0"
}]