[{
  "dateTime" : "07/06/23 13:34:00",
  "value" : "10"
},{
  "dateTime" : "07/06/23 13:45:00",
  "value" : "10"
},{
  "dateTime" : "07/06/23 13:50:00",
  "value" : "10"
},{
  "dateTime" : "07/06/23 19:03:00",
  "value" : "10"
},{
  "dateTime" : "07/06/23 19:42:00",
  "value" : "10"
},{
  "dateTime" : "07/06/23 20:01:00",
  "value" : "10"
},{
  "dateTime" : "07/06/23 22:46:00",
  "value" : "10"
},{
  "dateTime" : "07/06/23 23:28:00",
  "value" : "10"
},{
  "dateTime" : "07/07/23 00:08:00",
  "value" : "10"
},{
  "dateTime" : "07/07/23 00:36:00",
  "value" : "10"
},{
  "dateTime" : "07/15/23 10:59:00",
  "value" : "10"
},{
  "dateTime" : "07/15/23 12:10:00",
  "value" : "10"
},{
  "dateTime" : "07/15/23 13:57:00",
  "value" : "10"
},{
  "dateTime" : "07/15/23 14:37:00",
  "value" : "10"
},{
  "dateTime" : "07/15/23 14:44:00",
  "value" : "10"
}]