[{
  "dateTime" : "07/16/23 00:00:00",
  "value" : "1134"
},{
  "dateTime" : "07/17/23 00:00:00",
  "value" : "1437"
},{
  "dateTime" : "07/18/23 00:00:00",
  "value" : "1440"
},{
  "dateTime" : "07/19/23 00:00:00",
  "value" : "1440"
},{
  "dateTime" : "07/20/23 00:00:00",
  "value" : "1440"
},{
  "dateTime" : "07/21/23 00:00:00",
  "value" : "1440"
},{
  "dateTime" : "07/22/23 00:00:00",
  "value" : "1440"
},{
  "dateTime" : "07/23/23 00:00:00",
  "value" : "1440"
},{
  "dateTime" : "07/24/23 00:00:00",
  "value" : "1440"
},{
  "dateTime" : "07/25/23 00:00:00",
  "value" : "1440"
},{
  "dateTime" : "07/26/23 00:00:00",
  "value" : "1440"
},{
  "dateTime" : "07/27/23 00:00:00",
  "value" : "1440"
},{
  "dateTime" : "07/28/23 00:00:00",
  "value" : "1440"
},{
  "dateTime" : "07/29/23 00:00:00",
  "value" : "1440"
},{
  "dateTime" : "07/30/23 00:00:00",
  "value" : "1440"
},{
  "dateTime" : "07/31/23 00:00:00",
  "value" : "1440"
},{
  "dateTime" : "08/01/23 00:00:00",
  "value" : "1440"
},{
  "dateTime" : "08/02/23 00:00:00",
  "value" : "1440"
},{
  "dateTime" : "08/03/23 00:00:00",
  "value" : "1440"
},{
  "dateTime" : "08/04/23 00:00:00",
  "value" : "1396"
},{
  "dateTime" : "08/05/23 00:00:00",
  "value" : "729"
},{
  "dateTime" : "08/06/23 00:00:00",
  "value" : "474"
},{
  "dateTime" : "08/07/23 00:00:00",
  "value" : "821"
},{
  "dateTime" : "08/08/23 00:00:00",
  "value" : "756"
},{
  "dateTime" : "08/09/23 00:00:00",
  "value" : "814"
},{
  "dateTime" : "08/10/23 00:00:00",
  "value" : "471"
},{
  "dateTime" : "08/11/23 00:00:00",
  "value" : "1440"
},{
  "dateTime" : "08/12/23 00:00:00",
  "value" : "1440"
},{
  "dateTime" : "08/13/23 00:00:00",
  "value" : "1440"
},{
  "dateTime" : "08/14/23 00:00:00",
  "value" : "1440"
}]