[{
  "dateTime" : "08/15/23 16:44:00",
  "value" : "10"
},{
  "dateTime" : "08/15/23 17:00:00",
  "value" : "10"
},{
  "dateTime" : "08/15/23 17:19:00",
  "value" : "10"
},{
  "dateTime" : "08/15/23 18:01:00",
  "value" : "10"
},{
  "dateTime" : "08/15/23 18:22:00",
  "value" : "10"
},{
  "dateTime" : "08/15/23 18:51:00",
  "value" : "10"
},{
  "dateTime" : "08/15/23 19:54:00",
  "value" : "10"
},{
  "dateTime" : "08/15/23 21:24:00",
  "value" : "10"
},{
  "dateTime" : "08/16/23 08:16:00",
  "value" : "10"
},{
  "dateTime" : "08/16/23 11:07:00",
  "value" : "40"
},{
  "dateTime" : "08/16/23 13:50:00",
  "value" : "10"
},{
  "dateTime" : "08/16/23 14:02:00",
  "value" : "10"
},{
  "dateTime" : "08/17/23 05:45:00",
  "value" : "10"
},{
  "dateTime" : "08/17/23 14:39:00",
  "value" : "10"
},{
  "dateTime" : "08/17/23 14:41:00",
  "value" : "10"
},{
  "dateTime" : "08/17/23 14:45:00",
  "value" : "10"
},{
  "dateTime" : "08/17/23 15:31:00",
  "value" : "10"
},{
  "dateTime" : "08/17/23 15:33:00",
  "value" : "10"
},{
  "dateTime" : "08/17/23 16:52:00",
  "value" : "10"
},{
  "dateTime" : "08/18/23 07:41:00",
  "value" : "20"
},{
  "dateTime" : "08/18/23 11:09:00",
  "value" : "30"
},{
  "dateTime" : "08/18/23 11:19:00",
  "value" : "10"
},{
  "dateTime" : "08/18/23 11:38:00",
  "value" : "10"
},{
  "dateTime" : "08/18/23 11:51:00",
  "value" : "10"
},{
  "dateTime" : "08/18/23 12:37:00",
  "value" : "10"
},{
  "dateTime" : "08/18/23 12:38:00",
  "value" : "10"
},{
  "dateTime" : "08/18/23 14:11:00",
  "value" : "20"
},{
  "dateTime" : "08/18/23 14:12:00",
  "value" : "10"
},{
  "dateTime" : "08/18/23 15:02:00",
  "value" : "10"
},{
  "dateTime" : "08/18/23 17:10:00",
  "value" : "10"
},{
  "dateTime" : "08/19/23 08:13:00",
  "value" : "10"
},{
  "dateTime" : "08/19/23 08:16:00",
  "value" : "10"
},{
  "dateTime" : "08/19/23 09:49:00",
  "value" : "10"
},{
  "dateTime" : "08/19/23 10:14:00",
  "value" : "10"
},{
  "dateTime" : "08/19/23 10:39:00",
  "value" : "10"
},{
  "dateTime" : "08/19/23 11:09:00",
  "value" : "10"
},{
  "dateTime" : "08/19/23 11:30:00",
  "value" : "10"
},{
  "dateTime" : "08/19/23 11:32:00",
  "value" : "10"
},{
  "dateTime" : "08/19/23 11:33:00",
  "value" : "10"
},{
  "dateTime" : "08/19/23 11:37:00",
  "value" : "10"
},{
  "dateTime" : "08/19/23 12:54:00",
  "value" : "10"
},{
  "dateTime" : "08/19/23 13:09:00",
  "value" : "10"
},{
  "dateTime" : "08/19/23 13:13:00",
  "value" : "10"
},{
  "dateTime" : "08/19/23 13:58:00",
  "value" : "10"
},{
  "dateTime" : "08/20/23 08:38:00",
  "value" : "10"
},{
  "dateTime" : "08/20/23 09:43:00",
  "value" : "10"
},{
  "dateTime" : "08/20/23 10:30:00",
  "value" : "10"
},{
  "dateTime" : "08/20/23 11:32:00",
  "value" : "10"
},{
  "dateTime" : "08/20/23 12:50:00",
  "value" : "10"
},{
  "dateTime" : "08/20/23 13:06:00",
  "value" : "10"
},{
  "dateTime" : "08/20/23 13:12:00",
  "value" : "10"
},{
  "dateTime" : "08/20/23 13:48:00",
  "value" : "10"
},{
  "dateTime" : "08/20/23 13:50:00",
  "value" : "10"
},{
  "dateTime" : "08/20/23 14:38:00",
  "value" : "10"
},{
  "dateTime" : "08/21/23 05:25:00",
  "value" : "10"
},{
  "dateTime" : "08/21/23 11:12:00",
  "value" : "30"
},{
  "dateTime" : "08/21/23 11:37:00",
  "value" : "30"
},{
  "dateTime" : "08/21/23 15:31:00",
  "value" : "10"
},{
  "dateTime" : "08/21/23 15:41:00",
  "value" : "10"
},{
  "dateTime" : "08/21/23 15:54:00",
  "value" : "10"
},{
  "dateTime" : "08/21/23 16:21:00",
  "value" : "10"
},{
  "dateTime" : "08/21/23 16:55:00",
  "value" : "10"
},{
  "dateTime" : "08/22/23 07:26:00",
  "value" : "10"
},{
  "dateTime" : "08/22/23 09:13:00",
  "value" : "10"
},{
  "dateTime" : "08/22/23 09:15:00",
  "value" : "10"
},{
  "dateTime" : "08/22/23 09:22:00",
  "value" : "10"
},{
  "dateTime" : "08/22/23 10:15:00",
  "value" : "10"
},{
  "dateTime" : "08/22/23 10:53:00",
  "value" : "10"
},{
  "dateTime" : "08/22/23 11:29:00",
  "value" : "10"
},{
  "dateTime" : "08/22/23 12:24:00",
  "value" : "10"
},{
  "dateTime" : "08/22/23 12:58:00",
  "value" : "10"
},{
  "dateTime" : "08/22/23 13:30:00",
  "value" : "10"
},{
  "dateTime" : "08/22/23 13:34:00",
  "value" : "10"
},{
  "dateTime" : "08/22/23 13:53:00",
  "value" : "10"
},{
  "dateTime" : "08/22/23 16:54:00",
  "value" : "10"
},{
  "dateTime" : "08/22/23 17:01:00",
  "value" : "10"
},{
  "dateTime" : "08/22/23 17:22:00",
  "value" : "10"
},{
  "dateTime" : "08/22/23 18:03:00",
  "value" : "10"
},{
  "dateTime" : "08/22/23 18:37:00",
  "value" : "10"
},{
  "dateTime" : "08/22/23 18:38:00",
  "value" : "10"
},{
  "dateTime" : "08/23/23 05:34:00",
  "value" : "10"
},{
  "dateTime" : "08/23/23 05:40:00",
  "value" : "10"
},{
  "dateTime" : "08/23/23 11:07:00",
  "value" : "20"
},{
  "dateTime" : "08/23/23 11:08:00",
  "value" : "20"
},{
  "dateTime" : "08/23/23 13:11:00",
  "value" : "40"
},{
  "dateTime" : "08/23/23 14:04:00",
  "value" : "10"
},{
  "dateTime" : "08/23/23 17:06:00",
  "value" : "10"
},{
  "dateTime" : "08/23/23 17:17:00",
  "value" : "10"
},{
  "dateTime" : "08/23/23 17:26:00",
  "value" : "10"
},{
  "dateTime" : "08/23/23 18:05:00",
  "value" : "10"
},{
  "dateTime" : "08/23/23 18:27:00",
  "value" : "10"
},{
  "dateTime" : "08/23/23 19:22:00",
  "value" : "10"
},{
  "dateTime" : "08/24/23 13:39:00",
  "value" : "10"
},{
  "dateTime" : "08/24/23 13:52:00",
  "value" : "10"
},{
  "dateTime" : "08/24/23 14:18:00",
  "value" : "10"
},{
  "dateTime" : "08/24/23 15:05:00",
  "value" : "10"
},{
  "dateTime" : "08/24/23 15:54:00",
  "value" : "10"
},{
  "dateTime" : "08/24/23 16:30:00",
  "value" : "10"
},{
  "dateTime" : "08/24/23 17:24:00",
  "value" : "10"
},{
  "dateTime" : "08/24/23 17:27:00",
  "value" : "10"
},{
  "dateTime" : "08/24/23 17:30:00",
  "value" : "10"
},{
  "dateTime" : "08/24/23 17:35:00",
  "value" : "10"
},{
  "dateTime" : "08/24/23 18:02:00",
  "value" : "10"
},{
  "dateTime" : "08/24/23 18:06:00",
  "value" : "10"
},{
  "dateTime" : "08/24/23 21:00:00",
  "value" : "10"
},{
  "dateTime" : "08/24/23 23:07:00",
  "value" : "10"
},{
  "dateTime" : "08/25/23 05:42:00",
  "value" : "10"
},{
  "dateTime" : "08/25/23 07:44:00",
  "value" : "10"
},{
  "dateTime" : "08/25/23 11:07:00",
  "value" : "20"
},{
  "dateTime" : "08/25/23 11:08:00",
  "value" : "10"
},{
  "dateTime" : "08/25/23 12:45:00",
  "value" : "10"
},{
  "dateTime" : "08/25/23 16:17:00",
  "value" : "10"
},{
  "dateTime" : "08/25/23 16:20:00",
  "value" : "10"
},{
  "dateTime" : "08/25/23 16:27:00",
  "value" : "10"
},{
  "dateTime" : "08/25/23 17:32:00",
  "value" : "10"
},{
  "dateTime" : "08/25/23 18:14:00",
  "value" : "10"
},{
  "dateTime" : "08/25/23 19:09:00",
  "value" : "10"
},{
  "dateTime" : "08/25/23 22:51:00",
  "value" : "10"
},{
  "dateTime" : "08/26/23 00:12:00",
  "value" : "10"
},{
  "dateTime" : "08/26/23 05:14:00",
  "value" : "10"
},{
  "dateTime" : "08/26/23 08:53:00",
  "value" : "10"
},{
  "dateTime" : "08/26/23 09:36:00",
  "value" : "10"
},{
  "dateTime" : "08/26/23 10:09:00",
  "value" : "10"
},{
  "dateTime" : "08/26/23 11:08:00",
  "value" : "10"
},{
  "dateTime" : "08/26/23 11:25:00",
  "value" : "10"
},{
  "dateTime" : "08/26/23 11:50:00",
  "value" : "10"
},{
  "dateTime" : "08/26/23 13:16:00",
  "value" : "10"
},{
  "dateTime" : "08/26/23 14:13:00",
  "value" : "10"
},{
  "dateTime" : "08/26/23 20:38:00",
  "value" : "10"
},{
  "dateTime" : "08/27/23 12:45:00",
  "value" : "10"
},{
  "dateTime" : "08/27/23 13:39:00",
  "value" : "10"
},{
  "dateTime" : "08/27/23 14:34:00",
  "value" : "10"
},{
  "dateTime" : "08/27/23 17:54:00",
  "value" : "10"
},{
  "dateTime" : "08/27/23 18:40:00",
  "value" : "10"
},{
  "dateTime" : "08/27/23 19:56:00",
  "value" : "10"
},{
  "dateTime" : "08/27/23 21:11:00",
  "value" : "10"
},{
  "dateTime" : "08/27/23 23:19:00",
  "value" : "10"
},{
  "dateTime" : "08/28/23 05:28:00",
  "value" : "10"
},{
  "dateTime" : "08/28/23 08:05:00",
  "value" : "10"
},{
  "dateTime" : "08/28/23 11:16:00",
  "value" : "40"
},{
  "dateTime" : "08/28/23 14:12:00",
  "value" : "10"
},{
  "dateTime" : "08/28/23 15:21:00",
  "value" : "10"
},{
  "dateTime" : "08/28/23 15:24:00",
  "value" : "10"
},{
  "dateTime" : "08/28/23 15:30:00",
  "value" : "0"
},{
  "dateTime" : "08/28/23 15:31:00",
  "value" : "0"
},{
  "dateTime" : "08/28/23 15:32:00",
  "value" : "0"
},{
  "dateTime" : "08/28/23 15:33:00",
  "value" : "0"
},{
  "dateTime" : "08/28/23 15:34:00",
  "value" : "0"
},{
  "dateTime" : "08/28/23 15:35:00",
  "value" : "0"
},{
  "dateTime" : "08/28/23 15:36:00",
  "value" : "0"
},{
  "dateTime" : "08/28/23 15:37:00",
  "value" : "0"
},{
  "dateTime" : "08/28/23 15:38:00",
  "value" : "0"
},{
  "dateTime" : "08/28/23 15:39:00",
  "value" : "0"
},{
  "dateTime" : "08/28/23 15:41:00",
  "value" : "0"
},{
  "dateTime" : "08/28/23 15:46:00",
  "value" : "0"
},{
  "dateTime" : "08/28/23 15:47:00",
  "value" : "0"
},{
  "dateTime" : "08/28/23 15:48:00",
  "value" : "0"
},{
  "dateTime" : "08/28/23 15:49:00",
  "value" : "0"
},{
  "dateTime" : "08/28/23 15:51:00",
  "value" : "0"
},{
  "dateTime" : "08/28/23 15:53:00",
  "value" : "0"
},{
  "dateTime" : "08/28/23 15:54:00",
  "value" : "0"
},{
  "dateTime" : "08/28/23 15:55:00",
  "value" : "0"
},{
  "dateTime" : "08/28/23 16:02:00",
  "value" : "0"
},{
  "dateTime" : "08/28/23 16:10:00",
  "value" : "0"
},{
  "dateTime" : "08/28/23 16:13:00",
  "value" : "0"
},{
  "dateTime" : "08/28/23 16:15:00",
  "value" : "0"
},{
  "dateTime" : "08/28/23 16:16:00",
  "value" : "0"
},{
  "dateTime" : "08/28/23 16:17:00",
  "value" : "0"
},{
  "dateTime" : "08/28/23 16:18:00",
  "value" : "0"
},{
  "dateTime" : "08/28/23 16:19:00",
  "value" : "0"
},{
  "dateTime" : "08/28/23 17:26:00",
  "value" : "0"
},{
  "dateTime" : "08/28/23 17:49:00",
  "value" : "0"
},{
  "dateTime" : "08/28/23 17:50:00",
  "value" : "0"
},{
  "dateTime" : "08/28/23 17:52:00",
  "value" : "0"
},{
  "dateTime" : "08/28/23 17:53:00",
  "value" : "0"
},{
  "dateTime" : "08/28/23 17:54:00",
  "value" : "0"
},{
  "dateTime" : "08/28/23 17:55:00",
  "value" : "0"
},{
  "dateTime" : "08/28/23 17:56:00",
  "value" : "0"
},{
  "dateTime" : "08/28/23 17:58:00",
  "value" : "0"
},{
  "dateTime" : "08/28/23 17:59:00",
  "value" : "0"
},{
  "dateTime" : "08/28/23 18:00:00",
  "value" : "0"
},{
  "dateTime" : "08/28/23 18:01:00",
  "value" : "0"
},{
  "dateTime" : "08/28/23 18:02:00",
  "value" : "0"
},{
  "dateTime" : "08/28/23 18:04:00",
  "value" : "0"
},{
  "dateTime" : "08/28/23 19:20:00",
  "value" : "0"
},{
  "dateTime" : "08/28/23 19:21:00",
  "value" : "0"
},{
  "dateTime" : "08/28/23 19:22:00",
  "value" : "0"
},{
  "dateTime" : "08/28/23 19:23:00",
  "value" : "0"
},{
  "dateTime" : "08/28/23 19:24:00",
  "value" : "0"
},{
  "dateTime" : "08/28/23 19:25:00",
  "value" : "0"
},{
  "dateTime" : "08/28/23 19:26:00",
  "value" : "0"
},{
  "dateTime" : "08/28/23 19:27:00",
  "value" : "0"
},{
  "dateTime" : "08/28/23 19:28:00",
  "value" : "0"
},{
  "dateTime" : "08/28/23 19:29:00",
  "value" : "0"
},{
  "dateTime" : "08/28/23 19:30:00",
  "value" : "0"
},{
  "dateTime" : "08/28/23 19:31:00",
  "value" : "0"
},{
  "dateTime" : "08/28/23 19:32:00",
  "value" : "0"
},{
  "dateTime" : "08/28/23 19:33:00",
  "value" : "0"
},{
  "dateTime" : "08/28/23 19:34:00",
  "value" : "0"
},{
  "dateTime" : "08/28/23 19:47:00",
  "value" : "0"
},{
  "dateTime" : "08/28/23 19:48:00",
  "value" : "0"
},{
  "dateTime" : "08/28/23 20:00:00",
  "value" : "0"
},{
  "dateTime" : "08/28/23 20:06:00",
  "value" : "0"
},{
  "dateTime" : "08/28/23 20:07:00",
  "value" : "0"
},{
  "dateTime" : "08/28/23 20:09:00",
  "value" : "0"
},{
  "dateTime" : "08/28/23 20:10:00",
  "value" : "0"
},{
  "dateTime" : "08/28/23 20:15:00",
  "value" : "0"
},{
  "dateTime" : "08/28/23 20:24:00",
  "value" : "0"
},{
  "dateTime" : "08/28/23 20:25:00",
  "value" : "0"
},{
  "dateTime" : "08/28/23 20:26:00",
  "value" : "0"
},{
  "dateTime" : "08/28/23 20:27:00",
  "value" : "0"
},{
  "dateTime" : "08/28/23 20:28:00",
  "value" : "0"
},{
  "dateTime" : "08/28/23 20:29:00",
  "value" : "0"
},{
  "dateTime" : "08/28/23 20:30:00",
  "value" : "0"
},{
  "dateTime" : "08/28/23 20:31:00",
  "value" : "0"
},{
  "dateTime" : "08/28/23 20:32:00",
  "value" : "0"
},{
  "dateTime" : "08/28/23 20:35:00",
  "value" : "0"
},{
  "dateTime" : "08/28/23 20:47:00",
  "value" : "0"
},{
  "dateTime" : "08/28/23 20:48:00",
  "value" : "0"
},{
  "dateTime" : "08/28/23 20:50:00",
  "value" : "0"
},{
  "dateTime" : "08/28/23 20:51:00",
  "value" : "10"
},{
  "dateTime" : "08/28/23 20:59:00",
  "value" : "0"
},{
  "dateTime" : "08/28/23 21:06:00",
  "value" : "0"
},{
  "dateTime" : "08/28/23 21:11:00",
  "value" : "0"
},{
  "dateTime" : "08/28/23 21:16:00",
  "value" : "0"
},{
  "dateTime" : "08/28/23 21:18:00",
  "value" : "0"
},{
  "dateTime" : "08/28/23 21:19:00",
  "value" : "0"
},{
  "dateTime" : "08/28/23 21:28:00",
  "value" : "0"
},{
  "dateTime" : "08/28/23 21:29:00",
  "value" : "0"
},{
  "dateTime" : "08/28/23 21:34:00",
  "value" : "0"
},{
  "dateTime" : "08/28/23 21:40:00",
  "value" : "0"
},{
  "dateTime" : "08/28/23 21:47:00",
  "value" : "0"
},{
  "dateTime" : "08/28/23 22:47:00",
  "value" : "10"
},{
  "dateTime" : "08/28/23 22:54:00",
  "value" : "10"
},{
  "dateTime" : "08/28/23 22:55:00",
  "value" : "0"
},{
  "dateTime" : "08/29/23 00:45:00",
  "value" : "0"
},{
  "dateTime" : "08/29/23 00:49:00",
  "value" : "0"
},{
  "dateTime" : "08/29/23 01:56:00",
  "value" : "0"
},{
  "dateTime" : "08/29/23 03:35:00",
  "value" : "0"
},{
  "dateTime" : "08/29/23 04:17:00",
  "value" : "0"
},{
  "dateTime" : "08/29/23 04:45:00",
  "value" : "0"
},{
  "dateTime" : "08/29/23 04:52:00",
  "value" : "0"
},{
  "dateTime" : "08/29/23 05:44:00",
  "value" : "0"
},{
  "dateTime" : "08/29/23 05:45:00",
  "value" : "0"
},{
  "dateTime" : "08/29/23 06:38:00",
  "value" : "0"
},{
  "dateTime" : "08/29/23 07:23:00",
  "value" : "0"
},{
  "dateTime" : "08/29/23 07:26:00",
  "value" : "0"
},{
  "dateTime" : "08/29/23 07:27:00",
  "value" : "0"
},{
  "dateTime" : "08/29/23 07:30:00",
  "value" : "0"
},{
  "dateTime" : "08/29/23 07:31:00",
  "value" : "0"
},{
  "dateTime" : "08/29/23 07:34:00",
  "value" : "0"
},{
  "dateTime" : "08/29/23 07:36:00",
  "value" : "10"
},{
  "dateTime" : "08/29/23 07:39:00",
  "value" : "0"
},{
  "dateTime" : "08/29/23 08:21:00",
  "value" : "0"
},{
  "dateTime" : "08/29/23 08:23:00",
  "value" : "10"
},{
  "dateTime" : "08/29/23 08:25:00",
  "value" : "0"
},{
  "dateTime" : "08/29/23 08:26:00",
  "value" : "0"
},{
  "dateTime" : "08/29/23 08:34:00",
  "value" : "0"
},{
  "dateTime" : "08/29/23 08:49:00",
  "value" : "0"
},{
  "dateTime" : "08/29/23 08:55:00",
  "value" : "0"
},{
  "dateTime" : "08/29/23 08:57:00",
  "value" : "0"
},{
  "dateTime" : "08/29/23 09:05:00",
  "value" : "0"
},{
  "dateTime" : "08/29/23 09:21:00",
  "value" : "0"
},{
  "dateTime" : "08/29/23 09:23:00",
  "value" : "0"
},{
  "dateTime" : "08/29/23 09:25:00",
  "value" : "0"
},{
  "dateTime" : "08/29/23 09:44:00",
  "value" : "0"
},{
  "dateTime" : "08/29/23 09:50:00",
  "value" : "0"
},{
  "dateTime" : "08/29/23 09:54:00",
  "value" : "0"
},{
  "dateTime" : "08/29/23 10:04:00",
  "value" : "0"
},{
  "dateTime" : "08/29/23 10:43:00",
  "value" : "0"
},{
  "dateTime" : "08/29/23 10:46:00",
  "value" : "0"
},{
  "dateTime" : "08/29/23 10:47:00",
  "value" : "0"
},{
  "dateTime" : "08/29/23 10:48:00",
  "value" : "0"
},{
  "dateTime" : "08/29/23 10:50:00",
  "value" : "0"
},{
  "dateTime" : "08/29/23 10:55:00",
  "value" : "10"
},{
  "dateTime" : "08/29/23 11:10:00",
  "value" : "0"
},{
  "dateTime" : "08/29/23 11:53:00",
  "value" : "10"
},{
  "dateTime" : "08/29/23 12:15:00",
  "value" : "0"
},{
  "dateTime" : "08/29/23 12:38:00",
  "value" : "10"
},{
  "dateTime" : "08/29/23 12:39:00",
  "value" : "0"
},{
  "dateTime" : "08/29/23 12:44:00",
  "value" : "0"
},{
  "dateTime" : "08/29/23 12:50:00",
  "value" : "0"
},{
  "dateTime" : "08/29/23 12:58:00",
  "value" : "0"
},{
  "dateTime" : "08/29/23 13:02:00",
  "value" : "0"
},{
  "dateTime" : "08/29/23 13:18:00",
  "value" : "0"
},{
  "dateTime" : "08/29/23 13:26:00",
  "value" : "0"
},{
  "dateTime" : "08/29/23 13:33:00",
  "value" : "0"
},{
  "dateTime" : "08/29/23 13:39:00",
  "value" : "0"
},{
  "dateTime" : "08/29/23 13:41:00",
  "value" : "10"
},{
  "dateTime" : "08/29/23 13:42:00",
  "value" : "0"
},{
  "dateTime" : "08/29/23 13:43:00",
  "value" : "0"
},{
  "dateTime" : "08/29/23 13:57:00",
  "value" : "0"
},{
  "dateTime" : "08/29/23 13:58:00",
  "value" : "0"
},{
  "dateTime" : "08/29/23 14:03:00",
  "value" : "0"
},{
  "dateTime" : "08/29/23 14:13:00",
  "value" : "0"
},{
  "dateTime" : "08/29/23 14:23:00",
  "value" : "0"
},{
  "dateTime" : "08/29/23 14:24:00",
  "value" : "0"
},{
  "dateTime" : "08/29/23 14:41:00",
  "value" : "0"
},{
  "dateTime" : "08/29/23 14:50:00",
  "value" : "0"
},{
  "dateTime" : "08/29/23 14:51:00",
  "value" : "0"
},{
  "dateTime" : "08/29/23 14:55:00",
  "value" : "10"
},{
  "dateTime" : "08/29/23 15:06:00",
  "value" : "0"
},{
  "dateTime" : "08/29/23 15:10:00",
  "value" : "0"
},{
  "dateTime" : "08/29/23 15:12:00",
  "value" : "0"
},{
  "dateTime" : "08/29/23 15:14:00",
  "value" : "0"
},{
  "dateTime" : "08/29/23 15:17:00",
  "value" : "0"
},{
  "dateTime" : "08/29/23 15:19:00",
  "value" : "0"
},{
  "dateTime" : "08/29/23 15:30:00",
  "value" : "0"
},{
  "dateTime" : "08/29/23 15:31:00",
  "value" : "0"
},{
  "dateTime" : "08/29/23 15:50:00",
  "value" : "0"
},{
  "dateTime" : "08/29/23 16:50:00",
  "value" : "0"
},{
  "dateTime" : "08/29/23 17:10:00",
  "value" : "0"
},{
  "dateTime" : "08/29/23 17:28:00",
  "value" : "0"
},{
  "dateTime" : "08/29/23 17:40:00",
  "value" : "0"
},{
  "dateTime" : "08/29/23 17:41:00",
  "value" : "0"
},{
  "dateTime" : "08/29/23 17:45:00",
  "value" : "0"
},{
  "dateTime" : "08/29/23 18:40:00",
  "value" : "0"
},{
  "dateTime" : "08/29/23 18:41:00",
  "value" : "0"
},{
  "dateTime" : "08/29/23 18:42:00",
  "value" : "0"
},{
  "dateTime" : "08/29/23 18:57:00",
  "value" : "0"
},{
  "dateTime" : "08/29/23 19:01:00",
  "value" : "0"
},{
  "dateTime" : "08/29/23 19:02:00",
  "value" : "0"
},{
  "dateTime" : "08/29/23 19:19:00",
  "value" : "0"
},{
  "dateTime" : "08/29/23 19:31:00",
  "value" : "0"
},{
  "dateTime" : "08/29/23 19:38:00",
  "value" : "0"
},{
  "dateTime" : "08/29/23 19:39:00",
  "value" : "0"
},{
  "dateTime" : "08/29/23 19:49:00",
  "value" : "10"
},{
  "dateTime" : "08/29/23 20:00:00",
  "value" : "0"
},{
  "dateTime" : "08/29/23 20:03:00",
  "value" : "0"
},{
  "dateTime" : "08/29/23 20:04:00",
  "value" : "0"
},{
  "dateTime" : "08/29/23 20:05:00",
  "value" : "0"
},{
  "dateTime" : "08/29/23 20:06:00",
  "value" : "0"
},{
  "dateTime" : "08/29/23 20:07:00",
  "value" : "0"
},{
  "dateTime" : "08/29/23 20:08:00",
  "value" : "0"
},{
  "dateTime" : "08/29/23 20:09:00",
  "value" : "0"
},{
  "dateTime" : "08/29/23 20:10:00",
  "value" : "0"
},{
  "dateTime" : "08/29/23 20:11:00",
  "value" : "0"
},{
  "dateTime" : "08/29/23 20:12:00",
  "value" : "0"
},{
  "dateTime" : "08/29/23 20:13:00",
  "value" : "0"
},{
  "dateTime" : "08/29/23 20:14:00",
  "value" : "0"
},{
  "dateTime" : "08/29/23 20:15:00",
  "value" : "0"
},{
  "dateTime" : "08/29/23 20:18:00",
  "value" : "0"
},{
  "dateTime" : "08/29/23 20:19:00",
  "value" : "0"
},{
  "dateTime" : "08/29/23 20:21:00",
  "value" : "0"
},{
  "dateTime" : "08/29/23 20:22:00",
  "value" : "0"
},{
  "dateTime" : "08/29/23 20:23:00",
  "value" : "0"
},{
  "dateTime" : "08/29/23 20:25:00",
  "value" : "0"
},{
  "dateTime" : "08/29/23 20:26:00",
  "value" : "0"
},{
  "dateTime" : "08/29/23 20:27:00",
  "value" : "0"
},{
  "dateTime" : "08/29/23 20:30:00",
  "value" : "0"
},{
  "dateTime" : "08/29/23 20:31:00",
  "value" : "0"
},{
  "dateTime" : "08/29/23 20:36:00",
  "value" : "0"
},{
  "dateTime" : "08/29/23 20:38:00",
  "value" : "0"
},{
  "dateTime" : "08/29/23 20:41:00",
  "value" : "0"
},{
  "dateTime" : "08/29/23 20:46:00",
  "value" : "0"
},{
  "dateTime" : "08/29/23 20:53:00",
  "value" : "0"
},{
  "dateTime" : "08/29/23 20:58:00",
  "value" : "0"
},{
  "dateTime" : "08/29/23 21:07:00",
  "value" : "0"
},{
  "dateTime" : "08/29/23 21:36:00",
  "value" : "0"
},{
  "dateTime" : "08/29/23 21:39:00",
  "value" : "0"
},{
  "dateTime" : "08/29/23 21:40:00",
  "value" : "0"
},{
  "dateTime" : "08/29/23 21:54:00",
  "value" : "0"
},{
  "dateTime" : "08/29/23 21:57:00",
  "value" : "0"
},{
  "dateTime" : "08/29/23 22:05:00",
  "value" : "0"
},{
  "dateTime" : "08/29/23 22:18:00",
  "value" : "10"
},{
  "dateTime" : "08/29/23 23:00:00",
  "value" : "0"
},{
  "dateTime" : "08/30/23 01:04:00",
  "value" : "0"
},{
  "dateTime" : "08/30/23 02:09:00",
  "value" : "0"
},{
  "dateTime" : "08/30/23 02:11:00",
  "value" : "0"
},{
  "dateTime" : "08/30/23 02:39:00",
  "value" : "0"
},{
  "dateTime" : "08/30/23 03:44:00",
  "value" : "0"
},{
  "dateTime" : "08/30/23 03:45:00",
  "value" : "0"
},{
  "dateTime" : "08/30/23 04:16:00",
  "value" : "0"
},{
  "dateTime" : "08/30/23 04:32:00",
  "value" : "0"
},{
  "dateTime" : "08/30/23 04:46:00",
  "value" : "0"
},{
  "dateTime" : "08/30/23 04:47:00",
  "value" : "0"
},{
  "dateTime" : "08/30/23 04:59:00",
  "value" : "0"
},{
  "dateTime" : "08/30/23 05:15:00",
  "value" : "0"
},{
  "dateTime" : "08/30/23 05:18:00",
  "value" : "0"
},{
  "dateTime" : "08/30/23 06:11:00",
  "value" : "0"
},{
  "dateTime" : "08/30/23 06:34:00",
  "value" : "0"
},{
  "dateTime" : "08/30/23 06:54:00",
  "value" : "0"
},{
  "dateTime" : "08/30/23 07:14:00",
  "value" : "0"
},{
  "dateTime" : "08/30/23 07:15:00",
  "value" : "0"
},{
  "dateTime" : "08/30/23 07:20:00",
  "value" : "0"
},{
  "dateTime" : "08/30/23 07:36:00",
  "value" : "0"
},{
  "dateTime" : "08/30/23 08:07:00",
  "value" : "0"
},{
  "dateTime" : "08/30/23 08:11:00",
  "value" : "0"
},{
  "dateTime" : "08/30/23 08:29:00",
  "value" : "0"
},{
  "dateTime" : "08/30/23 08:30:00",
  "value" : "0"
},{
  "dateTime" : "08/30/23 08:38:00",
  "value" : "0"
},{
  "dateTime" : "08/30/23 08:57:00",
  "value" : "0"
},{
  "dateTime" : "08/30/23 08:59:00",
  "value" : "0"
},{
  "dateTime" : "08/30/23 09:04:00",
  "value" : "0"
},{
  "dateTime" : "08/30/23 09:15:00",
  "value" : "0"
},{
  "dateTime" : "08/30/23 09:25:00",
  "value" : "0"
},{
  "dateTime" : "08/30/23 09:40:00",
  "value" : "0"
},{
  "dateTime" : "08/30/23 09:49:00",
  "value" : "0"
},{
  "dateTime" : "08/30/23 09:50:00",
  "value" : "0"
},{
  "dateTime" : "08/30/23 09:51:00",
  "value" : "0"
},{
  "dateTime" : "08/30/23 10:00:00",
  "value" : "0"
},{
  "dateTime" : "08/30/23 10:02:00",
  "value" : "0"
},{
  "dateTime" : "08/30/23 10:17:00",
  "value" : "0"
},{
  "dateTime" : "08/30/23 10:30:00",
  "value" : "0"
},{
  "dateTime" : "08/30/23 10:50:00",
  "value" : "0"
},{
  "dateTime" : "08/30/23 11:05:00",
  "value" : "0"
},{
  "dateTime" : "08/30/23 11:08:00",
  "value" : "0"
},{
  "dateTime" : "08/30/23 11:12:00",
  "value" : "30"
},{
  "dateTime" : "08/30/23 11:13:00",
  "value" : "20"
},{
  "dateTime" : "08/30/23 11:16:00",
  "value" : "0"
},{
  "dateTime" : "08/30/23 11:17:00",
  "value" : "0"
},{
  "dateTime" : "08/30/23 11:37:00",
  "value" : "0"
},{
  "dateTime" : "08/30/23 11:38:00",
  "value" : "0"
},{
  "dateTime" : "08/30/23 12:08:00",
  "value" : "0"
},{
  "dateTime" : "08/30/23 12:09:00",
  "value" : "0"
},{
  "dateTime" : "08/30/23 12:35:00",
  "value" : "0"
},{
  "dateTime" : "08/30/23 12:50:00",
  "value" : "0"
},{
  "dateTime" : "08/30/23 13:33:00",
  "value" : "0"
},{
  "dateTime" : "08/30/23 13:48:00",
  "value" : "0"
},{
  "dateTime" : "08/30/23 13:50:00",
  "value" : "0"
},{
  "dateTime" : "08/30/23 13:57:00",
  "value" : "0"
},{
  "dateTime" : "08/30/23 13:58:00",
  "value" : "0"
},{
  "dateTime" : "08/30/23 14:00:00",
  "value" : "0"
},{
  "dateTime" : "08/30/23 14:07:00",
  "value" : "0"
},{
  "dateTime" : "08/30/23 14:08:00",
  "value" : "0"
},{
  "dateTime" : "08/30/23 14:09:00",
  "value" : "0"
},{
  "dateTime" : "08/30/23 14:25:00",
  "value" : "0"
},{
  "dateTime" : "08/30/23 14:40:00",
  "value" : "10"
},{
  "dateTime" : "08/30/23 14:41:00",
  "value" : "0"
},{
  "dateTime" : "08/30/23 14:45:00",
  "value" : "0"
},{
  "dateTime" : "08/30/23 14:55:00",
  "value" : "10"
},{
  "dateTime" : "08/30/23 16:21:00",
  "value" : "0"
},{
  "dateTime" : "08/30/23 16:22:00",
  "value" : "0"
},{
  "dateTime" : "08/30/23 16:24:00",
  "value" : "0"
},{
  "dateTime" : "08/30/23 16:34:00",
  "value" : "0"
},{
  "dateTime" : "08/30/23 16:35:00",
  "value" : "0"
},{
  "dateTime" : "08/30/23 16:36:00",
  "value" : "0"
},{
  "dateTime" : "08/30/23 16:37:00",
  "value" : "0"
},{
  "dateTime" : "08/30/23 16:50:00",
  "value" : "0"
},{
  "dateTime" : "08/30/23 17:07:00",
  "value" : "0"
},{
  "dateTime" : "08/30/23 17:13:00",
  "value" : "0"
},{
  "dateTime" : "08/30/23 17:20:00",
  "value" : "0"
},{
  "dateTime" : "08/30/23 17:38:00",
  "value" : "0"
},{
  "dateTime" : "08/30/23 17:39:00",
  "value" : "0"
},{
  "dateTime" : "08/30/23 17:50:00",
  "value" : "0"
},{
  "dateTime" : "08/30/23 17:55:00",
  "value" : "0"
},{
  "dateTime" : "08/30/23 17:56:00",
  "value" : "0"
},{
  "dateTime" : "08/30/23 18:07:00",
  "value" : "0"
},{
  "dateTime" : "08/30/23 18:09:00",
  "value" : "0"
},{
  "dateTime" : "08/30/23 19:16:00",
  "value" : "0"
},{
  "dateTime" : "08/30/23 19:25:00",
  "value" : "0"
},{
  "dateTime" : "08/30/23 19:27:00",
  "value" : "0"
},{
  "dateTime" : "08/30/23 19:28:00",
  "value" : "10"
},{
  "dateTime" : "08/30/23 19:33:00",
  "value" : "10"
},{
  "dateTime" : "08/30/23 19:51:00",
  "value" : "0"
},{
  "dateTime" : "08/30/23 19:52:00",
  "value" : "0"
},{
  "dateTime" : "08/30/23 19:57:00",
  "value" : "0"
},{
  "dateTime" : "08/30/23 20:02:00",
  "value" : "0"
},{
  "dateTime" : "08/30/23 20:09:00",
  "value" : "0"
},{
  "dateTime" : "08/30/23 20:21:00",
  "value" : "10"
},{
  "dateTime" : "08/30/23 20:41:00",
  "value" : "0"
},{
  "dateTime" : "08/30/23 20:43:00",
  "value" : "10"
},{
  "dateTime" : "08/30/23 20:44:00",
  "value" : "0"
},{
  "dateTime" : "08/30/23 20:47:00",
  "value" : "10"
},{
  "dateTime" : "08/30/23 22:02:00",
  "value" : "0"
},{
  "dateTime" : "08/30/23 22:05:00",
  "value" : "10"
},{
  "dateTime" : "08/30/23 22:06:00",
  "value" : "10"
},{
  "dateTime" : "08/30/23 22:11:00",
  "value" : "0"
},{
  "dateTime" : "08/30/23 22:20:00",
  "value" : "0"
},{
  "dateTime" : "08/30/23 22:32:00",
  "value" : "0"
},{
  "dateTime" : "08/31/23 00:41:00",
  "value" : "0"
},{
  "dateTime" : "08/31/23 01:55:00",
  "value" : "0"
},{
  "dateTime" : "08/31/23 01:58:00",
  "value" : "10"
},{
  "dateTime" : "08/31/23 03:30:00",
  "value" : "0"
},{
  "dateTime" : "08/31/23 04:16:00",
  "value" : "0"
},{
  "dateTime" : "08/31/23 04:57:00",
  "value" : "0"
},{
  "dateTime" : "08/31/23 06:45:00",
  "value" : "0"
},{
  "dateTime" : "08/31/23 08:13:00",
  "value" : "0"
},{
  "dateTime" : "08/31/23 08:17:00",
  "value" : "10"
},{
  "dateTime" : "08/31/23 08:18:00",
  "value" : "0"
},{
  "dateTime" : "08/31/23 10:06:00",
  "value" : "0"
},{
  "dateTime" : "08/31/23 10:07:00",
  "value" : "0"
},{
  "dateTime" : "08/31/23 10:16:00",
  "value" : "0"
},{
  "dateTime" : "08/31/23 10:17:00",
  "value" : "0"
},{
  "dateTime" : "08/31/23 10:19:00",
  "value" : "0"
},{
  "dateTime" : "08/31/23 10:45:00",
  "value" : "0"
},{
  "dateTime" : "08/31/23 10:46:00",
  "value" : "0"
},{
  "dateTime" : "08/31/23 10:47:00",
  "value" : "0"
},{
  "dateTime" : "08/31/23 10:48:00",
  "value" : "0"
},{
  "dateTime" : "08/31/23 10:50:00",
  "value" : "0"
},{
  "dateTime" : "08/31/23 10:52:00",
  "value" : "0"
},{
  "dateTime" : "08/31/23 11:03:00",
  "value" : "0"
},{
  "dateTime" : "08/31/23 11:05:00",
  "value" : "0"
},{
  "dateTime" : "08/31/23 11:32:00",
  "value" : "0"
},{
  "dateTime" : "08/31/23 11:33:00",
  "value" : "0"
},{
  "dateTime" : "08/31/23 11:36:00",
  "value" : "0"
},{
  "dateTime" : "08/31/23 11:40:00",
  "value" : "0"
},{
  "dateTime" : "08/31/23 11:41:00",
  "value" : "0"
},{
  "dateTime" : "08/31/23 11:58:00",
  "value" : "0"
},{
  "dateTime" : "08/31/23 11:59:00",
  "value" : "0"
},{
  "dateTime" : "08/31/23 12:09:00",
  "value" : "0"
},{
  "dateTime" : "08/31/23 12:12:00",
  "value" : "0"
},{
  "dateTime" : "08/31/23 13:04:00",
  "value" : "0"
},{
  "dateTime" : "08/31/23 13:05:00",
  "value" : "0"
},{
  "dateTime" : "08/31/23 13:06:00",
  "value" : "0"
},{
  "dateTime" : "08/31/23 13:08:00",
  "value" : "0"
},{
  "dateTime" : "08/31/23 13:09:00",
  "value" : "0"
},{
  "dateTime" : "08/31/23 13:10:00",
  "value" : "0"
},{
  "dateTime" : "08/31/23 13:24:00",
  "value" : "0"
},{
  "dateTime" : "08/31/23 13:35:00",
  "value" : "0"
},{
  "dateTime" : "08/31/23 13:38:00",
  "value" : "10"
},{
  "dateTime" : "08/31/23 13:48:00",
  "value" : "10"
},{
  "dateTime" : "08/31/23 13:51:00",
  "value" : "10"
},{
  "dateTime" : "08/31/23 14:20:00",
  "value" : "0"
},{
  "dateTime" : "08/31/23 14:34:00",
  "value" : "0"
},{
  "dateTime" : "08/31/23 14:36:00",
  "value" : "0"
},{
  "dateTime" : "08/31/23 14:37:00",
  "value" : "0"
},{
  "dateTime" : "08/31/23 14:50:00",
  "value" : "0"
},{
  "dateTime" : "08/31/23 15:00:00",
  "value" : "0"
},{
  "dateTime" : "08/31/23 15:01:00",
  "value" : "0"
},{
  "dateTime" : "08/31/23 15:11:00",
  "value" : "0"
},{
  "dateTime" : "08/31/23 15:25:00",
  "value" : "0"
},{
  "dateTime" : "08/31/23 15:40:00",
  "value" : "0"
},{
  "dateTime" : "08/31/23 15:50:00",
  "value" : "0"
},{
  "dateTime" : "08/31/23 15:52:00",
  "value" : "0"
},{
  "dateTime" : "08/31/23 15:56:00",
  "value" : "0"
},{
  "dateTime" : "08/31/23 15:57:00",
  "value" : "0"
},{
  "dateTime" : "08/31/23 15:59:00",
  "value" : "0"
},{
  "dateTime" : "08/31/23 16:03:00",
  "value" : "0"
},{
  "dateTime" : "08/31/23 16:04:00",
  "value" : "0"
},{
  "dateTime" : "08/31/23 16:26:00",
  "value" : "0"
},{
  "dateTime" : "08/31/23 16:27:00",
  "value" : "10"
},{
  "dateTime" : "08/31/23 16:28:00",
  "value" : "0"
},{
  "dateTime" : "08/31/23 16:29:00",
  "value" : "0"
},{
  "dateTime" : "08/31/23 16:30:00",
  "value" : "0"
},{
  "dateTime" : "08/31/23 16:35:00",
  "value" : "0"
},{
  "dateTime" : "08/31/23 16:49:00",
  "value" : "0"
},{
  "dateTime" : "08/31/23 16:55:00",
  "value" : "0"
},{
  "dateTime" : "08/31/23 16:59:00",
  "value" : "0"
},{
  "dateTime" : "08/31/23 17:00:00",
  "value" : "0"
},{
  "dateTime" : "08/31/23 17:01:00",
  "value" : "0"
},{
  "dateTime" : "08/31/23 17:13:00",
  "value" : "0"
},{
  "dateTime" : "08/31/23 17:27:00",
  "value" : "0"
},{
  "dateTime" : "08/31/23 17:56:00",
  "value" : "0"
},{
  "dateTime" : "08/31/23 18:02:00",
  "value" : "0"
},{
  "dateTime" : "08/31/23 18:21:00",
  "value" : "0"
},{
  "dateTime" : "08/31/23 18:26:00",
  "value" : "0"
},{
  "dateTime" : "08/31/23 18:37:00",
  "value" : "0"
},{
  "dateTime" : "08/31/23 18:58:00",
  "value" : "0"
},{
  "dateTime" : "08/31/23 19:11:00",
  "value" : "0"
},{
  "dateTime" : "08/31/23 19:15:00",
  "value" : "0"
},{
  "dateTime" : "08/31/23 19:20:00",
  "value" : "10"
},{
  "dateTime" : "08/31/23 19:22:00",
  "value" : "0"
},{
  "dateTime" : "08/31/23 19:23:00",
  "value" : "0"
},{
  "dateTime" : "08/31/23 20:40:00",
  "value" : "0"
},{
  "dateTime" : "08/31/23 20:50:00",
  "value" : "0"
},{
  "dateTime" : "08/31/23 20:51:00",
  "value" : "0"
},{
  "dateTime" : "08/31/23 21:15:00",
  "value" : "0"
},{
  "dateTime" : "08/31/23 21:27:00",
  "value" : "0"
},{
  "dateTime" : "08/31/23 21:32:00",
  "value" : "0"
},{
  "dateTime" : "08/31/23 21:34:00",
  "value" : "0"
},{
  "dateTime" : "08/31/23 21:35:00",
  "value" : "0"
},{
  "dateTime" : "08/31/23 22:18:00",
  "value" : "0"
},{
  "dateTime" : "08/31/23 23:06:00",
  "value" : "0"
},{
  "dateTime" : "08/31/23 23:08:00",
  "value" : "0"
},{
  "dateTime" : "08/31/23 23:11:00",
  "value" : "10"
},{
  "dateTime" : "08/31/23 23:33:00",
  "value" : "0"
},{
  "dateTime" : "08/31/23 23:34:00",
  "value" : "0"
},{
  "dateTime" : "08/31/23 23:41:00",
  "value" : "0"
},{
  "dateTime" : "09/01/23 00:16:00",
  "value" : "0"
},{
  "dateTime" : "09/01/23 00:44:00",
  "value" : "0"
},{
  "dateTime" : "09/01/23 03:07:00",
  "value" : "0"
},{
  "dateTime" : "09/01/23 03:18:00",
  "value" : "0"
},{
  "dateTime" : "09/01/23 03:19:00",
  "value" : "0"
},{
  "dateTime" : "09/01/23 03:24:00",
  "value" : "0"
},{
  "dateTime" : "09/01/23 03:25:00",
  "value" : "10"
},{
  "dateTime" : "09/01/23 05:20:00",
  "value" : "0"
},{
  "dateTime" : "09/01/23 05:35:00",
  "value" : "0"
},{
  "dateTime" : "09/01/23 05:40:00",
  "value" : "0"
},{
  "dateTime" : "09/01/23 07:03:00",
  "value" : "0"
},{
  "dateTime" : "09/01/23 07:10:00",
  "value" : "10"
},{
  "dateTime" : "09/01/23 07:18:00",
  "value" : "0"
},{
  "dateTime" : "09/01/23 07:19:00",
  "value" : "0"
},{
  "dateTime" : "09/01/23 07:20:00",
  "value" : "0"
},{
  "dateTime" : "09/01/23 07:42:00",
  "value" : "0"
},{
  "dateTime" : "09/01/23 08:31:00",
  "value" : "0"
},{
  "dateTime" : "09/01/23 08:45:00",
  "value" : "0"
},{
  "dateTime" : "09/01/23 09:01:00",
  "value" : "10"
},{
  "dateTime" : "09/01/23 09:05:00",
  "value" : "10"
},{
  "dateTime" : "09/01/23 09:12:00",
  "value" : "0"
},{
  "dateTime" : "09/01/23 09:51:00",
  "value" : "0"
},{
  "dateTime" : "09/01/23 10:01:00",
  "value" : "0"
},{
  "dateTime" : "09/01/23 10:03:00",
  "value" : "0"
},{
  "dateTime" : "09/01/23 10:06:00",
  "value" : "0"
},{
  "dateTime" : "09/01/23 10:44:00",
  "value" : "0"
},{
  "dateTime" : "09/01/23 10:50:00",
  "value" : "0"
},{
  "dateTime" : "09/01/23 10:52:00",
  "value" : "0"
},{
  "dateTime" : "09/01/23 10:54:00",
  "value" : "20"
},{
  "dateTime" : "09/01/23 10:55:00",
  "value" : "20"
},{
  "dateTime" : "09/01/23 10:57:00",
  "value" : "0"
},{
  "dateTime" : "09/01/23 10:58:00",
  "value" : "0"
},{
  "dateTime" : "09/01/23 11:10:00",
  "value" : "0"
},{
  "dateTime" : "09/01/23 11:24:00",
  "value" : "0"
},{
  "dateTime" : "09/01/23 11:50:00",
  "value" : "0"
},{
  "dateTime" : "09/01/23 11:54:00",
  "value" : "0"
},{
  "dateTime" : "09/01/23 11:55:00",
  "value" : "0"
},{
  "dateTime" : "09/01/23 12:05:00",
  "value" : "0"
},{
  "dateTime" : "09/01/23 12:18:00",
  "value" : "0"
},{
  "dateTime" : "09/01/23 12:31:00",
  "value" : "0"
},{
  "dateTime" : "09/01/23 12:45:00",
  "value" : "0"
},{
  "dateTime" : "09/01/23 12:56:00",
  "value" : "0"
},{
  "dateTime" : "09/01/23 13:15:00",
  "value" : "0"
},{
  "dateTime" : "09/01/23 13:22:00",
  "value" : "0"
},{
  "dateTime" : "09/01/23 13:39:00",
  "value" : "0"
},{
  "dateTime" : "09/01/23 13:57:00",
  "value" : "0"
},{
  "dateTime" : "09/01/23 14:11:00",
  "value" : "0"
},{
  "dateTime" : "09/01/23 14:12:00",
  "value" : "0"
},{
  "dateTime" : "09/01/23 14:19:00",
  "value" : "0"
},{
  "dateTime" : "09/01/23 14:51:00",
  "value" : "0"
},{
  "dateTime" : "09/01/23 14:52:00",
  "value" : "0"
},{
  "dateTime" : "09/01/23 14:53:00",
  "value" : "0"
},{
  "dateTime" : "09/01/23 14:56:00",
  "value" : "0"
},{
  "dateTime" : "09/01/23 14:57:00",
  "value" : "0"
},{
  "dateTime" : "09/01/23 17:46:00",
  "value" : "0"
},{
  "dateTime" : "09/01/23 17:47:00",
  "value" : "0"
},{
  "dateTime" : "09/01/23 17:50:00",
  "value" : "0"
},{
  "dateTime" : "09/01/23 18:00:00",
  "value" : "0"
},{
  "dateTime" : "09/01/23 18:24:00",
  "value" : "0"
},{
  "dateTime" : "09/01/23 18:26:00",
  "value" : "10"
},{
  "dateTime" : "09/01/23 18:57:00",
  "value" : "0"
},{
  "dateTime" : "09/01/23 18:58:00",
  "value" : "0"
},{
  "dateTime" : "09/01/23 19:17:00",
  "value" : "0"
},{
  "dateTime" : "09/01/23 19:38:00",
  "value" : "0"
},{
  "dateTime" : "09/01/23 19:39:00",
  "value" : "0"
},{
  "dateTime" : "09/01/23 20:00:00",
  "value" : "0"
},{
  "dateTime" : "09/01/23 22:36:00",
  "value" : "0"
},{
  "dateTime" : "09/01/23 22:40:00",
  "value" : "10"
},{
  "dateTime" : "09/01/23 22:51:00",
  "value" : "0"
},{
  "dateTime" : "09/01/23 22:52:00",
  "value" : "0"
},{
  "dateTime" : "09/02/23 03:08:00",
  "value" : "0"
},{
  "dateTime" : "09/02/23 07:31:00",
  "value" : "0"
},{
  "dateTime" : "09/02/23 09:02:00",
  "value" : "0"
},{
  "dateTime" : "09/02/23 09:03:00",
  "value" : "0"
},{
  "dateTime" : "09/02/23 09:12:00",
  "value" : "0"
},{
  "dateTime" : "09/02/23 09:14:00",
  "value" : "0"
},{
  "dateTime" : "09/02/23 09:45:00",
  "value" : "0"
},{
  "dateTime" : "09/02/23 10:23:00",
  "value" : "0"
},{
  "dateTime" : "09/02/23 10:27:00",
  "value" : "0"
},{
  "dateTime" : "09/02/23 10:28:00",
  "value" : "0"
},{
  "dateTime" : "09/02/23 10:29:00",
  "value" : "10"
},{
  "dateTime" : "09/02/23 10:31:00",
  "value" : "0"
},{
  "dateTime" : "09/02/23 10:32:00",
  "value" : "0"
},{
  "dateTime" : "09/02/23 10:33:00",
  "value" : "0"
},{
  "dateTime" : "09/02/23 10:40:00",
  "value" : "0"
},{
  "dateTime" : "09/02/23 10:41:00",
  "value" : "10"
},{
  "dateTime" : "09/02/23 10:44:00",
  "value" : "0"
},{
  "dateTime" : "09/02/23 10:47:00",
  "value" : "0"
},{
  "dateTime" : "09/02/23 10:48:00",
  "value" : "0"
},{
  "dateTime" : "09/02/23 10:50:00",
  "value" : "0"
},{
  "dateTime" : "09/02/23 10:51:00",
  "value" : "0"
},{
  "dateTime" : "09/02/23 10:52:00",
  "value" : "0"
},{
  "dateTime" : "09/02/23 10:53:00",
  "value" : "0"
},{
  "dateTime" : "09/02/23 10:56:00",
  "value" : "0"
},{
  "dateTime" : "09/02/23 10:57:00",
  "value" : "0"
},{
  "dateTime" : "09/02/23 11:00:00",
  "value" : "0"
},{
  "dateTime" : "09/02/23 11:01:00",
  "value" : "0"
},{
  "dateTime" : "09/02/23 11:04:00",
  "value" : "0"
},{
  "dateTime" : "09/02/23 11:05:00",
  "value" : "0"
},{
  "dateTime" : "09/02/23 11:06:00",
  "value" : "0"
},{
  "dateTime" : "09/02/23 11:07:00",
  "value" : "0"
},{
  "dateTime" : "09/02/23 11:08:00",
  "value" : "0"
},{
  "dateTime" : "09/02/23 11:10:00",
  "value" : "0"
},{
  "dateTime" : "09/02/23 11:11:00",
  "value" : "0"
},{
  "dateTime" : "09/02/23 11:15:00",
  "value" : "0"
},{
  "dateTime" : "09/02/23 11:16:00",
  "value" : "0"
},{
  "dateTime" : "09/02/23 11:18:00",
  "value" : "0"
},{
  "dateTime" : "09/02/23 11:20:00",
  "value" : "0"
},{
  "dateTime" : "09/02/23 11:21:00",
  "value" : "0"
},{
  "dateTime" : "09/02/23 11:23:00",
  "value" : "0"
},{
  "dateTime" : "09/02/23 11:24:00",
  "value" : "0"
},{
  "dateTime" : "09/02/23 11:26:00",
  "value" : "0"
},{
  "dateTime" : "09/02/23 11:27:00",
  "value" : "0"
},{
  "dateTime" : "09/02/23 11:29:00",
  "value" : "0"
},{
  "dateTime" : "09/02/23 11:30:00",
  "value" : "0"
},{
  "dateTime" : "09/02/23 11:31:00",
  "value" : "0"
},{
  "dateTime" : "09/02/23 11:32:00",
  "value" : "0"
},{
  "dateTime" : "09/02/23 11:33:00",
  "value" : "0"
},{
  "dateTime" : "09/02/23 11:34:00",
  "value" : "0"
},{
  "dateTime" : "09/02/23 11:35:00",
  "value" : "0"
},{
  "dateTime" : "09/02/23 11:36:00",
  "value" : "0"
},{
  "dateTime" : "09/02/23 11:37:00",
  "value" : "0"
},{
  "dateTime" : "09/02/23 11:38:00",
  "value" : "0"
},{
  "dateTime" : "09/02/23 11:39:00",
  "value" : "0"
},{
  "dateTime" : "09/02/23 11:40:00",
  "value" : "0"
},{
  "dateTime" : "09/02/23 11:41:00",
  "value" : "0"
},{
  "dateTime" : "09/02/23 11:42:00",
  "value" : "0"
},{
  "dateTime" : "09/02/23 11:44:00",
  "value" : "0"
},{
  "dateTime" : "09/02/23 11:46:00",
  "value" : "0"
},{
  "dateTime" : "09/02/23 11:47:00",
  "value" : "0"
},{
  "dateTime" : "09/02/23 11:51:00",
  "value" : "0"
},{
  "dateTime" : "09/02/23 11:53:00",
  "value" : "0"
},{
  "dateTime" : "09/02/23 11:54:00",
  "value" : "0"
},{
  "dateTime" : "09/02/23 11:55:00",
  "value" : "0"
},{
  "dateTime" : "09/02/23 11:56:00",
  "value" : "0"
},{
  "dateTime" : "09/02/23 11:57:00",
  "value" : "0"
},{
  "dateTime" : "09/02/23 12:00:00",
  "value" : "0"
},{
  "dateTime" : "09/02/23 12:19:00",
  "value" : "0"
},{
  "dateTime" : "09/02/23 12:20:00",
  "value" : "0"
},{
  "dateTime" : "09/02/23 12:21:00",
  "value" : "0"
},{
  "dateTime" : "09/02/23 12:23:00",
  "value" : "0"
},{
  "dateTime" : "09/02/23 12:24:00",
  "value" : "0"
},{
  "dateTime" : "09/02/23 12:28:00",
  "value" : "0"
},{
  "dateTime" : "09/02/23 12:30:00",
  "value" : "0"
},{
  "dateTime" : "09/02/23 12:31:00",
  "value" : "0"
},{
  "dateTime" : "09/02/23 12:32:00",
  "value" : "0"
},{
  "dateTime" : "09/02/23 12:34:00",
  "value" : "0"
},{
  "dateTime" : "09/02/23 12:35:00",
  "value" : "0"
},{
  "dateTime" : "09/02/23 12:38:00",
  "value" : "0"
},{
  "dateTime" : "09/02/23 12:39:00",
  "value" : "0"
},{
  "dateTime" : "09/02/23 12:41:00",
  "value" : "0"
},{
  "dateTime" : "09/02/23 12:43:00",
  "value" : "0"
},{
  "dateTime" : "09/02/23 12:44:00",
  "value" : "0"
},{
  "dateTime" : "09/02/23 12:45:00",
  "value" : "0"
},{
  "dateTime" : "09/02/23 12:46:00",
  "value" : "0"
},{
  "dateTime" : "09/02/23 12:47:00",
  "value" : "0"
},{
  "dateTime" : "09/02/23 12:48:00",
  "value" : "0"
},{
  "dateTime" : "09/02/23 12:50:00",
  "value" : "0"
},{
  "dateTime" : "09/02/23 12:51:00",
  "value" : "0"
},{
  "dateTime" : "09/02/23 12:52:00",
  "value" : "0"
},{
  "dateTime" : "09/02/23 12:53:00",
  "value" : "0"
},{
  "dateTime" : "09/02/23 12:54:00",
  "value" : "0"
},{
  "dateTime" : "09/02/23 12:55:00",
  "value" : "0"
},{
  "dateTime" : "09/02/23 12:58:00",
  "value" : "10"
},{
  "dateTime" : "09/02/23 12:59:00",
  "value" : "0"
},{
  "dateTime" : "09/02/23 13:01:00",
  "value" : "0"
},{
  "dateTime" : "09/02/23 13:06:00",
  "value" : "0"
},{
  "dateTime" : "09/02/23 13:11:00",
  "value" : "0"
},{
  "dateTime" : "09/02/23 13:13:00",
  "value" : "0"
},{
  "dateTime" : "09/02/23 13:14:00",
  "value" : "0"
},{
  "dateTime" : "09/02/23 13:15:00",
  "value" : "0"
},{
  "dateTime" : "09/02/23 13:17:00",
  "value" : "0"
},{
  "dateTime" : "09/02/23 13:18:00",
  "value" : "0"
},{
  "dateTime" : "09/02/23 13:19:00",
  "value" : "0"
},{
  "dateTime" : "09/02/23 13:21:00",
  "value" : "0"
},{
  "dateTime" : "09/02/23 13:22:00",
  "value" : "0"
},{
  "dateTime" : "09/02/23 13:26:00",
  "value" : "0"
},{
  "dateTime" : "09/02/23 13:27:00",
  "value" : "10"
},{
  "dateTime" : "09/02/23 13:29:00",
  "value" : "0"
},{
  "dateTime" : "09/02/23 13:30:00",
  "value" : "0"
},{
  "dateTime" : "09/02/23 13:32:00",
  "value" : "0"
},{
  "dateTime" : "09/02/23 13:35:00",
  "value" : "0"
},{
  "dateTime" : "09/02/23 13:36:00",
  "value" : "10"
},{
  "dateTime" : "09/02/23 13:37:00",
  "value" : "0"
},{
  "dateTime" : "09/02/23 13:38:00",
  "value" : "10"
},{
  "dateTime" : "09/02/23 13:39:00",
  "value" : "0"
},{
  "dateTime" : "09/02/23 13:41:00",
  "value" : "0"
},{
  "dateTime" : "09/02/23 14:06:00",
  "value" : "0"
},{
  "dateTime" : "09/02/23 14:07:00",
  "value" : "0"
},{
  "dateTime" : "09/02/23 14:21:00",
  "value" : "0"
},{
  "dateTime" : "09/02/23 14:33:00",
  "value" : "0"
},{
  "dateTime" : "09/02/23 14:34:00",
  "value" : "0"
},{
  "dateTime" : "09/02/23 14:35:00",
  "value" : "0"
},{
  "dateTime" : "09/02/23 14:46:00",
  "value" : "0"
},{
  "dateTime" : "09/02/23 14:49:00",
  "value" : "0"
},{
  "dateTime" : "09/02/23 15:05:00",
  "value" : "0"
},{
  "dateTime" : "09/02/23 15:06:00",
  "value" : "0"
},{
  "dateTime" : "09/02/23 15:11:00",
  "value" : "0"
},{
  "dateTime" : "09/02/23 15:26:00",
  "value" : "0"
},{
  "dateTime" : "09/02/23 15:27:00",
  "value" : "0"
},{
  "dateTime" : "09/02/23 15:50:00",
  "value" : "0"
},{
  "dateTime" : "09/02/23 15:51:00",
  "value" : "0"
},{
  "dateTime" : "09/02/23 16:01:00",
  "value" : "0"
},{
  "dateTime" : "09/02/23 16:06:00",
  "value" : "0"
},{
  "dateTime" : "09/02/23 16:10:00",
  "value" : "0"
},{
  "dateTime" : "09/02/23 16:31:00",
  "value" : "0"
},{
  "dateTime" : "09/02/23 16:32:00",
  "value" : "0"
},{
  "dateTime" : "09/02/23 16:50:00",
  "value" : "0"
},{
  "dateTime" : "09/02/23 16:59:00",
  "value" : "0"
},{
  "dateTime" : "09/02/23 17:00:00",
  "value" : "0"
},{
  "dateTime" : "09/02/23 17:02:00",
  "value" : "0"
},{
  "dateTime" : "09/02/23 17:22:00",
  "value" : "0"
},{
  "dateTime" : "09/02/23 17:23:00",
  "value" : "0"
},{
  "dateTime" : "09/02/23 17:24:00",
  "value" : "10"
},{
  "dateTime" : "09/02/23 17:26:00",
  "value" : "0"
},{
  "dateTime" : "09/02/23 17:28:00",
  "value" : "0"
},{
  "dateTime" : "09/02/23 17:29:00",
  "value" : "0"
},{
  "dateTime" : "09/02/23 17:30:00",
  "value" : "0"
},{
  "dateTime" : "09/02/23 17:31:00",
  "value" : "0"
},{
  "dateTime" : "09/02/23 17:32:00",
  "value" : "0"
},{
  "dateTime" : "09/02/23 17:34:00",
  "value" : "0"
},{
  "dateTime" : "09/02/23 17:36:00",
  "value" : "10"
},{
  "dateTime" : "09/02/23 17:38:00",
  "value" : "0"
},{
  "dateTime" : "09/02/23 17:39:00",
  "value" : "0"
},{
  "dateTime" : "09/02/23 17:40:00",
  "value" : "0"
},{
  "dateTime" : "09/02/23 17:41:00",
  "value" : "0"
},{
  "dateTime" : "09/02/23 17:42:00",
  "value" : "0"
},{
  "dateTime" : "09/02/23 17:43:00",
  "value" : "0"
},{
  "dateTime" : "09/02/23 17:44:00",
  "value" : "0"
},{
  "dateTime" : "09/02/23 17:45:00",
  "value" : "0"
},{
  "dateTime" : "09/02/23 17:46:00",
  "value" : "0"
},{
  "dateTime" : "09/02/23 17:47:00",
  "value" : "0"
},{
  "dateTime" : "09/02/23 17:48:00",
  "value" : "0"
},{
  "dateTime" : "09/02/23 17:49:00",
  "value" : "10"
},{
  "dateTime" : "09/02/23 17:50:00",
  "value" : "0"
},{
  "dateTime" : "09/02/23 17:51:00",
  "value" : "0"
},{
  "dateTime" : "09/02/23 17:52:00",
  "value" : "0"
},{
  "dateTime" : "09/02/23 17:53:00",
  "value" : "0"
},{
  "dateTime" : "09/02/23 17:54:00",
  "value" : "0"
},{
  "dateTime" : "09/02/23 17:55:00",
  "value" : "0"
},{
  "dateTime" : "09/02/23 17:56:00",
  "value" : "0"
},{
  "dateTime" : "09/02/23 17:57:00",
  "value" : "0"
},{
  "dateTime" : "09/02/23 17:58:00",
  "value" : "0"
},{
  "dateTime" : "09/02/23 17:59:00",
  "value" : "0"
},{
  "dateTime" : "09/02/23 18:00:00",
  "value" : "0"
},{
  "dateTime" : "09/02/23 18:01:00",
  "value" : "0"
},{
  "dateTime" : "09/02/23 18:02:00",
  "value" : "0"
},{
  "dateTime" : "09/02/23 18:03:00",
  "value" : "0"
},{
  "dateTime" : "09/02/23 18:04:00",
  "value" : "0"
},{
  "dateTime" : "09/02/23 18:05:00",
  "value" : "0"
},{
  "dateTime" : "09/02/23 18:06:00",
  "value" : "0"
},{
  "dateTime" : "09/02/23 18:07:00",
  "value" : "0"
},{
  "dateTime" : "09/02/23 18:08:00",
  "value" : "0"
},{
  "dateTime" : "09/02/23 18:09:00",
  "value" : "0"
},{
  "dateTime" : "09/02/23 18:10:00",
  "value" : "0"
},{
  "dateTime" : "09/02/23 18:11:00",
  "value" : "0"
},{
  "dateTime" : "09/02/23 18:12:00",
  "value" : "0"
},{
  "dateTime" : "09/02/23 18:13:00",
  "value" : "0"
},{
  "dateTime" : "09/02/23 18:14:00",
  "value" : "0"
},{
  "dateTime" : "09/02/23 18:16:00",
  "value" : "0"
},{
  "dateTime" : "09/02/23 18:18:00",
  "value" : "0"
},{
  "dateTime" : "09/02/23 18:19:00",
  "value" : "0"
},{
  "dateTime" : "09/02/23 18:24:00",
  "value" : "0"
},{
  "dateTime" : "09/02/23 18:26:00",
  "value" : "0"
},{
  "dateTime" : "09/02/23 18:27:00",
  "value" : "0"
},{
  "dateTime" : "09/02/23 18:28:00",
  "value" : "0"
},{
  "dateTime" : "09/02/23 18:29:00",
  "value" : "0"
},{
  "dateTime" : "09/02/23 18:32:00",
  "value" : "0"
},{
  "dateTime" : "09/02/23 18:33:00",
  "value" : "0"
},{
  "dateTime" : "09/02/23 18:35:00",
  "value" : "0"
},{
  "dateTime" : "09/02/23 18:36:00",
  "value" : "0"
},{
  "dateTime" : "09/02/23 18:37:00",
  "value" : "0"
},{
  "dateTime" : "09/02/23 18:38:00",
  "value" : "0"
},{
  "dateTime" : "09/02/23 18:41:00",
  "value" : "0"
},{
  "dateTime" : "09/02/23 18:42:00",
  "value" : "0"
},{
  "dateTime" : "09/02/23 18:43:00",
  "value" : "0"
},{
  "dateTime" : "09/02/23 18:44:00",
  "value" : "0"
},{
  "dateTime" : "09/02/23 18:45:00",
  "value" : "0"
},{
  "dateTime" : "09/06/23 13:55:00",
  "value" : "0"
},{
  "dateTime" : "09/06/23 13:56:00",
  "value" : "0"
},{
  "dateTime" : "09/06/23 13:57:00",
  "value" : "0"
},{
  "dateTime" : "09/06/23 13:58:00",
  "value" : "0"
},{
  "dateTime" : "09/06/23 14:00:00",
  "value" : "0"
},{
  "dateTime" : "09/06/23 14:03:00",
  "value" : "0"
},{
  "dateTime" : "09/06/23 14:04:00",
  "value" : "0"
},{
  "dateTime" : "09/06/23 14:06:00",
  "value" : "0"
},{
  "dateTime" : "09/06/23 14:07:00",
  "value" : "0"
},{
  "dateTime" : "09/06/23 14:09:00",
  "value" : "0"
},{
  "dateTime" : "09/06/23 14:10:00",
  "value" : "0"
},{
  "dateTime" : "09/06/23 14:11:00",
  "value" : "0"
},{
  "dateTime" : "09/06/23 14:12:00",
  "value" : "0"
},{
  "dateTime" : "09/06/23 14:14:00",
  "value" : "0"
},{
  "dateTime" : "09/06/23 14:28:00",
  "value" : "0"
},{
  "dateTime" : "09/06/23 14:37:00",
  "value" : "0"
},{
  "dateTime" : "09/06/23 15:15:00",
  "value" : "0"
},{
  "dateTime" : "09/06/23 15:31:00",
  "value" : "0"
},{
  "dateTime" : "09/06/23 15:32:00",
  "value" : "0"
},{
  "dateTime" : "09/06/23 15:33:00",
  "value" : "0"
},{
  "dateTime" : "09/06/23 15:34:00",
  "value" : "10"
},{
  "dateTime" : "09/06/23 15:36:00",
  "value" : "0"
},{
  "dateTime" : "09/06/23 15:37:00",
  "value" : "0"
},{
  "dateTime" : "09/06/23 15:38:00",
  "value" : "0"
},{
  "dateTime" : "09/06/23 15:39:00",
  "value" : "0"
},{
  "dateTime" : "09/06/23 15:40:00",
  "value" : "0"
},{
  "dateTime" : "09/06/23 15:41:00",
  "value" : "0"
},{
  "dateTime" : "09/06/23 15:42:00",
  "value" : "0"
},{
  "dateTime" : "09/06/23 15:43:00",
  "value" : "0"
},{
  "dateTime" : "09/06/23 15:44:00",
  "value" : "0"
},{
  "dateTime" : "09/06/23 15:46:00",
  "value" : "0"
},{
  "dateTime" : "09/06/23 15:47:00",
  "value" : "0"
},{
  "dateTime" : "09/06/23 15:48:00",
  "value" : "0"
},{
  "dateTime" : "09/06/23 15:49:00",
  "value" : "0"
},{
  "dateTime" : "09/06/23 15:50:00",
  "value" : "0"
},{
  "dateTime" : "09/06/23 15:51:00",
  "value" : "0"
},{
  "dateTime" : "09/06/23 15:55:00",
  "value" : "0"
},{
  "dateTime" : "09/06/23 15:56:00",
  "value" : "0"
},{
  "dateTime" : "09/06/23 15:57:00",
  "value" : "0"
},{
  "dateTime" : "09/06/23 15:58:00",
  "value" : "0"
},{
  "dateTime" : "09/06/23 15:59:00",
  "value" : "0"
},{
  "dateTime" : "09/06/23 16:01:00",
  "value" : "0"
},{
  "dateTime" : "09/06/23 16:02:00",
  "value" : "0"
},{
  "dateTime" : "09/06/23 16:03:00",
  "value" : "0"
},{
  "dateTime" : "09/06/23 16:04:00",
  "value" : "0"
},{
  "dateTime" : "09/06/23 16:06:00",
  "value" : "0"
},{
  "dateTime" : "09/06/23 16:07:00",
  "value" : "0"
},{
  "dateTime" : "09/06/23 16:10:00",
  "value" : "0"
},{
  "dateTime" : "09/06/23 16:11:00",
  "value" : "0"
},{
  "dateTime" : "09/06/23 16:12:00",
  "value" : "0"
},{
  "dateTime" : "09/06/23 16:14:00",
  "value" : "0"
},{
  "dateTime" : "09/06/23 16:15:00",
  "value" : "0"
},{
  "dateTime" : "09/06/23 16:16:00",
  "value" : "0"
},{
  "dateTime" : "09/06/23 16:18:00",
  "value" : "0"
},{
  "dateTime" : "09/06/23 16:19:00",
  "value" : "0"
},{
  "dateTime" : "09/06/23 16:23:00",
  "value" : "0"
},{
  "dateTime" : "09/06/23 16:24:00",
  "value" : "0"
},{
  "dateTime" : "09/06/23 16:25:00",
  "value" : "0"
},{
  "dateTime" : "09/06/23 16:26:00",
  "value" : "0"
},{
  "dateTime" : "09/06/23 16:28:00",
  "value" : "0"
},{
  "dateTime" : "09/06/23 16:30:00",
  "value" : "10"
},{
  "dateTime" : "09/06/23 16:33:00",
  "value" : "0"
},{
  "dateTime" : "09/06/23 16:34:00",
  "value" : "0"
},{
  "dateTime" : "09/06/23 16:36:00",
  "value" : "0"
},{
  "dateTime" : "09/06/23 16:39:00",
  "value" : "0"
},{
  "dateTime" : "09/06/23 16:51:00",
  "value" : "0"
},{
  "dateTime" : "09/06/23 16:52:00",
  "value" : "0"
},{
  "dateTime" : "09/06/23 16:53:00",
  "value" : "0"
},{
  "dateTime" : "09/06/23 16:54:00",
  "value" : "0"
},{
  "dateTime" : "09/06/23 16:55:00",
  "value" : "0"
},{
  "dateTime" : "09/06/23 16:56:00",
  "value" : "0"
},{
  "dateTime" : "09/06/23 16:58:00",
  "value" : "0"
},{
  "dateTime" : "09/06/23 16:59:00",
  "value" : "0"
},{
  "dateTime" : "09/06/23 17:03:00",
  "value" : "0"
},{
  "dateTime" : "09/06/23 17:05:00",
  "value" : "0"
},{
  "dateTime" : "09/06/23 17:06:00",
  "value" : "0"
},{
  "dateTime" : "09/06/23 17:17:00",
  "value" : "0"
},{
  "dateTime" : "09/06/23 17:25:00",
  "value" : "0"
},{
  "dateTime" : "09/06/23 17:27:00",
  "value" : "0"
},{
  "dateTime" : "09/06/23 17:31:00",
  "value" : "0"
},{
  "dateTime" : "09/06/23 17:40:00",
  "value" : "0"
},{
  "dateTime" : "09/06/23 17:41:00",
  "value" : "0"
},{
  "dateTime" : "09/06/23 17:42:00",
  "value" : "0"
},{
  "dateTime" : "09/06/23 17:44:00",
  "value" : "0"
},{
  "dateTime" : "09/06/23 17:46:00",
  "value" : "10"
},{
  "dateTime" : "09/06/23 17:48:00",
  "value" : "0"
},{
  "dateTime" : "09/06/23 18:13:00",
  "value" : "0"
},{
  "dateTime" : "09/06/23 18:14:00",
  "value" : "0"
},{
  "dateTime" : "09/06/23 18:16:00",
  "value" : "0"
},{
  "dateTime" : "09/06/23 18:17:00",
  "value" : "0"
},{
  "dateTime" : "09/06/23 18:18:00",
  "value" : "0"
},{
  "dateTime" : "09/06/23 18:19:00",
  "value" : "0"
},{
  "dateTime" : "09/06/23 18:20:00",
  "value" : "0"
},{
  "dateTime" : "09/06/23 18:21:00",
  "value" : "0"
},{
  "dateTime" : "09/06/23 18:22:00",
  "value" : "0"
},{
  "dateTime" : "09/06/23 18:26:00",
  "value" : "0"
},{
  "dateTime" : "09/06/23 18:27:00",
  "value" : "0"
},{
  "dateTime" : "09/06/23 18:28:00",
  "value" : "0"
},{
  "dateTime" : "09/06/23 18:29:00",
  "value" : "0"
},{
  "dateTime" : "09/06/23 18:30:00",
  "value" : "0"
},{
  "dateTime" : "09/06/23 18:31:00",
  "value" : "0"
},{
  "dateTime" : "09/06/23 18:32:00",
  "value" : "0"
},{
  "dateTime" : "09/06/23 18:33:00",
  "value" : "0"
},{
  "dateTime" : "09/06/23 18:34:00",
  "value" : "0"
},{
  "dateTime" : "09/06/23 18:35:00",
  "value" : "0"
},{
  "dateTime" : "09/06/23 18:36:00",
  "value" : "0"
},{
  "dateTime" : "09/06/23 18:37:00",
  "value" : "0"
},{
  "dateTime" : "09/06/23 18:38:00",
  "value" : "0"
},{
  "dateTime" : "09/06/23 18:41:00",
  "value" : "0"
},{
  "dateTime" : "09/06/23 18:42:00",
  "value" : "0"
},{
  "dateTime" : "09/06/23 18:43:00",
  "value" : "0"
},{
  "dateTime" : "09/06/23 18:45:00",
  "value" : "0"
},{
  "dateTime" : "09/06/23 18:46:00",
  "value" : "0"
},{
  "dateTime" : "09/06/23 18:47:00",
  "value" : "0"
},{
  "dateTime" : "09/06/23 18:48:00",
  "value" : "0"
},{
  "dateTime" : "09/06/23 18:49:00",
  "value" : "0"
},{
  "dateTime" : "09/06/23 18:50:00",
  "value" : "0"
},{
  "dateTime" : "09/06/23 18:51:00",
  "value" : "0"
},{
  "dateTime" : "09/06/23 18:54:00",
  "value" : "0"
},{
  "dateTime" : "09/06/23 18:55:00",
  "value" : "0"
},{
  "dateTime" : "09/06/23 18:56:00",
  "value" : "0"
},{
  "dateTime" : "09/06/23 18:58:00",
  "value" : "0"
},{
  "dateTime" : "09/06/23 18:59:00",
  "value" : "0"
},{
  "dateTime" : "09/06/23 19:00:00",
  "value" : "0"
},{
  "dateTime" : "09/06/23 19:01:00",
  "value" : "0"
},{
  "dateTime" : "09/06/23 19:02:00",
  "value" : "0"
},{
  "dateTime" : "09/06/23 19:03:00",
  "value" : "0"
},{
  "dateTime" : "09/06/23 19:04:00",
  "value" : "0"
},{
  "dateTime" : "09/06/23 19:05:00",
  "value" : "0"
},{
  "dateTime" : "09/06/23 19:09:00",
  "value" : "0"
},{
  "dateTime" : "09/06/23 19:10:00",
  "value" : "0"
},{
  "dateTime" : "09/06/23 19:11:00",
  "value" : "0"
},{
  "dateTime" : "09/06/23 19:13:00",
  "value" : "0"
},{
  "dateTime" : "09/06/23 19:23:00",
  "value" : "10"
},{
  "dateTime" : "09/06/23 19:25:00",
  "value" : "0"
},{
  "dateTime" : "09/06/23 19:27:00",
  "value" : "0"
},{
  "dateTime" : "09/06/23 19:29:00",
  "value" : "0"
},{
  "dateTime" : "09/06/23 19:30:00",
  "value" : "0"
},{
  "dateTime" : "09/06/23 19:33:00",
  "value" : "0"
},{
  "dateTime" : "09/06/23 19:37:00",
  "value" : "0"
},{
  "dateTime" : "09/06/23 19:38:00",
  "value" : "0"
},{
  "dateTime" : "09/06/23 20:17:00",
  "value" : "0"
},{
  "dateTime" : "09/06/23 20:18:00",
  "value" : "0"
},{
  "dateTime" : "09/06/23 20:44:00",
  "value" : "0"
},{
  "dateTime" : "09/06/23 20:45:00",
  "value" : "0"
},{
  "dateTime" : "09/06/23 20:46:00",
  "value" : "0"
},{
  "dateTime" : "09/06/23 20:51:00",
  "value" : "0"
},{
  "dateTime" : "09/06/23 20:52:00",
  "value" : "0"
},{
  "dateTime" : "09/06/23 20:53:00",
  "value" : "0"
},{
  "dateTime" : "09/06/23 21:10:00",
  "value" : "0"
},{
  "dateTime" : "09/06/23 21:11:00",
  "value" : "0"
},{
  "dateTime" : "09/06/23 21:12:00",
  "value" : "0"
},{
  "dateTime" : "09/06/23 21:13:00",
  "value" : "0"
},{
  "dateTime" : "09/06/23 21:14:00",
  "value" : "0"
},{
  "dateTime" : "09/06/23 21:15:00",
  "value" : "0"
},{
  "dateTime" : "09/06/23 21:17:00",
  "value" : "0"
},{
  "dateTime" : "09/06/23 21:21:00",
  "value" : "0"
},{
  "dateTime" : "09/06/23 21:22:00",
  "value" : "0"
},{
  "dateTime" : "09/06/23 21:23:00",
  "value" : "0"
},{
  "dateTime" : "09/06/23 21:24:00",
  "value" : "0"
},{
  "dateTime" : "09/06/23 21:26:00",
  "value" : "0"
},{
  "dateTime" : "09/06/23 21:27:00",
  "value" : "0"
},{
  "dateTime" : "09/06/23 21:28:00",
  "value" : "0"
},{
  "dateTime" : "09/06/23 21:29:00",
  "value" : "0"
},{
  "dateTime" : "09/06/23 21:30:00",
  "value" : "0"
},{
  "dateTime" : "09/06/23 21:34:00",
  "value" : "0"
},{
  "dateTime" : "09/06/23 21:35:00",
  "value" : "0"
},{
  "dateTime" : "09/06/23 21:36:00",
  "value" : "0"
},{
  "dateTime" : "09/06/23 21:37:00",
  "value" : "0"
},{
  "dateTime" : "09/06/23 21:39:00",
  "value" : "0"
},{
  "dateTime" : "09/06/23 21:42:00",
  "value" : "0"
},{
  "dateTime" : "09/06/23 21:46:00",
  "value" : "0"
},{
  "dateTime" : "09/06/23 21:47:00",
  "value" : "0"
},{
  "dateTime" : "09/06/23 21:50:00",
  "value" : "10"
},{
  "dateTime" : "09/06/23 21:51:00",
  "value" : "0"
},{
  "dateTime" : "09/06/23 22:11:00",
  "value" : "0"
},{
  "dateTime" : "09/06/23 22:14:00",
  "value" : "0"
},{
  "dateTime" : "09/07/23 01:37:00",
  "value" : "0"
},{
  "dateTime" : "09/07/23 02:01:00",
  "value" : "10"
},{
  "dateTime" : "09/07/23 03:13:00",
  "value" : "0"
},{
  "dateTime" : "09/07/23 07:21:00",
  "value" : "0"
},{
  "dateTime" : "09/07/23 07:49:00",
  "value" : "0"
},{
  "dateTime" : "09/07/23 07:55:00",
  "value" : "0"
},{
  "dateTime" : "09/07/23 07:56:00",
  "value" : "0"
},{
  "dateTime" : "09/07/23 08:05:00",
  "value" : "0"
},{
  "dateTime" : "09/07/23 08:58:00",
  "value" : "0"
},{
  "dateTime" : "09/07/23 08:59:00",
  "value" : "0"
},{
  "dateTime" : "09/07/23 09:06:00",
  "value" : "0"
},{
  "dateTime" : "09/07/23 09:09:00",
  "value" : "0"
},{
  "dateTime" : "09/07/23 09:10:00",
  "value" : "0"
},{
  "dateTime" : "09/07/23 09:17:00",
  "value" : "0"
},{
  "dateTime" : "09/07/23 09:45:00",
  "value" : "0"
},{
  "dateTime" : "09/07/23 09:46:00",
  "value" : "0"
},{
  "dateTime" : "09/07/23 09:49:00",
  "value" : "0"
},{
  "dateTime" : "09/07/23 09:52:00",
  "value" : "0"
},{
  "dateTime" : "09/07/23 09:53:00",
  "value" : "0"
},{
  "dateTime" : "09/07/23 09:59:00",
  "value" : "0"
},{
  "dateTime" : "09/07/23 10:01:00",
  "value" : "0"
},{
  "dateTime" : "09/07/23 10:08:00",
  "value" : "0"
},{
  "dateTime" : "09/07/23 10:09:00",
  "value" : "0"
},{
  "dateTime" : "09/07/23 10:10:00",
  "value" : "0"
},{
  "dateTime" : "09/07/23 10:11:00",
  "value" : "0"
},{
  "dateTime" : "09/07/23 10:13:00",
  "value" : "0"
},{
  "dateTime" : "09/07/23 10:15:00",
  "value" : "0"
},{
  "dateTime" : "09/07/23 10:18:00",
  "value" : "0"
},{
  "dateTime" : "09/07/23 10:25:00",
  "value" : "0"
},{
  "dateTime" : "09/07/23 10:30:00",
  "value" : "0"
},{
  "dateTime" : "09/07/23 10:31:00",
  "value" : "0"
},{
  "dateTime" : "09/07/23 10:32:00",
  "value" : "0"
},{
  "dateTime" : "09/07/23 10:35:00",
  "value" : "0"
},{
  "dateTime" : "09/07/23 10:40:00",
  "value" : "0"
},{
  "dateTime" : "09/07/23 10:41:00",
  "value" : "10"
},{
  "dateTime" : "09/07/23 10:48:00",
  "value" : "0"
},{
  "dateTime" : "09/07/23 10:52:00",
  "value" : "0"
},{
  "dateTime" : "09/07/23 10:55:00",
  "value" : "0"
},{
  "dateTime" : "09/07/23 10:58:00",
  "value" : "0"
},{
  "dateTime" : "09/07/23 11:01:00",
  "value" : "0"
},{
  "dateTime" : "09/07/23 11:02:00",
  "value" : "0"
},{
  "dateTime" : "09/07/23 11:04:00",
  "value" : "10"
},{
  "dateTime" : "09/07/23 11:08:00",
  "value" : "0"
},{
  "dateTime" : "09/07/23 11:09:00",
  "value" : "0"
},{
  "dateTime" : "09/07/23 11:10:00",
  "value" : "0"
},{
  "dateTime" : "09/07/23 11:11:00",
  "value" : "0"
},{
  "dateTime" : "09/07/23 11:13:00",
  "value" : "0"
},{
  "dateTime" : "09/07/23 11:15:00",
  "value" : "0"
},{
  "dateTime" : "09/07/23 11:22:00",
  "value" : "0"
},{
  "dateTime" : "09/07/23 11:26:00",
  "value" : "0"
},{
  "dateTime" : "09/07/23 11:29:00",
  "value" : "0"
},{
  "dateTime" : "09/07/23 11:34:00",
  "value" : "0"
},{
  "dateTime" : "09/07/23 11:46:00",
  "value" : "0"
},{
  "dateTime" : "09/07/23 11:48:00",
  "value" : "0"
},{
  "dateTime" : "09/07/23 11:50:00",
  "value" : "0"
},{
  "dateTime" : "09/07/23 11:52:00",
  "value" : "0"
},{
  "dateTime" : "09/07/23 11:55:00",
  "value" : "0"
},{
  "dateTime" : "09/07/23 12:13:00",
  "value" : "0"
},{
  "dateTime" : "09/07/23 12:26:00",
  "value" : "0"
},{
  "dateTime" : "09/07/23 12:27:00",
  "value" : "0"
},{
  "dateTime" : "09/07/23 12:28:00",
  "value" : "0"
},{
  "dateTime" : "09/07/23 12:29:00",
  "value" : "0"
},{
  "dateTime" : "09/07/23 12:41:00",
  "value" : "0"
},{
  "dateTime" : "09/07/23 12:51:00",
  "value" : "0"
},{
  "dateTime" : "09/07/23 12:52:00",
  "value" : "0"
},{
  "dateTime" : "09/07/23 13:04:00",
  "value" : "0"
},{
  "dateTime" : "09/07/23 13:08:00",
  "value" : "0"
},{
  "dateTime" : "09/07/23 13:11:00",
  "value" : "0"
},{
  "dateTime" : "09/07/23 13:13:00",
  "value" : "0"
},{
  "dateTime" : "09/07/23 13:14:00",
  "value" : "0"
},{
  "dateTime" : "09/07/23 13:16:00",
  "value" : "0"
},{
  "dateTime" : "09/07/23 13:28:00",
  "value" : "0"
},{
  "dateTime" : "09/07/23 13:43:00",
  "value" : "0"
},{
  "dateTime" : "09/07/23 13:48:00",
  "value" : "0"
},{
  "dateTime" : "09/07/23 13:52:00",
  "value" : "0"
},{
  "dateTime" : "09/07/23 13:53:00",
  "value" : "0"
},{
  "dateTime" : "09/07/23 14:00:00",
  "value" : "0"
},{
  "dateTime" : "09/07/23 14:01:00",
  "value" : "0"
},{
  "dateTime" : "09/07/23 14:12:00",
  "value" : "0"
},{
  "dateTime" : "09/07/23 14:23:00",
  "value" : "0"
},{
  "dateTime" : "09/07/23 14:28:00",
  "value" : "0"
},{
  "dateTime" : "09/07/23 14:29:00",
  "value" : "0"
},{
  "dateTime" : "09/07/23 14:30:00",
  "value" : "0"
},{
  "dateTime" : "09/07/23 14:31:00",
  "value" : "0"
},{
  "dateTime" : "09/07/23 14:38:00",
  "value" : "0"
},{
  "dateTime" : "09/07/23 14:41:00",
  "value" : "0"
},{
  "dateTime" : "09/07/23 14:42:00",
  "value" : "0"
},{
  "dateTime" : "09/07/23 14:44:00",
  "value" : "0"
},{
  "dateTime" : "09/07/23 14:50:00",
  "value" : "0"
},{
  "dateTime" : "09/07/23 14:51:00",
  "value" : "0"
},{
  "dateTime" : "09/07/23 15:11:00",
  "value" : "0"
},{
  "dateTime" : "09/07/23 15:16:00",
  "value" : "0"
},{
  "dateTime" : "09/07/23 15:35:00",
  "value" : "0"
},{
  "dateTime" : "09/07/23 15:56:00",
  "value" : "0"
},{
  "dateTime" : "09/07/23 15:57:00",
  "value" : "0"
},{
  "dateTime" : "09/07/23 15:58:00",
  "value" : "0"
},{
  "dateTime" : "09/07/23 15:59:00",
  "value" : "0"
},{
  "dateTime" : "09/07/23 16:04:00",
  "value" : "0"
},{
  "dateTime" : "09/07/23 16:16:00",
  "value" : "0"
},{
  "dateTime" : "09/07/23 16:17:00",
  "value" : "0"
},{
  "dateTime" : "09/07/23 16:21:00",
  "value" : "0"
},{
  "dateTime" : "09/07/23 16:51:00",
  "value" : "0"
},{
  "dateTime" : "09/07/23 16:53:00",
  "value" : "0"
},{
  "dateTime" : "09/07/23 16:54:00",
  "value" : "0"
},{
  "dateTime" : "09/07/23 16:55:00",
  "value" : "0"
},{
  "dateTime" : "09/07/23 16:57:00",
  "value" : "0"
},{
  "dateTime" : "09/07/23 16:58:00",
  "value" : "0"
},{
  "dateTime" : "09/07/23 17:12:00",
  "value" : "0"
},{
  "dateTime" : "09/07/23 17:21:00",
  "value" : "0"
},{
  "dateTime" : "09/07/23 17:37:00",
  "value" : "0"
},{
  "dateTime" : "09/07/23 17:38:00",
  "value" : "0"
},{
  "dateTime" : "09/07/23 17:39:00",
  "value" : "0"
},{
  "dateTime" : "09/07/23 17:43:00",
  "value" : "0"
},{
  "dateTime" : "09/07/23 17:46:00",
  "value" : "0"
},{
  "dateTime" : "09/07/23 17:48:00",
  "value" : "0"
},{
  "dateTime" : "09/07/23 17:50:00",
  "value" : "0"
},{
  "dateTime" : "09/07/23 17:54:00",
  "value" : "10"
},{
  "dateTime" : "09/07/23 17:55:00",
  "value" : "0"
},{
  "dateTime" : "09/07/23 18:00:00",
  "value" : "10"
},{
  "dateTime" : "09/07/23 19:11:00",
  "value" : "0"
},{
  "dateTime" : "09/07/23 19:12:00",
  "value" : "0"
},{
  "dateTime" : "09/07/23 19:13:00",
  "value" : "0"
},{
  "dateTime" : "09/07/23 19:14:00",
  "value" : "0"
},{
  "dateTime" : "09/07/23 19:15:00",
  "value" : "0"
},{
  "dateTime" : "09/07/23 19:17:00",
  "value" : "0"
},{
  "dateTime" : "09/07/23 19:18:00",
  "value" : "0"
},{
  "dateTime" : "09/07/23 19:34:00",
  "value" : "0"
},{
  "dateTime" : "09/07/23 20:02:00",
  "value" : "10"
},{
  "dateTime" : "09/07/23 20:32:00",
  "value" : "10"
},{
  "dateTime" : "09/07/23 21:22:00",
  "value" : "0"
},{
  "dateTime" : "09/07/23 21:23:00",
  "value" : "0"
},{
  "dateTime" : "09/07/23 21:24:00",
  "value" : "0"
},{
  "dateTime" : "09/07/23 21:37:00",
  "value" : "0"
},{
  "dateTime" : "09/07/23 21:42:00",
  "value" : "0"
},{
  "dateTime" : "09/07/23 21:57:00",
  "value" : "0"
},{
  "dateTime" : "09/07/23 22:00:00",
  "value" : "0"
},{
  "dateTime" : "09/07/23 22:02:00",
  "value" : "0"
},{
  "dateTime" : "09/07/23 22:04:00",
  "value" : "0"
},{
  "dateTime" : "09/07/23 22:05:00",
  "value" : "0"
},{
  "dateTime" : "09/07/23 22:24:00",
  "value" : "0"
},{
  "dateTime" : "09/07/23 23:28:00",
  "value" : "0"
},{
  "dateTime" : "09/07/23 23:29:00",
  "value" : "0"
},{
  "dateTime" : "09/07/23 23:32:00",
  "value" : "0"
},{
  "dateTime" : "09/07/23 23:33:00",
  "value" : "0"
},{
  "dateTime" : "09/07/23 23:34:00",
  "value" : "10"
},{
  "dateTime" : "09/08/23 00:05:00",
  "value" : "0"
},{
  "dateTime" : "09/08/23 01:08:00",
  "value" : "0"
},{
  "dateTime" : "09/08/23 03:05:00",
  "value" : "0"
},{
  "dateTime" : "09/08/23 04:34:00",
  "value" : "0"
},{
  "dateTime" : "09/08/23 04:35:00",
  "value" : "0"
},{
  "dateTime" : "09/08/23 04:36:00",
  "value" : "0"
},{
  "dateTime" : "09/08/23 04:41:00",
  "value" : "0"
},{
  "dateTime" : "09/08/23 04:42:00",
  "value" : "0"
},{
  "dateTime" : "09/08/23 05:10:00",
  "value" : "0"
},{
  "dateTime" : "09/08/23 05:11:00",
  "value" : "0"
},{
  "dateTime" : "09/08/23 05:36:00",
  "value" : "0"
},{
  "dateTime" : "09/08/23 05:38:00",
  "value" : "0"
},{
  "dateTime" : "09/08/23 05:43:00",
  "value" : "0"
},{
  "dateTime" : "09/08/23 05:44:00",
  "value" : "0"
},{
  "dateTime" : "09/08/23 06:11:00",
  "value" : "0"
},{
  "dateTime" : "09/08/23 06:28:00",
  "value" : "0"
},{
  "dateTime" : "09/08/23 06:32:00",
  "value" : "0"
},{
  "dateTime" : "09/08/23 06:33:00",
  "value" : "0"
},{
  "dateTime" : "09/08/23 06:40:00",
  "value" : "0"
},{
  "dateTime" : "09/08/23 06:41:00",
  "value" : "0"
},{
  "dateTime" : "09/08/23 06:57:00",
  "value" : "0"
},{
  "dateTime" : "09/08/23 06:58:00",
  "value" : "0"
},{
  "dateTime" : "09/08/23 07:13:00",
  "value" : "0"
},{
  "dateTime" : "09/08/23 07:20:00",
  "value" : "0"
},{
  "dateTime" : "09/08/23 07:25:00",
  "value" : "0"
},{
  "dateTime" : "09/08/23 07:26:00",
  "value" : "0"
},{
  "dateTime" : "09/08/23 07:34:00",
  "value" : "0"
},{
  "dateTime" : "09/08/23 07:44:00",
  "value" : "0"
},{
  "dateTime" : "09/08/23 07:45:00",
  "value" : "0"
},{
  "dateTime" : "09/08/23 07:56:00",
  "value" : "0"
},{
  "dateTime" : "09/08/23 07:59:00",
  "value" : "0"
},{
  "dateTime" : "09/08/23 08:06:00",
  "value" : "0"
},{
  "dateTime" : "09/08/23 08:20:00",
  "value" : "0"
},{
  "dateTime" : "09/08/23 08:35:00",
  "value" : "0"
},{
  "dateTime" : "09/08/23 08:36:00",
  "value" : "0"
},{
  "dateTime" : "09/08/23 08:37:00",
  "value" : "0"
},{
  "dateTime" : "09/08/23 08:38:00",
  "value" : "0"
},{
  "dateTime" : "09/08/23 08:39:00",
  "value" : "0"
},{
  "dateTime" : "09/08/23 08:41:00",
  "value" : "0"
},{
  "dateTime" : "09/08/23 08:44:00",
  "value" : "0"
},{
  "dateTime" : "09/08/23 08:46:00",
  "value" : "0"
},{
  "dateTime" : "09/08/23 08:47:00",
  "value" : "0"
},{
  "dateTime" : "09/08/23 08:51:00",
  "value" : "0"
},{
  "dateTime" : "09/08/23 08:52:00",
  "value" : "0"
},{
  "dateTime" : "09/08/23 08:55:00",
  "value" : "0"
},{
  "dateTime" : "09/08/23 08:56:00",
  "value" : "0"
},{
  "dateTime" : "09/08/23 08:59:00",
  "value" : "0"
},{
  "dateTime" : "09/08/23 09:10:00",
  "value" : "0"
},{
  "dateTime" : "09/08/23 09:11:00",
  "value" : "0"
},{
  "dateTime" : "09/08/23 09:12:00",
  "value" : "0"
},{
  "dateTime" : "09/08/23 09:13:00",
  "value" : "0"
},{
  "dateTime" : "09/08/23 09:15:00",
  "value" : "0"
},{
  "dateTime" : "09/08/23 09:16:00",
  "value" : "0"
},{
  "dateTime" : "09/08/23 09:18:00",
  "value" : "0"
},{
  "dateTime" : "09/08/23 09:19:00",
  "value" : "0"
},{
  "dateTime" : "09/08/23 09:20:00",
  "value" : "0"
},{
  "dateTime" : "09/08/23 09:21:00",
  "value" : "0"
},{
  "dateTime" : "09/08/23 09:23:00",
  "value" : "0"
},{
  "dateTime" : "09/08/23 09:26:00",
  "value" : "0"
},{
  "dateTime" : "09/08/23 09:28:00",
  "value" : "0"
},{
  "dateTime" : "09/08/23 09:31:00",
  "value" : "0"
},{
  "dateTime" : "09/08/23 09:38:00",
  "value" : "0"
},{
  "dateTime" : "09/08/23 09:43:00",
  "value" : "0"
},{
  "dateTime" : "09/08/23 09:45:00",
  "value" : "0"
},{
  "dateTime" : "09/08/23 09:46:00",
  "value" : "0"
},{
  "dateTime" : "09/08/23 09:48:00",
  "value" : "0"
},{
  "dateTime" : "09/08/23 09:49:00",
  "value" : "0"
},{
  "dateTime" : "09/08/23 09:50:00",
  "value" : "0"
},{
  "dateTime" : "09/08/23 09:54:00",
  "value" : "0"
},{
  "dateTime" : "09/08/23 09:56:00",
  "value" : "0"
},{
  "dateTime" : "09/08/23 09:57:00",
  "value" : "0"
},{
  "dateTime" : "09/08/23 09:58:00",
  "value" : "0"
},{
  "dateTime" : "09/08/23 10:00:00",
  "value" : "0"
},{
  "dateTime" : "09/08/23 10:01:00",
  "value" : "0"
},{
  "dateTime" : "09/08/23 10:04:00",
  "value" : "0"
},{
  "dateTime" : "09/08/23 10:08:00",
  "value" : "0"
},{
  "dateTime" : "09/08/23 10:09:00",
  "value" : "0"
},{
  "dateTime" : "09/08/23 10:16:00",
  "value" : "0"
},{
  "dateTime" : "09/08/23 10:29:00",
  "value" : "0"
},{
  "dateTime" : "09/08/23 10:30:00",
  "value" : "0"
},{
  "dateTime" : "09/08/23 10:31:00",
  "value" : "0"
},{
  "dateTime" : "09/08/23 10:32:00",
  "value" : "0"
},{
  "dateTime" : "09/08/23 10:43:00",
  "value" : "0"
},{
  "dateTime" : "09/08/23 10:50:00",
  "value" : "0"
},{
  "dateTime" : "09/08/23 10:51:00",
  "value" : "0"
},{
  "dateTime" : "09/08/23 10:52:00",
  "value" : "0"
},{
  "dateTime" : "09/08/23 10:57:00",
  "value" : "0"
},{
  "dateTime" : "09/08/23 10:59:00",
  "value" : "0"
},{
  "dateTime" : "09/08/23 11:00:00",
  "value" : "0"
},{
  "dateTime" : "09/08/23 11:06:00",
  "value" : "20"
},{
  "dateTime" : "09/08/23 11:07:00",
  "value" : "30"
},{
  "dateTime" : "09/08/23 11:09:00",
  "value" : "0"
},{
  "dateTime" : "09/08/23 11:21:00",
  "value" : "0"
},{
  "dateTime" : "09/08/23 11:43:00",
  "value" : "0"
},{
  "dateTime" : "09/08/23 11:48:00",
  "value" : "0"
},{
  "dateTime" : "09/08/23 11:49:00",
  "value" : "0"
},{
  "dateTime" : "09/08/23 12:07:00",
  "value" : "0"
},{
  "dateTime" : "09/08/23 12:11:00",
  "value" : "0"
},{
  "dateTime" : "09/08/23 12:22:00",
  "value" : "0"
},{
  "dateTime" : "09/08/23 12:23:00",
  "value" : "0"
},{
  "dateTime" : "09/08/23 12:36:00",
  "value" : "0"
},{
  "dateTime" : "09/08/23 12:38:00",
  "value" : "0"
},{
  "dateTime" : "09/08/23 12:42:00",
  "value" : "0"
},{
  "dateTime" : "09/08/23 12:43:00",
  "value" : "0"
},{
  "dateTime" : "09/08/23 13:08:00",
  "value" : "0"
},{
  "dateTime" : "09/08/23 13:27:00",
  "value" : "0"
},{
  "dateTime" : "09/08/23 13:28:00",
  "value" : "0"
},{
  "dateTime" : "09/08/23 13:29:00",
  "value" : "0"
},{
  "dateTime" : "09/08/23 13:30:00",
  "value" : "0"
},{
  "dateTime" : "09/08/23 13:31:00",
  "value" : "0"
},{
  "dateTime" : "09/08/23 13:33:00",
  "value" : "0"
},{
  "dateTime" : "09/08/23 13:42:00",
  "value" : "0"
},{
  "dateTime" : "09/08/23 13:43:00",
  "value" : "0"
},{
  "dateTime" : "09/08/23 13:49:00",
  "value" : "0"
},{
  "dateTime" : "09/08/23 14:05:00",
  "value" : "0"
},{
  "dateTime" : "09/08/23 14:07:00",
  "value" : "10"
},{
  "dateTime" : "09/08/23 14:24:00",
  "value" : "0"
},{
  "dateTime" : "09/08/23 14:25:00",
  "value" : "0"
},{
  "dateTime" : "09/08/23 14:49:00",
  "value" : "0"
},{
  "dateTime" : "09/08/23 14:50:00",
  "value" : "0"
},{
  "dateTime" : "09/08/23 14:51:00",
  "value" : "10"
},{
  "dateTime" : "09/08/23 16:06:00",
  "value" : "0"
},{
  "dateTime" : "09/08/23 16:07:00",
  "value" : "0"
},{
  "dateTime" : "09/08/23 16:14:00",
  "value" : "0"
},{
  "dateTime" : "09/08/23 16:26:00",
  "value" : "0"
},{
  "dateTime" : "09/08/23 16:50:00",
  "value" : "0"
},{
  "dateTime" : "09/08/23 16:53:00",
  "value" : "0"
},{
  "dateTime" : "09/08/23 17:50:00",
  "value" : "0"
},{
  "dateTime" : "09/08/23 18:32:00",
  "value" : "0"
},{
  "dateTime" : "09/08/23 18:33:00",
  "value" : "0"
},{
  "dateTime" : "09/08/23 18:37:00",
  "value" : "0"
},{
  "dateTime" : "09/08/23 18:47:00",
  "value" : "0"
},{
  "dateTime" : "09/08/23 18:48:00",
  "value" : "0"
},{
  "dateTime" : "09/08/23 19:09:00",
  "value" : "0"
},{
  "dateTime" : "09/08/23 19:48:00",
  "value" : "0"
},{
  "dateTime" : "09/08/23 19:51:00",
  "value" : "0"
},{
  "dateTime" : "09/08/23 19:52:00",
  "value" : "0"
},{
  "dateTime" : "09/08/23 19:59:00",
  "value" : "0"
},{
  "dateTime" : "09/08/23 20:00:00",
  "value" : "0"
},{
  "dateTime" : "09/08/23 20:07:00",
  "value" : "0"
},{
  "dateTime" : "09/08/23 20:08:00",
  "value" : "0"
},{
  "dateTime" : "09/08/23 22:10:00",
  "value" : "0"
},{
  "dateTime" : "09/08/23 22:11:00",
  "value" : "0"
},{
  "dateTime" : "09/08/23 22:12:00",
  "value" : "0"
},{
  "dateTime" : "09/08/23 22:16:00",
  "value" : "0"
},{
  "dateTime" : "09/08/23 22:26:00",
  "value" : "0"
},{
  "dateTime" : "09/08/23 22:27:00",
  "value" : "0"
},{
  "dateTime" : "09/08/23 22:47:00",
  "value" : "10"
},{
  "dateTime" : "09/08/23 23:05:00",
  "value" : "0"
},{
  "dateTime" : "09/08/23 23:42:00",
  "value" : "0"
},{
  "dateTime" : "09/09/23 02:05:00",
  "value" : "0"
},{
  "dateTime" : "09/09/23 02:06:00",
  "value" : "0"
},{
  "dateTime" : "09/09/23 02:10:00",
  "value" : "10"
},{
  "dateTime" : "09/09/23 06:43:00",
  "value" : "0"
},{
  "dateTime" : "09/09/23 07:39:00",
  "value" : "0"
},{
  "dateTime" : "09/09/23 09:14:00",
  "value" : "0"
},{
  "dateTime" : "09/09/23 10:15:00",
  "value" : "0"
},{
  "dateTime" : "09/09/23 10:17:00",
  "value" : "0"
},{
  "dateTime" : "09/09/23 10:19:00",
  "value" : "0"
},{
  "dateTime" : "09/09/23 10:31:00",
  "value" : "0"
},{
  "dateTime" : "09/09/23 10:33:00",
  "value" : "0"
},{
  "dateTime" : "09/09/23 11:15:00",
  "value" : "0"
},{
  "dateTime" : "09/09/23 11:20:00",
  "value" : "0"
},{
  "dateTime" : "09/09/23 11:21:00",
  "value" : "0"
},{
  "dateTime" : "09/09/23 11:25:00",
  "value" : "0"
},{
  "dateTime" : "09/09/23 11:35:00",
  "value" : "0"
},{
  "dateTime" : "09/09/23 11:36:00",
  "value" : "10"
},{
  "dateTime" : "09/09/23 11:44:00",
  "value" : "0"
},{
  "dateTime" : "09/09/23 11:45:00",
  "value" : "0"
},{
  "dateTime" : "09/09/23 11:51:00",
  "value" : "10"
},{
  "dateTime" : "09/09/23 12:02:00",
  "value" : "0"
},{
  "dateTime" : "09/09/23 12:03:00",
  "value" : "0"
},{
  "dateTime" : "09/09/23 12:24:00",
  "value" : "10"
},{
  "dateTime" : "09/09/23 12:31:00",
  "value" : "0"
},{
  "dateTime" : "09/09/23 12:35:00",
  "value" : "0"
},{
  "dateTime" : "09/09/23 12:40:00",
  "value" : "0"
},{
  "dateTime" : "09/09/23 12:47:00",
  "value" : "10"
},{
  "dateTime" : "09/09/23 12:48:00",
  "value" : "0"
},{
  "dateTime" : "09/09/23 13:07:00",
  "value" : "0"
},{
  "dateTime" : "09/09/23 13:13:00",
  "value" : "0"
},{
  "dateTime" : "09/09/23 13:14:00",
  "value" : "0"
},{
  "dateTime" : "09/09/23 13:57:00",
  "value" : "0"
},{
  "dateTime" : "09/09/23 13:58:00",
  "value" : "0"
},{
  "dateTime" : "09/09/23 13:59:00",
  "value" : "0"
},{
  "dateTime" : "09/09/23 14:02:00",
  "value" : "0"
},{
  "dateTime" : "09/09/23 14:25:00",
  "value" : "0"
},{
  "dateTime" : "09/09/23 14:27:00",
  "value" : "0"
},{
  "dateTime" : "09/09/23 14:39:00",
  "value" : "10"
},{
  "dateTime" : "09/09/23 14:41:00",
  "value" : "10"
},{
  "dateTime" : "09/09/23 14:43:00",
  "value" : "0"
},{
  "dateTime" : "09/09/23 14:44:00",
  "value" : "0"
},{
  "dateTime" : "09/09/23 14:47:00",
  "value" : "0"
},{
  "dateTime" : "09/09/23 14:52:00",
  "value" : "0"
},{
  "dateTime" : "09/09/23 14:55:00",
  "value" : "0"
},{
  "dateTime" : "09/09/23 15:38:00",
  "value" : "10"
},{
  "dateTime" : "09/09/23 15:40:00",
  "value" : "0"
},{
  "dateTime" : "09/09/23 15:42:00",
  "value" : "0"
},{
  "dateTime" : "09/09/23 15:43:00",
  "value" : "0"
},{
  "dateTime" : "09/09/23 15:50:00",
  "value" : "0"
},{
  "dateTime" : "09/09/23 15:51:00",
  "value" : "10"
},{
  "dateTime" : "09/09/23 16:16:00",
  "value" : "0"
},{
  "dateTime" : "09/09/23 16:17:00",
  "value" : "0"
},{
  "dateTime" : "09/09/23 16:49:00",
  "value" : "0"
},{
  "dateTime" : "09/09/23 16:50:00",
  "value" : "0"
},{
  "dateTime" : "09/09/23 17:50:00",
  "value" : "0"
},{
  "dateTime" : "09/09/23 18:16:00",
  "value" : "0"
},{
  "dateTime" : "09/09/23 18:35:00",
  "value" : "0"
},{
  "dateTime" : "09/09/23 18:36:00",
  "value" : "0"
},{
  "dateTime" : "09/09/23 18:38:00",
  "value" : "0"
},{
  "dateTime" : "09/09/23 18:40:00",
  "value" : "0"
},{
  "dateTime" : "09/09/23 18:42:00",
  "value" : "10"
},{
  "dateTime" : "09/09/23 18:51:00",
  "value" : "0"
},{
  "dateTime" : "09/09/23 18:52:00",
  "value" : "0"
},{
  "dateTime" : "09/09/23 18:55:00",
  "value" : "0"
},{
  "dateTime" : "09/09/23 18:56:00",
  "value" : "0"
},{
  "dateTime" : "09/09/23 19:12:00",
  "value" : "0"
},{
  "dateTime" : "09/09/23 19:44:00",
  "value" : "0"
},{
  "dateTime" : "09/09/23 20:41:00",
  "value" : "0"
},{
  "dateTime" : "09/09/23 21:00:00",
  "value" : "0"
},{
  "dateTime" : "09/09/23 21:35:00",
  "value" : "0"
},{
  "dateTime" : "09/09/23 22:26:00",
  "value" : "0"
},{
  "dateTime" : "09/09/23 22:39:00",
  "value" : "0"
},{
  "dateTime" : "09/10/23 01:05:00",
  "value" : "0"
},{
  "dateTime" : "09/10/23 01:07:00",
  "value" : "10"
},{
  "dateTime" : "09/10/23 01:22:00",
  "value" : "0"
},{
  "dateTime" : "09/10/23 01:23:00",
  "value" : "0"
},{
  "dateTime" : "09/10/23 01:24:00",
  "value" : "0"
},{
  "dateTime" : "09/10/23 01:37:00",
  "value" : "0"
},{
  "dateTime" : "09/10/23 01:46:00",
  "value" : "0"
},{
  "dateTime" : "09/10/23 01:47:00",
  "value" : "0"
},{
  "dateTime" : "09/10/23 02:16:00",
  "value" : "0"
},{
  "dateTime" : "09/10/23 03:23:00",
  "value" : "0"
},{
  "dateTime" : "09/10/23 05:53:00",
  "value" : "0"
},{
  "dateTime" : "09/10/23 05:57:00",
  "value" : "0"
},{
  "dateTime" : "09/10/23 06:43:00",
  "value" : "0"
},{
  "dateTime" : "09/10/23 08:45:00",
  "value" : "0"
},{
  "dateTime" : "09/10/23 08:51:00",
  "value" : "0"
},{
  "dateTime" : "09/10/23 08:57:00",
  "value" : "10"
},{
  "dateTime" : "09/10/23 09:00:00",
  "value" : "0"
},{
  "dateTime" : "09/10/23 09:01:00",
  "value" : "0"
},{
  "dateTime" : "09/10/23 09:06:00",
  "value" : "0"
},{
  "dateTime" : "09/10/23 09:12:00",
  "value" : "10"
},{
  "dateTime" : "09/10/23 09:23:00",
  "value" : "0"
},{
  "dateTime" : "09/10/23 09:25:00",
  "value" : "10"
},{
  "dateTime" : "09/10/23 09:33:00",
  "value" : "0"
},{
  "dateTime" : "09/10/23 09:35:00",
  "value" : "0"
},{
  "dateTime" : "09/10/23 10:00:00",
  "value" : "0"
},{
  "dateTime" : "09/10/23 10:08:00",
  "value" : "0"
},{
  "dateTime" : "09/10/23 10:11:00",
  "value" : "0"
},{
  "dateTime" : "09/10/23 10:18:00",
  "value" : "0"
},{
  "dateTime" : "09/10/23 10:22:00",
  "value" : "0"
},{
  "dateTime" : "09/10/23 10:34:00",
  "value" : "0"
},{
  "dateTime" : "09/10/23 10:36:00",
  "value" : "0"
},{
  "dateTime" : "09/10/23 10:43:00",
  "value" : "0"
},{
  "dateTime" : "09/10/23 11:10:00",
  "value" : "0"
},{
  "dateTime" : "09/10/23 11:17:00",
  "value" : "0"
},{
  "dateTime" : "09/10/23 11:36:00",
  "value" : "0"
},{
  "dateTime" : "09/10/23 11:37:00",
  "value" : "0"
},{
  "dateTime" : "09/10/23 11:39:00",
  "value" : "0"
},{
  "dateTime" : "09/10/23 11:40:00",
  "value" : "0"
},{
  "dateTime" : "09/10/23 12:14:00",
  "value" : "0"
},{
  "dateTime" : "09/10/23 12:15:00",
  "value" : "0"
},{
  "dateTime" : "09/10/23 12:46:00",
  "value" : "0"
},{
  "dateTime" : "09/10/23 13:19:00",
  "value" : "0"
},{
  "dateTime" : "09/10/23 13:32:00",
  "value" : "0"
},{
  "dateTime" : "09/10/23 13:33:00",
  "value" : "0"
},{
  "dateTime" : "09/10/23 13:48:00",
  "value" : "0"
},{
  "dateTime" : "09/10/23 13:55:00",
  "value" : "0"
},{
  "dateTime" : "09/10/23 13:56:00",
  "value" : "0"
},{
  "dateTime" : "09/10/23 14:02:00",
  "value" : "0"
},{
  "dateTime" : "09/10/23 14:09:00",
  "value" : "10"
},{
  "dateTime" : "09/10/23 14:13:00",
  "value" : "10"
},{
  "dateTime" : "09/10/23 14:25:00",
  "value" : "0"
},{
  "dateTime" : "09/10/23 14:40:00",
  "value" : "0"
},{
  "dateTime" : "09/10/23 14:41:00",
  "value" : "0"
},{
  "dateTime" : "09/10/23 14:43:00",
  "value" : "0"
},{
  "dateTime" : "09/10/23 14:44:00",
  "value" : "0"
},{
  "dateTime" : "09/10/23 14:45:00",
  "value" : "0"
},{
  "dateTime" : "09/10/23 15:04:00",
  "value" : "0"
},{
  "dateTime" : "09/10/23 15:05:00",
  "value" : "0"
},{
  "dateTime" : "09/10/23 15:17:00",
  "value" : "0"
},{
  "dateTime" : "09/10/23 15:23:00",
  "value" : "0"
},{
  "dateTime" : "09/10/23 15:24:00",
  "value" : "0"
},{
  "dateTime" : "09/10/23 15:25:00",
  "value" : "0"
},{
  "dateTime" : "09/10/23 16:06:00",
  "value" : "0"
},{
  "dateTime" : "09/10/23 16:08:00",
  "value" : "0"
},{
  "dateTime" : "09/10/23 16:17:00",
  "value" : "0"
},{
  "dateTime" : "09/10/23 16:20:00",
  "value" : "0"
},{
  "dateTime" : "09/10/23 16:21:00",
  "value" : "0"
},{
  "dateTime" : "09/10/23 16:33:00",
  "value" : "0"
},{
  "dateTime" : "09/10/23 16:36:00",
  "value" : "0"
},{
  "dateTime" : "09/10/23 16:37:00",
  "value" : "0"
},{
  "dateTime" : "09/10/23 16:39:00",
  "value" : "10"
},{
  "dateTime" : "09/10/23 16:50:00",
  "value" : "10"
},{
  "dateTime" : "09/10/23 16:55:00",
  "value" : "10"
},{
  "dateTime" : "09/10/23 16:57:00",
  "value" : "0"
},{
  "dateTime" : "09/10/23 16:58:00",
  "value" : "0"
},{
  "dateTime" : "09/10/23 17:07:00",
  "value" : "0"
},{
  "dateTime" : "09/10/23 17:50:00",
  "value" : "0"
},{
  "dateTime" : "09/10/23 18:03:00",
  "value" : "0"
},{
  "dateTime" : "09/10/23 18:09:00",
  "value" : "0"
},{
  "dateTime" : "09/10/23 18:10:00",
  "value" : "0"
},{
  "dateTime" : "09/10/23 18:29:00",
  "value" : "10"
},{
  "dateTime" : "09/10/23 18:31:00",
  "value" : "0"
},{
  "dateTime" : "09/10/23 18:32:00",
  "value" : "10"
},{
  "dateTime" : "09/10/23 18:35:00",
  "value" : "0"
},{
  "dateTime" : "09/10/23 19:05:00",
  "value" : "0"
},{
  "dateTime" : "09/10/23 19:06:00",
  "value" : "10"
},{
  "dateTime" : "09/10/23 19:16:00",
  "value" : "0"
},{
  "dateTime" : "09/10/23 20:17:00",
  "value" : "0"
},{
  "dateTime" : "09/10/23 20:58:00",
  "value" : "0"
},{
  "dateTime" : "09/10/23 21:10:00",
  "value" : "0"
},{
  "dateTime" : "09/10/23 21:25:00",
  "value" : "0"
},{
  "dateTime" : "09/10/23 21:49:00",
  "value" : "0"
},{
  "dateTime" : "09/10/23 21:50:00",
  "value" : "0"
},{
  "dateTime" : "09/10/23 21:51:00",
  "value" : "0"
},{
  "dateTime" : "09/10/23 22:06:00",
  "value" : "0"
},{
  "dateTime" : "09/10/23 22:07:00",
  "value" : "0"
},{
  "dateTime" : "09/11/23 03:23:00",
  "value" : "0"
},{
  "dateTime" : "09/11/23 03:24:00",
  "value" : "0"
},{
  "dateTime" : "09/11/23 03:49:00",
  "value" : "0"
},{
  "dateTime" : "09/11/23 05:49:00",
  "value" : "0"
},{
  "dateTime" : "09/11/23 06:21:00",
  "value" : "0"
},{
  "dateTime" : "09/11/23 06:31:00",
  "value" : "0"
},{
  "dateTime" : "09/11/23 07:13:00",
  "value" : "0"
},{
  "dateTime" : "09/11/23 07:29:00",
  "value" : "0"
},{
  "dateTime" : "09/11/23 07:30:00",
  "value" : "0"
},{
  "dateTime" : "09/11/23 07:52:00",
  "value" : "0"
},{
  "dateTime" : "09/11/23 08:25:00",
  "value" : "0"
},{
  "dateTime" : "09/11/23 08:31:00",
  "value" : "0"
},{
  "dateTime" : "09/11/23 08:36:00",
  "value" : "0"
},{
  "dateTime" : "09/11/23 09:05:00",
  "value" : "0"
},{
  "dateTime" : "09/11/23 09:11:00",
  "value" : "0"
},{
  "dateTime" : "09/11/23 09:12:00",
  "value" : "0"
},{
  "dateTime" : "09/11/23 09:16:00",
  "value" : "0"
},{
  "dateTime" : "09/11/23 09:18:00",
  "value" : "0"
},{
  "dateTime" : "09/11/23 09:19:00",
  "value" : "0"
},{
  "dateTime" : "09/11/23 09:29:00",
  "value" : "0"
},{
  "dateTime" : "09/11/23 09:30:00",
  "value" : "0"
},{
  "dateTime" : "09/11/23 09:31:00",
  "value" : "0"
},{
  "dateTime" : "09/11/23 09:37:00",
  "value" : "0"
},{
  "dateTime" : "09/11/23 09:40:00",
  "value" : "0"
},{
  "dateTime" : "09/11/23 09:47:00",
  "value" : "0"
},{
  "dateTime" : "09/11/23 09:58:00",
  "value" : "0"
},{
  "dateTime" : "09/11/23 10:03:00",
  "value" : "0"
},{
  "dateTime" : "09/11/23 10:05:00",
  "value" : "0"
},{
  "dateTime" : "09/11/23 10:10:00",
  "value" : "0"
},{
  "dateTime" : "09/11/23 10:13:00",
  "value" : "0"
},{
  "dateTime" : "09/11/23 10:14:00",
  "value" : "0"
},{
  "dateTime" : "09/11/23 10:17:00",
  "value" : "0"
},{
  "dateTime" : "09/11/23 10:18:00",
  "value" : "0"
},{
  "dateTime" : "09/11/23 10:19:00",
  "value" : "0"
},{
  "dateTime" : "09/11/23 10:25:00",
  "value" : "0"
},{
  "dateTime" : "09/11/23 10:26:00",
  "value" : "0"
},{
  "dateTime" : "09/11/23 10:33:00",
  "value" : "0"
},{
  "dateTime" : "09/11/23 10:34:00",
  "value" : "0"
},{
  "dateTime" : "09/11/23 10:38:00",
  "value" : "0"
},{
  "dateTime" : "09/11/23 10:40:00",
  "value" : "0"
},{
  "dateTime" : "09/11/23 10:50:00",
  "value" : "0"
},{
  "dateTime" : "09/11/23 10:59:00",
  "value" : "0"
},{
  "dateTime" : "09/11/23 11:09:00",
  "value" : "0"
},{
  "dateTime" : "09/11/23 11:10:00",
  "value" : "0"
},{
  "dateTime" : "09/11/23 11:11:00",
  "value" : "0"
},{
  "dateTime" : "09/11/23 11:12:00",
  "value" : "0"
},{
  "dateTime" : "09/11/23 11:36:00",
  "value" : "0"
},{
  "dateTime" : "09/11/23 11:46:00",
  "value" : "0"
},{
  "dateTime" : "09/11/23 11:47:00",
  "value" : "20"
},{
  "dateTime" : "09/11/23 11:48:00",
  "value" : "40"
},{
  "dateTime" : "09/11/23 11:49:00",
  "value" : "0"
},{
  "dateTime" : "09/11/23 11:50:00",
  "value" : "0"
},{
  "dateTime" : "09/11/23 12:08:00",
  "value" : "0"
},{
  "dateTime" : "09/11/23 12:17:00",
  "value" : "0"
},{
  "dateTime" : "09/11/23 12:18:00",
  "value" : "0"
},{
  "dateTime" : "09/11/23 12:28:00",
  "value" : "0"
},{
  "dateTime" : "09/11/23 12:29:00",
  "value" : "0"
},{
  "dateTime" : "09/11/23 12:30:00",
  "value" : "0"
},{
  "dateTime" : "09/11/23 12:36:00",
  "value" : "0"
},{
  "dateTime" : "09/11/23 12:40:00",
  "value" : "0"
},{
  "dateTime" : "09/11/23 12:42:00",
  "value" : "0"
},{
  "dateTime" : "09/11/23 12:48:00",
  "value" : "0"
},{
  "dateTime" : "09/11/23 12:50:00",
  "value" : "0"
},{
  "dateTime" : "09/11/23 12:54:00",
  "value" : "0"
},{
  "dateTime" : "09/11/23 12:58:00",
  "value" : "0"
},{
  "dateTime" : "09/11/23 13:00:00",
  "value" : "0"
},{
  "dateTime" : "09/11/23 13:01:00",
  "value" : "0"
},{
  "dateTime" : "09/11/23 13:14:00",
  "value" : "0"
},{
  "dateTime" : "09/11/23 13:29:00",
  "value" : "0"
},{
  "dateTime" : "09/11/23 13:33:00",
  "value" : "0"
},{
  "dateTime" : "09/11/23 14:00:00",
  "value" : "0"
},{
  "dateTime" : "09/11/23 14:03:00",
  "value" : "0"
},{
  "dateTime" : "09/11/23 14:07:00",
  "value" : "0"
},{
  "dateTime" : "09/11/23 14:11:00",
  "value" : "0"
},{
  "dateTime" : "09/11/23 14:17:00",
  "value" : "0"
},{
  "dateTime" : "09/11/23 14:18:00",
  "value" : "0"
},{
  "dateTime" : "09/11/23 14:23:00",
  "value" : "0"
},{
  "dateTime" : "09/11/23 14:37:00",
  "value" : "0"
},{
  "dateTime" : "09/11/23 14:50:00",
  "value" : "0"
},{
  "dateTime" : "09/11/23 14:51:00",
  "value" : "0"
},{
  "dateTime" : "09/11/23 14:55:00",
  "value" : "0"
},{
  "dateTime" : "09/11/23 14:57:00",
  "value" : "0"
},{
  "dateTime" : "09/11/23 16:04:00",
  "value" : "0"
},{
  "dateTime" : "09/11/23 16:05:00",
  "value" : "0"
},{
  "dateTime" : "09/11/23 16:20:00",
  "value" : "0"
},{
  "dateTime" : "09/11/23 16:21:00",
  "value" : "0"
},{
  "dateTime" : "09/11/23 16:30:00",
  "value" : "0"
},{
  "dateTime" : "09/11/23 16:50:00",
  "value" : "0"
},{
  "dateTime" : "09/11/23 16:53:00",
  "value" : "0"
},{
  "dateTime" : "09/11/23 16:55:00",
  "value" : "0"
},{
  "dateTime" : "09/11/23 16:56:00",
  "value" : "0"
},{
  "dateTime" : "09/11/23 17:01:00",
  "value" : "0"
},{
  "dateTime" : "09/11/23 17:16:00",
  "value" : "0"
},{
  "dateTime" : "09/11/23 17:17:00",
  "value" : "0"
},{
  "dateTime" : "09/11/23 17:50:00",
  "value" : "0"
},{
  "dateTime" : "09/11/23 17:53:00",
  "value" : "0"
},{
  "dateTime" : "09/11/23 17:56:00",
  "value" : "10"
},{
  "dateTime" : "09/11/23 18:27:00",
  "value" : "0"
},{
  "dateTime" : "09/11/23 18:54:00",
  "value" : "0"
},{
  "dateTime" : "09/11/23 19:11:00",
  "value" : "0"
},{
  "dateTime" : "09/11/23 19:12:00",
  "value" : "0"
},{
  "dateTime" : "09/11/23 19:29:00",
  "value" : "0"
},{
  "dateTime" : "09/11/23 19:52:00",
  "value" : "0"
},{
  "dateTime" : "09/11/23 21:23:00",
  "value" : "0"
},{
  "dateTime" : "09/11/23 21:41:00",
  "value" : "0"
},{
  "dateTime" : "09/11/23 21:42:00",
  "value" : "0"
},{
  "dateTime" : "09/11/23 22:13:00",
  "value" : "0"
},{
  "dateTime" : "09/11/23 22:30:00",
  "value" : "0"
},{
  "dateTime" : "09/11/23 22:31:00",
  "value" : "0"
},{
  "dateTime" : "09/12/23 00:04:00",
  "value" : "0"
},{
  "dateTime" : "09/12/23 00:05:00",
  "value" : "0"
},{
  "dateTime" : "09/12/23 00:11:00",
  "value" : "10"
},{
  "dateTime" : "09/12/23 00:30:00",
  "value" : "0"
},{
  "dateTime" : "09/12/23 00:38:00",
  "value" : "0"
},{
  "dateTime" : "09/12/23 00:39:00",
  "value" : "0"
},{
  "dateTime" : "09/12/23 00:40:00",
  "value" : "0"
},{
  "dateTime" : "09/12/23 02:29:00",
  "value" : "0"
},{
  "dateTime" : "09/12/23 02:31:00",
  "value" : "10"
},{
  "dateTime" : "09/12/23 02:40:00",
  "value" : "0"
},{
  "dateTime" : "09/12/23 04:15:00",
  "value" : "0"
},{
  "dateTime" : "09/12/23 05:48:00",
  "value" : "0"
},{
  "dateTime" : "09/12/23 05:49:00",
  "value" : "0"
},{
  "dateTime" : "09/12/23 07:14:00",
  "value" : "0"
},{
  "dateTime" : "09/12/23 07:44:00",
  "value" : "0"
},{
  "dateTime" : "09/12/23 08:23:00",
  "value" : "0"
},{
  "dateTime" : "09/12/23 08:24:00",
  "value" : "0"
},{
  "dateTime" : "09/12/23 09:00:00",
  "value" : "0"
},{
  "dateTime" : "09/12/23 09:03:00",
  "value" : "0"
},{
  "dateTime" : "09/12/23 09:09:00",
  "value" : "0"
},{
  "dateTime" : "09/12/23 09:10:00",
  "value" : "0"
},{
  "dateTime" : "09/12/23 09:12:00",
  "value" : "0"
},{
  "dateTime" : "09/12/23 09:13:00",
  "value" : "0"
},{
  "dateTime" : "09/12/23 09:14:00",
  "value" : "10"
},{
  "dateTime" : "09/12/23 09:17:00",
  "value" : "0"
},{
  "dateTime" : "09/12/23 09:18:00",
  "value" : "0"
},{
  "dateTime" : "09/12/23 10:40:00",
  "value" : "0"
},{
  "dateTime" : "09/12/23 10:50:00",
  "value" : "0"
},{
  "dateTime" : "09/12/23 10:52:00",
  "value" : "0"
},{
  "dateTime" : "09/12/23 10:54:00",
  "value" : "0"
},{
  "dateTime" : "09/12/23 11:05:00",
  "value" : "0"
},{
  "dateTime" : "09/12/23 11:17:00",
  "value" : "0"
},{
  "dateTime" : "09/12/23 11:50:00",
  "value" : "0"
},{
  "dateTime" : "09/12/23 11:54:00",
  "value" : "0"
},{
  "dateTime" : "09/12/23 11:57:00",
  "value" : "0"
},{
  "dateTime" : "09/12/23 11:58:00",
  "value" : "0"
},{
  "dateTime" : "09/12/23 12:06:00",
  "value" : "0"
},{
  "dateTime" : "09/12/23 12:08:00",
  "value" : "0"
},{
  "dateTime" : "09/12/23 12:29:00",
  "value" : "0"
},{
  "dateTime" : "09/12/23 12:31:00",
  "value" : "10"
},{
  "dateTime" : "09/12/23 12:33:00",
  "value" : "10"
}]