[{
  "logId" : 42746793773,
  "dateOfSleep" : "2023-09-12",
  "startTime" : "2023-09-12T00:50:30.000",
  "endTime" : "2023-09-12T09:02:30.000",
  "duration" : 29520000,
  "minutesToFallAsleep" : 0,
  "minutesAsleep" : 402,
  "minutesAwake" : 90,
  "minutesAfterWakeup" : 0,
  "timeInBed" : 492,
  "efficiency" : 89,
  "type" : "stages",
  "infoCode" : 0,
  "logType" : "auto_detected",
  "levels" : {
    "summary" : {
      "deep" : {
        "count" : 3,
        "minutes" : 53,
        "thirtyDayAvgMinutes" : 57
      },
      "wake" : {
        "count" : 24,
        "minutes" : 90,
        "thirtyDayAvgMinutes" : 49
      },
      "light" : {
        "count" : 23,
        "minutes" : 258,
        "thirtyDayAvgMinutes" : 226
      },
      "rem" : {
        "count" : 6,
        "minutes" : 91,
        "thirtyDayAvgMinutes" : 53
      }
    },
    "data" : [{
      "dateTime" : "2023-09-12T00:50:30.000",
      "level" : "wake",
      "seconds" : 60
    },{
      "dateTime" : "2023-09-12T00:51:30.000",
      "level" : "light",
      "seconds" : 600
    },{
      "dateTime" : "2023-09-12T01:01:30.000",
      "level" : "deep",
      "seconds" : 2790
    },{
      "dateTime" : "2023-09-12T01:48:00.000",
      "level" : "light",
      "seconds" : 2100
    },{
      "dateTime" : "2023-09-12T02:23:00.000",
      "level" : "wake",
      "seconds" : 1620
    },{
      "dateTime" : "2023-09-12T02:50:00.000",
      "level" : "light",
      "seconds" : 750
    },{
      "dateTime" : "2023-09-12T03:02:30.000",
      "level" : "deep",
      "seconds" : 270
    },{
      "dateTime" : "2023-09-12T03:07:00.000",
      "level" : "light",
      "seconds" : 600
    },{
      "dateTime" : "2023-09-12T03:17:00.000",
      "level" : "rem",
      "seconds" : 1260
    },{
      "dateTime" : "2023-09-12T03:38:00.000",
      "level" : "light",
      "seconds" : 1980
    },{
      "dateTime" : "2023-09-12T04:11:00.000",
      "level" : "wake",
      "seconds" : 1230
    },{
      "dateTime" : "2023-09-12T04:31:30.000",
      "level" : "light",
      "seconds" : 450
    },{
      "dateTime" : "2023-09-12T04:39:00.000",
      "level" : "wake",
      "seconds" : 270
    },{
      "dateTime" : "2023-09-12T04:43:30.000",
      "level" : "light",
      "seconds" : 360
    },{
      "dateTime" : "2023-09-12T04:49:30.000",
      "level" : "deep",
      "seconds" : 270
    },{
      "dateTime" : "2023-09-12T04:54:00.000",
      "level" : "wake",
      "seconds" : 450
    },{
      "dateTime" : "2023-09-12T05:01:30.000",
      "level" : "light",
      "seconds" : 1560
    },{
      "dateTime" : "2023-09-12T05:27:30.000",
      "level" : "wake",
      "seconds" : 360
    },{
      "dateTime" : "2023-09-12T05:33:30.000",
      "level" : "light",
      "seconds" : 870
    },{
      "dateTime" : "2023-09-12T05:48:00.000",
      "level" : "wake",
      "seconds" : 240
    },{
      "dateTime" : "2023-09-12T05:52:00.000",
      "level" : "light",
      "seconds" : 2910
    },{
      "dateTime" : "2023-09-12T06:40:30.000",
      "level" : "rem",
      "seconds" : 2130
    },{
      "dateTime" : "2023-09-12T07:16:00.000",
      "level" : "light",
      "seconds" : 1800
    },{
      "dateTime" : "2023-09-12T07:46:00.000",
      "level" : "rem",
      "seconds" : 2160
    },{
      "dateTime" : "2023-09-12T08:22:00.000",
      "level" : "light",
      "seconds" : 90
    },{
      "dateTime" : "2023-09-12T08:23:30.000",
      "level" : "wake",
      "seconds" : 390
    },{
      "dateTime" : "2023-09-12T08:30:00.000",
      "level" : "light",
      "seconds" : 1950
    }],
    "shortData" : [{
      "dateTime" : "2023-09-12T00:50:30.000",
      "level" : "wake",
      "seconds" : 60
    },{
      "dateTime" : "2023-09-12T01:46:00.000",
      "level" : "wake",
      "seconds" : 120
    },{
      "dateTime" : "2023-09-12T01:54:30.000",
      "level" : "wake",
      "seconds" : 30
    },{
      "dateTime" : "2023-09-12T02:12:30.000",
      "level" : "wake",
      "seconds" : 30
    },{
      "dateTime" : "2023-09-12T02:17:30.000",
      "level" : "wake",
      "seconds" : 30
    },{
      "dateTime" : "2023-09-12T02:19:30.000",
      "level" : "wake",
      "seconds" : 30
    },{
      "dateTime" : "2023-09-12T03:38:00.000",
      "level" : "wake",
      "seconds" : 60
    },{
      "dateTime" : "2023-09-12T05:08:30.000",
      "level" : "wake",
      "seconds" : 90
    },{
      "dateTime" : "2023-09-12T05:17:30.000",
      "level" : "wake",
      "seconds" : 30
    },{
      "dateTime" : "2023-09-12T05:43:30.000",
      "level" : "wake",
      "seconds" : 30
    },{
      "dateTime" : "2023-09-12T06:11:30.000",
      "level" : "wake",
      "seconds" : 30
    },{
      "dateTime" : "2023-09-12T06:15:30.000",
      "level" : "wake",
      "seconds" : 30
    },{
      "dateTime" : "2023-09-12T06:39:00.000",
      "level" : "wake",
      "seconds" : 30
    },{
      "dateTime" : "2023-09-12T07:14:00.000",
      "level" : "wake",
      "seconds" : 30
    },{
      "dateTime" : "2023-09-12T08:05:30.000",
      "level" : "wake",
      "seconds" : 30
    },{
      "dateTime" : "2023-09-12T08:14:30.000",
      "level" : "wake",
      "seconds" : 60
    },{
      "dateTime" : "2023-09-12T09:00:00.000",
      "level" : "wake",
      "seconds" : 150
    }]
  },
  "mainSleep" : true
},{
  "logId" : 42733748571,
  "dateOfSleep" : "2023-09-11",
  "startTime" : "2023-09-10T22:14:30.000",
  "endTime" : "2023-09-11T05:25:30.000",
  "duration" : 25860000,
  "minutesToFallAsleep" : 0,
  "minutesAsleep" : 387,
  "minutesAwake" : 44,
  "minutesAfterWakeup" : 0,
  "timeInBed" : 431,
  "efficiency" : 91,
  "type" : "stages",
  "infoCode" : 0,
  "logType" : "auto_detected",
  "levels" : {
    "summary" : {
      "deep" : {
        "count" : 5,
        "minutes" : 91,
        "thirtyDayAvgMinutes" : 53
      },
      "wake" : {
        "count" : 18,
        "minutes" : 44,
        "thirtyDayAvgMinutes" : 50
      },
      "light" : {
        "count" : 17,
        "minutes" : 213,
        "thirtyDayAvgMinutes" : 227
      },
      "rem" : {
        "count" : 7,
        "minutes" : 83,
        "thirtyDayAvgMinutes" : 50
      }
    },
    "data" : [{
      "dateTime" : "2023-09-10T22:14:30.000",
      "level" : "light",
      "seconds" : 1080
    },{
      "dateTime" : "2023-09-10T22:32:30.000",
      "level" : "deep",
      "seconds" : 1620
    },{
      "dateTime" : "2023-09-10T22:59:30.000",
      "level" : "light",
      "seconds" : 930
    },{
      "dateTime" : "2023-09-10T23:15:00.000",
      "level" : "deep",
      "seconds" : 1020
    },{
      "dateTime" : "2023-09-10T23:32:00.000",
      "level" : "light",
      "seconds" : 540
    },{
      "dateTime" : "2023-09-10T23:41:00.000",
      "level" : "deep",
      "seconds" : 270
    },{
      "dateTime" : "2023-09-10T23:45:30.000",
      "level" : "light",
      "seconds" : 3360
    },{
      "dateTime" : "2023-09-11T00:41:30.000",
      "level" : "wake",
      "seconds" : 540
    },{
      "dateTime" : "2023-09-11T00:50:30.000",
      "level" : "light",
      "seconds" : 390
    },{
      "dateTime" : "2023-09-11T00:57:00.000",
      "level" : "rem",
      "seconds" : 870
    },{
      "dateTime" : "2023-09-11T01:11:30.000",
      "level" : "wake",
      "seconds" : 390
    },{
      "dateTime" : "2023-09-11T01:18:00.000",
      "level" : "light",
      "seconds" : 2460
    },{
      "dateTime" : "2023-09-11T01:59:00.000",
      "level" : "deep",
      "seconds" : 900
    },{
      "dateTime" : "2023-09-11T02:14:00.000",
      "level" : "rem",
      "seconds" : 270
    },{
      "dateTime" : "2023-09-11T02:18:30.000",
      "level" : "light",
      "seconds" : 2190
    },{
      "dateTime" : "2023-09-11T02:55:00.000",
      "level" : "rem",
      "seconds" : 1560
    },{
      "dateTime" : "2023-09-11T03:21:00.000",
      "level" : "wake",
      "seconds" : 330
    },{
      "dateTime" : "2023-09-11T03:26:30.000",
      "level" : "light",
      "seconds" : 1320
    },{
      "dateTime" : "2023-09-11T03:48:30.000",
      "level" : "wake",
      "seconds" : 390
    },{
      "dateTime" : "2023-09-11T03:55:00.000",
      "level" : "deep",
      "seconds" : 1740
    },{
      "dateTime" : "2023-09-11T04:24:00.000",
      "level" : "light",
      "seconds" : 1170
    },{
      "dateTime" : "2023-09-11T04:43:30.000",
      "level" : "rem",
      "seconds" : 2520
    }],
    "shortData" : [{
      "dateTime" : "2023-09-10T22:27:00.000",
      "level" : "wake",
      "seconds" : 30
    },{
      "dateTime" : "2023-09-10T22:59:00.000",
      "level" : "wake",
      "seconds" : 30
    },{
      "dateTime" : "2023-09-10T23:09:00.000",
      "level" : "wake",
      "seconds" : 60
    },{
      "dateTime" : "2023-09-10T23:45:30.000",
      "level" : "wake",
      "seconds" : 90
    },{
      "dateTime" : "2023-09-11T00:52:30.000",
      "level" : "wake",
      "seconds" : 60
    },{
      "dateTime" : "2023-09-11T01:48:00.000",
      "level" : "wake",
      "seconds" : 60
    },{
      "dateTime" : "2023-09-11T02:40:00.000",
      "level" : "wake",
      "seconds" : 60
    },{
      "dateTime" : "2023-09-11T04:23:00.000",
      "level" : "wake",
      "seconds" : 60
    },{
      "dateTime" : "2023-09-11T04:25:30.000",
      "level" : "wake",
      "seconds" : 120
    },{
      "dateTime" : "2023-09-11T04:30:00.000",
      "level" : "wake",
      "seconds" : 30
    },{
      "dateTime" : "2023-09-11T04:40:30.000",
      "level" : "wake",
      "seconds" : 150
    },{
      "dateTime" : "2023-09-11T04:54:00.000",
      "level" : "wake",
      "seconds" : 150
    },{
      "dateTime" : "2023-09-11T05:13:00.000",
      "level" : "wake",
      "seconds" : 30
    },{
      "dateTime" : "2023-09-11T05:20:00.000",
      "level" : "wake",
      "seconds" : 60
    }]
  },
  "mainSleep" : true
},{
  "logId" : 42724146844,
  "dateOfSleep" : "2023-09-10",
  "startTime" : "2023-09-10T04:22:30.000",
  "endTime" : "2023-09-10T06:21:00.000",
  "duration" : 7080000,
  "minutesToFallAsleep" : 0,
  "minutesAsleep" : 110,
  "minutesAwake" : 8,
  "minutesAfterWakeup" : 0,
  "timeInBed" : 118,
  "efficiency" : 93,
  "type" : "classic",
  "infoCode" : 2,
  "logType" : "auto_detected",
  "levels" : {
    "summary" : {
      "restless" : {
        "count" : 5,
        "minutes" : 8
      },
      "awake" : {
        "count" : 0,
        "minutes" : 0
      },
      "asleep" : {
        "count" : 0,
        "minutes" : 110
      }
    },
    "data" : [{
      "dateTime" : "2023-09-10T04:22:30.000",
      "level" : "asleep",
      "seconds" : 1500
    },{
      "dateTime" : "2023-09-10T04:47:30.000",
      "level" : "restless",
      "seconds" : 60
    },{
      "dateTime" : "2023-09-10T04:48:30.000",
      "level" : "asleep",
      "seconds" : 3420
    },{
      "dateTime" : "2023-09-10T05:45:30.000",
      "level" : "restless",
      "seconds" : 60
    },{
      "dateTime" : "2023-09-10T05:46:30.000",
      "level" : "asleep",
      "seconds" : 600
    },{
      "dateTime" : "2023-09-10T05:56:30.000",
      "level" : "restless",
      "seconds" : 60
    },{
      "dateTime" : "2023-09-10T05:57:30.000",
      "level" : "asleep",
      "seconds" : 60
    },{
      "dateTime" : "2023-09-10T05:58:30.000",
      "level" : "restless",
      "seconds" : 240
    },{
      "dateTime" : "2023-09-10T06:02:30.000",
      "level" : "asleep",
      "seconds" : 720
    },{
      "dateTime" : "2023-09-10T06:14:30.000",
      "level" : "restless",
      "seconds" : 60
    },{
      "dateTime" : "2023-09-10T06:15:30.000",
      "level" : "asleep",
      "seconds" : 300
    }]
  },
  "mainSleep" : false
},{
  "logId" : 42723952563,
  "dateOfSleep" : "2023-09-10",
  "startTime" : "2023-09-10T02:15:30.000",
  "endTime" : "2023-09-10T03:20:00.000",
  "duration" : 3840000,
  "minutesToFallAsleep" : 0,
  "minutesAsleep" : 62,
  "minutesAwake" : 2,
  "minutesAfterWakeup" : 0,
  "timeInBed" : 64,
  "efficiency" : 97,
  "type" : "classic",
  "infoCode" : 2,
  "logType" : "auto_detected",
  "levels" : {
    "summary" : {
      "restless" : {
        "count" : 0,
        "minutes" : 0
      },
      "awake" : {
        "count" : 1,
        "minutes" : 2
      },
      "asleep" : {
        "count" : 0,
        "minutes" : 62
      }
    },
    "data" : [{
      "dateTime" : "2023-09-10T02:15:30.000",
      "level" : "asleep",
      "seconds" : 60
    },{
      "dateTime" : "2023-09-10T02:16:30.000",
      "level" : "awake",
      "seconds" : 120
    },{
      "dateTime" : "2023-09-10T02:18:30.000",
      "level" : "asleep",
      "seconds" : 3660
    }]
  },
  "mainSleep" : false
},{
  "logId" : 42723952562,
  "dateOfSleep" : "2023-09-10",
  "startTime" : "2023-09-09T22:37:30.000",
  "endTime" : "2023-09-10T00:56:00.000",
  "duration" : 8280000,
  "minutesToFallAsleep" : 0,
  "minutesAsleep" : 128,
  "minutesAwake" : 10,
  "minutesAfterWakeup" : 0,
  "timeInBed" : 138,
  "efficiency" : 93,
  "type" : "classic",
  "infoCode" : 2,
  "logType" : "auto_detected",
  "levels" : {
    "summary" : {
      "restless" : {
        "count" : 6,
        "minutes" : 9
      },
      "awake" : {
        "count" : 1,
        "minutes" : 1
      },
      "asleep" : {
        "count" : 0,
        "minutes" : 128
      }
    },
    "data" : [{
      "dateTime" : "2023-09-09T22:37:30.000",
      "level" : "asleep",
      "seconds" : 300
    },{
      "dateTime" : "2023-09-09T22:42:30.000",
      "level" : "restless",
      "seconds" : 60
    },{
      "dateTime" : "2023-09-09T22:43:30.000",
      "level" : "asleep",
      "seconds" : 1500
    },{
      "dateTime" : "2023-09-09T23:08:30.000",
      "level" : "restless",
      "seconds" : 60
    },{
      "dateTime" : "2023-09-09T23:09:30.000",
      "level" : "asleep",
      "seconds" : 1080
    },{
      "dateTime" : "2023-09-09T23:27:30.000",
      "level" : "restless",
      "seconds" : 240
    },{
      "dateTime" : "2023-09-09T23:31:30.000",
      "level" : "awake",
      "seconds" : 60
    },{
      "dateTime" : "2023-09-09T23:32:30.000",
      "level" : "restless",
      "seconds" : 60
    },{
      "dateTime" : "2023-09-09T23:33:30.000",
      "level" : "asleep",
      "seconds" : 840
    },{
      "dateTime" : "2023-09-09T23:47:30.000",
      "level" : "restless",
      "seconds" : 60
    },{
      "dateTime" : "2023-09-09T23:48:30.000",
      "level" : "asleep",
      "seconds" : 2400
    },{
      "dateTime" : "2023-09-10T00:28:30.000",
      "level" : "restless",
      "seconds" : 60
    },{
      "dateTime" : "2023-09-10T00:29:30.000",
      "level" : "asleep",
      "seconds" : 1560
    }]
  },
  "mainSleep" : true
},{
  "logId" : 42718659543,
  "dateOfSleep" : "2023-09-09",
  "startTime" : "2023-09-09T17:08:30.000",
  "endTime" : "2023-09-09T18:35:00.000",
  "duration" : 5160000,
  "minutesToFallAsleep" : 0,
  "minutesAsleep" : 86,
  "minutesAwake" : 0,
  "minutesAfterWakeup" : 0,
  "timeInBed" : 86,
  "efficiency" : 100,
  "type" : "classic",
  "infoCode" : 2,
  "logType" : "auto_detected",
  "levels" : {
    "summary" : {
      "restless" : {
        "count" : 0,
        "minutes" : 0
      },
      "awake" : {
        "count" : 0,
        "minutes" : 0
      },
      "asleep" : {
        "count" : 0,
        "minutes" : 86
      }
    },
    "data" : [{
      "dateTime" : "2023-09-09T17:08:30.000",
      "level" : "asleep",
      "seconds" : 5160
    }]
  },
  "mainSleep" : false
},{
  "logId" : 42714184165,
  "dateOfSleep" : "2023-09-09",
  "startTime" : "2023-09-09T02:38:30.000",
  "endTime" : "2023-09-09T05:18:00.000",
  "duration" : 9540000,
  "minutesToFallAsleep" : 0,
  "minutesAsleep" : 149,
  "minutesAwake" : 10,
  "minutesAfterWakeup" : 0,
  "timeInBed" : 159,
  "efficiency" : 94,
  "type" : "classic",
  "infoCode" : 2,
  "logType" : "auto_detected",
  "levels" : {
    "summary" : {
      "restless" : {
        "count" : 7,
        "minutes" : 8
      },
      "awake" : {
        "count" : 1,
        "minutes" : 2
      },
      "asleep" : {
        "count" : 0,
        "minutes" : 149
      }
    },
    "data" : [{
      "dateTime" : "2023-09-09T02:38:30.000",
      "level" : "awake",
      "seconds" : 120
    },{
      "dateTime" : "2023-09-09T02:40:30.000",
      "level" : "restless",
      "seconds" : 60
    },{
      "dateTime" : "2023-09-09T02:41:30.000",
      "level" : "asleep",
      "seconds" : 3060
    },{
      "dateTime" : "2023-09-09T03:32:30.000",
      "level" : "restless",
      "seconds" : 120
    },{
      "dateTime" : "2023-09-09T03:34:30.000",
      "level" : "asleep",
      "seconds" : 1980
    },{
      "dateTime" : "2023-09-09T04:07:30.000",
      "level" : "restless",
      "seconds" : 60
    },{
      "dateTime" : "2023-09-09T04:08:30.000",
      "level" : "asleep",
      "seconds" : 840
    },{
      "dateTime" : "2023-09-09T04:22:30.000",
      "level" : "restless",
      "seconds" : 60
    },{
      "dateTime" : "2023-09-09T04:23:30.000",
      "level" : "asleep",
      "seconds" : 720
    },{
      "dateTime" : "2023-09-09T04:35:30.000",
      "level" : "restless",
      "seconds" : 60
    },{
      "dateTime" : "2023-09-09T04:36:30.000",
      "level" : "asleep",
      "seconds" : 1380
    },{
      "dateTime" : "2023-09-09T04:59:30.000",
      "level" : "restless",
      "seconds" : 60
    },{
      "dateTime" : "2023-09-09T05:00:30.000",
      "level" : "asleep",
      "seconds" : 540
    },{
      "dateTime" : "2023-09-09T05:09:30.000",
      "level" : "restless",
      "seconds" : 60
    },{
      "dateTime" : "2023-09-09T05:10:30.000",
      "level" : "asleep",
      "seconds" : 420
    }]
  },
  "mainSleep" : true
},{
  "logId" : 42714184164,
  "dateOfSleep" : "2023-09-09",
  "startTime" : "2023-09-09T00:21:30.000",
  "endTime" : "2023-09-09T01:34:30.000",
  "duration" : 4380000,
  "minutesToFallAsleep" : 0,
  "minutesAsleep" : 63,
  "minutesAwake" : 10,
  "minutesAfterWakeup" : 0,
  "timeInBed" : 73,
  "efficiency" : 86,
  "type" : "classic",
  "infoCode" : 2,
  "logType" : "auto_detected",
  "levels" : {
    "summary" : {
      "restless" : {
        "count" : 2,
        "minutes" : 10
      },
      "awake" : {
        "count" : 0,
        "minutes" : 0
      },
      "asleep" : {
        "count" : 0,
        "minutes" : 63
      }
    },
    "data" : [{
      "dateTime" : "2023-09-09T00:21:30.000",
      "level" : "asleep",
      "seconds" : 300
    },{
      "dateTime" : "2023-09-09T00:26:30.000",
      "level" : "restless",
      "seconds" : 540
    },{
      "dateTime" : "2023-09-09T00:35:30.000",
      "level" : "asleep",
      "seconds" : 3300
    },{
      "dateTime" : "2023-09-09T01:30:30.000",
      "level" : "restless",
      "seconds" : 60
    },{
      "dateTime" : "2023-09-09T01:31:30.000",
      "level" : "asleep",
      "seconds" : 180
    }]
  },
  "mainSleep" : false
},{
  "logId" : 42709383327,
  "dateOfSleep" : "2023-09-08",
  "startTime" : "2023-09-08T16:38:00.000",
  "endTime" : "2023-09-08T17:43:00.000",
  "duration" : 3900000,
  "minutesToFallAsleep" : 0,
  "minutesAsleep" : 63,
  "minutesAwake" : 2,
  "minutesAfterWakeup" : 0,
  "timeInBed" : 65,
  "efficiency" : 97,
  "type" : "classic",
  "infoCode" : 2,
  "logType" : "auto_detected",
  "levels" : {
    "summary" : {
      "restless" : {
        "count" : 2,
        "minutes" : 2
      },
      "awake" : {
        "count" : 0,
        "minutes" : 0
      },
      "asleep" : {
        "count" : 0,
        "minutes" : 63
      }
    },
    "data" : [{
      "dateTime" : "2023-09-08T16:38:00.000",
      "level" : "asleep",
      "seconds" : 900
    },{
      "dateTime" : "2023-09-08T16:53:00.000",
      "level" : "restless",
      "seconds" : 60
    },{
      "dateTime" : "2023-09-08T16:54:00.000",
      "level" : "asleep",
      "seconds" : 120
    },{
      "dateTime" : "2023-09-08T16:56:00.000",
      "level" : "restless",
      "seconds" : 60
    },{
      "dateTime" : "2023-09-08T16:57:00.000",
      "level" : "asleep",
      "seconds" : 2760
    }]
  },
  "mainSleep" : false
},{
  "logId" : 42698794521,
  "dateOfSleep" : "2023-09-08",
  "startTime" : "2023-09-07T22:15:00.000",
  "endTime" : "2023-09-08T01:18:00.000",
  "duration" : 10980000,
  "minutesToFallAsleep" : 0,
  "minutesAsleep" : 155,
  "minutesAwake" : 28,
  "minutesAfterWakeup" : 1,
  "timeInBed" : 183,
  "efficiency" : 86,
  "type" : "stages",
  "infoCode" : 0,
  "logType" : "auto_detected",
  "levels" : {
    "summary" : {
      "deep" : {
        "count" : 2,
        "minutes" : 15,
        "thirtyDayAvgMinutes" : 57
      },
      "wake" : {
        "count" : 8,
        "minutes" : 28,
        "thirtyDayAvgMinutes" : 53
      },
      "light" : {
        "count" : 8,
        "minutes" : 112,
        "thirtyDayAvgMinutes" : 242
      },
      "rem" : {
        "count" : 6,
        "minutes" : 28,
        "thirtyDayAvgMinutes" : 52
      }
    },
    "data" : [{
      "dateTime" : "2023-09-07T22:15:00.000",
      "level" : "light",
      "seconds" : 1170
    },{
      "dateTime" : "2023-09-07T22:34:30.000",
      "level" : "rem",
      "seconds" : 420
    },{
      "dateTime" : "2023-09-07T22:41:30.000",
      "level" : "deep",
      "seconds" : 480
    },{
      "dateTime" : "2023-09-07T22:49:30.000",
      "level" : "rem",
      "seconds" : 510
    },{
      "dateTime" : "2023-09-07T22:58:00.000",
      "level" : "light",
      "seconds" : 150
    },{
      "dateTime" : "2023-09-07T23:00:30.000",
      "level" : "deep",
      "seconds" : 420
    },{
      "dateTime" : "2023-09-07T23:07:30.000",
      "level" : "light",
      "seconds" : 1260
    },{
      "dateTime" : "2023-09-07T23:28:30.000",
      "level" : "wake",
      "seconds" : 750
    },{
      "dateTime" : "2023-09-07T23:41:00.000",
      "level" : "light",
      "seconds" : 180
    },{
      "dateTime" : "2023-09-07T23:44:00.000",
      "level" : "wake",
      "seconds" : 570
    },{
      "dateTime" : "2023-09-07T23:53:30.000",
      "level" : "light",
      "seconds" : 4170
    },{
      "dateTime" : "2023-09-08T01:03:00.000",
      "level" : "rem",
      "seconds" : 900
    }],
    "shortData" : [{
      "dateTime" : "2023-09-08T00:34:30.000",
      "level" : "wake",
      "seconds" : 150
    },{
      "dateTime" : "2023-09-08T00:39:30.000",
      "level" : "wake",
      "seconds" : 30
    },{
      "dateTime" : "2023-09-08T00:57:30.000",
      "level" : "wake",
      "seconds" : 30
    },{
      "dateTime" : "2023-09-08T01:07:30.000",
      "level" : "wake",
      "seconds" : 90
    },{
      "dateTime" : "2023-09-08T01:12:30.000",
      "level" : "wake",
      "seconds" : 30
    },{
      "dateTime" : "2023-09-08T01:16:30.000",
      "level" : "wake",
      "seconds" : 30
    }]
  },
  "mainSleep" : true
},{
  "logId" : 42686641506,
  "dateOfSleep" : "2023-09-07",
  "startTime" : "2023-09-06T22:28:30.000",
  "endTime" : "2023-09-07T01:30:00.000",
  "duration" : 10860000,
  "minutesToFallAsleep" : 0,
  "minutesAsleep" : 168,
  "minutesAwake" : 13,
  "minutesAfterWakeup" : 0,
  "timeInBed" : 181,
  "efficiency" : 93,
  "type" : "stages",
  "infoCode" : 0,
  "logType" : "auto_detected",
  "levels" : {
    "summary" : {
      "deep" : {
        "count" : 1,
        "minutes" : 40,
        "thirtyDayAvgMinutes" : 60
      },
      "wake" : {
        "count" : 9,
        "minutes" : 13,
        "thirtyDayAvgMinutes" : 58
      },
      "light" : {
        "count" : 11,
        "minutes" : 98,
        "thirtyDayAvgMinutes" : 262
      },
      "rem" : {
        "count" : 4,
        "minutes" : 30,
        "thirtyDayAvgMinutes" : 55
      }
    },
    "data" : [{
      "dateTime" : "2023-09-06T22:28:30.000",
      "level" : "light",
      "seconds" : 570
    },{
      "dateTime" : "2023-09-06T22:38:00.000",
      "level" : "deep",
      "seconds" : 2430
    },{
      "dateTime" : "2023-09-06T23:18:30.000",
      "level" : "wake",
      "seconds" : 300
    },{
      "dateTime" : "2023-09-06T23:23:30.000",
      "level" : "light",
      "seconds" : 840
    },{
      "dateTime" : "2023-09-06T23:37:30.000",
      "level" : "rem",
      "seconds" : 480
    },{
      "dateTime" : "2023-09-06T23:45:30.000",
      "level" : "light",
      "seconds" : 3780
    },{
      "dateTime" : "2023-09-07T00:48:30.000",
      "level" : "rem",
      "seconds" : 1320
    },{
      "dateTime" : "2023-09-07T01:10:30.000",
      "level" : "light",
      "seconds" : 1140
    },{
      "dateTime" : "2023-09-07T01:29:30.000",
      "level" : "rem",
      "seconds" : 30
    }],
    "shortData" : [{
      "dateTime" : "2023-09-06T23:32:00.000",
      "level" : "wake",
      "seconds" : 30
    },{
      "dateTime" : "2023-09-06T23:50:30.000",
      "level" : "wake",
      "seconds" : 30
    },{
      "dateTime" : "2023-09-06T23:58:30.000",
      "level" : "wake",
      "seconds" : 30
    },{
      "dateTime" : "2023-09-07T00:03:00.000",
      "level" : "wake",
      "seconds" : 30
    },{
      "dateTime" : "2023-09-07T00:05:30.000",
      "level" : "wake",
      "seconds" : 60
    },{
      "dateTime" : "2023-09-07T00:18:30.000",
      "level" : "wake",
      "seconds" : 180
    },{
      "dateTime" : "2023-09-07T00:30:30.000",
      "level" : "wake",
      "seconds" : 90
    },{
      "dateTime" : "2023-09-07T00:49:00.000",
      "level" : "wake",
      "seconds" : 30
    }]
  },
  "mainSleep" : true
},{
  "logId" : 42618545568,
  "dateOfSleep" : "2023-08-31",
  "startTime" : "2023-08-31T21:15:30.000",
  "endTime" : "2023-08-31T22:33:00.000",
  "duration" : 4620000,
  "minutesToFallAsleep" : 0,
  "minutesAsleep" : 70,
  "minutesAwake" : 7,
  "minutesAfterWakeup" : 0,
  "timeInBed" : 77,
  "efficiency" : 91,
  "type" : "classic",
  "infoCode" : 2,
  "logType" : "auto_detected",
  "levels" : {
    "summary" : {
      "restless" : {
        "count" : 2,
        "minutes" : 5
      },
      "awake" : {
        "count" : 1,
        "minutes" : 2
      },
      "asleep" : {
        "count" : 0,
        "minutes" : 70
      }
    },
    "data" : [{
      "dateTime" : "2023-08-31T21:15:30.000",
      "level" : "restless",
      "seconds" : 120
    },{
      "dateTime" : "2023-08-31T21:17:30.000",
      "level" : "awake",
      "seconds" : 120
    },{
      "dateTime" : "2023-08-31T21:19:30.000",
      "level" : "asleep",
      "seconds" : 3660
    },{
      "dateTime" : "2023-08-31T22:20:30.000",
      "level" : "restless",
      "seconds" : 180
    },{
      "dateTime" : "2023-08-31T22:23:30.000",
      "level" : "asleep",
      "seconds" : 540
    }]
  },
  "mainSleep" : true
},{
  "logId" : 42585993507,
  "dateOfSleep" : "2023-08-29",
  "startTime" : "2023-08-28T22:59:00.000",
  "endTime" : "2023-08-29T00:30:30.000",
  "duration" : 5460000,
  "minutesToFallAsleep" : 0,
  "minutesAsleep" : 87,
  "minutesAwake" : 4,
  "minutesAfterWakeup" : 0,
  "timeInBed" : 91,
  "efficiency" : 96,
  "type" : "classic",
  "infoCode" : 2,
  "logType" : "auto_detected",
  "levels" : {
    "summary" : {
      "restless" : {
        "count" : 2,
        "minutes" : 2
      },
      "awake" : {
        "count" : 1,
        "minutes" : 2
      },
      "asleep" : {
        "count" : 0,
        "minutes" : 87
      }
    },
    "data" : [{
      "dateTime" : "2023-08-28T22:59:00.000",
      "level" : "awake",
      "seconds" : 120
    },{
      "dateTime" : "2023-08-28T23:01:00.000",
      "level" : "restless",
      "seconds" : 60
    },{
      "dateTime" : "2023-08-28T23:02:00.000",
      "level" : "asleep",
      "seconds" : 4260
    },{
      "dateTime" : "2023-08-29T00:13:00.000",
      "level" : "restless",
      "seconds" : 60
    },{
      "dateTime" : "2023-08-29T00:14:00.000",
      "level" : "asleep",
      "seconds" : 960
    }]
  },
  "mainSleep" : true
},{
  "logId" : 42552342726,
  "dateOfSleep" : "2023-08-26",
  "startTime" : "2023-08-26T00:36:30.000",
  "endTime" : "2023-08-26T02:12:30.000",
  "duration" : 5760000,
  "minutesToFallAsleep" : 0,
  "minutesAsleep" : 84,
  "minutesAwake" : 12,
  "minutesAfterWakeup" : 0,
  "timeInBed" : 96,
  "efficiency" : 88,
  "type" : "classic",
  "infoCode" : 2,
  "logType" : "auto_detected",
  "levels" : {
    "summary" : {
      "restless" : {
        "count" : 4,
        "minutes" : 10
      },
      "awake" : {
        "count" : 1,
        "minutes" : 2
      },
      "asleep" : {
        "count" : 0,
        "minutes" : 84
      }
    },
    "data" : [{
      "dateTime" : "2023-08-26T00:36:30.000",
      "level" : "asleep",
      "seconds" : 480
    },{
      "dateTime" : "2023-08-26T00:44:30.000",
      "level" : "restless",
      "seconds" : 240
    },{
      "dateTime" : "2023-08-26T00:48:30.000",
      "level" : "awake",
      "seconds" : 120
    },{
      "dateTime" : "2023-08-26T00:50:30.000",
      "level" : "restless",
      "seconds" : 120
    },{
      "dateTime" : "2023-08-26T00:52:30.000",
      "level" : "asleep",
      "seconds" : 4380
    },{
      "dateTime" : "2023-08-26T02:05:30.000",
      "level" : "restless",
      "seconds" : 180
    },{
      "dateTime" : "2023-08-26T02:08:30.000",
      "level" : "asleep",
      "seconds" : 60
    },{
      "dateTime" : "2023-08-26T02:09:30.000",
      "level" : "restless",
      "seconds" : 60
    },{
      "dateTime" : "2023-08-26T02:10:30.000",
      "level" : "asleep",
      "seconds" : 120
    }]
  },
  "mainSleep" : true
},{
  "logId" : 42538914440,
  "dateOfSleep" : "2023-08-24",
  "startTime" : "2023-08-24T19:35:00.000",
  "endTime" : "2023-08-24T20:39:30.000",
  "duration" : 3840000,
  "minutesToFallAsleep" : 0,
  "minutesAsleep" : 59,
  "minutesAwake" : 5,
  "minutesAfterWakeup" : 0,
  "timeInBed" : 64,
  "efficiency" : 92,
  "type" : "classic",
  "infoCode" : 2,
  "logType" : "auto_detected",
  "levels" : {
    "summary" : {
      "restless" : {
        "count" : 3,
        "minutes" : 5
      },
      "awake" : {
        "count" : 0,
        "minutes" : 0
      },
      "asleep" : {
        "count" : 0,
        "minutes" : 59
      }
    },
    "data" : [{
      "dateTime" : "2023-08-24T19:35:00.000",
      "level" : "asleep",
      "seconds" : 420
    },{
      "dateTime" : "2023-08-24T19:42:00.000",
      "level" : "restless",
      "seconds" : 120
    },{
      "dateTime" : "2023-08-24T19:44:00.000",
      "level" : "asleep",
      "seconds" : 1560
    },{
      "dateTime" : "2023-08-24T20:10:00.000",
      "level" : "restless",
      "seconds" : 120
    },{
      "dateTime" : "2023-08-24T20:12:00.000",
      "level" : "asleep",
      "seconds" : 1440
    },{
      "dateTime" : "2023-08-24T20:36:00.000",
      "level" : "restless",
      "seconds" : 60
    },{
      "dateTime" : "2023-08-24T20:37:00.000",
      "level" : "asleep",
      "seconds" : 120
    }]
  },
  "mainSleep" : true
},{
  "logId" : 42516617455,
  "dateOfSleep" : "2023-08-23",
  "startTime" : "2023-08-22T21:56:00.000",
  "endTime" : "2023-08-23T02:04:00.000",
  "duration" : 14880000,
  "minutesToFallAsleep" : 0,
  "minutesAsleep" : 215,
  "minutesAwake" : 33,
  "minutesAfterWakeup" : 0,
  "timeInBed" : 248,
  "efficiency" : 86,
  "type" : "stages",
  "infoCode" : 0,
  "logType" : "auto_detected",
  "levels" : {
    "summary" : {
      "deep" : {
        "count" : 1,
        "minutes" : 37,
        "thirtyDayAvgMinutes" : 64
      },
      "wake" : {
        "count" : 6,
        "minutes" : 33,
        "thirtyDayAvgMinutes" : 63
      },
      "light" : {
        "count" : 10,
        "minutes" : 168,
        "thirtyDayAvgMinutes" : 278
      },
      "rem" : {
        "count" : 2,
        "minutes" : 10,
        "thirtyDayAvgMinutes" : 63
      }
    },
    "data" : [{
      "dateTime" : "2023-08-22T21:56:00.000",
      "level" : "light",
      "seconds" : 2220
    },{
      "dateTime" : "2023-08-22T22:33:00.000",
      "level" : "deep",
      "seconds" : 2220
    },{
      "dateTime" : "2023-08-22T23:10:00.000",
      "level" : "light",
      "seconds" : 330
    },{
      "dateTime" : "2023-08-22T23:15:30.000",
      "level" : "rem",
      "seconds" : 330
    },{
      "dateTime" : "2023-08-22T23:21:00.000",
      "level" : "light",
      "seconds" : 60
    },{
      "dateTime" : "2023-08-22T23:22:00.000",
      "level" : "wake",
      "seconds" : 1380
    },{
      "dateTime" : "2023-08-22T23:45:00.000",
      "level" : "light",
      "seconds" : 1020
    },{
      "dateTime" : "2023-08-23T00:02:00.000",
      "level" : "wake",
      "seconds" : 390
    },{
      "dateTime" : "2023-08-23T00:08:30.000",
      "level" : "light",
      "seconds" : 2460
    },{
      "dateTime" : "2023-08-23T00:49:30.000",
      "level" : "rem",
      "seconds" : 270
    },{
      "dateTime" : "2023-08-23T00:54:00.000",
      "level" : "light",
      "seconds" : 4200
    }],
    "shortData" : [{
      "dateTime" : "2023-08-23T00:13:00.000",
      "level" : "wake",
      "seconds" : 30
    },{
      "dateTime" : "2023-08-23T00:16:30.000",
      "level" : "wake",
      "seconds" : 60
    },{
      "dateTime" : "2023-08-23T01:36:30.000",
      "level" : "wake",
      "seconds" : 30
    },{
      "dateTime" : "2023-08-23T01:40:00.000",
      "level" : "wake",
      "seconds" : 120
    }]
  },
  "mainSleep" : true
},{
  "logId" : 42510590814,
  "dateOfSleep" : "2023-08-22",
  "startTime" : "2023-08-22T05:09:00.000",
  "endTime" : "2023-08-22T07:00:00.000",
  "duration" : 6660000,
  "minutesToFallAsleep" : 0,
  "minutesAsleep" : 103,
  "minutesAwake" : 8,
  "minutesAfterWakeup" : 0,
  "timeInBed" : 111,
  "efficiency" : 93,
  "type" : "classic",
  "infoCode" : 2,
  "logType" : "auto_detected",
  "levels" : {
    "summary" : {
      "restless" : {
        "count" : 6,
        "minutes" : 8
      },
      "awake" : {
        "count" : 0,
        "minutes" : 0
      },
      "asleep" : {
        "count" : 0,
        "minutes" : 103
      }
    },
    "data" : [{
      "dateTime" : "2023-08-22T05:09:00.000",
      "level" : "asleep",
      "seconds" : 480
    },{
      "dateTime" : "2023-08-22T05:17:00.000",
      "level" : "restless",
      "seconds" : 60
    },{
      "dateTime" : "2023-08-22T05:18:00.000",
      "level" : "asleep",
      "seconds" : 180
    },{
      "dateTime" : "2023-08-22T05:21:00.000",
      "level" : "restless",
      "seconds" : 60
    },{
      "dateTime" : "2023-08-22T05:22:00.000",
      "level" : "asleep",
      "seconds" : 180
    },{
      "dateTime" : "2023-08-22T05:25:00.000",
      "level" : "restless",
      "seconds" : 60
    },{
      "dateTime" : "2023-08-22T05:26:00.000",
      "level" : "asleep",
      "seconds" : 720
    },{
      "dateTime" : "2023-08-22T05:38:00.000",
      "level" : "restless",
      "seconds" : 120
    },{
      "dateTime" : "2023-08-22T05:40:00.000",
      "level" : "asleep",
      "seconds" : 180
    },{
      "dateTime" : "2023-08-22T05:43:00.000",
      "level" : "restless",
      "seconds" : 60
    },{
      "dateTime" : "2023-08-22T05:44:00.000",
      "level" : "asleep",
      "seconds" : 2940
    },{
      "dateTime" : "2023-08-22T06:33:00.000",
      "level" : "restless",
      "seconds" : 120
    },{
      "dateTime" : "2023-08-22T06:35:00.000",
      "level" : "asleep",
      "seconds" : 1500
    }]
  },
  "mainSleep" : false
},{
  "logId" : 42505030066,
  "dateOfSleep" : "2023-08-22",
  "startTime" : "2023-08-21T19:21:00.000",
  "endTime" : "2023-08-22T03:05:30.000",
  "duration" : 27840000,
  "minutesToFallAsleep" : 0,
  "minutesAsleep" : 410,
  "minutesAwake" : 54,
  "minutesAfterWakeup" : 0,
  "timeInBed" : 464,
  "efficiency" : 87,
  "type" : "stages",
  "infoCode" : 0,
  "logType" : "auto_detected",
  "levels" : {
    "summary" : {
      "deep" : {
        "count" : 3,
        "minutes" : 100,
        "thirtyDayAvgMinutes" : 56
      },
      "wake" : {
        "count" : 18,
        "minutes" : 54,
        "thirtyDayAvgMinutes" : 64
      },
      "light" : {
        "count" : 21,
        "minutes" : 230,
        "thirtyDayAvgMinutes" : 288
      },
      "rem" : {
        "count" : 7,
        "minutes" : 80,
        "thirtyDayAvgMinutes" : 60
      }
    },
    "data" : [{
      "dateTime" : "2023-08-21T19:21:00.000",
      "level" : "wake",
      "seconds" : 60
    },{
      "dateTime" : "2023-08-21T19:22:00.000",
      "level" : "light",
      "seconds" : 990
    },{
      "dateTime" : "2023-08-21T19:38:30.000",
      "level" : "deep",
      "seconds" : 1230
    },{
      "dateTime" : "2023-08-21T19:59:00.000",
      "level" : "light",
      "seconds" : 360
    },{
      "dateTime" : "2023-08-21T20:05:00.000",
      "level" : "deep",
      "seconds" : 750
    },{
      "dateTime" : "2023-08-21T20:17:30.000",
      "level" : "light",
      "seconds" : 780
    },{
      "dateTime" : "2023-08-21T20:30:30.000",
      "level" : "deep",
      "seconds" : 4020
    },{
      "dateTime" : "2023-08-21T21:37:30.000",
      "level" : "light",
      "seconds" : 270
    },{
      "dateTime" : "2023-08-21T21:42:00.000",
      "level" : "rem",
      "seconds" : 330
    },{
      "dateTime" : "2023-08-21T21:47:30.000",
      "level" : "light",
      "seconds" : 510
    },{
      "dateTime" : "2023-08-21T21:56:00.000",
      "level" : "wake",
      "seconds" : 1440
    },{
      "dateTime" : "2023-08-21T22:20:00.000",
      "level" : "light",
      "seconds" : 3570
    },{
      "dateTime" : "2023-08-21T23:19:30.000",
      "level" : "wake",
      "seconds" : 300
    },{
      "dateTime" : "2023-08-21T23:24:30.000",
      "level" : "light",
      "seconds" : 4470
    },{
      "dateTime" : "2023-08-22T00:39:00.000",
      "level" : "rem",
      "seconds" : 540
    },{
      "dateTime" : "2023-08-22T00:48:00.000",
      "level" : "light",
      "seconds" : 1320
    },{
      "dateTime" : "2023-08-22T01:10:00.000",
      "level" : "rem",
      "seconds" : 450
    },{
      "dateTime" : "2023-08-22T01:17:30.000",
      "level" : "light",
      "seconds" : 600
    },{
      "dateTime" : "2023-08-22T01:27:30.000",
      "level" : "wake",
      "seconds" : 360
    },{
      "dateTime" : "2023-08-22T01:33:30.000",
      "level" : "light",
      "seconds" : 1380
    },{
      "dateTime" : "2023-08-22T01:56:30.000",
      "level" : "rem",
      "seconds" : 2100
    },{
      "dateTime" : "2023-08-22T02:31:30.000",
      "level" : "wake",
      "seconds" : 210
    },{
      "dateTime" : "2023-08-22T02:35:00.000",
      "level" : "rem",
      "seconds" : 1140
    },{
      "dateTime" : "2023-08-22T02:54:00.000",
      "level" : "light",
      "seconds" : 390
    },{
      "dateTime" : "2023-08-22T03:00:30.000",
      "level" : "rem",
      "seconds" : 300
    }],
    "shortData" : [{
      "dateTime" : "2023-08-21T19:21:00.000",
      "level" : "wake",
      "seconds" : 60
    },{
      "dateTime" : "2023-08-21T19:24:00.000",
      "level" : "wake",
      "seconds" : 90
    },{
      "dateTime" : "2023-08-21T19:32:30.000",
      "level" : "wake",
      "seconds" : 30
    },{
      "dateTime" : "2023-08-21T20:01:00.000",
      "level" : "wake",
      "seconds" : 30
    },{
      "dateTime" : "2023-08-21T20:19:00.000",
      "level" : "wake",
      "seconds" : 60
    },{
      "dateTime" : "2023-08-21T20:25:00.000",
      "level" : "wake",
      "seconds" : 30
    },{
      "dateTime" : "2023-08-21T21:53:30.000",
      "level" : "wake",
      "seconds" : 30
    },{
      "dateTime" : "2023-08-21T22:40:30.000",
      "level" : "wake",
      "seconds" : 60
    },{
      "dateTime" : "2023-08-21T23:37:30.000",
      "level" : "wake",
      "seconds" : 120
    },{
      "dateTime" : "2023-08-22T00:14:00.000",
      "level" : "wake",
      "seconds" : 60
    },{
      "dateTime" : "2023-08-22T00:32:00.000",
      "level" : "wake",
      "seconds" : 30
    },{
      "dateTime" : "2023-08-22T00:48:00.000",
      "level" : "wake",
      "seconds" : 150
    },{
      "dateTime" : "2023-08-22T01:08:00.000",
      "level" : "wake",
      "seconds" : 120
    },{
      "dateTime" : "2023-08-22T02:28:30.000",
      "level" : "wake",
      "seconds" : 60
    }]
  },
  "mainSleep" : true
},{
  "logId" : 42495944797,
  "dateOfSleep" : "2023-08-21",
  "startTime" : "2023-08-20T23:07:00.000",
  "endTime" : "2023-08-21T00:24:00.000",
  "duration" : 4620000,
  "minutesToFallAsleep" : 0,
  "minutesAsleep" : 75,
  "minutesAwake" : 2,
  "minutesAfterWakeup" : 0,
  "timeInBed" : 77,
  "efficiency" : 97,
  "type" : "classic",
  "infoCode" : 2,
  "logType" : "auto_detected",
  "levels" : {
    "summary" : {
      "restless" : {
        "count" : 2,
        "minutes" : 2
      },
      "awake" : {
        "count" : 0,
        "minutes" : 0
      },
      "asleep" : {
        "count" : 0,
        "minutes" : 75
      }
    },
    "data" : [{
      "dateTime" : "2023-08-20T23:07:00.000",
      "level" : "asleep",
      "seconds" : 1920
    },{
      "dateTime" : "2023-08-20T23:39:00.000",
      "level" : "restless",
      "seconds" : 60
    },{
      "dateTime" : "2023-08-20T23:40:00.000",
      "level" : "asleep",
      "seconds" : 1260
    },{
      "dateTime" : "2023-08-21T00:01:00.000",
      "level" : "restless",
      "seconds" : 60
    },{
      "dateTime" : "2023-08-21T00:02:00.000",
      "level" : "asleep",
      "seconds" : 1320
    }]
  },
  "mainSleep" : true
},{
  "logId" : 42484603857,
  "dateOfSleep" : "2023-08-20",
  "startTime" : "2023-08-19T21:31:30.000",
  "endTime" : "2023-08-20T02:38:30.000",
  "duration" : 18420000,
  "minutesToFallAsleep" : 0,
  "minutesAsleep" : 257,
  "minutesAwake" : 50,
  "minutesAfterWakeup" : 0,
  "timeInBed" : 307,
  "efficiency" : 94,
  "type" : "stages",
  "infoCode" : 0,
  "logType" : "auto_detected",
  "levels" : {
    "summary" : {
      "deep" : {
        "count" : 2,
        "minutes" : 48,
        "thirtyDayAvgMinutes" : 59
      },
      "wake" : {
        "count" : 15,
        "minutes" : 50,
        "thirtyDayAvgMinutes" : 68
      },
      "light" : {
        "count" : 19,
        "minutes" : 158,
        "thirtyDayAvgMinutes" : 320
      },
      "rem" : {
        "count" : 5,
        "minutes" : 51,
        "thirtyDayAvgMinutes" : 62
      }
    },
    "data" : [{
      "dateTime" : "2023-08-19T21:31:30.000",
      "level" : "light",
      "seconds" : 1740
    },{
      "dateTime" : "2023-08-19T22:00:30.000",
      "level" : "deep",
      "seconds" : 2040
    },{
      "dateTime" : "2023-08-19T22:34:30.000",
      "level" : "rem",
      "seconds" : 390
    },{
      "dateTime" : "2023-08-19T22:41:00.000",
      "level" : "light",
      "seconds" : 3840
    },{
      "dateTime" : "2023-08-19T23:45:00.000",
      "level" : "rem",
      "seconds" : 1320
    },{
      "dateTime" : "2023-08-20T00:07:00.000",
      "level" : "wake",
      "seconds" : 1650
    },{
      "dateTime" : "2023-08-20T00:34:30.000",
      "level" : "light",
      "seconds" : 150
    },{
      "dateTime" : "2023-08-20T00:37:00.000",
      "level" : "wake",
      "seconds" : 300
    },{
      "dateTime" : "2023-08-20T00:42:00.000",
      "level" : "light",
      "seconds" : 2460
    },{
      "dateTime" : "2023-08-20T01:23:00.000",
      "level" : "deep",
      "seconds" : 870
    },{
      "dateTime" : "2023-08-20T01:37:30.000",
      "level" : "light",
      "seconds" : 210
    },{
      "dateTime" : "2023-08-20T01:41:00.000",
      "level" : "wake",
      "seconds" : 210
    },{
      "dateTime" : "2023-08-20T01:44:30.000",
      "level" : "light",
      "seconds" : 60
    },{
      "dateTime" : "2023-08-20T01:45:30.000",
      "level" : "rem",
      "seconds" : 390
    },{
      "dateTime" : "2023-08-20T01:52:00.000",
      "level" : "light",
      "seconds" : 1410
    },{
      "dateTime" : "2023-08-20T02:15:30.000",
      "level" : "rem",
      "seconds" : 900
    },{
      "dateTime" : "2023-08-20T02:30:30.000",
      "level" : "light",
      "seconds" : 420
    },{
      "dateTime" : "2023-08-20T02:37:30.000",
      "level" : "rem",
      "seconds" : 60
    }],
    "shortData" : [{
      "dateTime" : "2023-08-19T21:32:30.000",
      "level" : "wake",
      "seconds" : 30
    },{
      "dateTime" : "2023-08-19T21:35:00.000",
      "level" : "wake",
      "seconds" : 120
    },{
      "dateTime" : "2023-08-19T21:38:30.000",
      "level" : "wake",
      "seconds" : 120
    },{
      "dateTime" : "2023-08-19T21:42:00.000",
      "level" : "wake",
      "seconds" : 30
    },{
      "dateTime" : "2023-08-19T21:55:30.000",
      "level" : "wake",
      "seconds" : 30
    },{
      "dateTime" : "2023-08-19T22:33:30.000",
      "level" : "wake",
      "seconds" : 60
    },{
      "dateTime" : "2023-08-19T22:58:30.000",
      "level" : "wake",
      "seconds" : 180
    },{
      "dateTime" : "2023-08-19T23:03:30.000",
      "level" : "wake",
      "seconds" : 30
    },{
      "dateTime" : "2023-08-19T23:24:00.000",
      "level" : "wake",
      "seconds" : 30
    },{
      "dateTime" : "2023-08-19T23:42:00.000",
      "level" : "wake",
      "seconds" : 150
    },{
      "dateTime" : "2023-08-20T02:08:00.000",
      "level" : "wake",
      "seconds" : 30
    },{
      "dateTime" : "2023-08-20T02:33:00.000",
      "level" : "wake",
      "seconds" : 60
    }]
  },
  "mainSleep" : true
},{
  "logId" : 42483493918,
  "dateOfSleep" : "2023-08-19",
  "startTime" : "2023-08-19T17:17:30.000",
  "endTime" : "2023-08-19T20:21:30.000",
  "duration" : 11040000,
  "minutesToFallAsleep" : 0,
  "minutesAsleep" : 155,
  "minutesAwake" : 29,
  "minutesAfterWakeup" : 0,
  "timeInBed" : 184,
  "efficiency" : 98,
  "type" : "stages",
  "infoCode" : 0,
  "logType" : "auto_detected",
  "levels" : {
    "summary" : {
      "deep" : {
        "count" : 0,
        "minutes" : 0,
        "thirtyDayAvgMinutes" : 56
      },
      "wake" : {
        "count" : 7,
        "minutes" : 29,
        "thirtyDayAvgMinutes" : 63
      },
      "light" : {
        "count" : 6,
        "minutes" : 148,
        "thirtyDayAvgMinutes" : 309
      },
      "rem" : {
        "count" : 1,
        "minutes" : 7,
        "thirtyDayAvgMinutes" : 54
      }
    },
    "data" : [{
      "dateTime" : "2023-08-19T17:17:30.000",
      "level" : "wake",
      "seconds" : 30
    },{
      "dateTime" : "2023-08-19T17:18:00.000",
      "level" : "light",
      "seconds" : 6840
    },{
      "dateTime" : "2023-08-19T19:12:00.000",
      "level" : "wake",
      "seconds" : 210
    },{
      "dateTime" : "2023-08-19T19:15:30.000",
      "level" : "rem",
      "seconds" : 390
    },{
      "dateTime" : "2023-08-19T19:22:00.000",
      "level" : "light",
      "seconds" : 2370
    },{
      "dateTime" : "2023-08-19T20:01:30.000",
      "level" : "wake",
      "seconds" : 1200
    }],
    "shortData" : [{
      "dateTime" : "2023-08-19T17:17:30.000",
      "level" : "wake",
      "seconds" : 120
    },{
      "dateTime" : "2023-08-19T17:35:00.000",
      "level" : "wake",
      "seconds" : 30
    },{
      "dateTime" : "2023-08-19T18:10:00.000",
      "level" : "wake",
      "seconds" : 30
    },{
      "dateTime" : "2023-08-19T18:39:00.000",
      "level" : "wake",
      "seconds" : 30
    },{
      "dateTime" : "2023-08-19T19:26:00.000",
      "level" : "wake",
      "seconds" : 120
    }]
  },
  "mainSleep" : false
},{
  "logId" : 42473537502,
  "dateOfSleep" : "2023-08-19",
  "startTime" : "2023-08-18T23:40:30.000",
  "endTime" : "2023-08-19T06:24:30.000",
  "duration" : 24240000,
  "minutesToFallAsleep" : 0,
  "minutesAsleep" : 350,
  "minutesAwake" : 54,
  "minutesAfterWakeup" : 0,
  "timeInBed" : 404,
  "efficiency" : 86,
  "type" : "stages",
  "infoCode" : 0,
  "logType" : "auto_detected",
  "levels" : {
    "summary" : {
      "deep" : {
        "count" : 1,
        "minutes" : 67,
        "thirtyDayAvgMinutes" : 56
      },
      "wake" : {
        "count" : 25,
        "minutes" : 54,
        "thirtyDayAvgMinutes" : 63
      },
      "light" : {
        "count" : 22,
        "minutes" : 206,
        "thirtyDayAvgMinutes" : 309
      },
      "rem" : {
        "count" : 10,
        "minutes" : 77,
        "thirtyDayAvgMinutes" : 54
      }
    },
    "data" : [{
      "dateTime" : "2023-08-18T23:40:30.000",
      "level" : "light",
      "seconds" : 570
    },{
      "dateTime" : "2023-08-18T23:50:00.000",
      "level" : "deep",
      "seconds" : 4080
    },{
      "dateTime" : "2023-08-19T00:58:00.000",
      "level" : "light",
      "seconds" : 630
    },{
      "dateTime" : "2023-08-19T01:08:30.000",
      "level" : "rem",
      "seconds" : 270
    },{
      "dateTime" : "2023-08-19T01:13:00.000",
      "level" : "light",
      "seconds" : 870
    },{
      "dateTime" : "2023-08-19T01:27:30.000",
      "level" : "wake",
      "seconds" : 1290
    },{
      "dateTime" : "2023-08-19T01:49:00.000",
      "level" : "light",
      "seconds" : 540
    },{
      "dateTime" : "2023-08-19T01:58:00.000",
      "level" : "wake",
      "seconds" : 330
    },{
      "dateTime" : "2023-08-19T02:03:30.000",
      "level" : "light",
      "seconds" : 3270
    },{
      "dateTime" : "2023-08-19T02:58:00.000",
      "level" : "rem",
      "seconds" : 3900
    },{
      "dateTime" : "2023-08-19T04:03:00.000",
      "level" : "light",
      "seconds" : 5190
    },{
      "dateTime" : "2023-08-19T05:29:30.000",
      "level" : "rem",
      "seconds" : 810
    },{
      "dateTime" : "2023-08-19T05:43:00.000",
      "level" : "light",
      "seconds" : 2490
    }],
    "shortData" : [{
      "dateTime" : "2023-08-19T00:56:30.000",
      "level" : "wake",
      "seconds" : 90
    },{
      "dateTime" : "2023-08-19T02:41:30.000",
      "level" : "wake",
      "seconds" : 30
    },{
      "dateTime" : "2023-08-19T03:00:00.000",
      "level" : "wake",
      "seconds" : 60
    },{
      "dateTime" : "2023-08-19T03:05:30.000",
      "level" : "wake",
      "seconds" : 30
    },{
      "dateTime" : "2023-08-19T03:08:00.000",
      "level" : "wake",
      "seconds" : 30
    },{
      "dateTime" : "2023-08-19T03:10:30.000",
      "level" : "wake",
      "seconds" : 60
    },{
      "dateTime" : "2023-08-19T03:23:30.000",
      "level" : "wake",
      "seconds" : 60
    },{
      "dateTime" : "2023-08-19T03:33:00.000",
      "level" : "wake",
      "seconds" : 30
    },{
      "dateTime" : "2023-08-19T03:54:30.000",
      "level" : "wake",
      "seconds" : 90
    },{
      "dateTime" : "2023-08-19T04:04:00.000",
      "level" : "wake",
      "seconds" : 150
    },{
      "dateTime" : "2023-08-19T04:12:30.000",
      "level" : "wake",
      "seconds" : 30
    },{
      "dateTime" : "2023-08-19T04:21:00.000",
      "level" : "wake",
      "seconds" : 60
    },{
      "dateTime" : "2023-08-19T04:36:30.000",
      "level" : "wake",
      "seconds" : 150
    },{
      "dateTime" : "2023-08-19T04:41:30.000",
      "level" : "wake",
      "seconds" : 60
    },{
      "dateTime" : "2023-08-19T04:49:30.000",
      "level" : "wake",
      "seconds" : 150
    },{
      "dateTime" : "2023-08-19T05:03:30.000",
      "level" : "wake",
      "seconds" : 30
    },{
      "dateTime" : "2023-08-19T05:11:30.000",
      "level" : "wake",
      "seconds" : 30
    },{
      "dateTime" : "2023-08-19T05:26:30.000",
      "level" : "wake",
      "seconds" : 150
    },{
      "dateTime" : "2023-08-19T05:43:30.000",
      "level" : "wake",
      "seconds" : 30
    },{
      "dateTime" : "2023-08-19T05:53:00.000",
      "level" : "wake",
      "seconds" : 60
    },{
      "dateTime" : "2023-08-19T05:57:30.000",
      "level" : "wake",
      "seconds" : 30
    },{
      "dateTime" : "2023-08-19T06:09:00.000",
      "level" : "wake",
      "seconds" : 150
    },{
      "dateTime" : "2023-08-19T06:13:00.000",
      "level" : "wake",
      "seconds" : 90
    }]
  },
  "mainSleep" : true
},{
  "logId" : 42458643942,
  "dateOfSleep" : "2023-08-18",
  "startTime" : "2023-08-17T22:23:00.000",
  "endTime" : "2023-08-18T05:30:30.000",
  "duration" : 25620000,
  "minutesToFallAsleep" : 0,
  "minutesAsleep" : 376,
  "minutesAwake" : 51,
  "minutesAfterWakeup" : 0,
  "timeInBed" : 427,
  "efficiency" : 89,
  "type" : "stages",
  "infoCode" : 0,
  "logType" : "auto_detected",
  "levels" : {
    "summary" : {
      "deep" : {
        "count" : 6,
        "minutes" : 61,
        "thirtyDayAvgMinutes" : 53
      },
      "wake" : {
        "count" : 17,
        "minutes" : 51,
        "thirtyDayAvgMinutes" : 69
      },
      "light" : {
        "count" : 21,
        "minutes" : 258,
        "thirtyDayAvgMinutes" : 335
      },
      "rem" : {
        "count" : 4,
        "minutes" : 57,
        "thirtyDayAvgMinutes" : 53
      }
    },
    "data" : [{
      "dateTime" : "2023-08-17T22:23:00.000",
      "level" : "light",
      "seconds" : 1950
    },{
      "dateTime" : "2023-08-17T22:55:30.000",
      "level" : "deep",
      "seconds" : 1440
    },{
      "dateTime" : "2023-08-17T23:19:30.000",
      "level" : "light",
      "seconds" : 600
    },{
      "dateTime" : "2023-08-17T23:29:30.000",
      "level" : "deep",
      "seconds" : 930
    },{
      "dateTime" : "2023-08-17T23:45:00.000",
      "level" : "light",
      "seconds" : 510
    },{
      "dateTime" : "2023-08-17T23:53:30.000",
      "level" : "wake",
      "seconds" : 1080
    },{
      "dateTime" : "2023-08-18T00:11:30.000",
      "level" : "light",
      "seconds" : 540
    },{
      "dateTime" : "2023-08-18T00:20:30.000",
      "level" : "deep",
      "seconds" : 270
    },{
      "dateTime" : "2023-08-18T00:25:00.000",
      "level" : "light",
      "seconds" : 420
    },{
      "dateTime" : "2023-08-18T00:32:00.000",
      "level" : "deep",
      "seconds" : 270
    },{
      "dateTime" : "2023-08-18T00:36:30.000",
      "level" : "light",
      "seconds" : 270
    },{
      "dateTime" : "2023-08-18T00:41:00.000",
      "level" : "deep",
      "seconds" : 300
    },{
      "dateTime" : "2023-08-18T00:46:00.000",
      "level" : "light",
      "seconds" : 900
    },{
      "dateTime" : "2023-08-18T01:01:00.000",
      "level" : "deep",
      "seconds" : 510
    },{
      "dateTime" : "2023-08-18T01:09:30.000",
      "level" : "wake",
      "seconds" : 510
    },{
      "dateTime" : "2023-08-18T01:18:00.000",
      "level" : "light",
      "seconds" : 2730
    },{
      "dateTime" : "2023-08-18T02:03:30.000",
      "level" : "wake",
      "seconds" : 270
    },{
      "dateTime" : "2023-08-18T02:08:00.000",
      "level" : "light",
      "seconds" : 2100
    },{
      "dateTime" : "2023-08-18T02:43:00.000",
      "level" : "wake",
      "seconds" : 300
    },{
      "dateTime" : "2023-08-18T02:48:00.000",
      "level" : "light",
      "seconds" : 840
    },{
      "dateTime" : "2023-08-18T03:02:00.000",
      "level" : "rem",
      "seconds" : 2250
    },{
      "dateTime" : "2023-08-18T03:39:30.000",
      "level" : "light",
      "seconds" : 5220
    },{
      "dateTime" : "2023-08-18T05:06:30.000",
      "level" : "rem",
      "seconds" : 1290
    },{
      "dateTime" : "2023-08-18T05:28:00.000",
      "level" : "light",
      "seconds" : 150
    }],
    "shortData" : [{
      "dateTime" : "2023-08-17T23:18:30.000",
      "level" : "wake",
      "seconds" : 60
    },{
      "dateTime" : "2023-08-18T02:11:00.000",
      "level" : "wake",
      "seconds" : 120
    },{
      "dateTime" : "2023-08-18T02:57:00.000",
      "level" : "wake",
      "seconds" : 30
    },{
      "dateTime" : "2023-08-18T03:45:30.000",
      "level" : "wake",
      "seconds" : 60
    },{
      "dateTime" : "2023-08-18T03:48:00.000",
      "level" : "wake",
      "seconds" : 150
    },{
      "dateTime" : "2023-08-18T04:34:00.000",
      "level" : "wake",
      "seconds" : 30
    },{
      "dateTime" : "2023-08-18T04:42:30.000",
      "level" : "wake",
      "seconds" : 150
    },{
      "dateTime" : "2023-08-18T04:52:00.000",
      "level" : "wake",
      "seconds" : 60
    },{
      "dateTime" : "2023-08-18T04:58:30.000",
      "level" : "wake",
      "seconds" : 30
    },{
      "dateTime" : "2023-08-18T05:04:30.000",
      "level" : "wake",
      "seconds" : 60
    },{
      "dateTime" : "2023-08-18T05:10:00.000",
      "level" : "wake",
      "seconds" : 60
    },{
      "dateTime" : "2023-08-18T05:16:00.000",
      "level" : "wake",
      "seconds" : 30
    },{
      "dateTime" : "2023-08-18T05:29:00.000",
      "level" : "wake",
      "seconds" : 90
    }]
  },
  "mainSleep" : true
},{
  "logId" : 42450939744,
  "dateOfSleep" : "2023-08-17",
  "startTime" : "2023-08-16T22:20:30.000",
  "endTime" : "2023-08-17T05:44:30.000",
  "duration" : 26640000,
  "minutesToFallAsleep" : 0,
  "minutesAsleep" : 392,
  "minutesAwake" : 52,
  "minutesAfterWakeup" : 1,
  "timeInBed" : 444,
  "efficiency" : 91,
  "type" : "stages",
  "infoCode" : 0,
  "logType" : "auto_detected",
  "levels" : {
    "summary" : {
      "deep" : {
        "count" : 2,
        "minutes" : 33,
        "thirtyDayAvgMinutes" : 73
      },
      "wake" : {
        "count" : 17,
        "minutes" : 52,
        "thirtyDayAvgMinutes" : 86
      },
      "light" : {
        "count" : 17,
        "minutes" : 279,
        "thirtyDayAvgMinutes" : 390
      },
      "rem" : {
        "count" : 5,
        "minutes" : 80,
        "thirtyDayAvgMinutes" : 26
      }
    },
    "data" : [{
      "dateTime" : "2023-08-16T22:20:30.000",
      "level" : "light",
      "seconds" : 510
    },{
      "dateTime" : "2023-08-16T22:29:00.000",
      "level" : "wake",
      "seconds" : 1230
    },{
      "dateTime" : "2023-08-16T22:49:30.000",
      "level" : "light",
      "seconds" : 720
    },{
      "dateTime" : "2023-08-16T23:01:30.000",
      "level" : "deep",
      "seconds" : 390
    },{
      "dateTime" : "2023-08-16T23:08:00.000",
      "level" : "light",
      "seconds" : 360
    },{
      "dateTime" : "2023-08-16T23:14:00.000",
      "level" : "deep",
      "seconds" : 1680
    },{
      "dateTime" : "2023-08-16T23:42:00.000",
      "level" : "light",
      "seconds" : 5820
    },{
      "dateTime" : "2023-08-17T01:19:00.000",
      "level" : "wake",
      "seconds" : 300
    },{
      "dateTime" : "2023-08-17T01:24:00.000",
      "level" : "light",
      "seconds" : 3810
    },{
      "dateTime" : "2023-08-17T02:27:30.000",
      "level" : "rem",
      "seconds" : 360
    },{
      "dateTime" : "2023-08-17T02:33:30.000",
      "level" : "light",
      "seconds" : 3750
    },{
      "dateTime" : "2023-08-17T03:36:00.000",
      "level" : "rem",
      "seconds" : 4500
    },{
      "dateTime" : "2023-08-17T04:51:00.000",
      "level" : "light",
      "seconds" : 2310
    },{
      "dateTime" : "2023-08-17T05:29:30.000",
      "level" : "wake",
      "seconds" : 900
    }],
    "shortData" : [{
      "dateTime" : "2023-08-16T23:40:30.000",
      "level" : "wake",
      "seconds" : 90
    },{
      "dateTime" : "2023-08-16T23:50:30.000",
      "level" : "wake",
      "seconds" : 60
    },{
      "dateTime" : "2023-08-17T00:07:00.000",
      "level" : "wake",
      "seconds" : 90
    },{
      "dateTime" : "2023-08-17T00:24:30.000",
      "level" : "wake",
      "seconds" : 30
    },{
      "dateTime" : "2023-08-17T00:42:00.000",
      "level" : "wake",
      "seconds" : 60
    },{
      "dateTime" : "2023-08-17T01:46:00.000",
      "level" : "wake",
      "seconds" : 60
    },{
      "dateTime" : "2023-08-17T02:46:00.000",
      "level" : "wake",
      "seconds" : 30
    },{
      "dateTime" : "2023-08-17T02:50:00.000",
      "level" : "wake",
      "seconds" : 60
    },{
      "dateTime" : "2023-08-17T04:26:00.000",
      "level" : "wake",
      "seconds" : 30
    },{
      "dateTime" : "2023-08-17T04:36:00.000",
      "level" : "wake",
      "seconds" : 30
    },{
      "dateTime" : "2023-08-17T04:47:30.000",
      "level" : "wake",
      "seconds" : 30
    },{
      "dateTime" : "2023-08-17T05:03:30.000",
      "level" : "wake",
      "seconds" : 60
    },{
      "dateTime" : "2023-08-17T05:07:00.000",
      "level" : "wake",
      "seconds" : 60
    },{
      "dateTime" : "2023-08-17T05:16:00.000",
      "level" : "wake",
      "seconds" : 30
    }]
  },
  "mainSleep" : true
},{
  "logId" : 42445834914,
  "dateOfSleep" : "2023-08-16",
  "startTime" : "2023-08-16T16:38:30.000",
  "endTime" : "2023-08-16T21:06:00.000",
  "duration" : 16020000,
  "minutesToFallAsleep" : 0,
  "minutesAsleep" : 233,
  "minutesAwake" : 34,
  "minutesAfterWakeup" : 0,
  "timeInBed" : 267,
  "efficiency" : 89,
  "type" : "stages",
  "infoCode" : 0,
  "logType" : "auto_detected",
  "levels" : {
    "summary" : {
      "deep" : {
        "count" : 1,
        "minutes" : 8,
        "thirtyDayAvgMinutes" : 0
      },
      "wake" : {
        "count" : 12,
        "minutes" : 34,
        "thirtyDayAvgMinutes" : 0
      },
      "light" : {
        "count" : 12,
        "minutes" : 209,
        "thirtyDayAvgMinutes" : 0
      },
      "rem" : {
        "count" : 3,
        "minutes" : 16,
        "thirtyDayAvgMinutes" : 0
      }
    },
    "data" : [{
      "dateTime" : "2023-08-16T16:38:30.000",
      "level" : "wake",
      "seconds" : 540
    },{
      "dateTime" : "2023-08-16T16:47:30.000",
      "level" : "light",
      "seconds" : 120
    },{
      "dateTime" : "2023-08-16T16:49:30.000",
      "level" : "wake",
      "seconds" : 240
    },{
      "dateTime" : "2023-08-16T16:53:30.000",
      "level" : "light",
      "seconds" : 2040
    },{
      "dateTime" : "2023-08-16T17:27:30.000",
      "level" : "deep",
      "seconds" : 450
    },{
      "dateTime" : "2023-08-16T17:35:00.000",
      "level" : "light",
      "seconds" : 4800
    },{
      "dateTime" : "2023-08-16T18:55:00.000",
      "level" : "wake",
      "seconds" : 420
    },{
      "dateTime" : "2023-08-16T19:02:00.000",
      "level" : "rem",
      "seconds" : 390
    },{
      "dateTime" : "2023-08-16T19:08:30.000",
      "level" : "light",
      "seconds" : 690
    },{
      "dateTime" : "2023-08-16T19:20:00.000",
      "level" : "rem",
      "seconds" : 390
    },{
      "dateTime" : "2023-08-16T19:26:30.000",
      "level" : "light",
      "seconds" : 150
    },{
      "dateTime" : "2023-08-16T19:29:00.000",
      "level" : "wake",
      "seconds" : 390
    },{
      "dateTime" : "2023-08-16T19:35:30.000",
      "level" : "light",
      "seconds" : 5220
    },{
      "dateTime" : "2023-08-16T21:02:30.000",
      "level" : "rem",
      "seconds" : 210
    }],
    "shortData" : [{
      "dateTime" : "2023-08-16T16:56:00.000",
      "level" : "wake",
      "seconds" : 30
    },{
      "dateTime" : "2023-08-16T16:58:30.000",
      "level" : "wake",
      "seconds" : 30
    },{
      "dateTime" : "2023-08-16T17:35:00.000",
      "level" : "wake",
      "seconds" : 90
    },{
      "dateTime" : "2023-08-16T18:13:30.000",
      "level" : "wake",
      "seconds" : 60
    },{
      "dateTime" : "2023-08-16T19:09:30.000",
      "level" : "wake",
      "seconds" : 30
    },{
      "dateTime" : "2023-08-16T19:39:00.000",
      "level" : "wake",
      "seconds" : 30
    },{
      "dateTime" : "2023-08-16T20:03:30.000",
      "level" : "wake",
      "seconds" : 30
    },{
      "dateTime" : "2023-08-16T21:00:00.000",
      "level" : "wake",
      "seconds" : 150
    }]
  },
  "mainSleep" : false
},{
  "logId" : 42435300079,
  "dateOfSleep" : "2023-08-16",
  "startTime" : "2023-08-16T00:39:00.000",
  "endTime" : "2023-08-16T05:47:00.000",
  "duration" : 18480000,
  "minutesToFallAsleep" : 0,
  "minutesAsleep" : 256,
  "minutesAwake" : 52,
  "minutesAfterWakeup" : 0,
  "timeInBed" : 308,
  "efficiency" : 90,
  "type" : "stages",
  "infoCode" : 0,
  "logType" : "auto_detected",
  "levels" : {
    "summary" : {
      "deep" : {
        "count" : 3,
        "minutes" : 65,
        "thirtyDayAvgMinutes" : 0
      },
      "wake" : {
        "count" : 13,
        "minutes" : 52,
        "thirtyDayAvgMinutes" : 0
      },
      "light" : {
        "count" : 14,
        "minutes" : 181,
        "thirtyDayAvgMinutes" : 0
      },
      "rem" : {
        "count" : 2,
        "minutes" : 10,
        "thirtyDayAvgMinutes" : 0
      }
    },
    "data" : [{
      "dateTime" : "2023-08-16T00:39:00.000",
      "level" : "wake",
      "seconds" : 240
    },{
      "dateTime" : "2023-08-16T00:43:00.000",
      "level" : "light",
      "seconds" : 690
    },{
      "dateTime" : "2023-08-16T00:54:30.000",
      "level" : "deep",
      "seconds" : 2460
    },{
      "dateTime" : "2023-08-16T01:35:30.000",
      "level" : "light",
      "seconds" : 390
    },{
      "dateTime" : "2023-08-16T01:42:00.000",
      "level" : "deep",
      "seconds" : 930
    },{
      "dateTime" : "2023-08-16T01:57:30.000",
      "level" : "wake",
      "seconds" : 540
    },{
      "dateTime" : "2023-08-16T02:06:30.000",
      "level" : "light",
      "seconds" : 1140
    },{
      "dateTime" : "2023-08-16T02:25:30.000",
      "level" : "rem",
      "seconds" : 300
    },{
      "dateTime" : "2023-08-16T02:30:30.000",
      "level" : "light",
      "seconds" : 6600
    },{
      "dateTime" : "2023-08-16T04:20:30.000",
      "level" : "deep",
      "seconds" : 510
    },{
      "dateTime" : "2023-08-16T04:29:00.000",
      "level" : "wake",
      "seconds" : 540
    },{
      "dateTime" : "2023-08-16T04:38:00.000",
      "level" : "light",
      "seconds" : 180
    },{
      "dateTime" : "2023-08-16T04:41:00.000",
      "level" : "rem",
      "seconds" : 360
    },{
      "dateTime" : "2023-08-16T04:47:00.000",
      "level" : "light",
      "seconds" : 60
    },{
      "dateTime" : "2023-08-16T04:48:00.000",
      "level" : "wake",
      "seconds" : 360
    },{
      "dateTime" : "2023-08-16T04:54:00.000",
      "level" : "light",
      "seconds" : 2130
    },{
      "dateTime" : "2023-08-16T05:29:30.000",
      "level" : "wake",
      "seconds" : 1050
    }],
    "shortData" : [{
      "dateTime" : "2023-08-16T00:45:30.000",
      "level" : "wake",
      "seconds" : 30
    },{
      "dateTime" : "2023-08-16T02:49:30.000",
      "level" : "wake",
      "seconds" : 30
    },{
      "dateTime" : "2023-08-16T03:29:00.000",
      "level" : "wake",
      "seconds" : 30
    },{
      "dateTime" : "2023-08-16T04:41:00.000",
      "level" : "wake",
      "seconds" : 60
    },{
      "dateTime" : "2023-08-16T04:56:00.000",
      "level" : "wake",
      "seconds" : 60
    },{
      "dateTime" : "2023-08-16T05:00:00.000",
      "level" : "wake",
      "seconds" : 30
    },{
      "dateTime" : "2023-08-16T05:06:00.000",
      "level" : "wake",
      "seconds" : 120
    },{
      "dateTime" : "2023-08-16T05:10:00.000",
      "level" : "wake",
      "seconds" : 60
    }]
  },
  "mainSleep" : true
}]