DATE,UPDATED_AT,STRESS_SCORE,SLEEP_POINTS,MAX_SLEEP_POINTS,RESPONSIVENESS_POINTS,MAX_RESPONSIVENESS_POINTS,EXERTION_POINTS,MAX_EXERTION_POINTS,STATUS,CALCULATION_FAILED
2023-08-05T00:00:00,2023-08-05T14:23:56.516,0,0,0,0,0,0,0,NO_DATA,true
2023-08-06T00:00:00,2023-08-06T15:39:01.18,75,0,0,0,0,0,0,READY_NOT_PREMIUM,false
2023-08-07T00:00:00,2023-08-07T13:05:15.144,72,0,0,0,0,0,0,READY_NOT_PREMIUM,false
2023-08-08T00:00:00,2023-08-08T10:05:59.855,65,0,0,0,0,0,0,READY_NOT_PREMIUM,false
2023-08-09T00:00:00,2023-08-09T11:57:28.955,75,0,0,0,0,0,0,READY_NOT_PREMIUM,false