timestamp,heart rate zone,total minutes
2023-04-27T00:46:00Z,fat burn,1
2023-04-27T00:47:00Z,fat burn,1
2023-04-27T00:48:00Z,fat burn,1
2023-04-27T00:51:00Z,fat burn,1
2023-04-27T00:54:00Z,fat burn,1
2023-04-27T00:55:00Z,fat burn,1
2023-04-27T00:56:00Z,fat burn,1
2023-04-27T00:57:00Z,fat burn,1
2023-04-27T00:58:00Z,fat burn,1
2023-04-27T00:59:00Z,fat burn,1
2023-04-27T01:00:00Z,fat burn,1
2023-04-27T01:01:00Z,fat burn,1
2023-04-27T01:02:00Z,fat burn,1
2023-04-27T01:03:00Z,fat burn,1
2023-04-27T01:04:00Z,fat burn,1
2023-04-27T01:10:00Z,fat burn,1
2023-04-27T01:14:00Z,fat burn,1
2023-04-27T01:22:00Z,fat burn,1
