date,readiness_score_value,readiness_state,activity_subcomponent,sleep_subcomponent,hrv_subcomponent,activity_state,sleep_state,hrv_state
2023-09-20,56.0,MEDIUM,56.0,93.0,40.0,MEDIUM,HIGH,MEDIUM
2023-09-19,9.0,LOW,9.0,92.0,53.0,HIGH,HIGH,MEDIUM
2023-09-18,72.0,HIGH,72.0,99.0,53.0,LOW,HIGH,MEDIUM
2023-09-17,66.0,HIGH,66.0,98.0,44.0,LOW,HIGH,MEDIUM
2023-09-16,91.0,HIGH,91.0,100.0,46.0,LOW,HIGH,MEDIUM
2023-09-15,81.0,HIGH,81.0,100.0,43.0,LOW,HIGH,MEDIUM
2023-09-14,80.0,HIGH,80.0,100.0,45.0,LOW,HIGH,MEDIUM
2023-09-13,70.0,HIGH,70.0,100.0,44.0,LOW,HIGH,MEDIUM
2023-09-12,91.0,HIGH,91.0,100.0,39.0,LOW,HIGH,MEDIUM