type,sleep_start,sleep_end,temperature_samples,nightly_temperature,baseline_relative_sample_sum,baseline_relative_sample_sum_of_squares,baseline_relative_nightly_standard_deviation,baseline_relative_sample_standard_deviation
IDT,2023-08-05T04:01,2023-08-05T09:58,357,31.581792717086834,NaN,NaN,NaN,NaN
IDT,2023-08-06T00:52:30,2023-08-06T11:13:30,621,31.79339774557166,NaN,NaN,NaN,NaN
IDT,2023-08-07T03:19,2023-08-07T08:47,328,31.533231707317075,-15.928011204481663,833.0012546979124,0.13833608062192165,1.5953178571724982
IDT,2023-08-08T00:42,2023-08-08T05:42,300,32.2,153.72143060122653,162.32759408699349,0.30371406801071527,1.2406554900871702
IDT,2023-08-09T00:04,2023-08-09T07:33:30,450,32.00488888888889,95.17101449275287,398.5370711100986,0.28206156581444036,1.1168999908175397