[{
  "dateTime" : "04/18/23 18:40:00",
  "value" : "10"
},{
  "dateTime" : "04/18/23 20:09:00",
  "value" : "10"
},{
  "dateTime" : "04/19/23 10:48:00",
  "value" : "10"
},{
  "dateTime" : "04/19/23 15:10:00",
  "value" : "10"
},{
  "dateTime" : "04/19/23 19:00:00",
  "value" : "10"
},{
  "dateTime" : "04/19/23 20:22:00",
  "value" : "10"
},{
  "dateTime" : "04/19/23 21:23:00",
  "value" : "10"
},{
  "dateTime" : "04/19/23 22:13:00",
  "value" : "10"
},{
  "dateTime" : "04/21/23 14:22:00",
  "value" : "10"
},{
  "dateTime" : "04/21/23 14:42:00",
  "value" : "10"
},{
  "dateTime" : "04/21/23 19:38:00",
  "value" : "10"
},{
  "dateTime" : "04/21/23 19:50:00",
  "value" : "10"
},{
  "dateTime" : "04/22/23 14:40:00",
  "value" : "10"
},{
  "dateTime" : "04/26/23 04:50:00",
  "value" : "10"
},{
  "dateTime" : "04/26/23 05:55:00",
  "value" : "10"
},{
  "dateTime" : "04/26/23 19:11:00",
  "value" : "10"
},{
  "dateTime" : "04/26/23 21:03:00",
  "value" : "10"
},{
  "dateTime" : "05/02/23 18:30:00",
  "value" : "10"
},{
  "dateTime" : "05/02/23 18:32:00",
  "value" : "10"
},{
  "dateTime" : "05/02/23 20:51:00",
  "value" : "10"
},{
  "dateTime" : "05/05/23 13:39:00",
  "value" : "10"
},{
  "dateTime" : "05/05/23 17:19:00",
  "value" : "10"
},{
  "dateTime" : "05/06/23 13:08:00",
  "value" : "10"
},{
  "dateTime" : "05/06/23 13:09:00",
  "value" : "10"
},{
  "dateTime" : "05/06/23 13:10:00",
  "value" : "10"
},{
  "dateTime" : "05/06/23 13:14:00",
  "value" : "10"
},{
  "dateTime" : "05/06/23 14:04:00",
  "value" : "10"
},{
  "dateTime" : "05/06/23 14:35:00",
  "value" : "10"
},{
  "dateTime" : "05/06/23 15:47:00",
  "value" : "10"
},{
  "dateTime" : "05/06/23 16:43:00",
  "value" : "10"
}]