[{
  "dateTime" : "09/14/23 00:52:00",
  "value" : "0"
},{
  "dateTime" : "09/14/23 00:56:00",
  "value" : "10"
},{
  "dateTime" : "09/14/23 01:19:00",
  "value" : "0"
},{
  "dateTime" : "09/14/23 01:21:00",
  "value" : "0"
},{
  "dateTime" : "09/14/23 03:46:00",
  "value" : "0"
},{
  "dateTime" : "09/14/23 04:46:00",
  "value" : "0"
},{
  "dateTime" : "09/14/23 07:22:00",
  "value" : "0"
},{
  "dateTime" : "09/14/23 08:09:00",
  "value" : "0"
},{
  "dateTime" : "09/14/23 09:54:00",
  "value" : "0"
},{
  "dateTime" : "09/14/23 10:03:00",
  "value" : "0"
},{
  "dateTime" : "09/14/23 10:50:00",
  "value" : "0"
},{
  "dateTime" : "09/14/23 10:52:00",
  "value" : "0"
},{
  "dateTime" : "09/14/23 10:53:00",
  "value" : "0"
},{
  "dateTime" : "09/14/23 10:56:00",
  "value" : "0"
},{
  "dateTime" : "09/14/23 10:59:00",
  "value" : "0"
},{
  "dateTime" : "09/14/23 11:05:00",
  "value" : "0"
},{
  "dateTime" : "09/14/23 11:11:00",
  "value" : "0"
},{
  "dateTime" : "09/14/23 11:14:00",
  "value" : "0"
},{
  "dateTime" : "09/14/23 11:16:00",
  "value" : "0"
},{
  "dateTime" : "09/14/23 11:17:00",
  "value" : "0"
},{
  "dateTime" : "09/14/23 11:19:00",
  "value" : "0"
},{
  "dateTime" : "09/14/23 11:20:00",
  "value" : "0"
},{
  "dateTime" : "09/14/23 11:22:00",
  "value" : "0"
},{
  "dateTime" : "09/14/23 11:31:00",
  "value" : "0"
},{
  "dateTime" : "09/14/23 11:33:00",
  "value" : "0"
},{
  "dateTime" : "09/14/23 11:36:00",
  "value" : "0"
},{
  "dateTime" : "09/14/23 11:37:00",
  "value" : "0"
},{
  "dateTime" : "09/14/23 11:39:00",
  "value" : "0"
},{
  "dateTime" : "09/14/23 11:40:00",
  "value" : "0"
},{
  "dateTime" : "09/14/23 11:50:00",
  "value" : "0"
},{
  "dateTime" : "09/14/23 12:01:00",
  "value" : "0"
},{
  "dateTime" : "09/14/23 12:06:00",
  "value" : "0"
},{
  "dateTime" : "09/14/23 12:08:00",
  "value" : "0"
},{
  "dateTime" : "09/14/23 12:09:00",
  "value" : "0"
},{
  "dateTime" : "09/14/23 12:16:00",
  "value" : "0"
},{
  "dateTime" : "09/14/23 12:18:00",
  "value" : "0"
},{
  "dateTime" : "09/14/23 12:19:00",
  "value" : "0"
},{
  "dateTime" : "09/14/23 12:20:00",
  "value" : "0"
},{
  "dateTime" : "09/14/23 12:22:00",
  "value" : "10"
},{
  "dateTime" : "09/14/23 12:24:00",
  "value" : "0"
},{
  "dateTime" : "09/14/23 12:25:00",
  "value" : "0"
},{
  "dateTime" : "09/14/23 12:26:00",
  "value" : "0"
},{
  "dateTime" : "09/14/23 12:28:00",
  "value" : "0"
},{
  "dateTime" : "09/14/23 12:29:00",
  "value" : "0"
},{
  "dateTime" : "09/14/23 12:31:00",
  "value" : "0"
},{
  "dateTime" : "09/14/23 12:40:00",
  "value" : "0"
},{
  "dateTime" : "09/14/23 12:45:00",
  "value" : "0"
},{
  "dateTime" : "09/14/23 12:49:00",
  "value" : "0"
},{
  "dateTime" : "09/14/23 12:50:00",
  "value" : "0"
},{
  "dateTime" : "09/14/23 12:55:00",
  "value" : "0"
},{
  "dateTime" : "09/14/23 12:56:00",
  "value" : "10"
},{
  "dateTime" : "09/14/23 13:04:00",
  "value" : "0"
},{
  "dateTime" : "09/14/23 13:32:00",
  "value" : "10"
},{
  "dateTime" : "09/14/23 13:50:00",
  "value" : "0"
},{
  "dateTime" : "09/14/23 13:54:00",
  "value" : "0"
},{
  "dateTime" : "09/14/23 13:55:00",
  "value" : "0"
},{
  "dateTime" : "09/14/23 14:18:00",
  "value" : "0"
},{
  "dateTime" : "09/14/23 14:19:00",
  "value" : "0"
},{
  "dateTime" : "09/14/23 14:24:00",
  "value" : "0"
},{
  "dateTime" : "09/14/23 14:50:00",
  "value" : "0"
},{
  "dateTime" : "09/14/23 14:51:00",
  "value" : "0"
},{
  "dateTime" : "09/14/23 15:50:00",
  "value" : "0"
},{
  "dateTime" : "09/14/23 15:58:00",
  "value" : "0"
},{
  "dateTime" : "09/14/23 16:00:00",
  "value" : "0"
},{
  "dateTime" : "09/14/23 16:16:00",
  "value" : "0"
},{
  "dateTime" : "09/14/23 16:50:00",
  "value" : "0"
},{
  "dateTime" : "09/14/23 17:03:00",
  "value" : "0"
},{
  "dateTime" : "09/14/23 17:16:00",
  "value" : "0"
},{
  "dateTime" : "09/14/23 18:07:00",
  "value" : "0"
},{
  "dateTime" : "09/14/23 18:08:00",
  "value" : "10"
},{
  "dateTime" : "09/14/23 18:11:00",
  "value" : "0"
},{
  "dateTime" : "09/14/23 18:20:00",
  "value" : "0"
},{
  "dateTime" : "09/14/23 18:50:00",
  "value" : "10"
},{
  "dateTime" : "09/14/23 18:52:00",
  "value" : "10"
},{
  "dateTime" : "09/14/23 18:54:00",
  "value" : "0"
},{
  "dateTime" : "09/14/23 18:57:00",
  "value" : "0"
},{
  "dateTime" : "09/14/23 18:58:00",
  "value" : "0"
},{
  "dateTime" : "09/14/23 18:59:00",
  "value" : "0"
},{
  "dateTime" : "09/14/23 19:06:00",
  "value" : "0"
},{
  "dateTime" : "09/14/23 19:10:00",
  "value" : "0"
},{
  "dateTime" : "09/14/23 19:39:00",
  "value" : "10"
},{
  "dateTime" : "09/14/23 20:09:00",
  "value" : "0"
},{
  "dateTime" : "09/14/23 20:26:00",
  "value" : "0"
},{
  "dateTime" : "09/14/23 20:49:00",
  "value" : "0"
},{
  "dateTime" : "09/14/23 20:53:00",
  "value" : "0"
},{
  "dateTime" : "09/14/23 22:05:00",
  "value" : "0"
},{
  "dateTime" : "09/14/23 22:06:00",
  "value" : "0"
},{
  "dateTime" : "09/14/23 22:07:00",
  "value" : "10"
},{
  "dateTime" : "09/14/23 22:42:00",
  "value" : "0"
},{
  "dateTime" : "09/14/23 23:07:00",
  "value" : "0"
},{
  "dateTime" : "09/15/23 00:14:00",
  "value" : "0"
},{
  "dateTime" : "09/15/23 00:21:00",
  "value" : "10"
},{
  "dateTime" : "09/15/23 05:06:00",
  "value" : "0"
},{
  "dateTime" : "09/15/23 05:14:00",
  "value" : "0"
},{
  "dateTime" : "09/15/23 05:15:00",
  "value" : "0"
},{
  "dateTime" : "09/15/23 05:48:00",
  "value" : "0"
},{
  "dateTime" : "09/15/23 06:03:00",
  "value" : "0"
},{
  "dateTime" : "09/15/23 06:04:00",
  "value" : "0"
},{
  "dateTime" : "09/15/23 06:09:00",
  "value" : "10"
},{
  "dateTime" : "09/15/23 06:19:00",
  "value" : "0"
},{
  "dateTime" : "09/15/23 06:22:00",
  "value" : "0"
},{
  "dateTime" : "09/15/23 06:23:00",
  "value" : "0"
},{
  "dateTime" : "09/15/23 06:28:00",
  "value" : "0"
},{
  "dateTime" : "09/15/23 06:36:00",
  "value" : "0"
},{
  "dateTime" : "09/15/23 06:58:00",
  "value" : "10"
},{
  "dateTime" : "09/15/23 07:15:00",
  "value" : "0"
},{
  "dateTime" : "09/15/23 07:35:00",
  "value" : "0"
},{
  "dateTime" : "09/15/23 07:36:00",
  "value" : "0"
},{
  "dateTime" : "09/15/23 07:37:00",
  "value" : "10"
},{
  "dateTime" : "09/15/23 07:40:00",
  "value" : "0"
},{
  "dateTime" : "09/15/23 08:08:00",
  "value" : "0"
},{
  "dateTime" : "09/15/23 08:09:00",
  "value" : "0"
},{
  "dateTime" : "09/15/23 08:17:00",
  "value" : "0"
},{
  "dateTime" : "09/15/23 08:19:00",
  "value" : "0"
},{
  "dateTime" : "09/15/23 08:23:00",
  "value" : "0"
},{
  "dateTime" : "09/15/23 08:24:00",
  "value" : "0"
},{
  "dateTime" : "09/15/23 08:27:00",
  "value" : "0"
},{
  "dateTime" : "09/15/23 08:48:00",
  "value" : "0"
},{
  "dateTime" : "09/15/23 08:52:00",
  "value" : "0"
},{
  "dateTime" : "09/15/23 08:53:00",
  "value" : "0"
},{
  "dateTime" : "09/15/23 08:54:00",
  "value" : "0"
},{
  "dateTime" : "09/15/23 08:55:00",
  "value" : "0"
},{
  "dateTime" : "09/15/23 09:03:00",
  "value" : "0"
},{
  "dateTime" : "09/15/23 09:04:00",
  "value" : "0"
},{
  "dateTime" : "09/15/23 09:35:00",
  "value" : "0"
},{
  "dateTime" : "09/15/23 09:50:00",
  "value" : "0"
},{
  "dateTime" : "09/15/23 09:59:00",
  "value" : "0"
},{
  "dateTime" : "09/15/23 10:02:00",
  "value" : "0"
},{
  "dateTime" : "09/15/23 10:18:00",
  "value" : "0"
},{
  "dateTime" : "09/15/23 10:19:00",
  "value" : "0"
},{
  "dateTime" : "09/15/23 10:20:00",
  "value" : "0"
},{
  "dateTime" : "09/15/23 10:21:00",
  "value" : "0"
},{
  "dateTime" : "09/15/23 10:22:00",
  "value" : "0"
},{
  "dateTime" : "09/15/23 10:23:00",
  "value" : "0"
},{
  "dateTime" : "09/15/23 10:32:00",
  "value" : "0"
},{
  "dateTime" : "09/15/23 10:33:00",
  "value" : "0"
},{
  "dateTime" : "09/15/23 10:39:00",
  "value" : "0"
},{
  "dateTime" : "09/15/23 10:41:00",
  "value" : "0"
},{
  "dateTime" : "09/15/23 10:42:00",
  "value" : "0"
},{
  "dateTime" : "09/15/23 10:50:00",
  "value" : "0"
},{
  "dateTime" : "09/15/23 10:54:00",
  "value" : "0"
},{
  "dateTime" : "09/15/23 10:55:00",
  "value" : "0"
},{
  "dateTime" : "09/15/23 10:56:00",
  "value" : "0"
},{
  "dateTime" : "09/15/23 10:57:00",
  "value" : "0"
},{
  "dateTime" : "09/15/23 11:03:00",
  "value" : "0"
},{
  "dateTime" : "09/15/23 11:07:00",
  "value" : "0"
},{
  "dateTime" : "09/15/23 11:09:00",
  "value" : "0"
},{
  "dateTime" : "09/15/23 11:10:00",
  "value" : "0"
},{
  "dateTime" : "09/15/23 11:11:00",
  "value" : "40"
},{
  "dateTime" : "09/15/23 11:12:00",
  "value" : "0"
},{
  "dateTime" : "09/15/23 11:17:00",
  "value" : "0"
},{
  "dateTime" : "09/15/23 11:45:00",
  "value" : "0"
},{
  "dateTime" : "09/15/23 11:55:00",
  "value" : "0"
},{
  "dateTime" : "09/15/23 11:56:00",
  "value" : "0"
},{
  "dateTime" : "09/15/23 12:05:00",
  "value" : "0"
},{
  "dateTime" : "09/15/23 12:06:00",
  "value" : "0"
},{
  "dateTime" : "09/15/23 12:15:00",
  "value" : "0"
},{
  "dateTime" : "09/15/23 12:16:00",
  "value" : "0"
},{
  "dateTime" : "09/15/23 12:17:00",
  "value" : "0"
},{
  "dateTime" : "09/15/23 12:21:00",
  "value" : "0"
},{
  "dateTime" : "09/15/23 12:39:00",
  "value" : "0"
},{
  "dateTime" : "09/15/23 12:43:00",
  "value" : "0"
},{
  "dateTime" : "09/15/23 13:04:00",
  "value" : "0"
},{
  "dateTime" : "09/15/23 13:50:00",
  "value" : "0"
},{
  "dateTime" : "09/15/23 13:57:00",
  "value" : "0"
},{
  "dateTime" : "09/15/23 14:19:00",
  "value" : "0"
},{
  "dateTime" : "09/15/23 14:24:00",
  "value" : "0"
},{
  "dateTime" : "09/15/23 14:30:00",
  "value" : "0"
},{
  "dateTime" : "09/15/23 16:21:00",
  "value" : "0"
},{
  "dateTime" : "09/15/23 16:38:00",
  "value" : "0"
},{
  "dateTime" : "09/15/23 16:42:00",
  "value" : "0"
},{
  "dateTime" : "09/15/23 16:45:00",
  "value" : "0"
},{
  "dateTime" : "09/15/23 16:47:00",
  "value" : "10"
},{
  "dateTime" : "09/15/23 16:48:00",
  "value" : "0"
},{
  "dateTime" : "09/15/23 16:49:00",
  "value" : "0"
},{
  "dateTime" : "09/15/23 16:52:00",
  "value" : "0"
},{
  "dateTime" : "09/15/23 17:17:00",
  "value" : "0"
},{
  "dateTime" : "09/15/23 17:29:00",
  "value" : "0"
},{
  "dateTime" : "09/15/23 17:50:00",
  "value" : "10"
},{
  "dateTime" : "09/15/23 17:51:00",
  "value" : "0"
},{
  "dateTime" : "09/15/23 17:52:00",
  "value" : "0"
},{
  "dateTime" : "09/15/23 17:58:00",
  "value" : "0"
},{
  "dateTime" : "09/15/23 17:59:00",
  "value" : "0"
},{
  "dateTime" : "09/15/23 18:04:00",
  "value" : "0"
},{
  "dateTime" : "09/15/23 18:05:00",
  "value" : "10"
},{
  "dateTime" : "09/15/23 18:06:00",
  "value" : "0"
},{
  "dateTime" : "09/15/23 18:22:00",
  "value" : "0"
},{
  "dateTime" : "09/15/23 18:26:00",
  "value" : "10"
},{
  "dateTime" : "09/15/23 18:30:00",
  "value" : "10"
},{
  "dateTime" : "09/15/23 19:04:00",
  "value" : "0"
},{
  "dateTime" : "09/15/23 19:16:00",
  "value" : "0"
},{
  "dateTime" : "09/15/23 19:33:00",
  "value" : "0"
},{
  "dateTime" : "09/15/23 19:50:00",
  "value" : "0"
},{
  "dateTime" : "09/15/23 20:02:00",
  "value" : "0"
},{
  "dateTime" : "09/15/23 20:39:00",
  "value" : "0"
},{
  "dateTime" : "09/15/23 20:45:00",
  "value" : "0"
},{
  "dateTime" : "09/15/23 20:46:00",
  "value" : "0"
},{
  "dateTime" : "09/15/23 20:47:00",
  "value" : "0"
},{
  "dateTime" : "09/16/23 05:01:00",
  "value" : "0"
},{
  "dateTime" : "09/16/23 06:44:00",
  "value" : "0"
},{
  "dateTime" : "09/16/23 07:13:00",
  "value" : "0"
},{
  "dateTime" : "09/16/23 08:43:00",
  "value" : "0"
},{
  "dateTime" : "09/16/23 08:48:00",
  "value" : "10"
},{
  "dateTime" : "09/16/23 11:18:00",
  "value" : "0"
},{
  "dateTime" : "09/16/23 11:19:00",
  "value" : "0"
},{
  "dateTime" : "09/16/23 11:48:00",
  "value" : "0"
},{
  "dateTime" : "09/16/23 11:50:00",
  "value" : "10"
},{
  "dateTime" : "09/16/23 11:55:00",
  "value" : "10"
},{
  "dateTime" : "09/16/23 12:00:00",
  "value" : "0"
},{
  "dateTime" : "09/16/23 12:03:00",
  "value" : "0"
},{
  "dateTime" : "09/16/23 12:32:00",
  "value" : "0"
},{
  "dateTime" : "09/16/23 12:39:00",
  "value" : "10"
},{
  "dateTime" : "09/16/23 12:48:00",
  "value" : "10"
},{
  "dateTime" : "09/16/23 13:09:00",
  "value" : "10"
},{
  "dateTime" : "09/16/23 13:16:00",
  "value" : "0"
},{
  "dateTime" : "09/16/23 13:49:00",
  "value" : "0"
},{
  "dateTime" : "09/16/23 14:00:00",
  "value" : "0"
},{
  "dateTime" : "09/16/23 14:05:00",
  "value" : "0"
},{
  "dateTime" : "09/16/23 14:07:00",
  "value" : "10"
},{
  "dateTime" : "09/16/23 14:21:00",
  "value" : "0"
},{
  "dateTime" : "09/16/23 14:46:00",
  "value" : "0"
},{
  "dateTime" : "09/16/23 14:47:00",
  "value" : "0"
},{
  "dateTime" : "09/16/23 14:53:00",
  "value" : "10"
},{
  "dateTime" : "09/16/23 15:05:00",
  "value" : "0"
},{
  "dateTime" : "09/16/23 17:04:00",
  "value" : "0"
},{
  "dateTime" : "09/16/23 17:05:00",
  "value" : "0"
},{
  "dateTime" : "09/16/23 17:10:00",
  "value" : "10"
},{
  "dateTime" : "09/16/23 17:50:00",
  "value" : "0"
},{
  "dateTime" : "09/16/23 18:22:00",
  "value" : "0"
},{
  "dateTime" : "09/16/23 18:24:00",
  "value" : "10"
},{
  "dateTime" : "09/16/23 19:18:00",
  "value" : "0"
},{
  "dateTime" : "09/16/23 19:21:00",
  "value" : "0"
},{
  "dateTime" : "09/16/23 19:22:00",
  "value" : "10"
},{
  "dateTime" : "09/16/23 19:28:00",
  "value" : "10"
},{
  "dateTime" : "09/16/23 19:41:00",
  "value" : "10"
},{
  "dateTime" : "09/16/23 20:04:00",
  "value" : "0"
},{
  "dateTime" : "09/16/23 20:26:00",
  "value" : "10"
},{
  "dateTime" : "09/16/23 20:27:00",
  "value" : "10"
},{
  "dateTime" : "09/16/23 20:40:00",
  "value" : "10"
},{
  "dateTime" : "09/16/23 20:41:00",
  "value" : "0"
},{
  "dateTime" : "09/16/23 21:55:00",
  "value" : "0"
},{
  "dateTime" : "09/16/23 21:57:00",
  "value" : "0"
},{
  "dateTime" : "09/16/23 22:22:00",
  "value" : "10"
},{
  "dateTime" : "09/16/23 23:31:00",
  "value" : "10"
},{
  "dateTime" : "09/16/23 23:33:00",
  "value" : "0"
},{
  "dateTime" : "09/17/23 00:04:00",
  "value" : "0"
},{
  "dateTime" : "09/17/23 00:06:00",
  "value" : "0"
},{
  "dateTime" : "09/17/23 01:45:00",
  "value" : "0"
},{
  "dateTime" : "09/17/23 01:47:00",
  "value" : "10"
},{
  "dateTime" : "09/17/23 03:54:00",
  "value" : "0"
},{
  "dateTime" : "09/17/23 08:18:00",
  "value" : "0"
},{
  "dateTime" : "09/17/23 09:03:00",
  "value" : "0"
},{
  "dateTime" : "09/17/23 09:42:00",
  "value" : "0"
},{
  "dateTime" : "09/17/23 09:47:00",
  "value" : "0"
},{
  "dateTime" : "09/17/23 09:50:00",
  "value" : "0"
},{
  "dateTime" : "09/17/23 10:03:00",
  "value" : "0"
},{
  "dateTime" : "09/17/23 10:04:00",
  "value" : "0"
},{
  "dateTime" : "09/17/23 10:12:00",
  "value" : "20"
},{
  "dateTime" : "09/17/23 10:17:00",
  "value" : "0"
},{
  "dateTime" : "09/17/23 10:46:00",
  "value" : "0"
},{
  "dateTime" : "09/17/23 10:54:00",
  "value" : "10"
},{
  "dateTime" : "09/17/23 11:15:00",
  "value" : "0"
},{
  "dateTime" : "09/17/23 11:16:00",
  "value" : "0"
},{
  "dateTime" : "09/17/23 11:17:00",
  "value" : "0"
},{
  "dateTime" : "09/17/23 11:18:00",
  "value" : "0"
},{
  "dateTime" : "09/17/23 11:24:00",
  "value" : "0"
},{
  "dateTime" : "09/17/23 12:01:00",
  "value" : "0"
},{
  "dateTime" : "09/17/23 12:04:00",
  "value" : "0"
},{
  "dateTime" : "09/17/23 12:26:00",
  "value" : "0"
},{
  "dateTime" : "09/17/23 12:38:00",
  "value" : "0"
},{
  "dateTime" : "09/17/23 12:42:00",
  "value" : "0"
},{
  "dateTime" : "09/17/23 12:44:00",
  "value" : "0"
},{
  "dateTime" : "09/17/23 12:52:00",
  "value" : "0"
},{
  "dateTime" : "09/17/23 12:54:00",
  "value" : "0"
},{
  "dateTime" : "09/17/23 13:08:00",
  "value" : "0"
},{
  "dateTime" : "09/17/23 13:10:00",
  "value" : "0"
},{
  "dateTime" : "09/17/23 13:18:00",
  "value" : "10"
},{
  "dateTime" : "09/17/23 13:21:00",
  "value" : "10"
},{
  "dateTime" : "09/17/23 13:27:00",
  "value" : "10"
},{
  "dateTime" : "09/17/23 13:46:00",
  "value" : "10"
},{
  "dateTime" : "09/17/23 14:02:00",
  "value" : "0"
},{
  "dateTime" : "09/17/23 14:05:00",
  "value" : "10"
},{
  "dateTime" : "09/17/23 14:18:00",
  "value" : "0"
},{
  "dateTime" : "09/17/23 14:19:00",
  "value" : "10"
},{
  "dateTime" : "09/17/23 14:37:00",
  "value" : "0"
},{
  "dateTime" : "09/17/23 14:38:00",
  "value" : "0"
},{
  "dateTime" : "09/17/23 14:53:00",
  "value" : "0"
},{
  "dateTime" : "09/17/23 15:09:00",
  "value" : "0"
},{
  "dateTime" : "09/17/23 15:11:00",
  "value" : "0"
},{
  "dateTime" : "09/17/23 15:20:00",
  "value" : "0"
},{
  "dateTime" : "09/17/23 15:25:00",
  "value" : "10"
},{
  "dateTime" : "09/17/23 15:26:00",
  "value" : "0"
},{
  "dateTime" : "09/17/23 15:28:00",
  "value" : "0"
},{
  "dateTime" : "09/17/23 15:29:00",
  "value" : "0"
},{
  "dateTime" : "09/17/23 15:43:00",
  "value" : "0"
},{
  "dateTime" : "09/17/23 15:46:00",
  "value" : "0"
},{
  "dateTime" : "09/17/23 15:47:00",
  "value" : "0"
},{
  "dateTime" : "09/17/23 15:52:00",
  "value" : "0"
},{
  "dateTime" : "09/17/23 15:53:00",
  "value" : "0"
},{
  "dateTime" : "09/17/23 16:07:00",
  "value" : "0"
},{
  "dateTime" : "09/17/23 16:14:00",
  "value" : "0"
},{
  "dateTime" : "09/17/23 16:23:00",
  "value" : "0"
},{
  "dateTime" : "09/17/23 16:25:00",
  "value" : "0"
},{
  "dateTime" : "09/17/23 16:26:00",
  "value" : "0"
},{
  "dateTime" : "09/17/23 16:30:00",
  "value" : "0"
},{
  "dateTime" : "09/17/23 16:37:00",
  "value" : "0"
},{
  "dateTime" : "09/17/23 16:48:00",
  "value" : "10"
},{
  "dateTime" : "09/17/23 16:50:00",
  "value" : "10"
},{
  "dateTime" : "09/17/23 16:56:00",
  "value" : "10"
},{
  "dateTime" : "09/17/23 17:14:00",
  "value" : "0"
},{
  "dateTime" : "09/17/23 17:15:00",
  "value" : "0"
},{
  "dateTime" : "09/17/23 17:26:00",
  "value" : "0"
},{
  "dateTime" : "09/17/23 19:29:00",
  "value" : "0"
},{
  "dateTime" : "09/17/23 19:30:00",
  "value" : "0"
},{
  "dateTime" : "09/17/23 19:31:00",
  "value" : "0"
},{
  "dateTime" : "09/17/23 19:32:00",
  "value" : "0"
},{
  "dateTime" : "09/17/23 19:35:00",
  "value" : "10"
},{
  "dateTime" : "09/17/23 20:08:00",
  "value" : "0"
},{
  "dateTime" : "09/17/23 20:30:00",
  "value" : "10"
},{
  "dateTime" : "09/17/23 20:37:00",
  "value" : "0"
},{
  "dateTime" : "09/17/23 21:02:00",
  "value" : "0"
},{
  "dateTime" : "09/17/23 23:00:00",
  "value" : "0"
},{
  "dateTime" : "09/17/23 23:01:00",
  "value" : "0"
},{
  "dateTime" : "09/17/23 23:03:00",
  "value" : "10"
},{
  "dateTime" : "09/17/23 23:14:00",
  "value" : "0"
},{
  "dateTime" : "09/18/23 04:56:00",
  "value" : "0"
},{
  "dateTime" : "09/18/23 05:24:00",
  "value" : "0"
},{
  "dateTime" : "09/18/23 06:54:00",
  "value" : "0"
},{
  "dateTime" : "09/18/23 07:34:00",
  "value" : "0"
},{
  "dateTime" : "09/18/23 08:25:00",
  "value" : "0"
},{
  "dateTime" : "09/18/23 08:35:00",
  "value" : "0"
},{
  "dateTime" : "09/18/23 08:36:00",
  "value" : "0"
},{
  "dateTime" : "09/18/23 09:17:00",
  "value" : "10"
},{
  "dateTime" : "09/18/23 09:38:00",
  "value" : "10"
},{
  "dateTime" : "09/18/23 09:58:00",
  "value" : "10"
},{
  "dateTime" : "09/18/23 12:14:00",
  "value" : "10"
},{
  "dateTime" : "09/18/23 12:20:00",
  "value" : "10"
},{
  "dateTime" : "09/18/23 12:22:00",
  "value" : "0"
},{
  "dateTime" : "09/18/23 12:49:00",
  "value" : "0"
},{
  "dateTime" : "09/18/23 13:05:00",
  "value" : "0"
},{
  "dateTime" : "09/18/23 13:16:00",
  "value" : "0"
},{
  "dateTime" : "09/18/23 13:18:00",
  "value" : "10"
},{
  "dateTime" : "09/18/23 13:21:00",
  "value" : "0"
},{
  "dateTime" : "09/18/23 13:36:00",
  "value" : "0"
},{
  "dateTime" : "09/18/23 13:37:00",
  "value" : "0"
},{
  "dateTime" : "09/18/23 13:41:00",
  "value" : "0"
},{
  "dateTime" : "09/18/23 13:46:00",
  "value" : "0"
},{
  "dateTime" : "09/18/23 13:49:00",
  "value" : "0"
},{
  "dateTime" : "09/18/23 13:50:00",
  "value" : "0"
},{
  "dateTime" : "09/18/23 13:53:00",
  "value" : "0"
},{
  "dateTime" : "09/18/23 13:54:00",
  "value" : "10"
},{
  "dateTime" : "09/18/23 14:02:00",
  "value" : "0"
},{
  "dateTime" : "09/18/23 14:03:00",
  "value" : "0"
},{
  "dateTime" : "09/18/23 14:11:00",
  "value" : "0"
},{
  "dateTime" : "09/18/23 14:21:00",
  "value" : "0"
},{
  "dateTime" : "09/18/23 14:24:00",
  "value" : "0"
},{
  "dateTime" : "09/18/23 14:34:00",
  "value" : "0"
},{
  "dateTime" : "09/18/23 14:47:00",
  "value" : "0"
},{
  "dateTime" : "09/18/23 14:48:00",
  "value" : "0"
},{
  "dateTime" : "09/18/23 14:49:00",
  "value" : "0"
},{
  "dateTime" : "09/18/23 15:02:00",
  "value" : "0"
},{
  "dateTime" : "09/18/23 15:04:00",
  "value" : "0"
},{
  "dateTime" : "09/18/23 15:05:00",
  "value" : "0"
},{
  "dateTime" : "09/18/23 15:08:00",
  "value" : "0"
},{
  "dateTime" : "09/18/23 15:20:00",
  "value" : "0"
},{
  "dateTime" : "09/18/23 15:27:00",
  "value" : "0"
},{
  "dateTime" : "09/18/23 15:32:00",
  "value" : "0"
},{
  "dateTime" : "09/18/23 15:42:00",
  "value" : "0"
},{
  "dateTime" : "09/18/23 15:48:00",
  "value" : "10"
},{
  "dateTime" : "09/18/23 15:50:00",
  "value" : "0"
},{
  "dateTime" : "09/18/23 15:54:00",
  "value" : "10"
},{
  "dateTime" : "09/18/23 16:00:00",
  "value" : "0"
},{
  "dateTime" : "09/18/23 16:02:00",
  "value" : "0"
},{
  "dateTime" : "09/18/23 16:05:00",
  "value" : "10"
},{
  "dateTime" : "09/18/23 16:07:00",
  "value" : "0"
},{
  "dateTime" : "09/18/23 16:10:00",
  "value" : "0"
},{
  "dateTime" : "09/18/23 16:16:00",
  "value" : "10"
},{
  "dateTime" : "09/18/23 16:19:00",
  "value" : "0"
},{
  "dateTime" : "09/18/23 16:22:00",
  "value" : "10"
},{
  "dateTime" : "09/18/23 16:53:00",
  "value" : "0"
},{
  "dateTime" : "09/18/23 16:54:00",
  "value" : "0"
},{
  "dateTime" : "09/18/23 16:55:00",
  "value" : "0"
},{
  "dateTime" : "09/18/23 16:56:00",
  "value" : "0"
},{
  "dateTime" : "09/18/23 16:57:00",
  "value" : "10"
},{
  "dateTime" : "09/18/23 17:11:00",
  "value" : "0"
},{
  "dateTime" : "09/18/23 17:18:00",
  "value" : "10"
},{
  "dateTime" : "09/18/23 17:47:00",
  "value" : "0"
},{
  "dateTime" : "09/18/23 17:48:00",
  "value" : "0"
},{
  "dateTime" : "09/18/23 17:52:00",
  "value" : "10"
},{
  "dateTime" : "09/18/23 17:54:00",
  "value" : "10"
},{
  "dateTime" : "09/18/23 18:21:00",
  "value" : "10"
},{
  "dateTime" : "09/18/23 18:30:00",
  "value" : "0"
},{
  "dateTime" : "09/18/23 18:46:00",
  "value" : "0"
},{
  "dateTime" : "09/18/23 18:54:00",
  "value" : "0"
},{
  "dateTime" : "09/18/23 19:02:00",
  "value" : "0"
},{
  "dateTime" : "09/18/23 19:03:00",
  "value" : "0"
},{
  "dateTime" : "09/18/23 19:05:00",
  "value" : "10"
},{
  "dateTime" : "09/18/23 19:06:00",
  "value" : "0"
},{
  "dateTime" : "09/18/23 19:53:00",
  "value" : "10"
},{
  "dateTime" : "09/18/23 20:04:00",
  "value" : "10"
},{
  "dateTime" : "09/18/23 20:41:00",
  "value" : "0"
},{
  "dateTime" : "09/18/23 20:44:00",
  "value" : "0"
},{
  "dateTime" : "09/18/23 21:58:00",
  "value" : "0"
},{
  "dateTime" : "09/18/23 22:20:00",
  "value" : "0"
},{
  "dateTime" : "09/18/23 23:48:00",
  "value" : "0"
},{
  "dateTime" : "09/19/23 00:23:00",
  "value" : "0"
},{
  "dateTime" : "09/19/23 00:37:00",
  "value" : "0"
},{
  "dateTime" : "09/19/23 00:38:00",
  "value" : "0"
},{
  "dateTime" : "09/19/23 02:56:00",
  "value" : "0"
},{
  "dateTime" : "09/19/23 02:57:00",
  "value" : "0"
},{
  "dateTime" : "09/19/23 03:00:00",
  "value" : "10"
},{
  "dateTime" : "09/19/23 07:48:00",
  "value" : "0"
},{
  "dateTime" : "09/19/23 08:14:00",
  "value" : "0"
},{
  "dateTime" : "09/19/23 08:19:00",
  "value" : "0"
},{
  "dateTime" : "09/19/23 09:15:00",
  "value" : "0"
},{
  "dateTime" : "09/19/23 10:21:00",
  "value" : "0"
},{
  "dateTime" : "09/19/23 10:22:00",
  "value" : "0"
},{
  "dateTime" : "09/19/23 10:38:00",
  "value" : "0"
},{
  "dateTime" : "09/19/23 10:43:00",
  "value" : "0"
},{
  "dateTime" : "09/19/23 10:48:00",
  "value" : "0"
},{
  "dateTime" : "09/19/23 10:50:00",
  "value" : "0"
},{
  "dateTime" : "09/19/23 10:55:00",
  "value" : "0"
},{
  "dateTime" : "09/19/23 10:56:00",
  "value" : "0"
},{
  "dateTime" : "09/19/23 11:06:00",
  "value" : "0"
},{
  "dateTime" : "09/19/23 11:23:00",
  "value" : "0"
},{
  "dateTime" : "09/19/23 11:24:00",
  "value" : "0"
},{
  "dateTime" : "09/19/23 11:25:00",
  "value" : "0"
},{
  "dateTime" : "09/19/23 11:26:00",
  "value" : "0"
},{
  "dateTime" : "09/19/23 11:34:00",
  "value" : "0"
},{
  "dateTime" : "09/19/23 11:50:00",
  "value" : "0"
},{
  "dateTime" : "09/19/23 12:21:00",
  "value" : "0"
},{
  "dateTime" : "09/19/23 12:22:00",
  "value" : "0"
},{
  "dateTime" : "09/19/23 12:23:00",
  "value" : "0"
},{
  "dateTime" : "09/19/23 12:30:00",
  "value" : "0"
},{
  "dateTime" : "09/19/23 12:31:00",
  "value" : "0"
},{
  "dateTime" : "09/19/23 12:37:00",
  "value" : "0"
},{
  "dateTime" : "09/19/23 12:38:00",
  "value" : "0"
},{
  "dateTime" : "09/19/23 12:41:00",
  "value" : "0"
},{
  "dateTime" : "09/19/23 12:42:00",
  "value" : "0"
},{
  "dateTime" : "09/19/23 12:43:00",
  "value" : "0"
},{
  "dateTime" : "09/19/23 12:50:00",
  "value" : "0"
},{
  "dateTime" : "09/19/23 12:54:00",
  "value" : "0"
},{
  "dateTime" : "09/19/23 12:55:00",
  "value" : "0"
},{
  "dateTime" : "09/19/23 12:56:00",
  "value" : "0"
},{
  "dateTime" : "09/19/23 12:57:00",
  "value" : "0"
},{
  "dateTime" : "09/19/23 12:58:00",
  "value" : "0"
},{
  "dateTime" : "09/19/23 12:59:00",
  "value" : "0"
},{
  "dateTime" : "09/19/23 13:01:00",
  "value" : "0"
},{
  "dateTime" : "09/19/23 13:08:00",
  "value" : "0"
},{
  "dateTime" : "09/19/23 13:09:00",
  "value" : "0"
},{
  "dateTime" : "09/19/23 13:12:00",
  "value" : "0"
},{
  "dateTime" : "09/19/23 13:13:00",
  "value" : "0"
},{
  "dateTime" : "09/19/23 13:18:00",
  "value" : "0"
},{
  "dateTime" : "09/19/23 13:19:00",
  "value" : "0"
},{
  "dateTime" : "09/19/23 13:22:00",
  "value" : "10"
},{
  "dateTime" : "09/19/23 13:26:00",
  "value" : "0"
},{
  "dateTime" : "09/19/23 13:41:00",
  "value" : "0"
},{
  "dateTime" : "09/19/23 13:44:00",
  "value" : "0"
},{
  "dateTime" : "09/19/23 13:53:00",
  "value" : "0"
},{
  "dateTime" : "09/19/23 14:41:00",
  "value" : "0"
},{
  "dateTime" : "09/19/23 14:44:00",
  "value" : "0"
},{
  "dateTime" : "09/19/23 14:46:00",
  "value" : "0"
},{
  "dateTime" : "09/19/23 15:00:00",
  "value" : "0"
},{
  "dateTime" : "09/19/23 15:08:00",
  "value" : "0"
},{
  "dateTime" : "09/19/23 15:20:00",
  "value" : "0"
},{
  "dateTime" : "09/19/23 15:50:00",
  "value" : "0"
},{
  "dateTime" : "09/19/23 15:56:00",
  "value" : "0"
},{
  "dateTime" : "09/19/23 15:59:00",
  "value" : "10"
},{
  "dateTime" : "09/19/23 16:36:00",
  "value" : "0"
},{
  "dateTime" : "09/19/23 16:50:00",
  "value" : "0"
},{
  "dateTime" : "09/19/23 16:55:00",
  "value" : "0"
},{
  "dateTime" : "09/19/23 17:07:00",
  "value" : "0"
},{
  "dateTime" : "09/19/23 17:11:00",
  "value" : "0"
},{
  "dateTime" : "09/19/23 17:12:00",
  "value" : "0"
},{
  "dateTime" : "09/19/23 17:17:00",
  "value" : "0"
},{
  "dateTime" : "09/19/23 17:24:00",
  "value" : "10"
},{
  "dateTime" : "09/19/23 17:37:00",
  "value" : "0"
},{
  "dateTime" : "09/19/23 17:56:00",
  "value" : "0"
},{
  "dateTime" : "09/19/23 18:10:00",
  "value" : "0"
},{
  "dateTime" : "09/19/23 18:34:00",
  "value" : "0"
},{
  "dateTime" : "09/19/23 19:08:00",
  "value" : "0"
},{
  "dateTime" : "09/19/23 19:09:00",
  "value" : "0"
},{
  "dateTime" : "09/19/23 19:13:00",
  "value" : "0"
},{
  "dateTime" : "09/19/23 19:15:00",
  "value" : "0"
},{
  "dateTime" : "09/19/23 19:16:00",
  "value" : "0"
},{
  "dateTime" : "09/19/23 19:19:00",
  "value" : "0"
},{
  "dateTime" : "09/19/23 19:20:00",
  "value" : "0"
},{
  "dateTime" : "09/19/23 19:37:00",
  "value" : "0"
},{
  "dateTime" : "09/19/23 19:46:00",
  "value" : "0"
},{
  "dateTime" : "09/19/23 19:48:00",
  "value" : "10"
},{
  "dateTime" : "09/19/23 19:49:00",
  "value" : "0"
},{
  "dateTime" : "09/19/23 19:54:00",
  "value" : "0"
},{
  "dateTime" : "09/19/23 20:01:00",
  "value" : "0"
},{
  "dateTime" : "09/19/23 20:07:00",
  "value" : "0"
},{
  "dateTime" : "09/19/23 20:08:00",
  "value" : "0"
},{
  "dateTime" : "09/19/23 21:00:00",
  "value" : "0"
},{
  "dateTime" : "09/19/23 21:01:00",
  "value" : "10"
},{
  "dateTime" : "09/19/23 21:30:00",
  "value" : "0"
},{
  "dateTime" : "09/19/23 22:28:00",
  "value" : "0"
},{
  "dateTime" : "09/20/23 00:24:00",
  "value" : "0"
},{
  "dateTime" : "09/20/23 00:28:00",
  "value" : "10"
},{
  "dateTime" : "09/20/23 03:22:00",
  "value" : "0"
},{
  "dateTime" : "09/20/23 03:24:00",
  "value" : "10"
},{
  "dateTime" : "09/20/23 03:35:00",
  "value" : "0"
},{
  "dateTime" : "09/20/23 04:25:00",
  "value" : "0"
},{
  "dateTime" : "09/20/23 05:20:00",
  "value" : "0"
},{
  "dateTime" : "09/20/23 05:51:00",
  "value" : "0"
},{
  "dateTime" : "09/20/23 05:52:00",
  "value" : "0"
},{
  "dateTime" : "09/20/23 06:04:00",
  "value" : "0"
},{
  "dateTime" : "09/20/23 06:10:00",
  "value" : "0"
},{
  "dateTime" : "09/20/23 06:23:00",
  "value" : "0"
},{
  "dateTime" : "09/20/23 06:37:00",
  "value" : "0"
},{
  "dateTime" : "09/20/23 06:57:00",
  "value" : "0"
},{
  "dateTime" : "09/20/23 07:20:00",
  "value" : "0"
},{
  "dateTime" : "09/20/23 08:05:00",
  "value" : "0"
},{
  "dateTime" : "09/20/23 08:07:00",
  "value" : "0"
},{
  "dateTime" : "09/20/23 09:15:00",
  "value" : "10"
},{
  "dateTime" : "09/20/23 09:37:00",
  "value" : "0"
},{
  "dateTime" : "09/20/23 09:48:00",
  "value" : "0"
},{
  "dateTime" : "09/20/23 09:51:00",
  "value" : "0"
},{
  "dateTime" : "09/20/23 09:54:00",
  "value" : "0"
},{
  "dateTime" : "09/20/23 09:55:00",
  "value" : "0"
},{
  "dateTime" : "09/20/23 10:11:00",
  "value" : "0"
},{
  "dateTime" : "09/20/23 10:23:00",
  "value" : "0"
},{
  "dateTime" : "09/20/23 10:30:00",
  "value" : "0"
},{
  "dateTime" : "09/20/23 10:41:00",
  "value" : "0"
},{
  "dateTime" : "09/20/23 10:42:00",
  "value" : "0"
},{
  "dateTime" : "09/20/23 10:50:00",
  "value" : "0"
},{
  "dateTime" : "09/20/23 10:53:00",
  "value" : "0"
},{
  "dateTime" : "09/20/23 10:54:00",
  "value" : "0"
},{
  "dateTime" : "09/20/23 11:06:00",
  "value" : "40"
},{
  "dateTime" : "09/20/23 11:07:00",
  "value" : "30"
},{
  "dateTime" : "09/20/23 11:08:00",
  "value" : "0"
},{
  "dateTime" : "09/20/23 11:10:00",
  "value" : "0"
},{
  "dateTime" : "09/20/23 11:11:00",
  "value" : "0"
},{
  "dateTime" : "09/20/23 11:28:00",
  "value" : "0"
},{
  "dateTime" : "09/20/23 11:29:00",
  "value" : "0"
},{
  "dateTime" : "09/20/23 11:37:00",
  "value" : "0"
},{
  "dateTime" : "09/20/23 12:01:00",
  "value" : "10"
},{
  "dateTime" : "09/20/23 12:05:00",
  "value" : "0"
},{
  "dateTime" : "09/20/23 12:18:00",
  "value" : "20"
},{
  "dateTime" : "09/20/23 12:25:00",
  "value" : "0"
},{
  "dateTime" : "09/20/23 12:43:00",
  "value" : "0"
},{
  "dateTime" : "09/20/23 13:08:00",
  "value" : "0"
},{
  "dateTime" : "09/20/23 13:12:00",
  "value" : "0"
},{
  "dateTime" : "09/20/23 13:24:00",
  "value" : "0"
},{
  "dateTime" : "09/20/23 13:25:00",
  "value" : "0"
},{
  "dateTime" : "09/20/23 13:50:00",
  "value" : "0"
},{
  "dateTime" : "09/20/23 13:51:00",
  "value" : "0"
},{
  "dateTime" : "09/20/23 14:06:00",
  "value" : "0"
},{
  "dateTime" : "09/20/23 14:10:00",
  "value" : "0"
},{
  "dateTime" : "09/20/23 14:15:00",
  "value" : "0"
},{
  "dateTime" : "09/20/23 14:24:00",
  "value" : "0"
},{
  "dateTime" : "09/20/23 14:32:00",
  "value" : "0"
},{
  "dateTime" : "09/20/23 14:49:00",
  "value" : "0"
},{
  "dateTime" : "09/20/23 15:01:00",
  "value" : "0"
},{
  "dateTime" : "09/20/23 15:04:00",
  "value" : "0"
},{
  "dateTime" : "09/20/23 15:06:00",
  "value" : "0"
},{
  "dateTime" : "09/20/23 15:15:00",
  "value" : "0"
},{
  "dateTime" : "09/20/23 15:26:00",
  "value" : "0"
},{
  "dateTime" : "09/20/23 15:27:00",
  "value" : "0"
},{
  "dateTime" : "09/20/23 15:28:00",
  "value" : "0"
},{
  "dateTime" : "09/20/23 15:32:00",
  "value" : "0"
},{
  "dateTime" : "09/20/23 15:36:00",
  "value" : "0"
},{
  "dateTime" : "09/20/23 16:03:00",
  "value" : "0"
},{
  "dateTime" : "09/20/23 16:14:00",
  "value" : "0"
},{
  "dateTime" : "09/20/23 16:33:00",
  "value" : "0"
},{
  "dateTime" : "09/20/23 16:34:00",
  "value" : "0"
},{
  "dateTime" : "09/20/23 16:38:00",
  "value" : "0"
},{
  "dateTime" : "09/20/23 16:42:00",
  "value" : "0"
},{
  "dateTime" : "09/20/23 16:45:00",
  "value" : "10"
},{
  "dateTime" : "09/20/23 16:50:00",
  "value" : "0"
},{
  "dateTime" : "09/20/23 16:56:00",
  "value" : "0"
},{
  "dateTime" : "09/20/23 17:01:00",
  "value" : "0"
},{
  "dateTime" : "09/20/23 17:04:00",
  "value" : "0"
},{
  "dateTime" : "09/20/23 17:05:00",
  "value" : "0"
},{
  "dateTime" : "09/20/23 17:07:00",
  "value" : "0"
},{
  "dateTime" : "09/20/23 17:08:00",
  "value" : "0"
},{
  "dateTime" : "09/20/23 17:14:00",
  "value" : "10"
},{
  "dateTime" : "09/20/23 17:31:00",
  "value" : "0"
},{
  "dateTime" : "09/20/23 17:33:00",
  "value" : "0"
},{
  "dateTime" : "09/20/23 17:34:00",
  "value" : "0"
},{
  "dateTime" : "09/20/23 17:52:00",
  "value" : "0"
},{
  "dateTime" : "09/20/23 17:55:00",
  "value" : "0"
},{
  "dateTime" : "09/20/23 17:58:00",
  "value" : "10"
}]