[{
  "dateTime" : "09/14/23 00:00:00",
  "value" : "721"
},{
  "dateTime" : "09/15/23 00:00:00",
  "value" : "907"
},{
  "dateTime" : "09/16/23 00:00:00",
  "value" : "731"
},{
  "dateTime" : "09/17/23 00:00:00",
  "value" : "582"
},{
  "dateTime" : "09/18/23 00:00:00",
  "value" : "490"
},{
  "dateTime" : "09/19/23 00:00:00",
  "value" : "818"
},{
  "dateTime" : "09/20/23 00:00:00",
  "value" : "405"
},{
  "dateTime" : "09/21/23 00:00:00",
  "value" : "1440"
},{
  "dateTime" : "09/22/23 00:00:00",
  "value" : "1440"
},{
  "dateTime" : "09/23/23 00:00:00",
  "value" : "1440"
},{
  "dateTime" : "09/24/23 00:00:00",
  "value" : "1440"
},{
  "dateTime" : "09/25/23 00:00:00",
  "value" : "1440"
},{
  "dateTime" : "09/26/23 00:00:00",
  "value" : "1440"
},{
  "dateTime" : "09/27/23 00:00:00",
  "value" : "1440"
},{
  "dateTime" : "09/28/23 00:00:00",
  "value" : "1440"
},{
  "dateTime" : "09/29/23 00:00:00",
  "value" : "1440"
},{
  "dateTime" : "09/30/23 00:00:00",
  "value" : "1440"
},{
  "dateTime" : "10/01/23 00:00:00",
  "value" : "1440"
},{
  "dateTime" : "10/02/23 00:00:00",
  "value" : "1440"
},{
  "dateTime" : "10/03/23 00:00:00",
  "value" : "1440"
},{
  "dateTime" : "10/04/23 00:00:00",
  "value" : "1440"
},{
  "dateTime" : "10/05/23 00:00:00",
  "value" : "1440"
},{
  "dateTime" : "10/06/23 00:00:00",
  "value" : "1440"
},{
  "dateTime" : "10/07/23 00:00:00",
  "value" : "1440"
},{
  "dateTime" : "10/08/23 00:00:00",
  "value" : "1440"
},{
  "dateTime" : "10/09/23 00:00:00",
  "value" : "1440"
},{
  "dateTime" : "10/10/23 00:00:00",
  "value" : "1440"
},{
  "dateTime" : "10/11/23 00:00:00",
  "value" : "1440"
},{
  "dateTime" : "10/12/23 00:00:00",
  "value" : "1440"
},{
  "dateTime" : "10/13/23 00:00:00",
  "value" : "1440"
}]