[{
  "dateTime" : "04/17/23 00:00:00",
  "value" : "1440"
},{
  "dateTime" : "04/18/23 00:00:00",
  "value" : "1328"
},{
  "dateTime" : "04/19/23 00:00:00",
  "value" : "561"
},{
  "dateTime" : "04/20/23 00:00:00",
  "value" : "1210"
},{
  "dateTime" : "04/21/23 00:00:00",
  "value" : "1360"
},{
  "dateTime" : "04/22/23 00:00:00",
  "value" : "1383"
},{
  "dateTime" : "04/23/23 00:00:00",
  "value" : "1436"
},{
  "dateTime" : "04/24/23 00:00:00",
  "value" : "1440"
},{
  "dateTime" : "04/25/23 00:00:00",
  "value" : "1440"
},{
  "dateTime" : "04/26/23 00:00:00",
  "value" : "1339"
},{
  "dateTime" : "04/27/23 00:00:00",
  "value" : "1255"
},{
  "dateTime" : "04/28/23 00:00:00",
  "value" : "1440"
},{
  "dateTime" : "04/29/23 00:00:00",
  "value" : "1434"
},{
  "dateTime" : "04/30/23 00:00:00",
  "value" : "1440"
},{
  "dateTime" : "05/01/23 00:00:00",
  "value" : "1440"
},{
  "dateTime" : "05/02/23 00:00:00",
  "value" : "1337"
},{
  "dateTime" : "05/03/23 00:00:00",
  "value" : "1440"
},{
  "dateTime" : "05/04/23 00:00:00",
  "value" : "1043"
},{
  "dateTime" : "05/05/23 00:00:00",
  "value" : "1356"
},{
  "dateTime" : "05/06/23 00:00:00",
  "value" : "1354"
},{
  "dateTime" : "05/07/23 00:00:00",
  "value" : "1440"
},{
  "dateTime" : "05/08/23 00:00:00",
  "value" : "1440"
},{
  "dateTime" : "05/09/23 00:00:00",
  "value" : "1440"
},{
  "dateTime" : "05/10/23 00:00:00",
  "value" : "1440"
},{
  "dateTime" : "05/11/23 00:00:00",
  "value" : "1440"
},{
  "dateTime" : "05/12/23 00:00:00",
  "value" : "1440"
},{
  "dateTime" : "05/13/23 00:00:00",
  "value" : "1440"
},{
  "dateTime" : "05/14/23 00:00:00",
  "value" : "1440"
},{
  "dateTime" : "05/15/23 00:00:00",
  "value" : "1440"
},{
  "dateTime" : "05/16/23 00:00:00",
  "value" : "1440"
}]