[{
  "logId" : 42839038346,
  "dateOfSleep" : "2023-09-20",
  "startTime" : "2023-09-19T22:47:30.000",
  "endTime" : "2023-09-20T06:15:00.000",
  "duration" : 26820000,
  "minutesToFallAsleep" : 0,
  "minutesAsleep" : 379,
  "minutesAwake" : 68,
  "minutesAfterWakeup" : 0,
  "timeInBed" : 447,
  "efficiency" : 91,
  "type" : "stages",
  "infoCode" : 0,
  "logType" : "auto_detected",
  "levels" : {
    "summary" : {
      "deep" : {
        "count" : 3,
        "minutes" : 61,
        "thirtyDayAvgMinutes" : 80
      },
      "wake" : {
        "count" : 21,
        "minutes" : 68,
        "thirtyDayAvgMinutes" : 69
      },
      "light" : {
        "count" : 24,
        "minutes" : 237,
        "thirtyDayAvgMinutes" : 260
      },
      "rem" : {
        "count" : 8,
        "minutes" : 81,
        "thirtyDayAvgMinutes" : 90
      }
    },
    "data" : [{
      "dateTime" : "2023-09-19T22:47:30.000",
      "level" : "light",
      "seconds" : 690
    },{
      "dateTime" : "2023-09-19T22:59:00.000",
      "level" : "deep",
      "seconds" : 1680
    },{
      "dateTime" : "2023-09-19T23:27:00.000",
      "level" : "light",
      "seconds" : 2550
    },{
      "dateTime" : "2023-09-20T00:09:30.000",
      "level" : "deep",
      "seconds" : 690
    },{
      "dateTime" : "2023-09-20T00:21:00.000",
      "level" : "wake",
      "seconds" : 1380
    },{
      "dateTime" : "2023-09-20T00:44:00.000",
      "level" : "light",
      "seconds" : 2640
    },{
      "dateTime" : "2023-09-20T01:28:00.000",
      "level" : "rem",
      "seconds" : 360
    },{
      "dateTime" : "2023-09-20T01:34:00.000",
      "level" : "light",
      "seconds" : 540
    },{
      "dateTime" : "2023-09-20T01:43:00.000",
      "level" : "wake",
      "seconds" : 210
    },{
      "dateTime" : "2023-09-20T01:46:30.000",
      "level" : "light",
      "seconds" : 2670
    },{
      "dateTime" : "2023-09-20T02:31:00.000",
      "level" : "rem",
      "seconds" : 1890
    },{
      "dateTime" : "2023-09-20T03:02:30.000",
      "level" : "light",
      "seconds" : 1170
    },{
      "dateTime" : "2023-09-20T03:22:00.000",
      "level" : "wake",
      "seconds" : 960
    },{
      "dateTime" : "2023-09-20T03:38:00.000",
      "level" : "light",
      "seconds" : 750
    },{
      "dateTime" : "2023-09-20T03:50:30.000",
      "level" : "rem",
      "seconds" : 300
    },{
      "dateTime" : "2023-09-20T03:55:30.000",
      "level" : "light",
      "seconds" : 330
    },{
      "dateTime" : "2023-09-20T04:01:00.000",
      "level" : "rem",
      "seconds" : 1140
    },{
      "dateTime" : "2023-09-20T04:20:00.000",
      "level" : "light",
      "seconds" : 1980
    },{
      "dateTime" : "2023-09-20T04:53:00.000",
      "level" : "deep",
      "seconds" : 1380
    },{
      "dateTime" : "2023-09-20T05:16:00.000",
      "level" : "light",
      "seconds" : 1170
    },{
      "dateTime" : "2023-09-20T05:35:30.000",
      "level" : "rem",
      "seconds" : 900
    },{
      "dateTime" : "2023-09-20T05:50:30.000",
      "level" : "light",
      "seconds" : 330
    },{
      "dateTime" : "2023-09-20T05:56:00.000",
      "level" : "rem",
      "seconds" : 480
    },{
      "dateTime" : "2023-09-20T06:04:00.000",
      "level" : "wake",
      "seconds" : 240
    },{
      "dateTime" : "2023-09-20T06:08:00.000",
      "level" : "light",
      "seconds" : 120
    },{
      "dateTime" : "2023-09-20T06:10:00.000",
      "level" : "wake",
      "seconds" : 300
    }],
    "shortData" : [{
      "dateTime" : "2023-09-19T23:26:00.000",
      "level" : "wake",
      "seconds" : 60
    },{
      "dateTime" : "2023-09-19T23:32:30.000",
      "level" : "wake",
      "seconds" : 30
    },{
      "dateTime" : "2023-09-19T23:46:30.000",
      "level" : "wake",
      "seconds" : 60
    },{
      "dateTime" : "2023-09-19T23:57:30.000",
      "level" : "wake",
      "seconds" : 30
    },{
      "dateTime" : "2023-09-20T01:57:00.000",
      "level" : "wake",
      "seconds" : 30
    },{
      "dateTime" : "2023-09-20T01:59:30.000",
      "level" : "wake",
      "seconds" : 30
    },{
      "dateTime" : "2023-09-20T02:28:00.000",
      "level" : "wake",
      "seconds" : 30
    },{
      "dateTime" : "2023-09-20T02:55:30.000",
      "level" : "wake",
      "seconds" : 30
    },{
      "dateTime" : "2023-09-20T02:57:30.000",
      "level" : "wake",
      "seconds" : 30
    },{
      "dateTime" : "2023-09-20T03:00:00.000",
      "level" : "wake",
      "seconds" : 150
    },{
      "dateTime" : "2023-09-20T03:12:00.000",
      "level" : "wake",
      "seconds" : 30
    },{
      "dateTime" : "2023-09-20T03:18:30.000",
      "level" : "wake",
      "seconds" : 30
    },{
      "dateTime" : "2023-09-20T04:24:30.000",
      "level" : "wake",
      "seconds" : 180
    },{
      "dateTime" : "2023-09-20T05:20:00.000",
      "level" : "wake",
      "seconds" : 30
    },{
      "dateTime" : "2023-09-20T05:30:00.000",
      "level" : "wake",
      "seconds" : 90
    },{
      "dateTime" : "2023-09-20T05:51:00.000",
      "level" : "wake",
      "seconds" : 180
    }]
  },
  "mainSleep" : true
},{
  "logId" : 42831455718,
  "dateOfSleep" : "2023-09-19",
  "startTime" : "2023-09-19T00:48:30.000",
  "endTime" : "2023-09-19T07:55:30.000",
  "duration" : 25620000,
  "minutesToFallAsleep" : 0,
  "minutesAsleep" : 373,
  "minutesAwake" : 54,
  "minutesAfterWakeup" : 0,
  "timeInBed" : 427,
  "efficiency" : 92,
  "type" : "stages",
  "infoCode" : 0,
  "logType" : "auto_detected",
  "levels" : {
    "summary" : {
      "deep" : {
        "count" : 2,
        "minutes" : 64,
        "thirtyDayAvgMinutes" : 83
      },
      "wake" : {
        "count" : 18,
        "minutes" : 54,
        "thirtyDayAvgMinutes" : 72
      },
      "light" : {
        "count" : 18,
        "minutes" : 249,
        "thirtyDayAvgMinutes" : 262
      },
      "rem" : {
        "count" : 7,
        "minutes" : 60,
        "thirtyDayAvgMinutes" : 96
      }
    },
    "data" : [{
      "dateTime" : "2023-09-19T00:48:30.000",
      "level" : "light",
      "seconds" : 1050
    },{
      "dateTime" : "2023-09-19T01:06:00.000",
      "level" : "deep",
      "seconds" : 1530
    },{
      "dateTime" : "2023-09-19T01:31:30.000",
      "level" : "light",
      "seconds" : 1410
    },{
      "dateTime" : "2023-09-19T01:55:00.000",
      "level" : "deep",
      "seconds" : 2430
    },{
      "dateTime" : "2023-09-19T02:35:30.000",
      "level" : "light",
      "seconds" : 1020
    },{
      "dateTime" : "2023-09-19T02:52:30.000",
      "level" : "wake",
      "seconds" : 1530
    },{
      "dateTime" : "2023-09-19T03:18:00.000",
      "level" : "light",
      "seconds" : 210
    },{
      "dateTime" : "2023-09-19T03:21:30.000",
      "level" : "rem",
      "seconds" : 330
    },{
      "dateTime" : "2023-09-19T03:27:00.000",
      "level" : "light",
      "seconds" : 4050
    },{
      "dateTime" : "2023-09-19T04:34:30.000",
      "level" : "rem",
      "seconds" : 360
    },{
      "dateTime" : "2023-09-19T04:40:30.000",
      "level" : "light",
      "seconds" : 120
    },{
      "dateTime" : "2023-09-19T04:42:30.000",
      "level" : "rem",
      "seconds" : 1320
    },{
      "dateTime" : "2023-09-19T05:04:30.000",
      "level" : "light",
      "seconds" : 2760
    },{
      "dateTime" : "2023-09-19T05:50:30.000",
      "level" : "rem",
      "seconds" : 1290
    },{
      "dateTime" : "2023-09-19T06:12:00.000",
      "level" : "light",
      "seconds" : 3330
    },{
      "dateTime" : "2023-09-19T07:07:30.000",
      "level" : "wake",
      "seconds" : 450
    },{
      "dateTime" : "2023-09-19T07:15:00.000",
      "level" : "light",
      "seconds" : 1380
    },{
      "dateTime" : "2023-09-19T07:38:00.000",
      "level" : "rem",
      "seconds" : 510
    },{
      "dateTime" : "2023-09-19T07:46:30.000",
      "level" : "wake",
      "seconds" : 390
    },{
      "dateTime" : "2023-09-19T07:53:00.000",
      "level" : "light",
      "seconds" : 150
    }],
    "shortData" : [{
      "dateTime" : "2023-09-19T01:31:00.000",
      "level" : "wake",
      "seconds" : 30
    },{
      "dateTime" : "2023-09-19T01:35:30.000",
      "level" : "wake",
      "seconds" : 30
    },{
      "dateTime" : "2023-09-19T01:44:30.000",
      "level" : "wake",
      "seconds" : 30
    },{
      "dateTime" : "2023-09-19T02:34:30.000",
      "level" : "wake",
      "seconds" : 60
    },{
      "dateTime" : "2023-09-19T04:07:00.000",
      "level" : "wake",
      "seconds" : 150
    },{
      "dateTime" : "2023-09-19T04:26:00.000",
      "level" : "wake",
      "seconds" : 90
    },{
      "dateTime" : "2023-09-19T04:40:00.000",
      "level" : "wake",
      "seconds" : 30
    },{
      "dateTime" : "2023-09-19T04:42:30.000",
      "level" : "wake",
      "seconds" : 120
    },{
      "dateTime" : "2023-09-19T04:55:30.000",
      "level" : "wake",
      "seconds" : 60
    },{
      "dateTime" : "2023-09-19T05:04:30.000",
      "level" : "wake",
      "seconds" : 30
    },{
      "dateTime" : "2023-09-19T05:48:00.000",
      "level" : "wake",
      "seconds" : 60
    },{
      "dateTime" : "2023-09-19T05:56:00.000",
      "level" : "wake",
      "seconds" : 30
    },{
      "dateTime" : "2023-09-19T06:45:00.000",
      "level" : "wake",
      "seconds" : 90
    },{
      "dateTime" : "2023-09-19T06:52:00.000",
      "level" : "wake",
      "seconds" : 30
    },{
      "dateTime" : "2023-09-19T07:33:30.000",
      "level" : "wake",
      "seconds" : 30
    }]
  },
  "mainSleep" : true
},{
  "logId" : 42810278128,
  "dateOfSleep" : "2023-09-18",
  "startTime" : "2023-09-17T21:13:30.000",
  "endTime" : "2023-09-18T08:40:30.000",
  "duration" : 41220000,
  "minutesToFallAsleep" : 0,
  "minutesAsleep" : 610,
  "minutesAwake" : 77,
  "minutesAfterWakeup" : 4,
  "timeInBed" : 687,
  "efficiency" : 92,
  "type" : "stages",
  "infoCode" : 0,
  "logType" : "auto_detected",
  "levels" : {
    "summary" : {
      "deep" : {
        "count" : 5,
        "minutes" : 133,
        "thirtyDayAvgMinutes" : 71
      },
      "wake" : {
        "count" : 35,
        "minutes" : 77,
        "thirtyDayAvgMinutes" : 71
      },
      "light" : {
        "count" : 30,
        "minutes" : 318,
        "thirtyDayAvgMinutes" : 248
      },
      "rem" : {
        "count" : 13,
        "minutes" : 159,
        "thirtyDayAvgMinutes" : 80
      }
    },
    "data" : [{
      "dateTime" : "2023-09-17T21:13:30.000",
      "level" : "light",
      "seconds" : 390
    },{
      "dateTime" : "2023-09-17T21:20:00.000",
      "level" : "deep",
      "seconds" : 1290
    },{
      "dateTime" : "2023-09-17T21:41:30.000",
      "level" : "light",
      "seconds" : 540
    },{
      "dateTime" : "2023-09-17T21:50:30.000",
      "level" : "deep",
      "seconds" : 2490
    },{
      "dateTime" : "2023-09-17T22:32:00.000",
      "level" : "light",
      "seconds" : 1560
    },{
      "dateTime" : "2023-09-17T22:58:00.000",
      "level" : "wake",
      "seconds" : 1620
    },{
      "dateTime" : "2023-09-17T23:25:00.000",
      "level" : "deep",
      "seconds" : 2400
    },{
      "dateTime" : "2023-09-18T00:05:00.000",
      "level" : "light",
      "seconds" : 300
    },{
      "dateTime" : "2023-09-18T00:10:00.000",
      "level" : "wake",
      "seconds" : 300
    },{
      "dateTime" : "2023-09-18T00:15:00.000",
      "level" : "light",
      "seconds" : 7470
    },{
      "dateTime" : "2023-09-18T02:19:30.000",
      "level" : "rem",
      "seconds" : 3000
    },{
      "dateTime" : "2023-09-18T03:09:30.000",
      "level" : "wake",
      "seconds" : 270
    },{
      "dateTime" : "2023-09-18T03:14:00.000",
      "level" : "light",
      "seconds" : 420
    },{
      "dateTime" : "2023-09-18T03:21:00.000",
      "level" : "deep",
      "seconds" : 540
    },{
      "dateTime" : "2023-09-18T03:30:00.000",
      "level" : "light",
      "seconds" : 480
    },{
      "dateTime" : "2023-09-18T03:38:00.000",
      "level" : "deep",
      "seconds" : 1320
    },{
      "dateTime" : "2023-09-18T04:00:00.000",
      "level" : "light",
      "seconds" : 5040
    },{
      "dateTime" : "2023-09-18T05:24:00.000",
      "level" : "wake",
      "seconds" : 210
    },{
      "dateTime" : "2023-09-18T05:27:30.000",
      "level" : "light",
      "seconds" : 690
    },{
      "dateTime" : "2023-09-18T05:39:00.000",
      "level" : "rem",
      "seconds" : 1200
    },{
      "dateTime" : "2023-09-18T05:59:00.000",
      "level" : "light",
      "seconds" : 510
    },{
      "dateTime" : "2023-09-18T06:07:30.000",
      "level" : "rem",
      "seconds" : 5130
    },{
      "dateTime" : "2023-09-18T07:33:00.000",
      "level" : "light",
      "seconds" : 3180
    },{
      "dateTime" : "2023-09-18T08:26:00.000",
      "level" : "rem",
      "seconds" : 450
    },{
      "dateTime" : "2023-09-18T08:33:30.000",
      "level" : "wake",
      "seconds" : 420
    }],
    "shortData" : [{
      "dateTime" : "2023-09-17T21:43:30.000",
      "level" : "wake",
      "seconds" : 180
    },{
      "dateTime" : "2023-09-17T22:49:00.000",
      "level" : "wake",
      "seconds" : 30
    },{
      "dateTime" : "2023-09-18T00:04:30.000",
      "level" : "wake",
      "seconds" : 30
    },{
      "dateTime" : "2023-09-18T01:06:30.000",
      "level" : "wake",
      "seconds" : 180
    },{
      "dateTime" : "2023-09-18T01:22:30.000",
      "level" : "wake",
      "seconds" : 90
    },{
      "dateTime" : "2023-09-18T01:27:30.000",
      "level" : "wake",
      "seconds" : 30
    },{
      "dateTime" : "2023-09-18T01:45:30.000",
      "level" : "wake",
      "seconds" : 180
    },{
      "dateTime" : "2023-09-18T01:50:00.000",
      "level" : "wake",
      "seconds" : 30
    },{
      "dateTime" : "2023-09-18T02:05:00.000",
      "level" : "wake",
      "seconds" : 30
    },{
      "dateTime" : "2023-09-18T02:20:00.000",
      "level" : "wake",
      "seconds" : 30
    },{
      "dateTime" : "2023-09-18T02:32:00.000",
      "level" : "wake",
      "seconds" : 30
    },{
      "dateTime" : "2023-09-18T03:31:30.000",
      "level" : "wake",
      "seconds" : 30
    },{
      "dateTime" : "2023-09-18T04:19:00.000",
      "level" : "wake",
      "seconds" : 30
    },{
      "dateTime" : "2023-09-18T04:37:00.000",
      "level" : "wake",
      "seconds" : 150
    },{
      "dateTime" : "2023-09-18T04:56:00.000",
      "level" : "wake",
      "seconds" : 90
    },{
      "dateTime" : "2023-09-18T05:02:00.000",
      "level" : "wake",
      "seconds" : 30
    },{
      "dateTime" : "2023-09-18T05:07:00.000",
      "level" : "wake",
      "seconds" : 30
    },{
      "dateTime" : "2023-09-18T05:12:00.000",
      "level" : "wake",
      "seconds" : 30
    },{
      "dateTime" : "2023-09-18T05:32:30.000",
      "level" : "wake",
      "seconds" : 30
    },{
      "dateTime" : "2023-09-18T05:35:00.000",
      "level" : "wake",
      "seconds" : 180
    },{
      "dateTime" : "2023-09-18T05:41:00.000",
      "level" : "wake",
      "seconds" : 30
    },{
      "dateTime" : "2023-09-18T06:01:30.000",
      "level" : "wake",
      "seconds" : 30
    },{
      "dateTime" : "2023-09-18T06:27:00.000",
      "level" : "wake",
      "seconds" : 30
    },{
      "dateTime" : "2023-09-18T06:32:00.000",
      "level" : "wake",
      "seconds" : 30
    },{
      "dateTime" : "2023-09-18T06:46:00.000",
      "level" : "wake",
      "seconds" : 30
    },{
      "dateTime" : "2023-09-18T06:54:00.000",
      "level" : "wake",
      "seconds" : 30
    },{
      "dateTime" : "2023-09-18T07:05:00.000",
      "level" : "wake",
      "seconds" : 30
    },{
      "dateTime" : "2023-09-18T07:11:00.000",
      "level" : "wake",
      "seconds" : 30
    },{
      "dateTime" : "2023-09-18T07:33:30.000",
      "level" : "wake",
      "seconds" : 90
    },{
      "dateTime" : "2023-09-18T08:25:00.000",
      "level" : "wake",
      "seconds" : 60
    }]
  },
  "mainSleep" : true
},{
  "logId" : 42805961457,
  "dateOfSleep" : "2023-09-17",
  "startTime" : "2023-09-17T00:13:00.000",
  "endTime" : "2023-09-17T10:02:30.000",
  "duration" : 35340000,
  "minutesToFallAsleep" : 0,
  "minutesAsleep" : 499,
  "minutesAwake" : 90,
  "minutesAfterWakeup" : 0,
  "timeInBed" : 589,
  "efficiency" : 91,
  "type" : "stages",
  "infoCode" : 0,
  "logType" : "auto_detected",
  "levels" : {
    "summary" : {
      "deep" : {
        "count" : 4,
        "minutes" : 111,
        "thirtyDayAvgMinutes" : 58
      },
      "wake" : {
        "count" : 25,
        "minutes" : 90,
        "thirtyDayAvgMinutes" : 65
      },
      "light" : {
        "count" : 27,
        "minutes" : 302,
        "thirtyDayAvgMinutes" : 230
      },
      "rem" : {
        "count" : 6,
        "minutes" : 86,
        "thirtyDayAvgMinutes" : 78
      }
    },
    "data" : [{
      "dateTime" : "2023-09-17T00:13:00.000",
      "level" : "wake",
      "seconds" : 30
    },{
      "dateTime" : "2023-09-17T00:13:30.000",
      "level" : "light",
      "seconds" : 780
    },{
      "dateTime" : "2023-09-17T00:26:30.000",
      "level" : "deep",
      "seconds" : 2160
    },{
      "dateTime" : "2023-09-17T01:02:30.000",
      "level" : "wake",
      "seconds" : 330
    },{
      "dateTime" : "2023-09-17T01:08:00.000",
      "level" : "light",
      "seconds" : 2040
    },{
      "dateTime" : "2023-09-17T01:42:00.000",
      "level" : "wake",
      "seconds" : 1530
    },{
      "dateTime" : "2023-09-17T02:07:30.000",
      "level" : "light",
      "seconds" : 390
    },{
      "dateTime" : "2023-09-17T02:14:00.000",
      "level" : "deep",
      "seconds" : 1590
    },{
      "dateTime" : "2023-09-17T02:40:30.000",
      "level" : "light",
      "seconds" : 810
    },{
      "dateTime" : "2023-09-17T02:54:00.000",
      "level" : "deep",
      "seconds" : 1680
    },{
      "dateTime" : "2023-09-17T03:22:00.000",
      "level" : "light",
      "seconds" : 420
    },{
      "dateTime" : "2023-09-17T03:29:00.000",
      "level" : "rem",
      "seconds" : 1380
    },{
      "dateTime" : "2023-09-17T03:52:00.000",
      "level" : "wake",
      "seconds" : 630
    },{
      "dateTime" : "2023-09-17T04:02:30.000",
      "level" : "light",
      "seconds" : 3930
    },{
      "dateTime" : "2023-09-17T05:08:00.000",
      "level" : "rem",
      "seconds" : 1590
    },{
      "dateTime" : "2023-09-17T05:34:30.000",
      "level" : "wake",
      "seconds" : 210
    },{
      "dateTime" : "2023-09-17T05:38:00.000",
      "level" : "rem",
      "seconds" : 150
    },{
      "dateTime" : "2023-09-17T05:40:30.000",
      "level" : "light",
      "seconds" : 870
    },{
      "dateTime" : "2023-09-17T05:55:00.000",
      "level" : "rem",
      "seconds" : 1320
    },{
      "dateTime" : "2023-09-17T06:17:00.000",
      "level" : "light",
      "seconds" : 1290
    },{
      "dateTime" : "2023-09-17T06:38:30.000",
      "level" : "deep",
      "seconds" : 1230
    },{
      "dateTime" : "2023-09-17T06:59:00.000",
      "level" : "light",
      "seconds" : 1800
    },{
      "dateTime" : "2023-09-17T07:29:00.000",
      "level" : "wake",
      "seconds" : 300
    },{
      "dateTime" : "2023-09-17T07:34:00.000",
      "level" : "light",
      "seconds" : 2430
    },{
      "dateTime" : "2023-09-17T08:14:30.000",
      "level" : "wake",
      "seconds" : 420
    },{
      "dateTime" : "2023-09-17T08:21:30.000",
      "level" : "light",
      "seconds" : 780
    },{
      "dateTime" : "2023-09-17T08:34:30.000",
      "level" : "rem",
      "seconds" : 750
    },{
      "dateTime" : "2023-09-17T08:47:00.000",
      "level" : "wake",
      "seconds" : 480
    },{
      "dateTime" : "2023-09-17T08:55:00.000",
      "level" : "light",
      "seconds" : 2790
    },{
      "dateTime" : "2023-09-17T09:41:30.000",
      "level" : "wake",
      "seconds" : 240
    },{
      "dateTime" : "2023-09-17T09:45:30.000",
      "level" : "light",
      "seconds" : 1020
    }],
    "shortData" : [{
      "dateTime" : "2023-09-17T00:13:00.000",
      "level" : "wake",
      "seconds" : 120
    },{
      "dateTime" : "2023-09-17T01:22:00.000",
      "level" : "wake",
      "seconds" : 120
    },{
      "dateTime" : "2023-09-17T03:42:00.000",
      "level" : "wake",
      "seconds" : 30
    },{
      "dateTime" : "2023-09-17T04:18:30.000",
      "level" : "wake",
      "seconds" : 30
    },{
      "dateTime" : "2023-09-17T04:37:30.000",
      "level" : "wake",
      "seconds" : 60
    },{
      "dateTime" : "2023-09-17T04:52:30.000",
      "level" : "wake",
      "seconds" : 30
    },{
      "dateTime" : "2023-09-17T05:05:30.000",
      "level" : "wake",
      "seconds" : 150
    },{
      "dateTime" : "2023-09-17T05:52:00.000",
      "level" : "wake",
      "seconds" : 90
    },{
      "dateTime" : "2023-09-17T06:19:30.000",
      "level" : "wake",
      "seconds" : 180
    },{
      "dateTime" : "2023-09-17T07:13:00.000",
      "level" : "wake",
      "seconds" : 30
    },{
      "dateTime" : "2023-09-17T07:43:00.000",
      "level" : "wake",
      "seconds" : 60
    },{
      "dateTime" : "2023-09-17T08:03:00.000",
      "level" : "wake",
      "seconds" : 30
    },{
      "dateTime" : "2023-09-17T08:05:00.000",
      "level" : "wake",
      "seconds" : 30
    },{
      "dateTime" : "2023-09-17T09:17:00.000",
      "level" : "wake",
      "seconds" : 60
    },{
      "dateTime" : "2023-09-17T09:20:00.000",
      "level" : "wake",
      "seconds" : 90
    },{
      "dateTime" : "2023-09-17T09:24:30.000",
      "level" : "wake",
      "seconds" : 120
    },{
      "dateTime" : "2023-09-17T09:47:30.000",
      "level" : "wake",
      "seconds" : 30
    }]
  },
  "mainSleep" : true
},{
  "logId" : 42789083877,
  "dateOfSleep" : "2023-09-16",
  "startTime" : "2023-09-15T22:18:00.000",
  "endTime" : "2023-09-16T06:47:30.000",
  "duration" : 30540000,
  "minutesToFallAsleep" : 0,
  "minutesAsleep" : 438,
  "minutesAwake" : 71,
  "minutesAfterWakeup" : 3,
  "timeInBed" : 509,
  "efficiency" : 93,
  "type" : "stages",
  "infoCode" : 0,
  "logType" : "auto_detected",
  "levels" : {
    "summary" : {
      "deep" : {
        "count" : 4,
        "minutes" : 75,
        "thirtyDayAvgMinutes" : 49
      },
      "wake" : {
        "count" : 30,
        "minutes" : 71,
        "thirtyDayAvgMinutes" : 62
      },
      "light" : {
        "count" : 30,
        "minutes" : 263,
        "thirtyDayAvgMinutes" : 214
      },
      "rem" : {
        "count" : 7,
        "minutes" : 100,
        "thirtyDayAvgMinutes" : 68
      }
    },
    "data" : [{
      "dateTime" : "2023-09-15T22:18:00.000",
      "level" : "wake",
      "seconds" : 30
    },{
      "dateTime" : "2023-09-15T22:18:30.000",
      "level" : "light",
      "seconds" : 3180
    },{
      "dateTime" : "2023-09-15T23:11:30.000",
      "level" : "wake",
      "seconds" : 420
    },{
      "dateTime" : "2023-09-15T23:18:30.000",
      "level" : "light",
      "seconds" : 840
    },{
      "dateTime" : "2023-09-15T23:32:30.000",
      "level" : "rem",
      "seconds" : 720
    },{
      "dateTime" : "2023-09-15T23:44:30.000",
      "level" : "light",
      "seconds" : 960
    },{
      "dateTime" : "2023-09-16T00:00:30.000",
      "level" : "deep",
      "seconds" : 480
    },{
      "dateTime" : "2023-09-16T00:08:30.000",
      "level" : "wake",
      "seconds" : 780
    },{
      "dateTime" : "2023-09-16T00:21:30.000",
      "level" : "light",
      "seconds" : 210
    },{
      "dateTime" : "2023-09-16T00:25:00.000",
      "level" : "deep",
      "seconds" : 1830
    },{
      "dateTime" : "2023-09-16T00:55:30.000",
      "level" : "wake",
      "seconds" : 270
    },{
      "dateTime" : "2023-09-16T01:00:00.000",
      "level" : "light",
      "seconds" : 1620
    },{
      "dateTime" : "2023-09-16T01:27:00.000",
      "level" : "deep",
      "seconds" : 1290
    },{
      "dateTime" : "2023-09-16T01:48:30.000",
      "level" : "light",
      "seconds" : 1170
    },{
      "dateTime" : "2023-09-16T02:08:00.000",
      "level" : "wake",
      "seconds" : 780
    },{
      "dateTime" : "2023-09-16T02:21:00.000",
      "level" : "light",
      "seconds" : 1020
    },{
      "dateTime" : "2023-09-16T02:38:00.000",
      "level" : "wake",
      "seconds" : 270
    },{
      "dateTime" : "2023-09-16T02:42:30.000",
      "level" : "light",
      "seconds" : 1860
    },{
      "dateTime" : "2023-09-16T03:13:30.000",
      "level" : "deep",
      "seconds" : 870
    },{
      "dateTime" : "2023-09-16T03:28:00.000",
      "level" : "light",
      "seconds" : 1380
    },{
      "dateTime" : "2023-09-16T03:51:00.000",
      "level" : "rem",
      "seconds" : 1560
    },{
      "dateTime" : "2023-09-16T04:17:00.000",
      "level" : "light",
      "seconds" : 2730
    },{
      "dateTime" : "2023-09-16T05:02:30.000",
      "level" : "rem",
      "seconds" : 3900
    },{
      "dateTime" : "2023-09-16T06:07:30.000",
      "level" : "light",
      "seconds" : 1890
    },{
      "dateTime" : "2023-09-16T06:39:00.000",
      "level" : "wake",
      "seconds" : 510
    }],
    "shortData" : [{
      "dateTime" : "2023-09-15T22:18:00.000",
      "level" : "wake",
      "seconds" : 120
    },{
      "dateTime" : "2023-09-15T22:31:00.000",
      "level" : "wake",
      "seconds" : 30
    },{
      "dateTime" : "2023-09-15T22:58:00.000",
      "level" : "wake",
      "seconds" : 30
    },{
      "dateTime" : "2023-09-15T23:37:30.000",
      "level" : "wake",
      "seconds" : 30
    },{
      "dateTime" : "2023-09-15T23:48:30.000",
      "level" : "wake",
      "seconds" : 30
    },{
      "dateTime" : "2023-09-15T23:59:00.000",
      "level" : "wake",
      "seconds" : 30
    },{
      "dateTime" : "2023-09-16T00:23:30.000",
      "level" : "wake",
      "seconds" : 30
    },{
      "dateTime" : "2023-09-16T01:03:30.000",
      "level" : "wake",
      "seconds" : 90
    },{
      "dateTime" : "2023-09-16T01:14:00.000",
      "level" : "wake",
      "seconds" : 120
    },{
      "dateTime" : "2023-09-16T02:23:00.000",
      "level" : "wake",
      "seconds" : 120
    },{
      "dateTime" : "2023-09-16T02:26:30.000",
      "level" : "wake",
      "seconds" : 30
    },{
      "dateTime" : "2023-09-16T02:44:30.000",
      "level" : "wake",
      "seconds" : 30
    },{
      "dateTime" : "2023-09-16T03:02:30.000",
      "level" : "wake",
      "seconds" : 30
    },{
      "dateTime" : "2023-09-16T03:08:00.000",
      "level" : "wake",
      "seconds" : 30
    },{
      "dateTime" : "2023-09-16T03:49:30.000",
      "level" : "wake",
      "seconds" : 30
    },{
      "dateTime" : "2023-09-16T04:06:30.000",
      "level" : "wake",
      "seconds" : 60
    },{
      "dateTime" : "2023-09-16T04:17:30.000",
      "level" : "wake",
      "seconds" : 90
    },{
      "dateTime" : "2023-09-16T04:34:30.000",
      "level" : "wake",
      "seconds" : 60
    },{
      "dateTime" : "2023-09-16T04:42:00.000",
      "level" : "wake",
      "seconds" : 60
    },{
      "dateTime" : "2023-09-16T04:51:30.000",
      "level" : "wake",
      "seconds" : 60
    },{
      "dateTime" : "2023-09-16T05:01:30.000",
      "level" : "wake",
      "seconds" : 30
    },{
      "dateTime" : "2023-09-16T05:39:00.000",
      "level" : "wake",
      "seconds" : 30
    },{
      "dateTime" : "2023-09-16T05:58:00.000",
      "level" : "wake",
      "seconds" : 30
    },{
      "dateTime" : "2023-09-16T06:08:30.000",
      "level" : "wake",
      "seconds" : 60
    }]
  },
  "mainSleep" : true
},{
  "logId" : 42781598669,
  "dateOfSleep" : "2023-09-15",
  "startTime" : "2023-09-15T00:28:30.000",
  "endTime" : "2023-09-15T05:47:30.000",
  "duration" : 19140000,
  "minutesToFallAsleep" : 0,
  "minutesAsleep" : 267,
  "minutesAwake" : 52,
  "minutesAfterWakeup" : 2,
  "timeInBed" : 319,
  "efficiency" : 94,
  "type" : "stages",
  "infoCode" : 0,
  "logType" : "auto_detected",
  "levels" : {
    "summary" : {
      "deep" : {
        "count" : 2,
        "minutes" : 35,
        "thirtyDayAvgMinutes" : 63
      },
      "wake" : {
        "count" : 19,
        "minutes" : 52,
        "thirtyDayAvgMinutes" : 72
      },
      "light" : {
        "count" : 20,
        "minutes" : 171,
        "thirtyDayAvgMinutes" : 256
      },
      "rem" : {
        "count" : 6,
        "minutes" : 61,
        "thirtyDayAvgMinutes" : 74
      }
    },
    "data" : [{
      "dateTime" : "2023-09-15T00:28:30.000",
      "level" : "light",
      "seconds" : 870
    },{
      "dateTime" : "2023-09-15T00:43:00.000",
      "level" : "deep",
      "seconds" : 750
    },{
      "dateTime" : "2023-09-15T00:55:30.000",
      "level" : "light",
      "seconds" : 2100
    },{
      "dateTime" : "2023-09-15T01:30:30.000",
      "level" : "wake",
      "seconds" : 390
    },{
      "dateTime" : "2023-09-15T01:37:00.000",
      "level" : "light",
      "seconds" : 270
    },{
      "dateTime" : "2023-09-15T01:41:30.000",
      "level" : "wake",
      "seconds" : 1170
    },{
      "dateTime" : "2023-09-15T02:01:00.000",
      "level" : "light",
      "seconds" : 2430
    },{
      "dateTime" : "2023-09-15T02:41:30.000",
      "level" : "deep",
      "seconds" : 1380
    },{
      "dateTime" : "2023-09-15T03:04:30.000",
      "level" : "light",
      "seconds" : 2430
    },{
      "dateTime" : "2023-09-15T03:45:00.000",
      "level" : "wake",
      "seconds" : 300
    },{
      "dateTime" : "2023-09-15T03:50:00.000",
      "level" : "light",
      "seconds" : 900
    },{
      "dateTime" : "2023-09-15T04:05:00.000",
      "level" : "rem",
      "seconds" : 1170
    },{
      "dateTime" : "2023-09-15T04:24:30.000",
      "level" : "light",
      "seconds" : 690
    },{
      "dateTime" : "2023-09-15T04:36:00.000",
      "level" : "rem",
      "seconds" : 2370
    },{
      "dateTime" : "2023-09-15T05:15:30.000",
      "level" : "light",
      "seconds" : 390
    },{
      "dateTime" : "2023-09-15T05:22:00.000",
      "level" : "rem",
      "seconds" : 360
    },{
      "dateTime" : "2023-09-15T05:28:00.000",
      "level" : "light",
      "seconds" : 1170
    }],
    "shortData" : [{
      "dateTime" : "2023-09-15T01:18:30.000",
      "level" : "wake",
      "seconds" : 180
    },{
      "dateTime" : "2023-09-15T01:39:30.000",
      "level" : "wake",
      "seconds" : 30
    },{
      "dateTime" : "2023-09-15T02:03:00.000",
      "level" : "wake",
      "seconds" : 90
    },{
      "dateTime" : "2023-09-15T02:11:00.000",
      "level" : "wake",
      "seconds" : 60
    },{
      "dateTime" : "2023-09-15T02:19:30.000",
      "level" : "wake",
      "seconds" : 60
    },{
      "dateTime" : "2023-09-15T03:05:00.000",
      "level" : "wake",
      "seconds" : 30
    },{
      "dateTime" : "2023-09-15T03:07:00.000",
      "level" : "wake",
      "seconds" : 30
    },{
      "dateTime" : "2023-09-15T03:29:30.000",
      "level" : "wake",
      "seconds" : 30
    },{
      "dateTime" : "2023-09-15T04:29:30.000",
      "level" : "wake",
      "seconds" : 180
    },{
      "dateTime" : "2023-09-15T04:54:30.000",
      "level" : "wake",
      "seconds" : 60
    },{
      "dateTime" : "2023-09-15T05:06:00.000",
      "level" : "wake",
      "seconds" : 60
    },{
      "dateTime" : "2023-09-15T05:09:00.000",
      "level" : "wake",
      "seconds" : 30
    },{
      "dateTime" : "2023-09-15T05:13:30.000",
      "level" : "wake",
      "seconds" : 120
    },{
      "dateTime" : "2023-09-15T05:29:00.000",
      "level" : "wake",
      "seconds" : 90
    },{
      "dateTime" : "2023-09-15T05:40:00.000",
      "level" : "wake",
      "seconds" : 60
    },{
      "dateTime" : "2023-09-15T05:45:00.000",
      "level" : "wake",
      "seconds" : 150
    }]
  },
  "mainSleep" : true
},{
  "logId" : 42776831546,
  "dateOfSleep" : "2023-09-14",
  "startTime" : "2023-09-14T15:00:30.000",
  "endTime" : "2023-09-14T17:08:30.000",
  "duration" : 7680000,
  "minutesToFallAsleep" : 0,
  "minutesAsleep" : 124,
  "minutesAwake" : 4,
  "minutesAfterWakeup" : 0,
  "timeInBed" : 128,
  "efficiency" : 97,
  "type" : "classic",
  "infoCode" : 2,
  "logType" : "auto_detected",
  "levels" : {
    "summary" : {
      "restless" : {
        "count" : 3,
        "minutes" : 4
      },
      "awake" : {
        "count" : 0,
        "minutes" : 0
      },
      "asleep" : {
        "count" : 0,
        "minutes" : 124
      }
    },
    "data" : [{
      "dateTime" : "2023-09-14T15:00:30.000",
      "level" : "asleep",
      "seconds" : 1080
    },{
      "dateTime" : "2023-09-14T15:18:30.000",
      "level" : "restless",
      "seconds" : 60
    },{
      "dateTime" : "2023-09-14T15:19:30.000",
      "level" : "asleep",
      "seconds" : 1140
    },{
      "dateTime" : "2023-09-14T15:38:30.000",
      "level" : "restless",
      "seconds" : 60
    },{
      "dateTime" : "2023-09-14T15:39:30.000",
      "level" : "asleep",
      "seconds" : 1380
    },{
      "dateTime" : "2023-09-14T16:02:30.000",
      "level" : "restless",
      "seconds" : 120
    },{
      "dateTime" : "2023-09-14T16:04:30.000",
      "level" : "asleep",
      "seconds" : 3840
    }]
  },
  "mainSleep" : false
},{
  "logId" : 42768580000,
  "dateOfSleep" : "2023-09-14",
  "startTime" : "2023-09-13T23:40:30.000",
  "endTime" : "2023-09-14T07:26:00.000",
  "duration" : 27900000,
  "minutesToFallAsleep" : 0,
  "minutesAsleep" : 393,
  "minutesAwake" : 72,
  "minutesAfterWakeup" : 0,
  "timeInBed" : 465,
  "efficiency" : 88,
  "type" : "stages",
  "infoCode" : 0,
  "logType" : "auto_detected",
  "levels" : {
    "summary" : {
      "deep" : {
        "count" : 3,
        "minutes" : 63,
        "thirtyDayAvgMinutes" : 0
      },
      "wake" : {
        "count" : 23,
        "minutes" : 72,
        "thirtyDayAvgMinutes" : 0
      },
      "light" : {
        "count" : 26,
        "minutes" : 256,
        "thirtyDayAvgMinutes" : 0
      },
      "rem" : {
        "count" : 6,
        "minutes" : 74,
        "thirtyDayAvgMinutes" : 0
      }
    },
    "data" : [{
      "dateTime" : "2023-09-13T23:40:30.000",
      "level" : "light",
      "seconds" : 1170
    },{
      "dateTime" : "2023-09-14T00:00:00.000",
      "level" : "deep",
      "seconds" : 1710
    },{
      "dateTime" : "2023-09-14T00:28:30.000",
      "level" : "light",
      "seconds" : 1350
    },{
      "dateTime" : "2023-09-14T00:51:00.000",
      "level" : "wake",
      "seconds" : 2490
    },{
      "dateTime" : "2023-09-14T01:32:30.000",
      "level" : "light",
      "seconds" : 510
    },{
      "dateTime" : "2023-09-14T01:41:00.000",
      "level" : "deep",
      "seconds" : 1620
    },{
      "dateTime" : "2023-09-14T02:08:00.000",
      "level" : "light",
      "seconds" : 960
    },{
      "dateTime" : "2023-09-14T02:24:00.000",
      "level" : "wake",
      "seconds" : 300
    },{
      "dateTime" : "2023-09-14T02:29:00.000",
      "level" : "light",
      "seconds" : 840
    },{
      "dateTime" : "2023-09-14T02:43:00.000",
      "level" : "rem",
      "seconds" : 1410
    },{
      "dateTime" : "2023-09-14T03:06:30.000",
      "level" : "light",
      "seconds" : 1860
    },{
      "dateTime" : "2023-09-14T03:37:30.000",
      "level" : "deep",
      "seconds" : 450
    },{
      "dateTime" : "2023-09-14T03:45:00.000",
      "level" : "wake",
      "seconds" : 360
    },{
      "dateTime" : "2023-09-14T03:51:00.000",
      "level" : "light",
      "seconds" : 3810
    },{
      "dateTime" : "2023-09-14T04:54:30.000",
      "level" : "rem",
      "seconds" : 1410
    },{
      "dateTime" : "2023-09-14T05:18:00.000",
      "level" : "light",
      "seconds" : 5880
    },{
      "dateTime" : "2023-09-14T06:56:00.000",
      "level" : "rem",
      "seconds" : 420
    },{
      "dateTime" : "2023-09-14T07:03:00.000",
      "level" : "light",
      "seconds" : 60
    },{
      "dateTime" : "2023-09-14T07:04:00.000",
      "level" : "rem",
      "seconds" : 1320
    }],
    "shortData" : [{
      "dateTime" : "2023-09-13T23:44:30.000",
      "level" : "wake",
      "seconds" : 60
    },{
      "dateTime" : "2023-09-14T00:29:30.000",
      "level" : "wake",
      "seconds" : 30
    },{
      "dateTime" : "2023-09-14T00:38:00.000",
      "level" : "wake",
      "seconds" : 90
    },{
      "dateTime" : "2023-09-14T01:35:00.000",
      "level" : "wake",
      "seconds" : 30
    },{
      "dateTime" : "2023-09-14T02:09:00.000",
      "level" : "wake",
      "seconds" : 30
    },{
      "dateTime" : "2023-09-14T02:31:00.000",
      "level" : "wake",
      "seconds" : 120
    },{
      "dateTime" : "2023-09-14T02:34:30.000",
      "level" : "wake",
      "seconds" : 30
    },{
      "dateTime" : "2023-09-14T04:06:00.000",
      "level" : "wake",
      "seconds" : 30
    },{
      "dateTime" : "2023-09-14T04:09:30.000",
      "level" : "wake",
      "seconds" : 90
    },{
      "dateTime" : "2023-09-14T04:14:30.000",
      "level" : "wake",
      "seconds" : 30
    },{
      "dateTime" : "2023-09-14T04:26:00.000",
      "level" : "wake",
      "seconds" : 120
    },{
      "dateTime" : "2023-09-14T04:31:30.000",
      "level" : "wake",
      "seconds" : 30
    },{
      "dateTime" : "2023-09-14T04:46:00.000",
      "level" : "wake",
      "seconds" : 90
    },{
      "dateTime" : "2023-09-14T04:50:30.000",
      "level" : "wake",
      "seconds" : 30
    },{
      "dateTime" : "2023-09-14T04:52:30.000",
      "level" : "wake",
      "seconds" : 60
    },{
      "dateTime" : "2023-09-14T05:18:00.000",
      "level" : "wake",
      "seconds" : 150
    },{
      "dateTime" : "2023-09-14T06:02:30.000",
      "level" : "wake",
      "seconds" : 30
    },{
      "dateTime" : "2023-09-14T06:52:30.000",
      "level" : "wake",
      "seconds" : 60
    },{
      "dateTime" : "2023-09-14T07:10:30.000",
      "level" : "wake",
      "seconds" : 30
    },{
      "dateTime" : "2023-09-14T07:22:00.000",
      "level" : "wake",
      "seconds" : 60
    }]
  },
  "mainSleep" : true
}]