[{
  "dateTime" : "09/14/23 09:19:42",
  "value" : {
    "lapDurationSec" : 11,
    "strokeCount" : 5,
    "swimStrokeType" : "UNKNOWN",
    "swimAlgorithmType" : "EUCLID"
  }
},{
  "dateTime" : "09/14/23 17:31:59",
  "value" : {
    "lapDurationSec" : 10,
    "strokeCount" : 5,
    "swimStrokeType" : "UNKNOWN",
    "swimAlgorithmType" : "EUCLID"
  }
},{
  "dateTime" : "09/14/23 17:32:41",
  "value" : {
    "lapDurationSec" : 15,
    "strokeCount" : 6,
    "swimStrokeType" : "UNKNOWN",
    "swimAlgorithmType" : "EUCLID"
  }
},{
  "dateTime" : "09/14/23 22:50:56",
  "value" : {
    "lapDurationSec" : 10,
    "strokeCount" : 5,
    "swimStrokeType" : "UNKNOWN",
    "swimAlgorithmType" : "EUCLID"
  }
},{
  "dateTime" : "09/15/23 04:21:49",
  "value" : {
    "lapDurationSec" : 13,
    "strokeCount" : 5,
    "swimStrokeType" : "UNKNOWN",
    "swimAlgorithmType" : "EUCLID"
  }
},{
  "dateTime" : "09/15/23 10:20:42",
  "value" : {
    "lapDurationSec" : 23,
    "strokeCount" : 7,
    "swimStrokeType" : "UNKNOWN",
    "swimAlgorithmType" : "EUCLID"
  }
},{
  "dateTime" : "09/15/23 17:40:28",
  "value" : {
    "lapDurationSec" : 14,
    "strokeCount" : 6,
    "swimStrokeType" : "UNKNOWN",
    "swimAlgorithmType" : "EUCLID"
  }
},{
  "dateTime" : "09/15/23 20:43:27",
  "value" : {
    "lapDurationSec" : 12,
    "strokeCount" : 6,
    "swimStrokeType" : "UNKNOWN",
    "swimAlgorithmType" : "EUCLID"
  }
},{
  "dateTime" : "09/15/23 20:47:24",
  "value" : {
    "lapDurationSec" : 16,
    "strokeCount" : 6,
    "swimStrokeType" : "UNKNOWN",
    "swimAlgorithmType" : "EUCLID"
  }
},{
  "dateTime" : "09/15/23 21:03:07",
  "value" : {
    "lapDurationSec" : 9,
    "strokeCount" : 5,
    "swimStrokeType" : "UNKNOWN",
    "swimAlgorithmType" : "EUCLID"
  }
},{
  "dateTime" : "09/15/23 21:03:22",
  "value" : {
    "lapDurationSec" : 16,
    "strokeCount" : 5,
    "swimStrokeType" : "UNKNOWN",
    "swimAlgorithmType" : "EUCLID"
  }
},{
  "dateTime" : "09/15/23 21:04:56",
  "value" : {
    "lapDurationSec" : 17,
    "strokeCount" : 6,
    "swimStrokeType" : "UNKNOWN",
    "swimAlgorithmType" : "EUCLID"
  }
},{
  "dateTime" : "09/16/23 18:16:50",
  "value" : {
    "lapDurationSec" : 13,
    "strokeCount" : 8,
    "swimStrokeType" : "UNKNOWN",
    "swimAlgorithmType" : "EUCLID"
  }
},{
  "dateTime" : "09/16/23 18:17:28",
  "value" : {
    "lapDurationSec" : 9,
    "strokeCount" : 6,
    "swimStrokeType" : "UNKNOWN",
    "swimAlgorithmType" : "EUCLID"
  }
},{
  "dateTime" : "09/16/23 18:17:51",
  "value" : {
    "lapDurationSec" : 17,
    "strokeCount" : 11,
    "swimStrokeType" : "UNKNOWN",
    "swimAlgorithmType" : "EUCLID"
  }
},{
  "dateTime" : "09/16/23 18:18:13",
  "value" : {
    "lapDurationSec" : 11,
    "strokeCount" : 10,
    "swimStrokeType" : "UNKNOWN",
    "swimAlgorithmType" : "EUCLID"
  }
},{
  "dateTime" : "09/16/23 22:12:15",
  "value" : {
    "lapDurationSec" : 8,
    "strokeCount" : 6,
    "swimStrokeType" : "UNKNOWN",
    "swimAlgorithmType" : "EUCLID"
  }
},{
  "dateTime" : "09/16/23 22:12:34",
  "value" : {
    "lapDurationSec" : 15,
    "strokeCount" : 7,
    "swimStrokeType" : "UNKNOWN",
    "swimAlgorithmType" : "EUCLID"
  }
},{
  "dateTime" : "09/16/23 22:12:58",
  "value" : {
    "lapDurationSec" : 11,
    "strokeCount" : 8,
    "swimStrokeType" : "UNKNOWN",
    "swimAlgorithmType" : "EUCLID"
  }
},{
  "dateTime" : "09/16/23 22:13:14",
  "value" : {
    "lapDurationSec" : 7,
    "strokeCount" : 6,
    "swimStrokeType" : "UNKNOWN",
    "swimAlgorithmType" : "EUCLID"
  }
},{
  "dateTime" : "09/16/23 22:13:34",
  "value" : {
    "lapDurationSec" : 11,
    "strokeCount" : 9,
    "swimStrokeType" : "UNKNOWN",
    "swimAlgorithmType" : "EUCLID"
  }
},{
  "dateTime" : "09/16/23 22:20:37",
  "value" : {
    "lapDurationSec" : 16,
    "strokeCount" : 5,
    "swimStrokeType" : "UNKNOWN",
    "swimAlgorithmType" : "EUCLID"
  }
},{
  "dateTime" : "09/16/23 22:22:17",
  "value" : {
    "lapDurationSec" : 18,
    "strokeCount" : 5,
    "swimStrokeType" : "UNKNOWN",
    "swimAlgorithmType" : "EUCLID"
  }
},{
  "dateTime" : "09/16/23 22:23:23",
  "value" : {
    "lapDurationSec" : 21,
    "strokeCount" : 5,
    "swimStrokeType" : "UNKNOWN",
    "swimAlgorithmType" : "EUCLID"
  }
},{
  "dateTime" : "09/16/23 22:23:59",
  "value" : {
    "lapDurationSec" : 24,
    "strokeCount" : 6,
    "swimStrokeType" : "UNKNOWN",
    "swimAlgorithmType" : "EUCLID"
  }
},{
  "dateTime" : "09/16/23 23:12:02",
  "value" : {
    "lapDurationSec" : 55,
    "strokeCount" : 8,
    "swimStrokeType" : "UNKNOWN",
    "swimAlgorithmType" : "EUCLID"
  }
},{
  "dateTime" : "09/16/23 23:13:40",
  "value" : {
    "lapDurationSec" : 29,
    "strokeCount" : 6,
    "swimStrokeType" : "UNKNOWN",
    "swimAlgorithmType" : "EUCLID"
  }
},{
  "dateTime" : "09/16/23 23:15:36",
  "value" : {
    "lapDurationSec" : 23,
    "strokeCount" : 5,
    "swimStrokeType" : "UNKNOWN",
    "swimAlgorithmType" : "EUCLID"
  }
},{
  "dateTime" : "09/16/23 23:16:14",
  "value" : {
    "lapDurationSec" : 29,
    "strokeCount" : 6,
    "swimStrokeType" : "UNKNOWN",
    "swimAlgorithmType" : "EUCLID"
  }
},{
  "dateTime" : "09/16/23 23:24:12",
  "value" : {
    "lapDurationSec" : 29,
    "strokeCount" : 5,
    "swimStrokeType" : "UNKNOWN",
    "swimAlgorithmType" : "EUCLID"
  }
},{
  "dateTime" : "09/16/23 23:29:15",
  "value" : {
    "lapDurationSec" : 40,
    "strokeCount" : 7,
    "swimStrokeType" : "UNKNOWN",
    "swimAlgorithmType" : "EUCLID"
  }
},{
  "dateTime" : "09/16/23 23:34:38",
  "value" : {
    "lapDurationSec" : 35,
    "strokeCount" : 5,
    "swimStrokeType" : "UNKNOWN",
    "swimAlgorithmType" : "EUCLID"
  }
},{
  "dateTime" : "09/16/23 23:36:20",
  "value" : {
    "lapDurationSec" : 40,
    "strokeCount" : 8,
    "swimStrokeType" : "UNKNOWN",
    "swimAlgorithmType" : "EUCLID"
  }
},{
  "dateTime" : "09/16/23 23:40:54",
  "value" : {
    "lapDurationSec" : 24,
    "strokeCount" : 6,
    "swimStrokeType" : "UNKNOWN",
    "swimAlgorithmType" : "EUCLID"
  }
},{
  "dateTime" : "09/16/23 23:46:23",
  "value" : {
    "lapDurationSec" : 42,
    "strokeCount" : 5,
    "swimStrokeType" : "UNKNOWN",
    "swimAlgorithmType" : "EUCLID"
  }
},{
  "dateTime" : "09/16/23 23:47:33",
  "value" : {
    "lapDurationSec" : 20,
    "strokeCount" : 5,
    "swimStrokeType" : "UNKNOWN",
    "swimAlgorithmType" : "EUCLID"
  }
},{
  "dateTime" : "09/16/23 23:58:04",
  "value" : {
    "lapDurationSec" : 32,
    "strokeCount" : 5,
    "swimStrokeType" : "UNKNOWN",
    "swimAlgorithmType" : "EUCLID"
  }
},{
  "dateTime" : "09/17/23 00:00:03",
  "value" : {
    "lapDurationSec" : 59,
    "strokeCount" : 9,
    "swimStrokeType" : "UNKNOWN",
    "swimAlgorithmType" : "EUCLID"
  }
},{
  "dateTime" : "09/17/23 00:04:49",
  "value" : {
    "lapDurationSec" : 42,
    "strokeCount" : 6,
    "swimStrokeType" : "UNKNOWN",
    "swimAlgorithmType" : "EUCLID"
  }
},{
  "dateTime" : "09/17/23 00:05:52",
  "value" : {
    "lapDurationSec" : 28,
    "strokeCount" : 8,
    "swimStrokeType" : "UNKNOWN",
    "swimAlgorithmType" : "EUCLID"
  }
},{
  "dateTime" : "09/17/23 00:27:50",
  "value" : {
    "lapDurationSec" : 21,
    "strokeCount" : 8,
    "swimStrokeType" : "UNKNOWN",
    "swimAlgorithmType" : "EUCLID"
  }
},{
  "dateTime" : "09/17/23 00:29:44",
  "value" : {
    "lapDurationSec" : 10,
    "strokeCount" : 5,
    "swimStrokeType" : "UNKNOWN",
    "swimAlgorithmType" : "EUCLID"
  }
},{
  "dateTime" : "09/17/23 00:31:00",
  "value" : {
    "lapDurationSec" : 19,
    "strokeCount" : 5,
    "swimStrokeType" : "UNKNOWN",
    "swimAlgorithmType" : "EUCLID"
  }
},{
  "dateTime" : "09/17/23 00:32:15",
  "value" : {
    "lapDurationSec" : 15,
    "strokeCount" : 5,
    "swimStrokeType" : "UNKNOWN",
    "swimAlgorithmType" : "EUCLID"
  }
},{
  "dateTime" : "09/17/23 00:34:09",
  "value" : {
    "lapDurationSec" : 30,
    "strokeCount" : 5,
    "swimStrokeType" : "UNKNOWN",
    "swimAlgorithmType" : "EUCLID"
  }
},{
  "dateTime" : "09/17/23 00:34:49",
  "value" : {
    "lapDurationSec" : 43,
    "strokeCount" : 9,
    "swimStrokeType" : "UNKNOWN",
    "swimAlgorithmType" : "EUCLID"
  }
},{
  "dateTime" : "09/17/23 00:35:59",
  "value" : {
    "lapDurationSec" : 19,
    "strokeCount" : 6,
    "swimStrokeType" : "UNKNOWN",
    "swimAlgorithmType" : "EUCLID"
  }
},{
  "dateTime" : "09/17/23 00:37:32",
  "value" : {
    "lapDurationSec" : 32,
    "strokeCount" : 8,
    "swimStrokeType" : "UNKNOWN",
    "swimAlgorithmType" : "EUCLID"
  }
},{
  "dateTime" : "09/17/23 00:38:20",
  "value" : {
    "lapDurationSec" : 23,
    "strokeCount" : 7,
    "swimStrokeType" : "UNKNOWN",
    "swimAlgorithmType" : "EUCLID"
  }
},{
  "dateTime" : "09/17/23 00:38:51",
  "value" : {
    "lapDurationSec" : 30,
    "strokeCount" : 6,
    "swimStrokeType" : "UNKNOWN",
    "swimAlgorithmType" : "EUCLID"
  }
},{
  "dateTime" : "09/17/23 00:39:48",
  "value" : {
    "lapDurationSec" : 23,
    "strokeCount" : 5,
    "swimStrokeType" : "UNKNOWN",
    "swimAlgorithmType" : "EUCLID"
  }
},{
  "dateTime" : "09/17/23 14:06:03",
  "value" : {
    "lapDurationSec" : 10,
    "strokeCount" : 5,
    "swimStrokeType" : "UNKNOWN",
    "swimAlgorithmType" : "EUCLID"
  }
},{
  "dateTime" : "09/17/23 14:50:20",
  "value" : {
    "lapDurationSec" : 12,
    "strokeCount" : 5,
    "swimStrokeType" : "UNKNOWN",
    "swimAlgorithmType" : "EUCLID"
  }
},{
  "dateTime" : "09/17/23 15:13:16",
  "value" : {
    "lapDurationSec" : 11,
    "strokeCount" : 5,
    "swimStrokeType" : "UNKNOWN",
    "swimAlgorithmType" : "EUCLID"
  }
},{
  "dateTime" : "09/17/23 16:37:56",
  "value" : {
    "lapDurationSec" : 17,
    "strokeCount" : 6,
    "swimStrokeType" : "UNKNOWN",
    "swimAlgorithmType" : "EUCLID"
  }
},{
  "dateTime" : "09/17/23 16:50:11",
  "value" : {
    "lapDurationSec" : 15,
    "strokeCount" : 5,
    "swimStrokeType" : "UNKNOWN",
    "swimAlgorithmType" : "EUCLID"
  }
},{
  "dateTime" : "09/17/23 17:34:31",
  "value" : {
    "lapDurationSec" : 12,
    "strokeCount" : 5,
    "swimStrokeType" : "UNKNOWN",
    "swimAlgorithmType" : "EUCLID"
  }
},{
  "dateTime" : "09/17/23 17:37:41",
  "value" : {
    "lapDurationSec" : 16,
    "strokeCount" : 5,
    "swimStrokeType" : "UNKNOWN",
    "swimAlgorithmType" : "EUCLID"
  }
},{
  "dateTime" : "09/17/23 17:44:50",
  "value" : {
    "lapDurationSec" : 34,
    "strokeCount" : 6,
    "swimStrokeType" : "UNKNOWN",
    "swimAlgorithmType" : "EUCLID"
  }
},{
  "dateTime" : "09/17/23 17:47:59",
  "value" : {
    "lapDurationSec" : 52,
    "strokeCount" : 7,
    "swimStrokeType" : "UNKNOWN",
    "swimAlgorithmType" : "EUCLID"
  }
},{
  "dateTime" : "09/17/23 17:48:56",
  "value" : {
    "lapDurationSec" : 12,
    "strokeCount" : 8,
    "swimStrokeType" : "UNKNOWN",
    "swimAlgorithmType" : "EUCLID"
  }
},{
  "dateTime" : "09/17/23 18:01:27",
  "value" : {
    "lapDurationSec" : 14,
    "strokeCount" : 5,
    "swimStrokeType" : "UNKNOWN",
    "swimAlgorithmType" : "EUCLID"
  }
},{
  "dateTime" : "09/17/23 18:09:42",
  "value" : {
    "lapDurationSec" : 15,
    "strokeCount" : 5,
    "swimStrokeType" : "UNKNOWN",
    "swimAlgorithmType" : "EUCLID"
  }
},{
  "dateTime" : "09/17/23 18:11:25",
  "value" : {
    "lapDurationSec" : 25,
    "strokeCount" : 5,
    "swimStrokeType" : "UNKNOWN",
    "swimAlgorithmType" : "EUCLID"
  }
},{
  "dateTime" : "09/17/23 18:12:32",
  "value" : {
    "lapDurationSec" : 31,
    "strokeCount" : 5,
    "swimStrokeType" : "UNKNOWN",
    "swimAlgorithmType" : "EUCLID"
  }
},{
  "dateTime" : "09/17/23 18:17:40",
  "value" : {
    "lapDurationSec" : 49,
    "strokeCount" : 8,
    "swimStrokeType" : "UNKNOWN",
    "swimAlgorithmType" : "EUCLID"
  }
},{
  "dateTime" : "09/17/23 18:19:23",
  "value" : {
    "lapDurationSec" : 39,
    "strokeCount" : 10,
    "swimStrokeType" : "UNKNOWN",
    "swimAlgorithmType" : "EUCLID"
  }
},{
  "dateTime" : "09/17/23 18:53:03",
  "value" : {
    "lapDurationSec" : 20,
    "strokeCount" : 7,
    "swimStrokeType" : "UNKNOWN",
    "swimAlgorithmType" : "EUCLID"
  }
},{
  "dateTime" : "09/17/23 19:08:19",
  "value" : {
    "lapDurationSec" : 20,
    "strokeCount" : 5,
    "swimStrokeType" : "UNKNOWN",
    "swimAlgorithmType" : "EUCLID"
  }
},{
  "dateTime" : "09/17/23 19:09:28",
  "value" : {
    "lapDurationSec" : 27,
    "strokeCount" : 7,
    "swimStrokeType" : "UNKNOWN",
    "swimAlgorithmType" : "EUCLID"
  }
},{
  "dateTime" : "09/17/23 19:12:09",
  "value" : {
    "lapDurationSec" : 17,
    "strokeCount" : 5,
    "swimStrokeType" : "UNKNOWN",
    "swimAlgorithmType" : "EUCLID"
  }
},{
  "dateTime" : "09/17/23 19:14:11",
  "value" : {
    "lapDurationSec" : 32,
    "strokeCount" : 7,
    "swimStrokeType" : "UNKNOWN",
    "swimAlgorithmType" : "EUCLID"
  }
},{
  "dateTime" : "09/17/23 19:15:08",
  "value" : {
    "lapDurationSec" : 26,
    "strokeCount" : 5,
    "swimStrokeType" : "UNKNOWN",
    "swimAlgorithmType" : "EUCLID"
  }
},{
  "dateTime" : "09/17/23 19:16:17",
  "value" : {
    "lapDurationSec" : 26,
    "strokeCount" : 6,
    "swimStrokeType" : "UNKNOWN",
    "swimAlgorithmType" : "EUCLID"
  }
},{
  "dateTime" : "09/17/23 19:21:32",
  "value" : {
    "lapDurationSec" : 42,
    "strokeCount" : 8,
    "swimStrokeType" : "UNKNOWN",
    "swimAlgorithmType" : "EUCLID"
  }
},{
  "dateTime" : "09/17/23 19:25:31",
  "value" : {
    "lapDurationSec" : 22,
    "strokeCount" : 7,
    "swimStrokeType" : "UNKNOWN",
    "swimAlgorithmType" : "EUCLID"
  }
},{
  "dateTime" : "09/17/23 19:26:34",
  "value" : {
    "lapDurationSec" : 16,
    "strokeCount" : 5,
    "swimStrokeType" : "UNKNOWN",
    "swimAlgorithmType" : "EUCLID"
  }
},{
  "dateTime" : "09/17/23 19:50:26",
  "value" : {
    "lapDurationSec" : 20,
    "strokeCount" : 5,
    "swimStrokeType" : "UNKNOWN",
    "swimAlgorithmType" : "EUCLID"
  }
},{
  "dateTime" : "09/18/23 16:11:24",
  "value" : {
    "lapDurationSec" : 11,
    "strokeCount" : 5,
    "swimStrokeType" : "UNKNOWN",
    "swimAlgorithmType" : "EUCLID"
  }
},{
  "dateTime" : "09/18/23 17:02:03",
  "value" : {
    "lapDurationSec" : 10,
    "strokeCount" : 7,
    "swimStrokeType" : "UNKNOWN",
    "swimAlgorithmType" : "EUCLID"
  }
},{
  "dateTime" : "09/18/23 18:00:18",
  "value" : {
    "lapDurationSec" : 14,
    "strokeCount" : 7,
    "swimStrokeType" : "UNKNOWN",
    "swimAlgorithmType" : "EUCLID"
  }
},{
  "dateTime" : "09/18/23 18:06:08",
  "value" : {
    "lapDurationSec" : 17,
    "strokeCount" : 5,
    "swimStrokeType" : "UNKNOWN",
    "swimAlgorithmType" : "EUCLID"
  }
},{
  "dateTime" : "09/18/23 18:15:53",
  "value" : {
    "lapDurationSec" : 22,
    "strokeCount" : 5,
    "swimStrokeType" : "UNKNOWN",
    "swimAlgorithmType" : "EUCLID"
  }
},{
  "dateTime" : "09/18/23 18:16:24",
  "value" : {
    "lapDurationSec" : 39,
    "strokeCount" : 7,
    "swimStrokeType" : "UNKNOWN",
    "swimAlgorithmType" : "EUCLID"
  }
},{
  "dateTime" : "09/18/23 18:17:32",
  "value" : {
    "lapDurationSec" : 29,
    "strokeCount" : 5,
    "swimStrokeType" : "UNKNOWN",
    "swimAlgorithmType" : "EUCLID"
  }
},{
  "dateTime" : "09/18/23 18:20:24",
  "value" : {
    "lapDurationSec" : 27,
    "strokeCount" : 5,
    "swimStrokeType" : "UNKNOWN",
    "swimAlgorithmType" : "EUCLID"
  }
},{
  "dateTime" : "09/18/23 18:50:26",
  "value" : {
    "lapDurationSec" : 36,
    "strokeCount" : 7,
    "swimStrokeType" : "UNKNOWN",
    "swimAlgorithmType" : "EUCLID"
  }
},{
  "dateTime" : "09/18/23 18:52:02",
  "value" : {
    "lapDurationSec" : 35,
    "strokeCount" : 8,
    "swimStrokeType" : "UNKNOWN",
    "swimAlgorithmType" : "EUCLID"
  }
},{
  "dateTime" : "09/18/23 19:04:59",
  "value" : {
    "lapDurationSec" : 20,
    "strokeCount" : 6,
    "swimStrokeType" : "UNKNOWN",
    "swimAlgorithmType" : "EUCLID"
  }
},{
  "dateTime" : "09/18/23 19:12:06",
  "value" : {
    "lapDurationSec" : 18,
    "strokeCount" : 5,
    "swimStrokeType" : "UNKNOWN",
    "swimAlgorithmType" : "EUCLID"
  }
},{
  "dateTime" : "09/18/23 19:19:34",
  "value" : {
    "lapDurationSec" : 25,
    "strokeCount" : 7,
    "swimStrokeType" : "UNKNOWN",
    "swimAlgorithmType" : "EUCLID"
  }
},{
  "dateTime" : "09/18/23 19:20:11",
  "value" : {
    "lapDurationSec" : 8,
    "strokeCount" : 5,
    "swimStrokeType" : "UNKNOWN",
    "swimAlgorithmType" : "EUCLID"
  }
},{
  "dateTime" : "09/18/23 19:47:00",
  "value" : {
    "lapDurationSec" : 18,
    "strokeCount" : 6,
    "swimStrokeType" : "UNKNOWN",
    "swimAlgorithmType" : "EUCLID"
  }
},{
  "dateTime" : "09/18/23 19:48:35",
  "value" : {
    "lapDurationSec" : 18,
    "strokeCount" : 6,
    "swimStrokeType" : "UNKNOWN",
    "swimAlgorithmType" : "EUCLID"
  }
},{
  "dateTime" : "09/18/23 19:57:25",
  "value" : {
    "lapDurationSec" : 24,
    "strokeCount" : 5,
    "swimStrokeType" : "UNKNOWN",
    "swimAlgorithmType" : "EUCLID"
  }
},{
  "dateTime" : "09/18/23 19:58:54",
  "value" : {
    "lapDurationSec" : 31,
    "strokeCount" : 5,
    "swimStrokeType" : "UNKNOWN",
    "swimAlgorithmType" : "EUCLID"
  }
},{
  "dateTime" : "09/18/23 20:01:30",
  "value" : {
    "lapDurationSec" : 49,
    "strokeCount" : 5,
    "swimStrokeType" : "UNKNOWN",
    "swimAlgorithmType" : "EUCLID"
  }
},{
  "dateTime" : "09/18/23 20:03:30",
  "value" : {
    "lapDurationSec" : 25,
    "strokeCount" : 6,
    "swimStrokeType" : "UNKNOWN",
    "swimAlgorithmType" : "EUCLID"
  }
},{
  "dateTime" : "09/18/23 20:04:18",
  "value" : {
    "lapDurationSec" : 19,
    "strokeCount" : 5,
    "swimStrokeType" : "UNKNOWN",
    "swimAlgorithmType" : "EUCLID"
  }
},{
  "dateTime" : "09/18/23 20:05:37",
  "value" : {
    "lapDurationSec" : 18,
    "strokeCount" : 6,
    "swimStrokeType" : "UNKNOWN",
    "swimAlgorithmType" : "EUCLID"
  }
},{
  "dateTime" : "09/18/23 20:39:00",
  "value" : {
    "lapDurationSec" : 20,
    "strokeCount" : 10,
    "swimStrokeType" : "UNKNOWN",
    "swimAlgorithmType" : "EUCLID"
  }
},{
  "dateTime" : "09/18/23 20:39:28",
  "value" : {
    "lapDurationSec" : 8,
    "strokeCount" : 6,
    "swimStrokeType" : "UNKNOWN",
    "swimAlgorithmType" : "EUCLID"
  }
},{
  "dateTime" : "09/18/23 20:44:53",
  "value" : {
    "lapDurationSec" : 14,
    "strokeCount" : 5,
    "swimStrokeType" : "UNKNOWN",
    "swimAlgorithmType" : "EUCLID"
  }
},{
  "dateTime" : "09/18/23 20:47:20",
  "value" : {
    "lapDurationSec" : 15,
    "strokeCount" : 8,
    "swimStrokeType" : "UNKNOWN",
    "swimAlgorithmType" : "EUCLID"
  }
},{
  "dateTime" : "09/19/23 19:18:14",
  "value" : {
    "lapDurationSec" : 16,
    "strokeCount" : 6,
    "swimStrokeType" : "UNKNOWN",
    "swimAlgorithmType" : "EUCLID"
  }
},{
  "dateTime" : "09/19/23 19:37:43",
  "value" : {
    "lapDurationSec" : 15,
    "strokeCount" : 7,
    "swimStrokeType" : "UNKNOWN",
    "swimAlgorithmType" : "EUCLID"
  }
},{
  "dateTime" : "09/19/23 20:22:59",
  "value" : {
    "lapDurationSec" : 17,
    "strokeCount" : 5,
    "swimStrokeType" : "UNKNOWN",
    "swimAlgorithmType" : "EUCLID"
  }
},{
  "dateTime" : "09/19/23 20:31:39",
  "value" : {
    "lapDurationSec" : 31,
    "strokeCount" : 6,
    "swimStrokeType" : "UNKNOWN",
    "swimAlgorithmType" : "EUCLID"
  }
},{
  "dateTime" : "09/19/23 20:39:55",
  "value" : {
    "lapDurationSec" : 26,
    "strokeCount" : 5,
    "swimStrokeType" : "UNKNOWN",
    "swimAlgorithmType" : "EUCLID"
  }
},{
  "dateTime" : "09/19/23 20:41:42",
  "value" : {
    "lapDurationSec" : 34,
    "strokeCount" : 5,
    "swimStrokeType" : "UNKNOWN",
    "swimAlgorithmType" : "EUCLID"
  }
},{
  "dateTime" : "09/19/23 20:42:32",
  "value" : {
    "lapDurationSec" : 57,
    "strokeCount" : 9,
    "swimStrokeType" : "UNKNOWN",
    "swimAlgorithmType" : "EUCLID"
  }
},{
  "dateTime" : "09/19/23 20:44:02",
  "value" : {
    "lapDurationSec" : 45,
    "strokeCount" : 6,
    "swimStrokeType" : "UNKNOWN",
    "swimAlgorithmType" : "EUCLID"
  }
},{
  "dateTime" : "09/19/23 20:45:24",
  "value" : {
    "lapDurationSec" : 58,
    "strokeCount" : 10,
    "swimStrokeType" : "UNKNOWN",
    "swimAlgorithmType" : "EUCLID"
  }
},{
  "dateTime" : "09/19/23 20:51:06",
  "value" : {
    "lapDurationSec" : 25,
    "strokeCount" : 5,
    "swimStrokeType" : "UNKNOWN",
    "swimAlgorithmType" : "EUCLID"
  }
},{
  "dateTime" : "09/19/23 22:53:34",
  "value" : {
    "lapDurationSec" : 11,
    "strokeCount" : 5,
    "swimStrokeType" : "UNKNOWN",
    "swimAlgorithmType" : "EUCLID"
  }
},{
  "dateTime" : "09/19/23 22:53:52",
  "value" : {
    "lapDurationSec" : 13,
    "strokeCount" : 5,
    "swimStrokeType" : "UNKNOWN",
    "swimAlgorithmType" : "EUCLID"
  }
},{
  "dateTime" : "09/19/23 23:12:16",
  "value" : {
    "lapDurationSec" : 17,
    "strokeCount" : 5,
    "swimStrokeType" : "UNKNOWN",
    "swimAlgorithmType" : "EUCLID"
  }
},{
  "dateTime" : "09/19/23 23:13:18",
  "value" : {
    "lapDurationSec" : 27,
    "strokeCount" : 8,
    "swimStrokeType" : "UNKNOWN",
    "swimAlgorithmType" : "EUCLID"
  }
},{
  "dateTime" : "09/20/23 01:00:32",
  "value" : {
    "lapDurationSec" : 18,
    "strokeCount" : 7,
    "swimStrokeType" : "UNKNOWN",
    "swimAlgorithmType" : "EUCLID"
  }
},{
  "dateTime" : "09/20/23 02:32:34",
  "value" : {
    "lapDurationSec" : 15,
    "strokeCount" : 5,
    "swimStrokeType" : "UNKNOWN",
    "swimAlgorithmType" : "EUCLID"
  }
},{
  "dateTime" : "09/20/23 17:25:31",
  "value" : {
    "lapDurationSec" : 13,
    "strokeCount" : 6,
    "swimStrokeType" : "UNKNOWN",
    "swimAlgorithmType" : "EUCLID"
  }
},{
  "dateTime" : "09/20/23 17:26:55",
  "value" : {
    "lapDurationSec" : 18,
    "strokeCount" : 6,
    "swimStrokeType" : "UNKNOWN",
    "swimAlgorithmType" : "EUCLID"
  }
},{
  "dateTime" : "09/20/23 17:33:30",
  "value" : {
    "lapDurationSec" : 29,
    "strokeCount" : 10,
    "swimStrokeType" : "UNKNOWN",
    "swimAlgorithmType" : "EUCLID"
  }
},{
  "dateTime" : "09/20/23 18:15:36",
  "value" : {
    "lapDurationSec" : 13,
    "strokeCount" : 6,
    "swimStrokeType" : "UNKNOWN",
    "swimAlgorithmType" : "EUCLID"
  }
},{
  "dateTime" : "09/20/23 18:19:26",
  "value" : {
    "lapDurationSec" : 15,
    "strokeCount" : 5,
    "swimStrokeType" : "UNKNOWN",
    "swimAlgorithmType" : "EUCLID"
  }
},{
  "dateTime" : "09/20/23 18:23:43",
  "value" : {
    "lapDurationSec" : 21,
    "strokeCount" : 6,
    "swimStrokeType" : "UNKNOWN",
    "swimAlgorithmType" : "EUCLID"
  }
},{
  "dateTime" : "09/20/23 18:25:34",
  "value" : {
    "lapDurationSec" : 26,
    "strokeCount" : 7,
    "swimStrokeType" : "UNKNOWN",
    "swimAlgorithmType" : "EUCLID"
  }
},{
  "dateTime" : "09/20/23 18:31:58",
  "value" : {
    "lapDurationSec" : 18,
    "strokeCount" : 6,
    "swimStrokeType" : "UNKNOWN",
    "swimAlgorithmType" : "EUCLID"
  }
},{
  "dateTime" : "09/20/23 18:45:43",
  "value" : {
    "lapDurationSec" : 22,
    "strokeCount" : 7,
    "swimStrokeType" : "UNKNOWN",
    "swimAlgorithmType" : "EUCLID"
  }
},{
  "dateTime" : "09/20/23 19:34:11",
  "value" : {
    "lapDurationSec" : 11,
    "strokeCount" : 5,
    "swimStrokeType" : "UNKNOWN",
    "swimAlgorithmType" : "EUCLID"
  }
},{
  "dateTime" : "09/20/23 19:37:13",
  "value" : {
    "lapDurationSec" : 22,
    "strokeCount" : 9,
    "swimStrokeType" : "UNKNOWN",
    "swimAlgorithmType" : "EUCLID"
  }
},{
  "dateTime" : "09/20/23 21:43:18",
  "value" : {
    "lapDurationSec" : 8,
    "strokeCount" : 5,
    "swimStrokeType" : "UNKNOWN",
    "swimAlgorithmType" : "EUCLID"
  }
},{
  "dateTime" : "09/20/23 21:49:33",
  "value" : {
    "lapDurationSec" : 16,
    "strokeCount" : 5,
    "swimStrokeType" : "UNKNOWN",
    "swimAlgorithmType" : "EUCLID"
  }
}]