DATE,UPDATED_AT,STRESS_SCORE,SLEEP_POINTS,MAX_SLEEP_POINTS,RESPONSIVENESS_POINTS,MAX_RESPONSIVENESS_POINTS,EXERTION_POINTS,MAX_EXERTION_POINTS,STATUS,CALCULATION_FAILED
2023-08-05T00:00:00,2023-08-05T14:23:56.516,0,0,0,0,0,0,0,NO_DATA,true
2023-08-06T00:00:00,2023-08-06T15:39:01.18,75,0,0,0,0,0,0,READY_NOT_PREMIUM,false
2023-08-07T00:00:00,2023-08-07T13:05:15.144,72,0,0,0,0,0,0,READY_NOT_PREMIUM,false
2023-08-08T00:00:00,2023-08-08T10:05:59.855,65,0,0,0,0,0,0,READY_NOT_PREMIUM,false
2023-08-09T00:00:00,2023-08-09T11:57:28.955,75,0,0,0,0,0,0,READY_NOT_PREMIUM,false
2023-08-10T00:00:00,2023-08-10T13:01:06.712,75,0,0,0,0,0,0,READY_NOT_PREMIUM,false
2023-08-11T00:00:00,2023-08-11T14:55:39.118,82,0,0,0,0,0,0,READY_NOT_PREMIUM,false
2023-08-12T00:00:00,2023-08-12T14:55:59.959,90,0,0,0,0,0,0,READY_NOT_PREMIUM,false
2023-08-13T00:00:00,2023-08-13T14:55:11.59,85,0,0,0,0,0,0,READY_NOT_PREMIUM,false
2023-08-14T00:00:00,2023-08-15T03:53:08.643,74,0,0,0,0,0,0,READY_NOT_PREMIUM,false
2023-08-16T00:00:00,2023-08-17T01:23:16.027,0,0,0,0,0,0,0,NO_DATA,true
2023-08-17T00:00:00,2023-08-17T09:56:36.144,76,0,0,0,0,0,0,READY_NOT_PREMIUM,false