[{
  "dateTime" : "09/09/24 20:07:00",
  "value" : "0"
},{
  "dateTime" : "09/09/24 20:08:00",
  "value" : "0"
},{
  "dateTime" : "09/09/24 20:12:00",
  "value" : "0"
},{
  "dateTime" : "09/09/24 20:22:00",
  "value" : "0"
},{
  "dateTime" : "09/09/24 20:23:00",
  "value" : "0"
},{
  "dateTime" : "09/09/24 20:25:00",
  "value" : "0"
},{
  "dateTime" : "09/09/24 20:29:00",
  "value" : "0"
},{
  "dateTime" : "09/09/24 20:34:00",
  "value" : "0"
},{
  "dateTime" : "09/09/24 20:40:00",
  "value" : "10"
},{
  "dateTime" : "09/09/24 20:43:00",
  "value" : "0"
},{
  "dateTime" : "09/09/24 20:44:00",
  "value" : "0"
},{
  "dateTime" : "09/11/24 20:52:00",
  "value" : "0"
},{
  "dateTime" : "09/11/24 20:53:00",
  "value" : "0"
},{
  "dateTime" : "09/11/24 20:55:00",
  "value" : "0"
},{
  "dateTime" : "09/11/24 20:56:00",
  "value" : "0"
},{
  "dateTime" : "09/11/24 21:09:00",
  "value" : "0"
},{
  "dateTime" : "09/11/24 21:12:00",
  "value" : "0"
},{
  "dateTime" : "09/11/24 21:13:00",
  "value" : "0"
},{
  "dateTime" : "09/11/24 21:20:00",
  "value" : "0"
},{
  "dateTime" : "09/11/24 21:34:00",
  "value" : "0"
},{
  "dateTime" : "09/11/24 22:03:00",
  "value" : "0"
},{
  "dateTime" : "09/22/24 08:17:00",
  "value" : "0"
},{
  "dateTime" : "09/22/24 08:18:00",
  "value" : "0"
},{
  "dateTime" : "09/22/24 08:28:00",
  "value" : "10"
},{
  "dateTime" : "09/22/24 08:30:00",
  "value" : "0"
},{
  "dateTime" : "09/22/24 08:31:00",
  "value" : "0"
},{
  "dateTime" : "09/22/24 08:36:00",
  "value" : "0"
},{
  "dateTime" : "09/22/24 08:39:00",
  "value" : "0"
},{
  "dateTime" : "09/22/24 08:42:00",
  "value" : "0"
},{
  "dateTime" : "09/22/24 08:47:00",
  "value" : "0"
},{
  "dateTime" : "09/22/24 08:50:00",
  "value" : "0"
},{
  "dateTime" : "09/22/24 08:51:00",
  "value" : "0"
},{
  "dateTime" : "09/22/24 08:54:00",
  "value" : "0"
},{
  "dateTime" : "09/22/24 08:57:00",
  "value" : "0"
},{
  "dateTime" : "09/22/24 09:01:00",
  "value" : "0"
},{
  "dateTime" : "09/22/24 09:16:00",
  "value" : "0"
},{
  "dateTime" : "09/22/24 09:17:00",
  "value" : "0"
},{
  "dateTime" : "09/22/24 09:39:00",
  "value" : "0"
},{
  "dateTime" : "09/22/24 09:40:00",
  "value" : "0"
},{
  "dateTime" : "09/22/24 09:45:00",
  "value" : "0"
},{
  "dateTime" : "09/22/24 09:46:00",
  "value" : "0"
},{
  "dateTime" : "09/22/24 09:48:00",
  "value" : "0"
},{
  "dateTime" : "09/22/24 09:51:00",
  "value" : "0"
},{
  "dateTime" : "09/22/24 10:01:00",
  "value" : "0"
},{
  "dateTime" : "09/22/24 10:02:00",
  "value" : "0"
},{
  "dateTime" : "09/22/24 10:03:00",
  "value" : "0"
},{
  "dateTime" : "09/22/24 10:18:00",
  "value" : "0"
},{
  "dateTime" : "09/22/24 10:32:00",
  "value" : "0"
},{
  "dateTime" : "09/22/24 10:33:00",
  "value" : "0"
},{
  "dateTime" : "09/22/24 10:35:00",
  "value" : "0"
},{
  "dateTime" : "09/22/24 10:36:00",
  "value" : "0"
},{
  "dateTime" : "09/22/24 10:41:00",
  "value" : "0"
},{
  "dateTime" : "09/22/24 10:42:00",
  "value" : "0"
},{
  "dateTime" : "09/22/24 10:43:00",
  "value" : "0"
},{
  "dateTime" : "09/22/24 10:44:00",
  "value" : "0"
},{
  "dateTime" : "09/22/24 10:50:00",
  "value" : "0"
},{
  "dateTime" : "09/22/24 10:51:00",
  "value" : "0"
},{
  "dateTime" : "09/22/24 10:54:00",
  "value" : "0"
},{
  "dateTime" : "09/22/24 10:59:00",
  "value" : "0"
},{
  "dateTime" : "09/22/24 11:08:00",
  "value" : "0"
},{
  "dateTime" : "09/22/24 11:09:00",
  "value" : "0"
},{
  "dateTime" : "09/22/24 11:13:00",
  "value" : "0"
},{
  "dateTime" : "09/22/24 11:15:00",
  "value" : "0"
},{
  "dateTime" : "09/22/24 11:23:00",
  "value" : "0"
},{
  "dateTime" : "09/22/24 11:35:00",
  "value" : "0"
},{
  "dateTime" : "09/22/24 11:45:00",
  "value" : "0"
},{
  "dateTime" : "09/22/24 11:50:00",
  "value" : "0"
},{
  "dateTime" : "09/22/24 11:51:00",
  "value" : "0"
},{
  "dateTime" : "09/22/24 12:00:00",
  "value" : "0"
},{
  "dateTime" : "09/22/24 12:01:00",
  "value" : "0"
},{
  "dateTime" : "09/22/24 12:05:00",
  "value" : "0"
},{
  "dateTime" : "09/22/24 12:08:00",
  "value" : "0"
},{
  "dateTime" : "09/22/24 12:10:00",
  "value" : "0"
},{
  "dateTime" : "09/22/24 12:14:00",
  "value" : "0"
},{
  "dateTime" : "09/22/24 12:16:00",
  "value" : "0"
},{
  "dateTime" : "09/22/24 12:24:00",
  "value" : "0"
},{
  "dateTime" : "09/22/24 12:25:00",
  "value" : "0"
},{
  "dateTime" : "09/22/24 12:42:00",
  "value" : "10"
},{
  "dateTime" : "09/22/24 12:49:00",
  "value" : "0"
},{
  "dateTime" : "09/22/24 12:54:00",
  "value" : "0"
},{
  "dateTime" : "09/22/24 12:57:00",
  "value" : "0"
},{
  "dateTime" : "09/22/24 13:05:00",
  "value" : "0"
},{
  "dateTime" : "09/22/24 13:09:00",
  "value" : "0"
},{
  "dateTime" : "09/22/24 13:10:00",
  "value" : "0"
},{
  "dateTime" : "09/22/24 13:15:00",
  "value" : "0"
},{
  "dateTime" : "09/22/24 13:16:00",
  "value" : "0"
},{
  "dateTime" : "09/22/24 13:17:00",
  "value" : "0"
},{
  "dateTime" : "09/22/24 13:21:00",
  "value" : "0"
},{
  "dateTime" : "09/22/24 13:36:00",
  "value" : "0"
},{
  "dateTime" : "09/22/24 13:38:00",
  "value" : "0"
},{
  "dateTime" : "09/22/24 13:39:00",
  "value" : "0"
},{
  "dateTime" : "09/22/24 13:40:00",
  "value" : "0"
},{
  "dateTime" : "09/22/24 13:44:00",
  "value" : "0"
},{
  "dateTime" : "09/22/24 13:46:00",
  "value" : "0"
},{
  "dateTime" : "09/22/24 13:48:00",
  "value" : "0"
},{
  "dateTime" : "09/22/24 13:50:00",
  "value" : "0"
},{
  "dateTime" : "09/22/24 13:58:00",
  "value" : "0"
},{
  "dateTime" : "09/22/24 13:59:00",
  "value" : "0"
},{
  "dateTime" : "09/22/24 14:03:00",
  "value" : "0"
},{
  "dateTime" : "09/22/24 14:08:00",
  "value" : "0"
},{
  "dateTime" : "09/22/24 14:11:00",
  "value" : "0"
},{
  "dateTime" : "09/22/24 14:15:00",
  "value" : "0"
},{
  "dateTime" : "09/22/24 14:17:00",
  "value" : "0"
},{
  "dateTime" : "09/22/24 14:19:00",
  "value" : "0"
},{
  "dateTime" : "09/22/24 14:22:00",
  "value" : "0"
},{
  "dateTime" : "09/22/24 14:32:00",
  "value" : "0"
},{
  "dateTime" : "09/22/24 14:36:00",
  "value" : "0"
},{
  "dateTime" : "09/22/24 14:37:00",
  "value" : "0"
},{
  "dateTime" : "09/22/24 14:39:00",
  "value" : "0"
},{
  "dateTime" : "09/22/24 14:42:00",
  "value" : "0"
},{
  "dateTime" : "09/22/24 14:43:00",
  "value" : "0"
},{
  "dateTime" : "09/22/24 14:44:00",
  "value" : "0"
},{
  "dateTime" : "09/22/24 14:49:00",
  "value" : "0"
},{
  "dateTime" : "09/22/24 14:51:00",
  "value" : "0"
},{
  "dateTime" : "09/22/24 14:53:00",
  "value" : "0"
},{
  "dateTime" : "09/22/24 14:57:00",
  "value" : "0"
},{
  "dateTime" : "09/22/24 15:00:00",
  "value" : "0"
},{
  "dateTime" : "09/22/24 15:01:00",
  "value" : "0"
},{
  "dateTime" : "09/22/24 15:10:00",
  "value" : "0"
},{
  "dateTime" : "09/22/24 15:21:00",
  "value" : "0"
},{
  "dateTime" : "09/22/24 15:36:00",
  "value" : "0"
},{
  "dateTime" : "09/22/24 15:50:00",
  "value" : "0"
},{
  "dateTime" : "09/22/24 15:51:00",
  "value" : "0"
},{
  "dateTime" : "09/22/24 15:56:00",
  "value" : "0"
},{
  "dateTime" : "09/22/24 15:59:00",
  "value" : "0"
},{
  "dateTime" : "09/22/24 16:07:00",
  "value" : "0"
},{
  "dateTime" : "09/22/24 16:10:00",
  "value" : "0"
},{
  "dateTime" : "09/22/24 16:11:00",
  "value" : "0"
},{
  "dateTime" : "09/22/24 16:15:00",
  "value" : "0"
},{
  "dateTime" : "09/22/24 16:16:00",
  "value" : "0"
},{
  "dateTime" : "09/22/24 16:17:00",
  "value" : "0"
},{
  "dateTime" : "09/22/24 16:24:00",
  "value" : "0"
},{
  "dateTime" : "09/22/24 16:28:00",
  "value" : "0"
},{
  "dateTime" : "09/22/24 16:29:00",
  "value" : "0"
},{
  "dateTime" : "09/22/24 16:33:00",
  "value" : "0"
},{
  "dateTime" : "09/22/24 16:35:00",
  "value" : "0"
},{
  "dateTime" : "09/22/24 16:36:00",
  "value" : "0"
},{
  "dateTime" : "09/22/24 16:37:00",
  "value" : "0"
},{
  "dateTime" : "09/22/24 16:38:00",
  "value" : "0"
},{
  "dateTime" : "09/22/24 16:39:00",
  "value" : "0"
},{
  "dateTime" : "09/22/24 16:40:00",
  "value" : "0"
},{
  "dateTime" : "09/22/24 16:42:00",
  "value" : "0"
},{
  "dateTime" : "09/22/24 16:44:00",
  "value" : "0"
},{
  "dateTime" : "09/22/24 16:45:00",
  "value" : "0"
},{
  "dateTime" : "09/22/24 16:46:00",
  "value" : "0"
},{
  "dateTime" : "09/22/24 16:47:00",
  "value" : "0"
},{
  "dateTime" : "09/22/24 16:48:00",
  "value" : "0"
},{
  "dateTime" : "09/22/24 16:49:00",
  "value" : "0"
},{
  "dateTime" : "09/22/24 16:50:00",
  "value" : "0"
},{
  "dateTime" : "09/22/24 16:54:00",
  "value" : "0"
},{
  "dateTime" : "09/22/24 16:56:00",
  "value" : "0"
},{
  "dateTime" : "09/22/24 16:57:00",
  "value" : "0"
},{
  "dateTime" : "09/22/24 16:58:00",
  "value" : "0"
},{
  "dateTime" : "09/22/24 17:00:00",
  "value" : "0"
},{
  "dateTime" : "09/22/24 17:01:00",
  "value" : "0"
},{
  "dateTime" : "09/22/24 17:02:00",
  "value" : "0"
},{
  "dateTime" : "09/22/24 17:05:00",
  "value" : "0"
},{
  "dateTime" : "09/22/24 17:11:00",
  "value" : "0"
},{
  "dateTime" : "09/22/24 17:12:00",
  "value" : "0"
},{
  "dateTime" : "09/22/24 17:13:00",
  "value" : "0"
},{
  "dateTime" : "09/22/24 17:16:00",
  "value" : "0"
},{
  "dateTime" : "09/22/24 17:17:00",
  "value" : "0"
},{
  "dateTime" : "09/22/24 17:18:00",
  "value" : "0"
},{
  "dateTime" : "09/22/24 17:19:00",
  "value" : "0"
},{
  "dateTime" : "09/22/24 17:22:00",
  "value" : "0"
},{
  "dateTime" : "09/22/24 17:23:00",
  "value" : "0"
},{
  "dateTime" : "09/22/24 17:27:00",
  "value" : "0"
},{
  "dateTime" : "09/22/24 17:28:00",
  "value" : "0"
},{
  "dateTime" : "09/22/24 17:29:00",
  "value" : "0"
},{
  "dateTime" : "09/22/24 17:32:00",
  "value" : "0"
},{
  "dateTime" : "09/22/24 17:33:00",
  "value" : "0"
},{
  "dateTime" : "09/22/24 17:34:00",
  "value" : "0"
},{
  "dateTime" : "09/22/24 17:44:00",
  "value" : "0"
},{
  "dateTime" : "09/22/24 17:45:00",
  "value" : "0"
},{
  "dateTime" : "09/22/24 17:56:00",
  "value" : "0"
},{
  "dateTime" : "09/22/24 18:17:00",
  "value" : "0"
},{
  "dateTime" : "09/22/24 18:27:00",
  "value" : "0"
},{
  "dateTime" : "09/22/24 18:31:00",
  "value" : "0"
},{
  "dateTime" : "09/22/24 18:36:00",
  "value" : "0"
},{
  "dateTime" : "09/22/24 18:48:00",
  "value" : "0"
},{
  "dateTime" : "09/22/24 18:53:00",
  "value" : "0"
},{
  "dateTime" : "09/22/24 19:01:00",
  "value" : "0"
},{
  "dateTime" : "09/22/24 19:02:00",
  "value" : "0"
},{
  "dateTime" : "09/22/24 19:03:00",
  "value" : "0"
},{
  "dateTime" : "09/22/24 19:05:00",
  "value" : "0"
},{
  "dateTime" : "09/22/24 19:06:00",
  "value" : "0"
},{
  "dateTime" : "09/22/24 19:07:00",
  "value" : "0"
},{
  "dateTime" : "09/22/24 19:11:00",
  "value" : "0"
},{
  "dateTime" : "09/22/24 19:12:00",
  "value" : "0"
},{
  "dateTime" : "09/22/24 19:14:00",
  "value" : "0"
},{
  "dateTime" : "09/22/24 19:16:00",
  "value" : "0"
},{
  "dateTime" : "09/22/24 19:17:00",
  "value" : "0"
},{
  "dateTime" : "09/22/24 19:19:00",
  "value" : "0"
},{
  "dateTime" : "09/22/24 19:20:00",
  "value" : "0"
},{
  "dateTime" : "09/22/24 19:21:00",
  "value" : "0"
},{
  "dateTime" : "09/28/24 08:06:00",
  "value" : "0"
},{
  "dateTime" : "09/28/24 08:07:00",
  "value" : "0"
},{
  "dateTime" : "09/28/24 08:09:00",
  "value" : "0"
},{
  "dateTime" : "09/28/24 08:14:00",
  "value" : "0"
},{
  "dateTime" : "09/28/24 08:15:00",
  "value" : "0"
},{
  "dateTime" : "09/28/24 08:19:00",
  "value" : "0"
},{
  "dateTime" : "09/28/24 08:20:00",
  "value" : "0"
},{
  "dateTime" : "09/28/24 08:24:00",
  "value" : "0"
},{
  "dateTime" : "09/28/24 08:26:00",
  "value" : "0"
},{
  "dateTime" : "09/28/24 08:31:00",
  "value" : "0"
},{
  "dateTime" : "09/28/24 08:33:00",
  "value" : "0"
},{
  "dateTime" : "09/28/24 08:37:00",
  "value" : "0"
},{
  "dateTime" : "09/28/24 08:40:00",
  "value" : "0"
},{
  "dateTime" : "09/28/24 08:58:00",
  "value" : "0"
},{
  "dateTime" : "09/28/24 08:59:00",
  "value" : "0"
},{
  "dateTime" : "09/28/24 09:07:00",
  "value" : "0"
},{
  "dateTime" : "09/28/24 09:08:00",
  "value" : "0"
},{
  "dateTime" : "09/28/24 09:09:00",
  "value" : "0"
},{
  "dateTime" : "09/28/24 09:20:00",
  "value" : "0"
},{
  "dateTime" : "09/28/24 09:21:00",
  "value" : "0"
},{
  "dateTime" : "09/28/24 09:22:00",
  "value" : "0"
},{
  "dateTime" : "09/28/24 09:23:00",
  "value" : "0"
},{
  "dateTime" : "09/28/24 09:29:00",
  "value" : "0"
},{
  "dateTime" : "09/28/24 09:31:00",
  "value" : "0"
},{
  "dateTime" : "09/28/24 09:32:00",
  "value" : "0"
},{
  "dateTime" : "09/28/24 09:34:00",
  "value" : "0"
},{
  "dateTime" : "09/28/24 09:35:00",
  "value" : "0"
},{
  "dateTime" : "09/28/24 09:38:00",
  "value" : "0"
},{
  "dateTime" : "09/28/24 09:40:00",
  "value" : "0"
},{
  "dateTime" : "09/28/24 09:48:00",
  "value" : "0"
},{
  "dateTime" : "09/28/24 09:50:00",
  "value" : "0"
},{
  "dateTime" : "09/28/24 10:08:00",
  "value" : "0"
},{
  "dateTime" : "09/28/24 10:10:00",
  "value" : "0"
},{
  "dateTime" : "09/28/24 10:13:00",
  "value" : "0"
},{
  "dateTime" : "09/28/24 10:16:00",
  "value" : "0"
},{
  "dateTime" : "09/28/24 10:18:00",
  "value" : "0"
},{
  "dateTime" : "09/28/24 10:21:00",
  "value" : "0"
},{
  "dateTime" : "09/28/24 10:34:00",
  "value" : "0"
},{
  "dateTime" : "09/28/24 10:36:00",
  "value" : "0"
},{
  "dateTime" : "09/28/24 10:41:00",
  "value" : "0"
},{
  "dateTime" : "09/28/24 10:43:00",
  "value" : "0"
},{
  "dateTime" : "09/28/24 10:47:00",
  "value" : "0"
},{
  "dateTime" : "09/28/24 10:50:00",
  "value" : "0"
},{
  "dateTime" : "09/28/24 10:57:00",
  "value" : "0"
},{
  "dateTime" : "09/28/24 10:59:00",
  "value" : "0"
},{
  "dateTime" : "09/28/24 11:04:00",
  "value" : "0"
},{
  "dateTime" : "09/28/24 11:07:00",
  "value" : "0"
},{
  "dateTime" : "09/28/24 11:09:00",
  "value" : "0"
},{
  "dateTime" : "09/28/24 11:18:00",
  "value" : "0"
},{
  "dateTime" : "09/28/24 11:21:00",
  "value" : "0"
},{
  "dateTime" : "09/28/24 11:24:00",
  "value" : "0"
},{
  "dateTime" : "09/28/24 11:30:00",
  "value" : "0"
},{
  "dateTime" : "09/28/24 11:41:00",
  "value" : "0"
},{
  "dateTime" : "09/28/24 11:42:00",
  "value" : "0"
},{
  "dateTime" : "09/28/24 11:50:00",
  "value" : "0"
},{
  "dateTime" : "09/28/24 11:59:00",
  "value" : "0"
},{
  "dateTime" : "09/28/24 12:02:00",
  "value" : "0"
},{
  "dateTime" : "09/28/24 12:03:00",
  "value" : "0"
},{
  "dateTime" : "09/28/24 12:04:00",
  "value" : "0"
},{
  "dateTime" : "09/28/24 12:07:00",
  "value" : "0"
},{
  "dateTime" : "09/28/24 12:09:00",
  "value" : "0"
},{
  "dateTime" : "09/28/24 12:11:00",
  "value" : "0"
},{
  "dateTime" : "09/28/24 12:13:00",
  "value" : "0"
},{
  "dateTime" : "09/28/24 12:14:00",
  "value" : "0"
},{
  "dateTime" : "09/28/24 12:16:00",
  "value" : "0"
},{
  "dateTime" : "09/28/24 12:17:00",
  "value" : "0"
},{
  "dateTime" : "09/28/24 12:19:00",
  "value" : "0"
},{
  "dateTime" : "09/28/24 12:20:00",
  "value" : "0"
},{
  "dateTime" : "09/28/24 12:21:00",
  "value" : "0"
},{
  "dateTime" : "09/28/24 12:22:00",
  "value" : "0"
},{
  "dateTime" : "09/28/24 12:27:00",
  "value" : "0"
},{
  "dateTime" : "09/28/24 12:28:00",
  "value" : "0"
},{
  "dateTime" : "09/28/24 12:34:00",
  "value" : "0"
},{
  "dateTime" : "09/28/24 12:39:00",
  "value" : "0"
},{
  "dateTime" : "09/28/24 12:44:00",
  "value" : "0"
},{
  "dateTime" : "09/28/24 12:45:00",
  "value" : "0"
},{
  "dateTime" : "09/28/24 12:50:00",
  "value" : "0"
},{
  "dateTime" : "09/28/24 12:52:00",
  "value" : "0"
},{
  "dateTime" : "09/28/24 12:54:00",
  "value" : "0"
},{
  "dateTime" : "09/28/24 12:55:00",
  "value" : "0"
},{
  "dateTime" : "09/28/24 12:56:00",
  "value" : "0"
},{
  "dateTime" : "09/28/24 12:57:00",
  "value" : "0"
},{
  "dateTime" : "09/28/24 12:58:00",
  "value" : "0"
},{
  "dateTime" : "09/28/24 13:03:00",
  "value" : "0"
},{
  "dateTime" : "09/28/24 13:14:00",
  "value" : "0"
},{
  "dateTime" : "09/28/24 13:30:00",
  "value" : "0"
},{
  "dateTime" : "09/28/24 13:36:00",
  "value" : "0"
},{
  "dateTime" : "09/28/24 13:40:00",
  "value" : "0"
},{
  "dateTime" : "09/28/24 13:42:00",
  "value" : "0"
},{
  "dateTime" : "09/28/24 13:45:00",
  "value" : "0"
},{
  "dateTime" : "09/28/24 13:47:00",
  "value" : "0"
},{
  "dateTime" : "09/28/24 13:48:00",
  "value" : "0"
},{
  "dateTime" : "09/28/24 13:53:00",
  "value" : "0"
},{
  "dateTime" : "09/28/24 13:54:00",
  "value" : "0"
},{
  "dateTime" : "09/28/24 14:10:00",
  "value" : "0"
},{
  "dateTime" : "09/28/24 14:13:00",
  "value" : "0"
},{
  "dateTime" : "09/28/24 14:17:00",
  "value" : "0"
},{
  "dateTime" : "09/28/24 14:18:00",
  "value" : "0"
},{
  "dateTime" : "09/28/24 14:24:00",
  "value" : "0"
},{
  "dateTime" : "09/28/24 14:27:00",
  "value" : "0"
},{
  "dateTime" : "09/28/24 14:28:00",
  "value" : "0"
},{
  "dateTime" : "09/28/24 14:29:00",
  "value" : "0"
},{
  "dateTime" : "09/28/24 14:34:00",
  "value" : "0"
},{
  "dateTime" : "09/28/24 14:49:00",
  "value" : "0"
},{
  "dateTime" : "09/28/24 14:50:00",
  "value" : "0"
},{
  "dateTime" : "09/28/24 14:57:00",
  "value" : "0"
},{
  "dateTime" : "09/28/24 15:06:00",
  "value" : "0"
},{
  "dateTime" : "09/28/24 15:50:00",
  "value" : "0"
},{
  "dateTime" : "09/28/24 16:01:00",
  "value" : "0"
},{
  "dateTime" : "09/28/24 16:10:00",
  "value" : "0"
},{
  "dateTime" : "09/28/24 16:11:00",
  "value" : "0"
},{
  "dateTime" : "09/28/24 16:15:00",
  "value" : "0"
},{
  "dateTime" : "09/28/24 16:21:00",
  "value" : "0"
},{
  "dateTime" : "09/28/24 16:23:00",
  "value" : "0"
},{
  "dateTime" : "09/28/24 16:30:00",
  "value" : "0"
},{
  "dateTime" : "09/28/24 16:32:00",
  "value" : "0"
},{
  "dateTime" : "09/28/24 16:38:00",
  "value" : "0"
},{
  "dateTime" : "09/28/24 16:40:00",
  "value" : "0"
},{
  "dateTime" : "09/28/24 16:41:00",
  "value" : "0"
},{
  "dateTime" : "09/28/24 16:42:00",
  "value" : "0"
},{
  "dateTime" : "09/28/24 16:43:00",
  "value" : "0"
},{
  "dateTime" : "09/28/24 16:44:00",
  "value" : "0"
},{
  "dateTime" : "09/28/24 16:50:00",
  "value" : "0"
},{
  "dateTime" : "09/28/24 16:53:00",
  "value" : "0"
},{
  "dateTime" : "09/28/24 16:59:00",
  "value" : "0"
},{
  "dateTime" : "09/28/24 17:08:00",
  "value" : "0"
},{
  "dateTime" : "09/28/24 17:10:00",
  "value" : "0"
},{
  "dateTime" : "09/28/24 17:16:00",
  "value" : "0"
},{
  "dateTime" : "09/28/24 17:17:00",
  "value" : "0"
},{
  "dateTime" : "09/28/24 17:18:00",
  "value" : "0"
},{
  "dateTime" : "09/28/24 17:19:00",
  "value" : "0"
},{
  "dateTime" : "09/28/24 17:20:00",
  "value" : "0"
},{
  "dateTime" : "09/28/24 17:21:00",
  "value" : "0"
},{
  "dateTime" : "09/28/24 17:25:00",
  "value" : "0"
},{
  "dateTime" : "09/28/24 17:26:00",
  "value" : "0"
},{
  "dateTime" : "09/28/24 17:27:00",
  "value" : "0"
},{
  "dateTime" : "09/28/24 17:38:00",
  "value" : "0"
},{
  "dateTime" : "09/28/24 17:42:00",
  "value" : "0"
},{
  "dateTime" : "09/28/24 17:46:00",
  "value" : "0"
},{
  "dateTime" : "09/28/24 17:47:00",
  "value" : "0"
},{
  "dateTime" : "09/28/24 17:51:00",
  "value" : "0"
},{
  "dateTime" : "09/28/24 17:58:00",
  "value" : "0"
},{
  "dateTime" : "09/28/24 18:03:00",
  "value" : "0"
},{
  "dateTime" : "09/28/24 18:08:00",
  "value" : "0"
},{
  "dateTime" : "09/28/24 18:09:00",
  "value" : "0"
},{
  "dateTime" : "09/28/24 18:11:00",
  "value" : "0"
},{
  "dateTime" : "09/28/24 18:13:00",
  "value" : "0"
},{
  "dateTime" : "09/28/24 18:16:00",
  "value" : "10"
},{
  "dateTime" : "09/28/24 18:17:00",
  "value" : "0"
},{
  "dateTime" : "09/28/24 18:18:00",
  "value" : "10"
},{
  "dateTime" : "09/28/24 18:22:00",
  "value" : "10"
},{
  "dateTime" : "09/28/24 18:24:00",
  "value" : "10"
},{
  "dateTime" : "09/28/24 18:26:00",
  "value" : "0"
},{
  "dateTime" : "09/28/24 18:27:00",
  "value" : "0"
},{
  "dateTime" : "09/28/24 18:28:00",
  "value" : "10"
},{
  "dateTime" : "09/28/24 18:29:00",
  "value" : "0"
},{
  "dateTime" : "09/28/24 18:38:00",
  "value" : "0"
},{
  "dateTime" : "09/28/24 18:39:00",
  "value" : "0"
},{
  "dateTime" : "09/28/24 18:43:00",
  "value" : "0"
},{
  "dateTime" : "09/28/24 18:45:00",
  "value" : "0"
},{
  "dateTime" : "09/28/24 18:48:00",
  "value" : "0"
},{
  "dateTime" : "09/28/24 18:49:00",
  "value" : "0"
},{
  "dateTime" : "09/28/24 18:53:00",
  "value" : "0"
},{
  "dateTime" : "09/28/24 18:54:00",
  "value" : "0"
},{
  "dateTime" : "09/28/24 18:55:00",
  "value" : "0"
},{
  "dateTime" : "09/28/24 18:56:00",
  "value" : "0"
},{
  "dateTime" : "09/28/24 18:57:00",
  "value" : "0"
},{
  "dateTime" : "09/28/24 19:01:00",
  "value" : "0"
},{
  "dateTime" : "09/28/24 19:04:00",
  "value" : "0"
},{
  "dateTime" : "09/28/24 19:07:00",
  "value" : "0"
},{
  "dateTime" : "09/28/24 19:08:00",
  "value" : "0"
},{
  "dateTime" : "09/28/24 19:13:00",
  "value" : "0"
},{
  "dateTime" : "09/28/24 19:15:00",
  "value" : "0"
},{
  "dateTime" : "09/28/24 19:17:00",
  "value" : "0"
},{
  "dateTime" : "09/28/24 19:18:00",
  "value" : "0"
},{
  "dateTime" : "09/28/24 19:24:00",
  "value" : "0"
},{
  "dateTime" : "09/28/24 19:28:00",
  "value" : "0"
},{
  "dateTime" : "09/28/24 19:29:00",
  "value" : "0"
},{
  "dateTime" : "09/28/24 19:32:00",
  "value" : "0"
},{
  "dateTime" : "09/28/24 19:35:00",
  "value" : "0"
},{
  "dateTime" : "09/28/24 19:36:00",
  "value" : "0"
},{
  "dateTime" : "09/28/24 19:37:00",
  "value" : "0"
},{
  "dateTime" : "09/28/24 19:38:00",
  "value" : "0"
},{
  "dateTime" : "09/28/24 19:39:00",
  "value" : "0"
},{
  "dateTime" : "09/28/24 19:40:00",
  "value" : "0"
},{
  "dateTime" : "09/28/24 19:44:00",
  "value" : "0"
},{
  "dateTime" : "09/28/24 19:53:00",
  "value" : "0"
},{
  "dateTime" : "09/28/24 19:56:00",
  "value" : "0"
},{
  "dateTime" : "09/28/24 19:58:00",
  "value" : "0"
},{
  "dateTime" : "09/28/24 20:14:00",
  "value" : "0"
},{
  "dateTime" : "09/28/24 20:18:00",
  "value" : "0"
},{
  "dateTime" : "09/28/24 20:19:00",
  "value" : "10"
},{
  "dateTime" : "09/28/24 20:24:00",
  "value" : "0"
},{
  "dateTime" : "09/28/24 20:28:00",
  "value" : "0"
},{
  "dateTime" : "09/28/24 20:43:00",
  "value" : "0"
},{
  "dateTime" : "09/28/24 20:44:00",
  "value" : "0"
},{
  "dateTime" : "09/28/24 20:47:00",
  "value" : "0"
},{
  "dateTime" : "09/28/24 20:48:00",
  "value" : "0"
},{
  "dateTime" : "09/28/24 20:49:00",
  "value" : "0"
},{
  "dateTime" : "09/28/24 20:54:00",
  "value" : "0"
},{
  "dateTime" : "09/28/24 20:58:00",
  "value" : "0"
},{
  "dateTime" : "09/28/24 20:59:00",
  "value" : "0"
},{
  "dateTime" : "09/28/24 21:04:00",
  "value" : "0"
},{
  "dateTime" : "09/28/24 21:05:00",
  "value" : "0"
},{
  "dateTime" : "09/28/24 21:07:00",
  "value" : "0"
},{
  "dateTime" : "09/28/24 21:08:00",
  "value" : "0"
},{
  "dateTime" : "09/28/24 21:12:00",
  "value" : "0"
},{
  "dateTime" : "09/28/24 21:15:00",
  "value" : "0"
},{
  "dateTime" : "09/28/24 21:16:00",
  "value" : "0"
},{
  "dateTime" : "09/28/24 21:19:00",
  "value" : "0"
},{
  "dateTime" : "09/28/24 21:25:00",
  "value" : "0"
},{
  "dateTime" : "09/28/24 21:28:00",
  "value" : "10"
},{
  "dateTime" : "10/04/24 12:54:00",
  "value" : "0"
},{
  "dateTime" : "10/04/24 12:55:00",
  "value" : "0"
},{
  "dateTime" : "10/04/24 12:56:00",
  "value" : "0"
},{
  "dateTime" : "10/04/24 12:57:00",
  "value" : "0"
},{
  "dateTime" : "10/04/24 12:58:00",
  "value" : "0"
},{
  "dateTime" : "10/04/24 13:00:00",
  "value" : "0"
},{
  "dateTime" : "10/04/24 13:01:00",
  "value" : "0"
},{
  "dateTime" : "10/04/24 13:04:00",
  "value" : "0"
},{
  "dateTime" : "10/04/24 13:10:00",
  "value" : "0"
},{
  "dateTime" : "10/04/24 13:11:00",
  "value" : "0"
},{
  "dateTime" : "10/04/24 13:12:00",
  "value" : "0"
},{
  "dateTime" : "10/04/24 13:14:00",
  "value" : "0"
},{
  "dateTime" : "10/04/24 13:16:00",
  "value" : "10"
},{
  "dateTime" : "10/04/24 13:19:00",
  "value" : "0"
},{
  "dateTime" : "10/04/24 13:21:00",
  "value" : "0"
},{
  "dateTime" : "10/04/24 13:30:00",
  "value" : "10"
},{
  "dateTime" : "10/04/24 13:39:00",
  "value" : "0"
},{
  "dateTime" : "10/04/24 13:47:00",
  "value" : "0"
},{
  "dateTime" : "10/04/24 13:51:00",
  "value" : "0"
},{
  "dateTime" : "10/04/24 13:52:00",
  "value" : "0"
},{
  "dateTime" : "10/04/24 13:58:00",
  "value" : "0"
},{
  "dateTime" : "10/04/24 13:59:00",
  "value" : "0"
},{
  "dateTime" : "10/04/24 14:04:00",
  "value" : "0"
},{
  "dateTime" : "10/04/24 14:06:00",
  "value" : "10"
},{
  "dateTime" : "10/04/24 14:10:00",
  "value" : "0"
},{
  "dateTime" : "10/04/24 14:12:00",
  "value" : "0"
},{
  "dateTime" : "10/04/24 14:14:00",
  "value" : "10"
},{
  "dateTime" : "10/04/24 14:15:00",
  "value" : "0"
},{
  "dateTime" : "10/04/24 14:17:00",
  "value" : "10"
},{
  "dateTime" : "10/04/24 14:20:00",
  "value" : "10"
},{
  "dateTime" : "10/04/24 14:26:00",
  "value" : "10"
},{
  "dateTime" : "10/04/24 14:27:00",
  "value" : "0"
},{
  "dateTime" : "10/04/24 14:28:00",
  "value" : "0"
},{
  "dateTime" : "10/04/24 14:29:00",
  "value" : "0"
},{
  "dateTime" : "10/04/24 14:46:00",
  "value" : "0"
},{
  "dateTime" : "10/04/24 14:50:00",
  "value" : "0"
},{
  "dateTime" : "10/04/24 15:05:00",
  "value" : "0"
},{
  "dateTime" : "10/04/24 15:06:00",
  "value" : "0"
},{
  "dateTime" : "10/04/24 15:08:00",
  "value" : "0"
},{
  "dateTime" : "10/04/24 15:09:00",
  "value" : "0"
},{
  "dateTime" : "10/04/24 15:10:00",
  "value" : "0"
},{
  "dateTime" : "10/04/24 15:17:00",
  "value" : "0"
},{
  "dateTime" : "10/04/24 15:20:00",
  "value" : "0"
},{
  "dateTime" : "10/04/24 15:21:00",
  "value" : "0"
},{
  "dateTime" : "10/04/24 15:23:00",
  "value" : "0"
},{
  "dateTime" : "10/04/24 15:24:00",
  "value" : "0"
},{
  "dateTime" : "10/04/24 15:25:00",
  "value" : "0"
},{
  "dateTime" : "10/04/24 15:27:00",
  "value" : "0"
},{
  "dateTime" : "10/04/24 15:28:00",
  "value" : "0"
},{
  "dateTime" : "10/04/24 15:34:00",
  "value" : "0"
},{
  "dateTime" : "10/04/24 15:35:00",
  "value" : "0"
},{
  "dateTime" : "10/04/24 15:39:00",
  "value" : "0"
},{
  "dateTime" : "10/04/24 15:40:00",
  "value" : "0"
},{
  "dateTime" : "10/04/24 15:42:00",
  "value" : "0"
},{
  "dateTime" : "10/04/24 15:47:00",
  "value" : "0"
},{
  "dateTime" : "10/04/24 15:55:00",
  "value" : "0"
},{
  "dateTime" : "10/04/24 15:58:00",
  "value" : "0"
},{
  "dateTime" : "10/04/24 16:00:00",
  "value" : "0"
},{
  "dateTime" : "10/04/24 16:01:00",
  "value" : "0"
},{
  "dateTime" : "10/04/24 16:02:00",
  "value" : "0"
},{
  "dateTime" : "10/04/24 16:04:00",
  "value" : "0"
},{
  "dateTime" : "10/04/24 16:05:00",
  "value" : "0"
},{
  "dateTime" : "10/04/24 16:07:00",
  "value" : "0"
},{
  "dateTime" : "10/04/24 16:08:00",
  "value" : "0"
},{
  "dateTime" : "10/04/24 16:09:00",
  "value" : "0"
},{
  "dateTime" : "10/04/24 16:11:00",
  "value" : "0"
},{
  "dateTime" : "10/04/24 16:15:00",
  "value" : "0"
},{
  "dateTime" : "10/04/24 16:17:00",
  "value" : "0"
},{
  "dateTime" : "10/04/24 16:18:00",
  "value" : "0"
},{
  "dateTime" : "10/04/24 16:19:00",
  "value" : "0"
},{
  "dateTime" : "10/04/24 16:21:00",
  "value" : "0"
},{
  "dateTime" : "10/04/24 16:24:00",
  "value" : "0"
},{
  "dateTime" : "10/04/24 16:25:00",
  "value" : "0"
},{
  "dateTime" : "10/04/24 16:26:00",
  "value" : "0"
},{
  "dateTime" : "10/04/24 16:27:00",
  "value" : "0"
},{
  "dateTime" : "10/04/24 16:28:00",
  "value" : "0"
},{
  "dateTime" : "10/04/24 16:31:00",
  "value" : "0"
},{
  "dateTime" : "10/04/24 16:34:00",
  "value" : "0"
},{
  "dateTime" : "10/04/24 16:35:00",
  "value" : "0"
},{
  "dateTime" : "10/04/24 16:37:00",
  "value" : "0"
},{
  "dateTime" : "10/04/24 16:38:00",
  "value" : "0"
},{
  "dateTime" : "10/04/24 16:41:00",
  "value" : "0"
},{
  "dateTime" : "10/04/24 16:42:00",
  "value" : "0"
},{
  "dateTime" : "10/04/24 16:44:00",
  "value" : "0"
},{
  "dateTime" : "10/04/24 16:46:00",
  "value" : "0"
},{
  "dateTime" : "10/04/24 16:49:00",
  "value" : "0"
},{
  "dateTime" : "10/04/24 16:50:00",
  "value" : "0"
},{
  "dateTime" : "10/04/24 16:52:00",
  "value" : "10"
},{
  "dateTime" : "10/04/24 16:56:00",
  "value" : "10"
},{
  "dateTime" : "10/04/24 16:57:00",
  "value" : "10"
},{
  "dateTime" : "10/04/24 17:02:00",
  "value" : "10"
},{
  "dateTime" : "10/04/24 17:03:00",
  "value" : "0"
},{
  "dateTime" : "10/04/24 17:11:00",
  "value" : "0"
},{
  "dateTime" : "10/04/24 17:13:00",
  "value" : "0"
},{
  "dateTime" : "10/04/24 17:14:00",
  "value" : "0"
},{
  "dateTime" : "10/04/24 17:16:00",
  "value" : "10"
},{
  "dateTime" : "10/04/24 17:17:00",
  "value" : "0"
},{
  "dateTime" : "10/04/24 17:23:00",
  "value" : "0"
},{
  "dateTime" : "10/04/24 17:25:00",
  "value" : "0"
},{
  "dateTime" : "10/04/24 17:33:00",
  "value" : "0"
},{
  "dateTime" : "10/04/24 17:35:00",
  "value" : "0"
},{
  "dateTime" : "10/04/24 17:36:00",
  "value" : "10"
},{
  "dateTime" : "10/04/24 17:50:00",
  "value" : "0"
},{
  "dateTime" : "10/04/24 17:53:00",
  "value" : "0"
},{
  "dateTime" : "10/04/24 17:58:00",
  "value" : "0"
},{
  "dateTime" : "10/04/24 17:59:00",
  "value" : "10"
},{
  "dateTime" : "10/04/24 18:02:00",
  "value" : "0"
},{
  "dateTime" : "10/04/24 18:04:00",
  "value" : "0"
},{
  "dateTime" : "10/04/24 18:05:00",
  "value" : "0"
},{
  "dateTime" : "10/04/24 18:07:00",
  "value" : "0"
},{
  "dateTime" : "10/04/24 18:08:00",
  "value" : "0"
},{
  "dateTime" : "10/04/24 18:09:00",
  "value" : "0"
},{
  "dateTime" : "10/04/24 18:10:00",
  "value" : "0"
},{
  "dateTime" : "10/04/24 18:14:00",
  "value" : "0"
},{
  "dateTime" : "10/04/24 18:16:00",
  "value" : "0"
},{
  "dateTime" : "10/04/24 18:22:00",
  "value" : "10"
},{
  "dateTime" : "10/04/24 18:25:00",
  "value" : "0"
},{
  "dateTime" : "10/04/24 18:27:00",
  "value" : "0"
},{
  "dateTime" : "10/04/24 18:29:00",
  "value" : "0"
},{
  "dateTime" : "10/04/24 18:31:00",
  "value" : "0"
},{
  "dateTime" : "10/04/24 18:34:00",
  "value" : "0"
},{
  "dateTime" : "10/04/24 18:37:00",
  "value" : "0"
},{
  "dateTime" : "10/04/24 18:39:00",
  "value" : "0"
},{
  "dateTime" : "10/04/24 18:40:00",
  "value" : "0"
},{
  "dateTime" : "10/04/24 18:42:00",
  "value" : "0"
},{
  "dateTime" : "10/04/24 19:14:00",
  "value" : "0"
},{
  "dateTime" : "10/04/24 19:15:00",
  "value" : "0"
},{
  "dateTime" : "10/04/24 19:16:00",
  "value" : "0"
},{
  "dateTime" : "10/04/24 19:17:00",
  "value" : "0"
},{
  "dateTime" : "10/04/24 19:19:00",
  "value" : "0"
},{
  "dateTime" : "10/04/24 19:23:00",
  "value" : "0"
},{
  "dateTime" : "10/04/24 19:25:00",
  "value" : "0"
},{
  "dateTime" : "10/04/24 19:26:00",
  "value" : "0"
},{
  "dateTime" : "10/04/24 19:27:00",
  "value" : "0"
},{
  "dateTime" : "10/04/24 19:31:00",
  "value" : "0"
},{
  "dateTime" : "10/04/24 19:32:00",
  "value" : "0"
},{
  "dateTime" : "10/04/24 19:33:00",
  "value" : "0"
},{
  "dateTime" : "10/04/24 19:34:00",
  "value" : "10"
},{
  "dateTime" : "10/04/24 19:37:00",
  "value" : "10"
},{
  "dateTime" : "10/04/24 19:40:00",
  "value" : "0"
},{
  "dateTime" : "10/04/24 19:41:00",
  "value" : "0"
},{
  "dateTime" : "10/04/24 19:45:00",
  "value" : "0"
},{
  "dateTime" : "10/04/24 19:46:00",
  "value" : "0"
},{
  "dateTime" : "10/04/24 19:47:00",
  "value" : "0"
},{
  "dateTime" : "10/04/24 19:48:00",
  "value" : "10"
},{
  "dateTime" : "10/04/24 19:53:00",
  "value" : "0"
},{
  "dateTime" : "10/04/24 20:24:00",
  "value" : "0"
},{
  "dateTime" : "10/04/24 20:25:00",
  "value" : "0"
},{
  "dateTime" : "10/04/24 20:26:00",
  "value" : "0"
},{
  "dateTime" : "10/04/24 20:27:00",
  "value" : "0"
},{
  "dateTime" : "10/04/24 20:28:00",
  "value" : "0"
},{
  "dateTime" : "10/04/24 20:32:00",
  "value" : "10"
},{
  "dateTime" : "10/04/24 20:34:00",
  "value" : "0"
},{
  "dateTime" : "10/04/24 20:35:00",
  "value" : "0"
},{
  "dateTime" : "10/04/24 20:36:00",
  "value" : "10"
},{
  "dateTime" : "10/04/24 20:37:00",
  "value" : "0"
},{
  "dateTime" : "10/04/24 20:38:00",
  "value" : "0"
},{
  "dateTime" : "10/04/24 20:42:00",
  "value" : "0"
},{
  "dateTime" : "10/04/24 20:43:00",
  "value" : "0"
},{
  "dateTime" : "10/04/24 20:45:00",
  "value" : "0"
},{
  "dateTime" : "10/04/24 20:46:00",
  "value" : "0"
},{
  "dateTime" : "10/04/24 20:48:00",
  "value" : "0"
},{
  "dateTime" : "10/04/24 20:53:00",
  "value" : "0"
},{
  "dateTime" : "10/04/24 20:54:00",
  "value" : "0"
},{
  "dateTime" : "10/04/24 21:00:00",
  "value" : "0"
},{
  "dateTime" : "10/04/24 21:01:00",
  "value" : "0"
},{
  "dateTime" : "10/04/24 21:02:00",
  "value" : "0"
},{
  "dateTime" : "10/04/24 21:16:00",
  "value" : "10"
},{
  "dateTime" : "10/04/24 21:18:00",
  "value" : "0"
},{
  "dateTime" : "10/04/24 21:20:00",
  "value" : "0"
},{
  "dateTime" : "10/04/24 21:23:00",
  "value" : "10"
},{
  "dateTime" : "10/04/24 21:35:00",
  "value" : "0"
},{
  "dateTime" : "10/04/24 21:36:00",
  "value" : "0"
},{
  "dateTime" : "10/04/24 21:38:00",
  "value" : "0"
},{
  "dateTime" : "10/04/24 21:41:00",
  "value" : "0"
},{
  "dateTime" : "10/04/24 21:42:00",
  "value" : "10"
},{
  "dateTime" : "10/04/24 21:46:00",
  "value" : "0"
},{
  "dateTime" : "10/04/24 21:51:00",
  "value" : "0"
},{
  "dateTime" : "10/04/24 22:03:00",
  "value" : "0"
},{
  "dateTime" : "10/06/24 08:55:00",
  "value" : "0"
}]