[{
  "dateTime" : "11/13/23 00:00:00",
  "value" : "0"
},{
  "dateTime" : "11/13/23 02:55:00",
  "value" : "0"
},{
  "dateTime" : "11/13/23 06:20:00",
  "value" : "0"
},{
  "dateTime" : "11/13/23 06:49:00",
  "value" : "0"
},{
  "dateTime" : "11/13/23 06:50:00",
  "value" : "0"
},{
  "dateTime" : "11/13/23 08:18:00",
  "value" : "0"
},{
  "dateTime" : "11/13/23 09:42:00",
  "value" : "10"
},{
  "dateTime" : "11/13/23 09:45:00",
  "value" : "0"
},{
  "dateTime" : "11/13/23 09:50:00",
  "value" : "0"
},{
  "dateTime" : "11/13/23 09:56:00",
  "value" : "0"
},{
  "dateTime" : "11/13/23 11:15:00",
  "value" : "0"
},{
  "dateTime" : "11/13/23 11:19:00",
  "value" : "0"
},{
  "dateTime" : "11/13/23 11:20:00",
  "value" : "0"
},{
  "dateTime" : "11/13/23 11:49:00",
  "value" : "0"
},{
  "dateTime" : "11/13/23 11:53:00",
  "value" : "0"
},{
  "dateTime" : "11/13/23 11:58:00",
  "value" : "0"
},{
  "dateTime" : "11/13/23 12:01:00",
  "value" : "0"
},{
  "dateTime" : "11/13/23 12:28:00",
  "value" : "0"
},{
  "dateTime" : "11/13/23 12:37:00",
  "value" : "0"
},{
  "dateTime" : "11/13/23 12:39:00",
  "value" : "0"
},{
  "dateTime" : "11/13/23 12:41:00",
  "value" : "0"
},{
  "dateTime" : "11/13/23 12:54:00",
  "value" : "0"
},{
  "dateTime" : "11/13/23 13:00:00",
  "value" : "0"
},{
  "dateTime" : "11/13/23 13:10:00",
  "value" : "0"
},{
  "dateTime" : "11/13/23 13:16:00",
  "value" : "10"
},{
  "dateTime" : "11/13/23 13:34:00",
  "value" : "0"
},{
  "dateTime" : "11/13/23 13:35:00",
  "value" : "0"
},{
  "dateTime" : "11/13/23 13:39:00",
  "value" : "0"
},{
  "dateTime" : "11/13/23 13:40:00",
  "value" : "0"
},{
  "dateTime" : "11/13/23 13:58:00",
  "value" : "0"
},{
  "dateTime" : "11/13/23 14:50:00",
  "value" : "0"
},{
  "dateTime" : "11/13/23 15:17:00",
  "value" : "0"
},{
  "dateTime" : "11/15/23 08:39:00",
  "value" : "0"
},{
  "dateTime" : "11/15/23 08:40:00",
  "value" : "0"
},{
  "dateTime" : "11/15/23 08:41:00",
  "value" : "0"
},{
  "dateTime" : "11/15/23 08:51:00",
  "value" : "0"
},{
  "dateTime" : "11/15/23 08:52:00",
  "value" : "0"
},{
  "dateTime" : "11/15/23 08:53:00",
  "value" : "0"
},{
  "dateTime" : "11/15/23 08:54:00",
  "value" : "0"
},{
  "dateTime" : "11/15/23 08:55:00",
  "value" : "0"
},{
  "dateTime" : "11/15/23 08:56:00",
  "value" : "0"
},{
  "dateTime" : "11/15/23 08:57:00",
  "value" : "0"
},{
  "dateTime" : "11/15/23 08:58:00",
  "value" : "0"
},{
  "dateTime" : "11/15/23 08:59:00",
  "value" : "0"
},{
  "dateTime" : "11/15/23 09:00:00",
  "value" : "0"
},{
  "dateTime" : "11/15/23 09:01:00",
  "value" : "0"
},{
  "dateTime" : "11/15/23 09:02:00",
  "value" : "0"
},{
  "dateTime" : "11/15/23 09:06:00",
  "value" : "0"
},{
  "dateTime" : "11/15/23 09:07:00",
  "value" : "10"
},{
  "dateTime" : "11/15/23 09:08:00",
  "value" : "0"
},{
  "dateTime" : "11/15/23 09:12:00",
  "value" : "0"
},{
  "dateTime" : "11/15/23 09:15:00",
  "value" : "0"
},{
  "dateTime" : "11/15/23 09:16:00",
  "value" : "0"
},{
  "dateTime" : "11/15/23 09:20:00",
  "value" : "0"
},{
  "dateTime" : "11/15/23 09:22:00",
  "value" : "0"
},{
  "dateTime" : "11/15/23 09:29:00",
  "value" : "0"
},{
  "dateTime" : "11/15/23 09:47:00",
  "value" : "0"
},{
  "dateTime" : "11/15/23 09:56:00",
  "value" : "0"
},{
  "dateTime" : "11/15/23 10:00:00",
  "value" : "0"
},{
  "dateTime" : "11/15/23 10:02:00",
  "value" : "0"
},{
  "dateTime" : "11/15/23 10:03:00",
  "value" : "0"
},{
  "dateTime" : "11/15/23 10:04:00",
  "value" : "10"
},{
  "dateTime" : "11/15/23 10:13:00",
  "value" : "10"
},{
  "dateTime" : "11/15/23 10:16:00",
  "value" : "0"
},{
  "dateTime" : "11/15/23 10:18:00",
  "value" : "0"
},{
  "dateTime" : "11/15/23 10:34:00",
  "value" : "0"
},{
  "dateTime" : "11/15/23 10:36:00",
  "value" : "10"
},{
  "dateTime" : "11/15/23 10:51:00",
  "value" : "0"
},{
  "dateTime" : "11/15/23 10:58:00",
  "value" : "0"
},{
  "dateTime" : "11/15/23 10:59:00",
  "value" : "0"
},{
  "dateTime" : "11/15/23 11:03:00",
  "value" : "0"
},{
  "dateTime" : "11/15/23 11:14:00",
  "value" : "0"
},{
  "dateTime" : "11/15/23 11:24:00",
  "value" : "0"
},{
  "dateTime" : "11/15/23 11:33:00",
  "value" : "0"
},{
  "dateTime" : "11/15/23 11:42:00",
  "value" : "0"
},{
  "dateTime" : "11/15/23 11:46:00",
  "value" : "0"
},{
  "dateTime" : "11/15/23 11:49:00",
  "value" : "0"
},{
  "dateTime" : "11/15/23 11:51:00",
  "value" : "0"
},{
  "dateTime" : "11/15/23 11:57:00",
  "value" : "0"
},{
  "dateTime" : "11/15/23 12:02:00",
  "value" : "0"
},{
  "dateTime" : "11/15/23 12:05:00",
  "value" : "0"
},{
  "dateTime" : "11/15/23 12:16:00",
  "value" : "0"
},{
  "dateTime" : "11/15/23 12:17:00",
  "value" : "0"
},{
  "dateTime" : "11/15/23 12:20:00",
  "value" : "0"
},{
  "dateTime" : "11/15/23 12:26:00",
  "value" : "0"
},{
  "dateTime" : "11/15/23 12:27:00",
  "value" : "0"
},{
  "dateTime" : "11/15/23 12:29:00",
  "value" : "0"
},{
  "dateTime" : "11/15/23 12:50:00",
  "value" : "0"
},{
  "dateTime" : "11/15/23 12:57:00",
  "value" : "0"
},{
  "dateTime" : "11/15/23 13:04:00",
  "value" : "0"
},{
  "dateTime" : "11/15/23 13:10:00",
  "value" : "0"
},{
  "dateTime" : "11/15/23 13:32:00",
  "value" : "0"
},{
  "dateTime" : "11/15/23 13:45:00",
  "value" : "0"
},{
  "dateTime" : "11/15/23 13:48:00",
  "value" : "0"
},{
  "dateTime" : "11/15/23 13:49:00",
  "value" : "0"
},{
  "dateTime" : "11/15/23 13:50:00",
  "value" : "0"
},{
  "dateTime" : "11/15/23 13:56:00",
  "value" : "0"
},{
  "dateTime" : "11/15/23 14:04:00",
  "value" : "0"
},{
  "dateTime" : "11/15/23 14:09:00",
  "value" : "0"
},{
  "dateTime" : "11/15/23 14:19:00",
  "value" : "10"
},{
  "dateTime" : "11/15/23 14:27:00",
  "value" : "0"
},{
  "dateTime" : "11/15/23 14:35:00",
  "value" : "10"
},{
  "dateTime" : "11/15/23 14:45:00",
  "value" : "0"
},{
  "dateTime" : "11/15/23 14:51:00",
  "value" : "0"
},{
  "dateTime" : "11/15/23 14:58:00",
  "value" : "0"
},{
  "dateTime" : "11/15/23 15:06:00",
  "value" : "0"
},{
  "dateTime" : "11/15/23 15:09:00",
  "value" : "0"
},{
  "dateTime" : "11/15/23 15:11:00",
  "value" : "0"
},{
  "dateTime" : "11/15/23 15:12:00",
  "value" : "0"
},{
  "dateTime" : "11/15/23 15:13:00",
  "value" : "0"
},{
  "dateTime" : "11/15/23 15:32:00",
  "value" : "0"
},{
  "dateTime" : "11/15/23 15:33:00",
  "value" : "0"
},{
  "dateTime" : "11/15/23 15:34:00",
  "value" : "0"
},{
  "dateTime" : "11/15/23 15:37:00",
  "value" : "0"
},{
  "dateTime" : "11/15/23 15:38:00",
  "value" : "0"
},{
  "dateTime" : "11/15/23 15:41:00",
  "value" : "0"
},{
  "dateTime" : "11/15/23 15:50:00",
  "value" : "0"
},{
  "dateTime" : "11/15/23 15:51:00",
  "value" : "0"
},{
  "dateTime" : "11/15/23 16:12:00",
  "value" : "0"
},{
  "dateTime" : "11/15/23 16:47:00",
  "value" : "0"
},{
  "dateTime" : "11/15/23 16:50:00",
  "value" : "0"
},{
  "dateTime" : "11/15/23 16:58:00",
  "value" : "0"
},{
  "dateTime" : "11/15/23 17:00:00",
  "value" : "0"
},{
  "dateTime" : "11/15/23 17:01:00",
  "value" : "0"
},{
  "dateTime" : "11/15/23 17:03:00",
  "value" : "0"
},{
  "dateTime" : "11/15/23 17:11:00",
  "value" : "0"
},{
  "dateTime" : "11/15/23 17:33:00",
  "value" : "0"
},{
  "dateTime" : "11/15/23 17:45:00",
  "value" : "0"
},{
  "dateTime" : "11/15/23 17:54:00",
  "value" : "0"
},{
  "dateTime" : "11/15/23 18:00:00",
  "value" : "0"
},{
  "dateTime" : "11/15/23 18:13:00",
  "value" : "10"
},{
  "dateTime" : "11/15/23 18:18:00",
  "value" : "10"
},{
  "dateTime" : "11/15/23 18:25:00",
  "value" : "0"
},{
  "dateTime" : "11/15/23 19:19:00",
  "value" : "0"
},{
  "dateTime" : "11/15/23 19:30:00",
  "value" : "0"
},{
  "dateTime" : "11/15/23 19:56:00",
  "value" : "0"
},{
  "dateTime" : "11/15/23 20:04:00",
  "value" : "0"
},{
  "dateTime" : "11/15/23 20:05:00",
  "value" : "0"
},{
  "dateTime" : "11/15/23 20:14:00",
  "value" : "0"
},{
  "dateTime" : "11/15/23 20:21:00",
  "value" : "0"
},{
  "dateTime" : "11/15/23 20:51:00",
  "value" : "0"
},{
  "dateTime" : "11/15/23 20:55:00",
  "value" : "0"
},{
  "dateTime" : "11/15/23 21:51:00",
  "value" : "0"
},{
  "dateTime" : "11/15/23 22:09:00",
  "value" : "0"
},{
  "dateTime" : "11/15/23 22:39:00",
  "value" : "0"
},{
  "dateTime" : "11/16/23 10:31:00",
  "value" : "0"
},{
  "dateTime" : "11/16/23 10:32:00",
  "value" : "0"
},{
  "dateTime" : "11/16/23 10:34:00",
  "value" : "0"
},{
  "dateTime" : "11/16/23 10:38:00",
  "value" : "0"
},{
  "dateTime" : "11/16/23 10:39:00",
  "value" : "0"
},{
  "dateTime" : "11/16/23 11:00:00",
  "value" : "0"
},{
  "dateTime" : "11/16/23 11:03:00",
  "value" : "0"
},{
  "dateTime" : "11/16/23 11:47:00",
  "value" : "10"
},{
  "dateTime" : "11/16/23 11:57:00",
  "value" : "20"
},{
  "dateTime" : "11/16/23 12:14:00",
  "value" : "0"
},{
  "dateTime" : "11/16/23 12:21:00",
  "value" : "0"
},{
  "dateTime" : "11/16/23 12:27:00",
  "value" : "0"
},{
  "dateTime" : "11/16/23 12:32:00",
  "value" : "20"
},{
  "dateTime" : "11/16/23 13:12:00",
  "value" : "0"
},{
  "dateTime" : "11/16/23 13:13:00",
  "value" : "0"
},{
  "dateTime" : "11/16/23 13:17:00",
  "value" : "0"
},{
  "dateTime" : "11/16/23 13:22:00",
  "value" : "0"
},{
  "dateTime" : "11/16/23 13:42:00",
  "value" : "0"
},{
  "dateTime" : "11/16/23 13:49:00",
  "value" : "20"
},{
  "dateTime" : "11/16/23 13:51:00",
  "value" : "0"
},{
  "dateTime" : "11/16/23 14:01:00",
  "value" : "0"
},{
  "dateTime" : "11/16/23 14:07:00",
  "value" : "0"
},{
  "dateTime" : "11/16/23 14:15:00",
  "value" : "0"
},{
  "dateTime" : "11/16/23 14:16:00",
  "value" : "0"
},{
  "dateTime" : "11/16/23 14:18:00",
  "value" : "0"
},{
  "dateTime" : "11/16/23 14:25:00",
  "value" : "10"
},{
  "dateTime" : "11/16/23 14:39:00",
  "value" : "0"
},{
  "dateTime" : "11/16/23 14:40:00",
  "value" : "0"
},{
  "dateTime" : "11/16/23 14:45:00",
  "value" : "10"
},{
  "dateTime" : "11/16/23 14:46:00",
  "value" : "10"
},{
  "dateTime" : "11/16/23 15:12:00",
  "value" : "0"
},{
  "dateTime" : "11/16/23 15:14:00",
  "value" : "0"
},{
  "dateTime" : "11/16/23 15:19:00",
  "value" : "0"
},{
  "dateTime" : "11/16/23 15:20:00",
  "value" : "0"
},{
  "dateTime" : "11/16/23 15:37:00",
  "value" : "0"
},{
  "dateTime" : "11/16/23 15:39:00",
  "value" : "0"
},{
  "dateTime" : "11/16/23 15:40:00",
  "value" : "0"
},{
  "dateTime" : "11/16/23 15:47:00",
  "value" : "0"
},{
  "dateTime" : "11/16/23 16:29:00",
  "value" : "0"
},{
  "dateTime" : "11/16/23 16:41:00",
  "value" : "0"
},{
  "dateTime" : "11/16/23 16:45:00",
  "value" : "0"
},{
  "dateTime" : "11/16/23 16:50:00",
  "value" : "0"
},{
  "dateTime" : "11/16/23 16:51:00",
  "value" : "10"
},{
  "dateTime" : "11/16/23 16:56:00",
  "value" : "0"
},{
  "dateTime" : "11/16/23 17:15:00",
  "value" : "0"
},{
  "dateTime" : "11/16/23 17:31:00",
  "value" : "0"
},{
  "dateTime" : "11/16/23 17:32:00",
  "value" : "0"
},{
  "dateTime" : "11/16/23 17:40:00",
  "value" : "0"
},{
  "dateTime" : "11/16/23 17:50:00",
  "value" : "0"
},{
  "dateTime" : "11/16/23 17:56:00",
  "value" : "0"
},{
  "dateTime" : "11/16/23 18:07:00",
  "value" : "0"
},{
  "dateTime" : "11/16/23 18:38:00",
  "value" : "0"
},{
  "dateTime" : "11/16/23 20:01:00",
  "value" : "0"
},{
  "dateTime" : "11/16/23 20:11:00",
  "value" : "0"
},{
  "dateTime" : "11/16/23 22:10:00",
  "value" : "0"
},{
  "dateTime" : "11/16/23 23:31:00",
  "value" : "0"
},{
  "dateTime" : "11/17/23 00:00:00",
  "value" : "0"
},{
  "dateTime" : "11/17/23 00:02:00",
  "value" : "0"
},{
  "dateTime" : "11/17/23 03:15:00",
  "value" : "0"
},{
  "dateTime" : "11/18/23 18:16:00",
  "value" : "0"
},{
  "dateTime" : "11/18/23 18:17:00",
  "value" : "0"
},{
  "dateTime" : "11/18/23 18:20:00",
  "value" : "0"
},{
  "dateTime" : "11/18/23 18:21:00",
  "value" : "0"
},{
  "dateTime" : "11/18/23 18:23:00",
  "value" : "0"
},{
  "dateTime" : "11/18/23 18:55:00",
  "value" : "0"
},{
  "dateTime" : "11/18/23 18:58:00",
  "value" : "0"
},{
  "dateTime" : "11/18/23 19:28:00",
  "value" : "0"
},{
  "dateTime" : "11/18/23 20:09:00",
  "value" : "0"
},{
  "dateTime" : "11/18/23 20:52:00",
  "value" : "0"
},{
  "dateTime" : "11/18/23 20:53:00",
  "value" : "0"
},{
  "dateTime" : "11/18/23 21:20:00",
  "value" : "0"
},{
  "dateTime" : "11/18/23 21:47:00",
  "value" : "0"
},{
  "dateTime" : "11/18/23 22:26:00",
  "value" : "0"
},{
  "dateTime" : "11/18/23 22:27:00",
  "value" : "0"
},{
  "dateTime" : "11/18/23 23:13:00",
  "value" : "0"
},{
  "dateTime" : "11/18/23 23:18:00",
  "value" : "0"
},{
  "dateTime" : "11/18/23 23:19:00",
  "value" : "0"
},{
  "dateTime" : "11/18/23 23:29:00",
  "value" : "0"
},{
  "dateTime" : "11/19/23 00:00:00",
  "value" : "0"
},{
  "dateTime" : "11/19/23 01:11:00",
  "value" : "0"
},{
  "dateTime" : "11/19/23 02:13:00",
  "value" : "0"
},{
  "dateTime" : "11/19/23 02:14:00",
  "value" : "0"
},{
  "dateTime" : "11/19/23 02:20:00",
  "value" : "0"
},{
  "dateTime" : "11/19/23 02:21:00",
  "value" : "0"
},{
  "dateTime" : "11/19/23 02:25:00",
  "value" : "0"
},{
  "dateTime" : "11/19/23 07:18:00",
  "value" : "0"
},{
  "dateTime" : "11/19/23 07:30:00",
  "value" : "0"
},{
  "dateTime" : "11/19/23 07:31:00",
  "value" : "0"
},{
  "dateTime" : "11/19/23 07:42:00",
  "value" : "0"
},{
  "dateTime" : "11/19/23 07:47:00",
  "value" : "0"
},{
  "dateTime" : "11/19/23 09:14:00",
  "value" : "0"
},{
  "dateTime" : "11/19/23 09:17:00",
  "value" : "10"
},{
  "dateTime" : "11/19/23 09:18:00",
  "value" : "0"
},{
  "dateTime" : "11/19/23 09:24:00",
  "value" : "0"
},{
  "dateTime" : "11/19/23 09:25:00",
  "value" : "0"
},{
  "dateTime" : "11/19/23 09:36:00",
  "value" : "0"
},{
  "dateTime" : "11/19/23 09:37:00",
  "value" : "0"
},{
  "dateTime" : "11/19/23 09:38:00",
  "value" : "10"
},{
  "dateTime" : "11/19/23 09:55:00",
  "value" : "0"
},{
  "dateTime" : "11/19/23 09:58:00",
  "value" : "10"
},{
  "dateTime" : "11/19/23 09:59:00",
  "value" : "0"
},{
  "dateTime" : "11/19/23 10:05:00",
  "value" : "0"
},{
  "dateTime" : "11/19/23 10:06:00",
  "value" : "0"
},{
  "dateTime" : "11/19/23 10:15:00",
  "value" : "0"
},{
  "dateTime" : "11/19/23 10:23:00",
  "value" : "10"
},{
  "dateTime" : "11/19/23 10:39:00",
  "value" : "0"
},{
  "dateTime" : "11/19/23 10:41:00",
  "value" : "10"
},{
  "dateTime" : "11/19/23 10:46:00",
  "value" : "10"
},{
  "dateTime" : "11/19/23 11:06:00",
  "value" : "10"
},{
  "dateTime" : "11/19/23 11:30:00",
  "value" : "0"
},{
  "dateTime" : "11/19/23 11:34:00",
  "value" : "0"
},{
  "dateTime" : "11/19/23 11:35:00",
  "value" : "10"
},{
  "dateTime" : "11/21/23 17:42:00",
  "value" : "0"
},{
  "dateTime" : "11/21/23 18:07:00",
  "value" : "0"
},{
  "dateTime" : "11/21/23 18:35:00",
  "value" : "0"
},{
  "dateTime" : "11/21/23 18:36:00",
  "value" : "0"
},{
  "dateTime" : "11/21/23 18:42:00",
  "value" : "0"
},{
  "dateTime" : "11/21/23 18:43:00",
  "value" : "0"
},{
  "dateTime" : "11/21/23 20:27:00",
  "value" : "0"
},{
  "dateTime" : "11/21/23 21:22:00",
  "value" : "0"
},{
  "dateTime" : "11/21/23 21:23:00",
  "value" : "0"
},{
  "dateTime" : "11/21/23 21:38:00",
  "value" : "0"
},{
  "dateTime" : "11/21/23 21:39:00",
  "value" : "0"
},{
  "dateTime" : "11/21/23 22:57:00",
  "value" : "0"
},{
  "dateTime" : "11/21/23 23:57:00",
  "value" : "0"
},{
  "dateTime" : "11/22/23 00:00:00",
  "value" : "0"
},{
  "dateTime" : "11/22/23 00:33:00",
  "value" : "0"
},{
  "dateTime" : "11/22/23 01:46:00",
  "value" : "0"
},{
  "dateTime" : "11/22/23 01:47:00",
  "value" : "0"
},{
  "dateTime" : "11/22/23 02:39:00",
  "value" : "0"
},{
  "dateTime" : "11/22/23 02:51:00",
  "value" : "0"
},{
  "dateTime" : "11/22/23 03:42:00",
  "value" : "0"
},{
  "dateTime" : "11/22/23 04:00:00",
  "value" : "0"
},{
  "dateTime" : "11/22/23 04:04:00",
  "value" : "0"
},{
  "dateTime" : "11/22/23 04:12:00",
  "value" : "0"
},{
  "dateTime" : "11/22/23 04:15:00",
  "value" : "0"
},{
  "dateTime" : "11/22/23 07:46:00",
  "value" : "0"
},{
  "dateTime" : "11/22/23 07:47:00",
  "value" : "10"
},{
  "dateTime" : "11/22/23 07:49:00",
  "value" : "10"
},{
  "dateTime" : "11/22/23 07:52:00",
  "value" : "0"
},{
  "dateTime" : "11/22/23 07:54:00",
  "value" : "10"
},{
  "dateTime" : "11/22/23 07:59:00",
  "value" : "10"
},{
  "dateTime" : "11/22/23 08:04:00",
  "value" : "0"
},{
  "dateTime" : "11/22/23 08:08:00",
  "value" : "0"
},{
  "dateTime" : "11/22/23 08:11:00",
  "value" : "0"
},{
  "dateTime" : "11/22/23 08:12:00",
  "value" : "0"
},{
  "dateTime" : "11/22/23 08:17:00",
  "value" : "0"
},{
  "dateTime" : "11/22/23 08:48:00",
  "value" : "10"
},{
  "dateTime" : "11/22/23 09:04:00",
  "value" : "0"
},{
  "dateTime" : "11/22/23 09:06:00",
  "value" : "0"
},{
  "dateTime" : "11/22/23 09:09:00",
  "value" : "0"
},{
  "dateTime" : "11/22/23 09:27:00",
  "value" : "10"
},{
  "dateTime" : "11/22/23 09:40:00",
  "value" : "0"
},{
  "dateTime" : "11/22/23 09:47:00",
  "value" : "10"
},{
  "dateTime" : "11/22/23 09:48:00",
  "value" : "10"
},{
  "dateTime" : "11/22/23 09:49:00",
  "value" : "10"
},{
  "dateTime" : "11/22/23 09:51:00",
  "value" : "0"
},{
  "dateTime" : "11/22/23 09:54:00",
  "value" : "0"
},{
  "dateTime" : "11/22/23 09:55:00",
  "value" : "0"
},{
  "dateTime" : "11/22/23 10:11:00",
  "value" : "10"
},{
  "dateTime" : "11/22/23 10:14:00",
  "value" : "0"
},{
  "dateTime" : "11/22/23 10:27:00",
  "value" : "0"
},{
  "dateTime" : "11/22/23 10:37:00",
  "value" : "0"
},{
  "dateTime" : "11/22/23 10:39:00",
  "value" : "0"
},{
  "dateTime" : "11/22/23 10:46:00",
  "value" : "0"
},{
  "dateTime" : "11/22/23 10:48:00",
  "value" : "0"
},{
  "dateTime" : "11/22/23 10:51:00",
  "value" : "0"
},{
  "dateTime" : "11/22/23 10:53:00",
  "value" : "0"
},{
  "dateTime" : "11/22/23 10:55:00",
  "value" : "0"
},{
  "dateTime" : "11/22/23 11:03:00",
  "value" : "10"
},{
  "dateTime" : "11/22/23 11:08:00",
  "value" : "0"
},{
  "dateTime" : "11/22/23 11:21:00",
  "value" : "0"
},{
  "dateTime" : "11/22/23 11:22:00",
  "value" : "0"
},{
  "dateTime" : "11/22/23 11:31:00",
  "value" : "20"
},{
  "dateTime" : "11/22/23 11:34:00",
  "value" : "0"
},{
  "dateTime" : "11/22/23 11:47:00",
  "value" : "0"
},{
  "dateTime" : "11/22/23 12:04:00",
  "value" : "0"
},{
  "dateTime" : "11/22/23 12:08:00",
  "value" : "0"
},{
  "dateTime" : "11/22/23 12:22:00",
  "value" : "0"
},{
  "dateTime" : "11/22/23 12:45:00",
  "value" : "10"
},{
  "dateTime" : "11/22/23 12:55:00",
  "value" : "10"
},{
  "dateTime" : "11/22/23 12:56:00",
  "value" : "10"
},{
  "dateTime" : "11/22/23 13:03:00",
  "value" : "10"
},{
  "dateTime" : "11/22/23 13:26:00",
  "value" : "0"
},{
  "dateTime" : "11/22/23 13:55:00",
  "value" : "10"
},{
  "dateTime" : "11/22/23 14:03:00",
  "value" : "0"
},{
  "dateTime" : "11/22/23 14:05:00",
  "value" : "0"
},{
  "dateTime" : "11/22/23 14:26:00",
  "value" : "10"
},{
  "dateTime" : "11/22/23 14:30:00",
  "value" : "0"
},{
  "dateTime" : "11/22/23 14:36:00",
  "value" : "10"
},{
  "dateTime" : "11/22/23 14:37:00",
  "value" : "10"
},{
  "dateTime" : "11/22/23 14:44:00",
  "value" : "0"
},{
  "dateTime" : "11/22/23 14:48:00",
  "value" : "0"
},{
  "dateTime" : "11/23/23 14:00:00",
  "value" : "0"
},{
  "dateTime" : "11/23/23 14:01:00",
  "value" : "0"
},{
  "dateTime" : "11/23/23 14:02:00",
  "value" : "0"
},{
  "dateTime" : "11/23/23 14:03:00",
  "value" : "0"
},{
  "dateTime" : "11/23/23 14:05:00",
  "value" : "0"
},{
  "dateTime" : "11/23/23 14:08:00",
  "value" : "0"
},{
  "dateTime" : "11/23/23 14:09:00",
  "value" : "0"
},{
  "dateTime" : "11/23/23 14:12:00",
  "value" : "0"
},{
  "dateTime" : "11/23/23 14:13:00",
  "value" : "0"
},{
  "dateTime" : "11/23/23 14:29:00",
  "value" : "0"
},{
  "dateTime" : "11/23/23 14:30:00",
  "value" : "0"
},{
  "dateTime" : "11/23/23 15:40:00",
  "value" : "0"
},{
  "dateTime" : "11/23/23 16:15:00",
  "value" : "0"
},{
  "dateTime" : "11/23/23 16:37:00",
  "value" : "0"
},{
  "dateTime" : "11/23/23 16:44:00",
  "value" : "10"
},{
  "dateTime" : "11/23/23 16:45:00",
  "value" : "0"
},{
  "dateTime" : "11/23/23 16:49:00",
  "value" : "0"
},{
  "dateTime" : "11/23/23 16:50:00",
  "value" : "0"
},{
  "dateTime" : "11/23/23 17:07:00",
  "value" : "0"
},{
  "dateTime" : "11/23/23 17:19:00",
  "value" : "0"
},{
  "dateTime" : "11/23/23 17:43:00",
  "value" : "0"
},{
  "dateTime" : "11/23/23 17:50:00",
  "value" : "0"
},{
  "dateTime" : "11/23/23 18:04:00",
  "value" : "0"
},{
  "dateTime" : "11/23/23 18:23:00",
  "value" : "0"
},{
  "dateTime" : "11/23/23 18:24:00",
  "value" : "0"
},{
  "dateTime" : "11/23/23 18:25:00",
  "value" : "0"
},{
  "dateTime" : "11/23/23 19:33:00",
  "value" : "0"
},{
  "dateTime" : "11/23/23 20:18:00",
  "value" : "0"
},{
  "dateTime" : "11/23/23 20:33:00",
  "value" : "0"
},{
  "dateTime" : "11/23/23 21:00:00",
  "value" : "0"
},{
  "dateTime" : "11/23/23 21:10:00",
  "value" : "10"
},{
  "dateTime" : "11/23/23 21:26:00",
  "value" : "0"
},{
  "dateTime" : "11/23/23 21:30:00",
  "value" : "10"
},{
  "dateTime" : "11/24/23 08:53:00",
  "value" : "0"
},{
  "dateTime" : "11/24/23 08:54:00",
  "value" : "0"
},{
  "dateTime" : "11/24/23 09:28:00",
  "value" : "0"
},{
  "dateTime" : "11/24/23 09:29:00",
  "value" : "0"
},{
  "dateTime" : "11/24/23 09:30:00",
  "value" : "0"
},{
  "dateTime" : "11/24/23 09:34:00",
  "value" : "0"
},{
  "dateTime" : "11/24/23 09:51:00",
  "value" : "0"
},{
  "dateTime" : "11/24/23 10:03:00",
  "value" : "0"
},{
  "dateTime" : "11/24/23 10:21:00",
  "value" : "0"
},{
  "dateTime" : "11/24/23 10:45:00",
  "value" : "0"
},{
  "dateTime" : "11/24/23 11:12:00",
  "value" : "10"
},{
  "dateTime" : "11/24/23 11:13:00",
  "value" : "0"
},{
  "dateTime" : "11/24/23 11:37:00",
  "value" : "0"
},{
  "dateTime" : "11/24/23 11:38:00",
  "value" : "0"
},{
  "dateTime" : "11/24/23 12:19:00",
  "value" : "0"
},{
  "dateTime" : "11/24/23 12:43:00",
  "value" : "10"
},{
  "dateTime" : "11/24/23 13:00:00",
  "value" : "10"
},{
  "dateTime" : "11/24/23 13:10:00",
  "value" : "0"
},{
  "dateTime" : "11/24/23 13:11:00",
  "value" : "0"
},{
  "dateTime" : "11/24/23 13:31:00",
  "value" : "10"
},{
  "dateTime" : "11/24/23 13:38:00",
  "value" : "10"
},{
  "dateTime" : "11/24/23 13:45:00",
  "value" : "0"
},{
  "dateTime" : "11/24/23 13:46:00",
  "value" : "0"
},{
  "dateTime" : "11/24/23 13:51:00",
  "value" : "10"
},{
  "dateTime" : "11/24/23 13:56:00",
  "value" : "10"
},{
  "dateTime" : "11/24/23 14:46:00",
  "value" : "0"
},{
  "dateTime" : "11/24/23 14:50:00",
  "value" : "0"
},{
  "dateTime" : "11/24/23 14:58:00",
  "value" : "0"
},{
  "dateTime" : "11/24/23 16:12:00",
  "value" : "10"
},{
  "dateTime" : "11/24/23 16:28:00",
  "value" : "0"
},{
  "dateTime" : "11/24/23 16:29:00",
  "value" : "0"
},{
  "dateTime" : "11/24/23 16:48:00",
  "value" : "0"
},{
  "dateTime" : "11/24/23 16:50:00",
  "value" : "0"
},{
  "dateTime" : "11/24/23 17:00:00",
  "value" : "0"
},{
  "dateTime" : "11/24/23 17:15:00",
  "value" : "0"
},{
  "dateTime" : "11/24/23 17:50:00",
  "value" : "0"
},{
  "dateTime" : "11/24/23 18:00:00",
  "value" : "10"
},{
  "dateTime" : "11/24/23 18:09:00",
  "value" : "10"
},{
  "dateTime" : "11/24/23 18:12:00",
  "value" : "10"
},{
  "dateTime" : "11/24/23 18:16:00",
  "value" : "10"
},{
  "dateTime" : "11/24/23 18:19:00",
  "value" : "10"
},{
  "dateTime" : "11/24/23 18:23:00",
  "value" : "0"
},{
  "dateTime" : "11/24/23 18:24:00",
  "value" : "0"
},{
  "dateTime" : "11/24/23 18:27:00",
  "value" : "10"
},{
  "dateTime" : "11/24/23 18:37:00",
  "value" : "0"
},{
  "dateTime" : "11/24/23 18:38:00",
  "value" : "0"
},{
  "dateTime" : "11/24/23 18:46:00",
  "value" : "10"
},{
  "dateTime" : "11/24/23 18:52:00",
  "value" : "10"
},{
  "dateTime" : "11/24/23 18:55:00",
  "value" : "10"
},{
  "dateTime" : "11/24/23 19:02:00",
  "value" : "0"
},{
  "dateTime" : "11/24/23 19:11:00",
  "value" : "10"
},{
  "dateTime" : "11/24/23 19:18:00",
  "value" : "0"
},{
  "dateTime" : "11/25/23 13:48:00",
  "value" : "0"
},{
  "dateTime" : "11/25/23 13:50:00",
  "value" : "0"
},{
  "dateTime" : "11/25/23 13:52:00",
  "value" : "0"
},{
  "dateTime" : "11/25/23 14:02:00",
  "value" : "0"
},{
  "dateTime" : "11/25/23 14:08:00",
  "value" : "10"
},{
  "dateTime" : "11/25/23 14:09:00",
  "value" : "0"
},{
  "dateTime" : "11/25/23 14:47:00",
  "value" : "0"
},{
  "dateTime" : "11/25/23 14:48:00",
  "value" : "0"
},{
  "dateTime" : "11/25/23 14:49:00",
  "value" : "0"
},{
  "dateTime" : "11/25/23 15:31:00",
  "value" : "10"
},{
  "dateTime" : "11/25/23 15:36:00",
  "value" : "0"
},{
  "dateTime" : "11/25/23 15:51:00",
  "value" : "0"
},{
  "dateTime" : "11/25/23 15:55:00",
  "value" : "0"
},{
  "dateTime" : "11/25/23 15:57:00",
  "value" : "10"
},{
  "dateTime" : "11/25/23 16:04:00",
  "value" : "0"
},{
  "dateTime" : "11/25/23 16:09:00",
  "value" : "10"
},{
  "dateTime" : "11/25/23 16:13:00",
  "value" : "10"
},{
  "dateTime" : "11/25/23 16:25:00",
  "value" : "0"
},{
  "dateTime" : "11/25/23 16:43:00",
  "value" : "10"
},{
  "dateTime" : "11/25/23 16:47:00",
  "value" : "10"
},{
  "dateTime" : "11/25/23 17:39:00",
  "value" : "0"
},{
  "dateTime" : "11/25/23 17:47:00",
  "value" : "0"
},{
  "dateTime" : "11/25/23 17:50:00",
  "value" : "0"
},{
  "dateTime" : "11/25/23 18:09:00",
  "value" : "0"
},{
  "dateTime" : "11/25/23 18:20:00",
  "value" : "10"
},{
  "dateTime" : "11/25/23 18:39:00",
  "value" : "10"
},{
  "dateTime" : "11/25/23 19:14:00",
  "value" : "10"
},{
  "dateTime" : "11/25/23 19:21:00",
  "value" : "0"
},{
  "dateTime" : "11/25/23 19:23:00",
  "value" : "10"
},{
  "dateTime" : "11/25/23 21:21:00",
  "value" : "0"
},{
  "dateTime" : "11/25/23 22:27:00",
  "value" : "0"
},{
  "dateTime" : "11/25/23 22:28:00",
  "value" : "0"
},{
  "dateTime" : "11/25/23 22:32:00",
  "value" : "10"
},{
  "dateTime" : "11/25/23 22:51:00",
  "value" : "0"
},{
  "dateTime" : "11/26/23 09:36:00",
  "value" : "0"
},{
  "dateTime" : "11/26/23 09:43:00",
  "value" : "0"
},{
  "dateTime" : "11/26/23 09:47:00",
  "value" : "0"
},{
  "dateTime" : "11/26/23 09:50:00",
  "value" : "0"
},{
  "dateTime" : "11/26/23 09:55:00",
  "value" : "0"
},{
  "dateTime" : "11/26/23 10:28:00",
  "value" : "10"
},{
  "dateTime" : "11/26/23 10:35:00",
  "value" : "0"
},{
  "dateTime" : "11/26/23 10:43:00",
  "value" : "10"
},{
  "dateTime" : "11/26/23 11:08:00",
  "value" : "0"
},{
  "dateTime" : "11/26/23 11:09:00",
  "value" : "10"
},{
  "dateTime" : "11/26/23 11:17:00",
  "value" : "10"
},{
  "dateTime" : "11/26/23 11:43:00",
  "value" : "10"
},{
  "dateTime" : "11/26/23 11:47:00",
  "value" : "10"
},{
  "dateTime" : "11/26/23 11:57:00",
  "value" : "10"
},{
  "dateTime" : "11/26/23 11:59:00",
  "value" : "10"
},{
  "dateTime" : "11/26/23 12:03:00",
  "value" : "10"
},{
  "dateTime" : "11/26/23 12:07:00",
  "value" : "0"
},{
  "dateTime" : "11/26/23 12:12:00",
  "value" : "10"
},{
  "dateTime" : "11/26/23 12:16:00",
  "value" : "0"
},{
  "dateTime" : "11/26/23 12:22:00",
  "value" : "0"
},{
  "dateTime" : "11/26/23 12:27:00",
  "value" : "0"
},{
  "dateTime" : "11/26/23 12:28:00",
  "value" : "0"
},{
  "dateTime" : "11/26/23 12:42:00",
  "value" : "10"
},{
  "dateTime" : "11/26/23 13:00:00",
  "value" : "0"
},{
  "dateTime" : "11/26/23 13:02:00",
  "value" : "10"
},{
  "dateTime" : "11/26/23 13:04:00",
  "value" : "0"
},{
  "dateTime" : "11/26/23 13:09:00",
  "value" : "10"
},{
  "dateTime" : "11/26/23 13:17:00",
  "value" : "0"
},{
  "dateTime" : "11/26/23 13:48:00",
  "value" : "10"
},{
  "dateTime" : "11/26/23 14:04:00",
  "value" : "0"
},{
  "dateTime" : "11/26/23 14:16:00",
  "value" : "0"
},{
  "dateTime" : "11/26/23 14:17:00",
  "value" : "10"
},{
  "dateTime" : "11/26/23 14:30:00",
  "value" : "0"
},{
  "dateTime" : "11/26/23 14:32:00",
  "value" : "0"
},{
  "dateTime" : "11/26/23 14:33:00",
  "value" : "10"
},{
  "dateTime" : "11/26/23 14:44:00",
  "value" : "0"
},{
  "dateTime" : "11/26/23 14:47:00",
  "value" : "10"
},{
  "dateTime" : "11/26/23 14:54:00",
  "value" : "10"
},{
  "dateTime" : "11/26/23 15:37:00",
  "value" : "0"
},{
  "dateTime" : "11/26/23 15:50:00",
  "value" : "0"
},{
  "dateTime" : "11/26/23 16:07:00",
  "value" : "0"
},{
  "dateTime" : "11/26/23 16:21:00",
  "value" : "10"
},{
  "dateTime" : "11/26/23 16:43:00",
  "value" : "0"
},{
  "dateTime" : "11/26/23 17:18:00",
  "value" : "10"
},{
  "dateTime" : "11/26/23 17:38:00",
  "value" : "0"
},{
  "dateTime" : "11/26/23 17:39:00",
  "value" : "0"
},{
  "dateTime" : "11/26/23 17:47:00",
  "value" : "10"
},{
  "dateTime" : "11/26/23 17:50:00",
  "value" : "0"
},{
  "dateTime" : "11/26/23 17:52:00",
  "value" : "0"
},{
  "dateTime" : "11/26/23 17:53:00",
  "value" : "0"
},{
  "dateTime" : "11/26/23 18:19:00",
  "value" : "10"
},{
  "dateTime" : "11/26/23 18:27:00",
  "value" : "0"
},{
  "dateTime" : "11/26/23 18:36:00",
  "value" : "0"
},{
  "dateTime" : "11/26/23 18:52:00",
  "value" : "10"
},{
  "dateTime" : "11/26/23 19:21:00",
  "value" : "10"
},{
  "dateTime" : "11/26/23 20:00:00",
  "value" : "10"
},{
  "dateTime" : "11/26/23 20:06:00",
  "value" : "0"
},{
  "dateTime" : "11/26/23 20:07:00",
  "value" : "0"
},{
  "dateTime" : "11/26/23 20:38:00",
  "value" : "10"
},{
  "dateTime" : "11/26/23 21:21:00",
  "value" : "0"
},{
  "dateTime" : "11/26/23 21:22:00",
  "value" : "0"
},{
  "dateTime" : "11/26/23 22:21:00",
  "value" : "0"
},{
  "dateTime" : "11/26/23 22:23:00",
  "value" : "0"
},{
  "dateTime" : "11/26/23 22:25:00",
  "value" : "0"
},{
  "dateTime" : "11/26/23 22:28:00",
  "value" : "0"
},{
  "dateTime" : "11/26/23 22:29:00",
  "value" : "0"
},{
  "dateTime" : "11/27/23 00:00:00",
  "value" : "0"
},{
  "dateTime" : "11/27/23 16:09:00",
  "value" : "0"
},{
  "dateTime" : "11/27/23 16:14:00",
  "value" : "0"
},{
  "dateTime" : "11/27/23 16:20:00",
  "value" : "10"
},{
  "dateTime" : "11/27/23 16:26:00",
  "value" : "10"
},{
  "dateTime" : "11/27/23 16:30:00",
  "value" : "0"
},{
  "dateTime" : "11/27/23 16:50:00",
  "value" : "0"
},{
  "dateTime" : "11/27/23 16:51:00",
  "value" : "10"
},{
  "dateTime" : "11/27/23 17:19:00",
  "value" : "10"
},{
  "dateTime" : "11/27/23 17:30:00",
  "value" : "0"
},{
  "dateTime" : "11/27/23 17:33:00",
  "value" : "10"
},{
  "dateTime" : "11/27/23 17:40:00",
  "value" : "0"
},{
  "dateTime" : "11/27/23 17:49:00",
  "value" : "0"
},{
  "dateTime" : "11/27/23 17:54:00",
  "value" : "0"
},{
  "dateTime" : "11/27/23 18:23:00",
  "value" : "0"
},{
  "dateTime" : "11/27/23 18:27:00",
  "value" : "0"
},{
  "dateTime" : "11/27/23 18:31:00",
  "value" : "0"
},{
  "dateTime" : "11/27/23 18:47:00",
  "value" : "0"
},{
  "dateTime" : "11/27/23 18:50:00",
  "value" : "0"
},{
  "dateTime" : "11/27/23 18:51:00",
  "value" : "0"
},{
  "dateTime" : "11/27/23 18:53:00",
  "value" : "0"
},{
  "dateTime" : "11/27/23 18:58:00",
  "value" : "10"
},{
  "dateTime" : "11/27/23 19:00:00",
  "value" : "10"
},{
  "dateTime" : "11/27/23 19:10:00",
  "value" : "0"
},{
  "dateTime" : "11/27/23 19:25:00",
  "value" : "0"
},{
  "dateTime" : "11/27/23 19:51:00",
  "value" : "0"
},{
  "dateTime" : "11/27/23 19:52:00",
  "value" : "0"
},{
  "dateTime" : "11/27/23 19:55:00",
  "value" : "0"
},{
  "dateTime" : "11/27/23 20:06:00",
  "value" : "0"
},{
  "dateTime" : "11/27/23 20:27:00",
  "value" : "0"
},{
  "dateTime" : "11/27/23 20:49:00",
  "value" : "10"
},{
  "dateTime" : "11/27/23 20:52:00",
  "value" : "10"
},{
  "dateTime" : "11/27/23 20:58:00",
  "value" : "10"
},{
  "dateTime" : "11/27/23 21:01:00",
  "value" : "10"
},{
  "dateTime" : "11/27/23 21:25:00",
  "value" : "0"
},{
  "dateTime" : "11/27/23 21:43:00",
  "value" : "0"
},{
  "dateTime" : "11/27/23 22:02:00",
  "value" : "0"
},{
  "dateTime" : "11/27/23 22:04:00",
  "value" : "0"
},{
  "dateTime" : "11/27/23 22:08:00",
  "value" : "0"
},{
  "dateTime" : "11/27/23 23:32:00",
  "value" : "0"
},{
  "dateTime" : "11/28/23 00:00:00",
  "value" : "0"
},{
  "dateTime" : "11/28/23 00:22:00",
  "value" : "0"
},{
  "dateTime" : "11/28/23 01:14:00",
  "value" : "0"
},{
  "dateTime" : "11/28/23 01:56:00",
  "value" : "0"
},{
  "dateTime" : "11/28/23 02:12:00",
  "value" : "0"
},{
  "dateTime" : "11/28/23 02:29:00",
  "value" : "10"
},{
  "dateTime" : "11/28/23 02:34:00",
  "value" : "0"
},{
  "dateTime" : "11/28/23 04:18:00",
  "value" : "0"
},{
  "dateTime" : "11/28/23 04:55:00",
  "value" : "0"
},{
  "dateTime" : "11/28/23 06:08:00",
  "value" : "0"
},{
  "dateTime" : "11/28/23 06:09:00",
  "value" : "0"
},{
  "dateTime" : "11/28/23 06:35:00",
  "value" : "0"
},{
  "dateTime" : "11/28/23 09:04:00",
  "value" : "0"
},{
  "dateTime" : "11/28/23 09:14:00",
  "value" : "0"
},{
  "dateTime" : "11/28/23 09:28:00",
  "value" : "0"
},{
  "dateTime" : "11/28/23 09:59:00",
  "value" : "10"
},{
  "dateTime" : "11/28/23 10:00:00",
  "value" : "0"
},{
  "dateTime" : "11/28/23 10:05:00",
  "value" : "0"
},{
  "dateTime" : "11/28/23 10:17:00",
  "value" : "0"
},{
  "dateTime" : "11/28/23 10:27:00",
  "value" : "0"
},{
  "dateTime" : "11/28/23 10:28:00",
  "value" : "0"
},{
  "dateTime" : "11/28/23 10:29:00",
  "value" : "0"
},{
  "dateTime" : "11/28/23 10:31:00",
  "value" : "10"
},{
  "dateTime" : "11/28/23 10:36:00",
  "value" : "0"
},{
  "dateTime" : "11/28/23 10:52:00",
  "value" : "0"
},{
  "dateTime" : "11/29/23 15:04:00",
  "value" : "0"
},{
  "dateTime" : "11/29/23 15:09:00",
  "value" : "10"
},{
  "dateTime" : "11/29/23 15:10:00",
  "value" : "10"
},{
  "dateTime" : "11/29/23 15:15:00",
  "value" : "10"
},{
  "dateTime" : "11/29/23 15:18:00",
  "value" : "0"
},{
  "dateTime" : "11/29/23 15:22:00",
  "value" : "0"
},{
  "dateTime" : "11/29/23 15:25:00",
  "value" : "0"
},{
  "dateTime" : "11/29/23 15:29:00",
  "value" : "10"
},{
  "dateTime" : "11/29/23 15:59:00",
  "value" : "0"
},{
  "dateTime" : "11/29/23 16:07:00",
  "value" : "0"
},{
  "dateTime" : "11/29/23 16:42:00",
  "value" : "0"
},{
  "dateTime" : "11/29/23 16:46:00",
  "value" : "0"
},{
  "dateTime" : "11/29/23 16:50:00",
  "value" : "0"
},{
  "dateTime" : "11/29/23 16:54:00",
  "value" : "0"
},{
  "dateTime" : "11/29/23 16:59:00",
  "value" : "0"
},{
  "dateTime" : "11/29/23 17:00:00",
  "value" : "10"
},{
  "dateTime" : "11/29/23 17:19:00",
  "value" : "0"
},{
  "dateTime" : "11/29/23 17:33:00",
  "value" : "0"
},{
  "dateTime" : "11/29/23 17:34:00",
  "value" : "0"
},{
  "dateTime" : "11/29/23 17:35:00",
  "value" : "0"
},{
  "dateTime" : "11/29/23 17:49:00",
  "value" : "10"
},{
  "dateTime" : "11/29/23 17:50:00",
  "value" : "0"
},{
  "dateTime" : "11/29/23 17:57:00",
  "value" : "10"
},{
  "dateTime" : "11/29/23 18:21:00",
  "value" : "0"
},{
  "dateTime" : "11/29/23 18:22:00",
  "value" : "0"
},{
  "dateTime" : "11/29/23 18:23:00",
  "value" : "0"
},{
  "dateTime" : "11/29/23 18:24:00",
  "value" : "0"
},{
  "dateTime" : "11/29/23 18:27:00",
  "value" : "0"
},{
  "dateTime" : "11/29/23 18:36:00",
  "value" : "0"
},{
  "dateTime" : "11/29/23 18:47:00",
  "value" : "0"
},{
  "dateTime" : "11/29/23 18:57:00",
  "value" : "0"
},{
  "dateTime" : "11/29/23 18:59:00",
  "value" : "0"
},{
  "dateTime" : "11/29/23 19:00:00",
  "value" : "0"
},{
  "dateTime" : "11/29/23 19:25:00",
  "value" : "0"
},{
  "dateTime" : "11/29/23 19:36:00",
  "value" : "0"
},{
  "dateTime" : "11/29/23 19:56:00",
  "value" : "0"
},{
  "dateTime" : "11/29/23 20:08:00",
  "value" : "0"
},{
  "dateTime" : "11/29/23 20:14:00",
  "value" : "0"
},{
  "dateTime" : "11/29/23 20:15:00",
  "value" : "0"
},{
  "dateTime" : "11/29/23 20:39:00",
  "value" : "0"
},{
  "dateTime" : "11/30/23 08:39:00",
  "value" : "0"
},{
  "dateTime" : "11/30/23 08:40:00",
  "value" : "0"
},{
  "dateTime" : "11/30/23 08:41:00",
  "value" : "0"
},{
  "dateTime" : "11/30/23 08:48:00",
  "value" : "0"
},{
  "dateTime" : "11/30/23 09:27:00",
  "value" : "0"
},{
  "dateTime" : "11/30/23 09:29:00",
  "value" : "0"
},{
  "dateTime" : "11/30/23 09:35:00",
  "value" : "0"
},{
  "dateTime" : "11/30/23 09:44:00",
  "value" : "0"
},{
  "dateTime" : "11/30/23 09:45:00",
  "value" : "0"
},{
  "dateTime" : "11/30/23 09:59:00",
  "value" : "0"
},{
  "dateTime" : "11/30/23 10:03:00",
  "value" : "0"
},{
  "dateTime" : "11/30/23 10:25:00",
  "value" : "0"
},{
  "dateTime" : "11/30/23 10:30:00",
  "value" : "0"
},{
  "dateTime" : "11/30/23 10:31:00",
  "value" : "0"
},{
  "dateTime" : "11/30/23 10:56:00",
  "value" : "0"
},{
  "dateTime" : "11/30/23 11:08:00",
  "value" : "0"
},{
  "dateTime" : "11/30/23 11:29:00",
  "value" : "0"
},{
  "dateTime" : "11/30/23 11:33:00",
  "value" : "0"
},{
  "dateTime" : "11/30/23 11:34:00",
  "value" : "0"
},{
  "dateTime" : "11/30/23 11:50:00",
  "value" : "0"
},{
  "dateTime" : "11/30/23 12:11:00",
  "value" : "0"
},{
  "dateTime" : "11/30/23 12:18:00",
  "value" : "0"
},{
  "dateTime" : "11/30/23 12:38:00",
  "value" : "0"
},{
  "dateTime" : "11/30/23 12:50:00",
  "value" : "0"
},{
  "dateTime" : "11/30/23 13:13:00",
  "value" : "0"
},{
  "dateTime" : "11/30/23 13:50:00",
  "value" : "0"
},{
  "dateTime" : "11/30/23 13:54:00",
  "value" : "0"
},{
  "dateTime" : "11/30/23 14:16:00",
  "value" : "0"
},{
  "dateTime" : "11/30/23 14:21:00",
  "value" : "0"
},{
  "dateTime" : "11/30/23 14:32:00",
  "value" : "0"
},{
  "dateTime" : "11/30/23 14:34:00",
  "value" : "0"
},{
  "dateTime" : "11/30/23 14:46:00",
  "value" : "0"
},{
  "dateTime" : "11/30/23 14:49:00",
  "value" : "0"
},{
  "dateTime" : "11/30/23 14:53:00",
  "value" : "0"
},{
  "dateTime" : "11/30/23 14:54:00",
  "value" : "0"
},{
  "dateTime" : "11/30/23 15:04:00",
  "value" : "0"
},{
  "dateTime" : "11/30/23 15:13:00",
  "value" : "0"
},{
  "dateTime" : "11/30/23 15:21:00",
  "value" : "0"
},{
  "dateTime" : "12/01/23 07:29:00",
  "value" : "0"
},{
  "dateTime" : "12/01/23 09:00:00",
  "value" : "0"
},{
  "dateTime" : "12/01/23 09:09:00",
  "value" : "0"
},{
  "dateTime" : "12/01/23 09:11:00",
  "value" : "0"
},{
  "dateTime" : "12/01/23 09:28:00",
  "value" : "0"
},{
  "dateTime" : "12/01/23 09:34:00",
  "value" : "0"
},{
  "dateTime" : "12/01/23 09:49:00",
  "value" : "0"
},{
  "dateTime" : "12/01/23 10:00:00",
  "value" : "0"
},{
  "dateTime" : "12/01/23 10:04:00",
  "value" : "0"
},{
  "dateTime" : "12/01/23 10:08:00",
  "value" : "0"
},{
  "dateTime" : "12/01/23 10:09:00",
  "value" : "0"
},{
  "dateTime" : "12/01/23 10:11:00",
  "value" : "0"
},{
  "dateTime" : "12/01/23 10:12:00",
  "value" : "0"
},{
  "dateTime" : "12/01/23 10:25:00",
  "value" : "0"
},{
  "dateTime" : "12/01/23 10:26:00",
  "value" : "10"
},{
  "dateTime" : "12/01/23 10:36:00",
  "value" : "0"
},{
  "dateTime" : "12/01/23 10:50:00",
  "value" : "0"
},{
  "dateTime" : "12/01/23 11:12:00",
  "value" : "0"
},{
  "dateTime" : "12/01/23 11:18:00",
  "value" : "0"
},{
  "dateTime" : "12/01/23 11:36:00",
  "value" : "0"
},{
  "dateTime" : "12/01/23 11:54:00",
  "value" : "0"
},{
  "dateTime" : "12/01/23 12:23:00",
  "value" : "0"
},{
  "dateTime" : "12/01/23 12:37:00",
  "value" : "0"
},{
  "dateTime" : "12/01/23 12:39:00",
  "value" : "0"
},{
  "dateTime" : "12/01/23 12:56:00",
  "value" : "0"
},{
  "dateTime" : "12/01/23 12:59:00",
  "value" : "0"
},{
  "dateTime" : "12/01/23 13:00:00",
  "value" : "0"
},{
  "dateTime" : "12/01/23 13:09:00",
  "value" : "0"
},{
  "dateTime" : "12/01/23 13:11:00",
  "value" : "0"
},{
  "dateTime" : "12/01/23 13:12:00",
  "value" : "0"
},{
  "dateTime" : "12/01/23 13:17:00",
  "value" : "0"
},{
  "dateTime" : "12/01/23 13:18:00",
  "value" : "0"
},{
  "dateTime" : "12/01/23 13:47:00",
  "value" : "0"
},{
  "dateTime" : "12/01/23 13:50:00",
  "value" : "0"
},{
  "dateTime" : "12/01/23 13:51:00",
  "value" : "10"
},{
  "dateTime" : "12/01/23 13:53:00",
  "value" : "0"
},{
  "dateTime" : "12/01/23 13:57:00",
  "value" : "0"
},{
  "dateTime" : "12/01/23 14:05:00",
  "value" : "0"
},{
  "dateTime" : "12/01/23 14:11:00",
  "value" : "0"
},{
  "dateTime" : "12/01/23 14:17:00",
  "value" : "0"
},{
  "dateTime" : "12/01/23 14:33:00",
  "value" : "0"
},{
  "dateTime" : "12/01/23 14:34:00",
  "value" : "10"
},{
  "dateTime" : "12/01/23 14:40:00",
  "value" : "0"
},{
  "dateTime" : "12/01/23 14:50:00",
  "value" : "0"
},{
  "dateTime" : "12/01/23 15:06:00",
  "value" : "0"
},{
  "dateTime" : "12/01/23 15:36:00",
  "value" : "0"
},{
  "dateTime" : "12/01/23 15:40:00",
  "value" : "0"
},{
  "dateTime" : "12/01/23 15:50:00",
  "value" : "0"
},{
  "dateTime" : "12/01/23 15:55:00",
  "value" : "10"
},{
  "dateTime" : "12/01/23 15:59:00",
  "value" : "0"
},{
  "dateTime" : "12/01/23 16:00:00",
  "value" : "10"
},{
  "dateTime" : "12/01/23 16:04:00",
  "value" : "0"
},{
  "dateTime" : "12/01/23 16:26:00",
  "value" : "0"
},{
  "dateTime" : "12/01/23 16:28:00",
  "value" : "0"
},{
  "dateTime" : "12/01/23 16:32:00",
  "value" : "0"
},{
  "dateTime" : "12/01/23 16:33:00",
  "value" : "0"
},{
  "dateTime" : "12/01/23 16:48:00",
  "value" : "0"
},{
  "dateTime" : "12/01/23 16:50:00",
  "value" : "0"
},{
  "dateTime" : "12/01/23 16:53:00",
  "value" : "0"
},{
  "dateTime" : "12/01/23 16:57:00",
  "value" : "0"
},{
  "dateTime" : "12/01/23 17:04:00",
  "value" : "0"
},{
  "dateTime" : "12/01/23 17:09:00",
  "value" : "0"
},{
  "dateTime" : "12/01/23 17:14:00",
  "value" : "0"
},{
  "dateTime" : "12/01/23 17:23:00",
  "value" : "0"
},{
  "dateTime" : "12/01/23 17:46:00",
  "value" : "10"
},{
  "dateTime" : "12/01/23 17:47:00",
  "value" : "0"
},{
  "dateTime" : "12/01/23 17:50:00",
  "value" : "0"
},{
  "dateTime" : "12/01/23 18:01:00",
  "value" : "0"
},{
  "dateTime" : "12/01/23 18:06:00",
  "value" : "10"
},{
  "dateTime" : "12/01/23 18:19:00",
  "value" : "10"
},{
  "dateTime" : "12/01/23 18:30:00",
  "value" : "0"
},{
  "dateTime" : "12/01/23 18:38:00",
  "value" : "0"
},{
  "dateTime" : "12/01/23 18:45:00",
  "value" : "0"
},{
  "dateTime" : "12/01/23 18:48:00",
  "value" : "0"
},{
  "dateTime" : "12/01/23 18:49:00",
  "value" : "0"
},{
  "dateTime" : "12/01/23 18:59:00",
  "value" : "0"
},{
  "dateTime" : "12/01/23 19:03:00",
  "value" : "10"
},{
  "dateTime" : "12/01/23 19:15:00",
  "value" : "0"
},{
  "dateTime" : "12/01/23 19:38:00",
  "value" : "0"
},{
  "dateTime" : "12/01/23 19:41:00",
  "value" : "0"
},{
  "dateTime" : "12/01/23 20:01:00",
  "value" : "10"
},{
  "dateTime" : "12/01/23 20:07:00",
  "value" : "10"
},{
  "dateTime" : "12/01/23 20:10:00",
  "value" : "0"
},{
  "dateTime" : "12/02/23 09:59:00",
  "value" : "0"
},{
  "dateTime" : "12/02/23 10:00:00",
  "value" : "0"
},{
  "dateTime" : "12/02/23 10:08:00",
  "value" : "0"
},{
  "dateTime" : "12/02/23 10:09:00",
  "value" : "0"
},{
  "dateTime" : "12/02/23 10:12:00",
  "value" : "0"
},{
  "dateTime" : "12/02/23 10:14:00",
  "value" : "0"
},{
  "dateTime" : "12/02/23 10:15:00",
  "value" : "0"
},{
  "dateTime" : "12/02/23 10:19:00",
  "value" : "0"
},{
  "dateTime" : "12/02/23 10:33:00",
  "value" : "0"
},{
  "dateTime" : "12/02/23 10:34:00",
  "value" : "0"
},{
  "dateTime" : "12/02/23 10:35:00",
  "value" : "0"
},{
  "dateTime" : "12/02/23 10:36:00",
  "value" : "0"
},{
  "dateTime" : "12/02/23 10:40:00",
  "value" : "0"
},{
  "dateTime" : "12/02/23 10:41:00",
  "value" : "0"
},{
  "dateTime" : "12/02/23 11:31:00",
  "value" : "10"
},{
  "dateTime" : "12/02/23 11:32:00",
  "value" : "0"
},{
  "dateTime" : "12/02/23 11:34:00",
  "value" : "10"
},{
  "dateTime" : "12/02/23 11:42:00",
  "value" : "0"
},{
  "dateTime" : "12/02/23 12:00:00",
  "value" : "0"
},{
  "dateTime" : "12/02/23 12:01:00",
  "value" : "10"
},{
  "dateTime" : "12/02/23 12:13:00",
  "value" : "0"
},{
  "dateTime" : "12/02/23 12:15:00",
  "value" : "10"
},{
  "dateTime" : "12/02/23 12:19:00",
  "value" : "0"
},{
  "dateTime" : "12/02/23 12:37:00",
  "value" : "0"
},{
  "dateTime" : "12/02/23 12:38:00",
  "value" : "10"
},{
  "dateTime" : "12/02/23 12:48:00",
  "value" : "10"
},{
  "dateTime" : "12/02/23 13:13:00",
  "value" : "10"
},{
  "dateTime" : "12/02/23 13:17:00",
  "value" : "0"
},{
  "dateTime" : "12/02/23 13:43:00",
  "value" : "10"
},{
  "dateTime" : "12/02/23 13:44:00",
  "value" : "0"
},{
  "dateTime" : "12/02/23 13:48:00",
  "value" : "0"
},{
  "dateTime" : "12/02/23 14:01:00",
  "value" : "0"
},{
  "dateTime" : "12/02/23 14:08:00",
  "value" : "10"
},{
  "dateTime" : "12/02/23 14:10:00",
  "value" : "10"
},{
  "dateTime" : "12/02/23 14:15:00",
  "value" : "0"
},{
  "dateTime" : "12/02/23 14:24:00",
  "value" : "0"
},{
  "dateTime" : "12/02/23 14:25:00",
  "value" : "0"
},{
  "dateTime" : "12/02/23 14:39:00",
  "value" : "0"
},{
  "dateTime" : "12/02/23 14:48:00",
  "value" : "0"
},{
  "dateTime" : "12/02/23 14:58:00",
  "value" : "20"
},{
  "dateTime" : "12/02/23 14:59:00",
  "value" : "10"
},{
  "dateTime" : "12/02/23 15:01:00",
  "value" : "10"
},{
  "dateTime" : "12/02/23 15:07:00",
  "value" : "0"
},{
  "dateTime" : "12/02/23 15:15:00",
  "value" : "0"
},{
  "dateTime" : "12/02/23 15:19:00",
  "value" : "0"
},{
  "dateTime" : "12/02/23 15:37:00",
  "value" : "0"
},{
  "dateTime" : "12/02/23 16:03:00",
  "value" : "0"
},{
  "dateTime" : "12/02/23 16:13:00",
  "value" : "10"
},{
  "dateTime" : "12/02/23 16:17:00",
  "value" : "0"
},{
  "dateTime" : "12/02/23 16:27:00",
  "value" : "0"
},{
  "dateTime" : "12/02/23 16:30:00",
  "value" : "0"
},{
  "dateTime" : "12/02/23 16:51:00",
  "value" : "0"
},{
  "dateTime" : "12/02/23 16:52:00",
  "value" : "0"
},{
  "dateTime" : "12/02/23 16:53:00",
  "value" : "0"
},{
  "dateTime" : "12/02/23 17:14:00",
  "value" : "10"
},{
  "dateTime" : "12/02/23 17:30:00",
  "value" : "10"
},{
  "dateTime" : "12/02/23 18:01:00",
  "value" : "0"
},{
  "dateTime" : "12/02/23 18:23:00",
  "value" : "10"
},{
  "dateTime" : "12/02/23 18:38:00",
  "value" : "0"
},{
  "dateTime" : "12/02/23 18:39:00",
  "value" : "0"
},{
  "dateTime" : "12/02/23 18:40:00",
  "value" : "0"
},{
  "dateTime" : "12/02/23 18:51:00",
  "value" : "0"
},{
  "dateTime" : "12/02/23 19:10:00",
  "value" : "0"
},{
  "dateTime" : "12/02/23 19:42:00",
  "value" : "0"
},{
  "dateTime" : "12/02/23 19:59:00",
  "value" : "0"
},{
  "dateTime" : "12/02/23 20:38:00",
  "value" : "10"
},{
  "dateTime" : "12/02/23 20:40:00",
  "value" : "0"
},{
  "dateTime" : "12/02/23 20:42:00",
  "value" : "10"
},{
  "dateTime" : "12/02/23 20:46:00",
  "value" : "10"
},{
  "dateTime" : "12/02/23 20:47:00",
  "value" : "0"
},{
  "dateTime" : "12/02/23 20:50:00",
  "value" : "10"
},{
  "dateTime" : "12/02/23 20:51:00",
  "value" : "0"
},{
  "dateTime" : "12/02/23 20:58:00",
  "value" : "0"
},{
  "dateTime" : "12/03/23 11:35:00",
  "value" : "0"
},{
  "dateTime" : "12/03/23 12:32:00",
  "value" : "0"
},{
  "dateTime" : "12/03/23 12:38:00",
  "value" : "0"
},{
  "dateTime" : "12/03/23 12:39:00",
  "value" : "0"
},{
  "dateTime" : "12/03/23 12:42:00",
  "value" : "0"
},{
  "dateTime" : "12/03/23 12:50:00",
  "value" : "0"
},{
  "dateTime" : "12/03/23 12:53:00",
  "value" : "0"
},{
  "dateTime" : "12/03/23 12:54:00",
  "value" : "0"
},{
  "dateTime" : "12/03/23 12:55:00",
  "value" : "0"
},{
  "dateTime" : "12/03/23 12:56:00",
  "value" : "0"
},{
  "dateTime" : "12/03/23 13:19:00",
  "value" : "0"
},{
  "dateTime" : "12/03/23 13:22:00",
  "value" : "0"
},{
  "dateTime" : "12/03/23 13:23:00",
  "value" : "10"
},{
  "dateTime" : "12/03/23 13:25:00",
  "value" : "0"
},{
  "dateTime" : "12/03/23 13:27:00",
  "value" : "10"
},{
  "dateTime" : "12/03/23 13:28:00",
  "value" : "0"
},{
  "dateTime" : "12/03/23 14:09:00",
  "value" : "0"
},{
  "dateTime" : "12/03/23 14:10:00",
  "value" : "0"
},{
  "dateTime" : "12/03/23 14:19:00",
  "value" : "10"
},{
  "dateTime" : "12/03/23 14:20:00",
  "value" : "0"
},{
  "dateTime" : "12/03/23 14:25:00",
  "value" : "10"
},{
  "dateTime" : "12/03/23 14:45:00",
  "value" : "0"
},{
  "dateTime" : "12/03/23 14:47:00",
  "value" : "10"
},{
  "dateTime" : "12/03/23 14:55:00",
  "value" : "0"
},{
  "dateTime" : "12/03/23 15:14:00",
  "value" : "10"
},{
  "dateTime" : "12/03/23 15:30:00",
  "value" : "10"
},{
  "dateTime" : "12/03/23 15:47:00",
  "value" : "10"
},{
  "dateTime" : "12/03/23 16:03:00",
  "value" : "10"
},{
  "dateTime" : "12/03/23 16:10:00",
  "value" : "0"
},{
  "dateTime" : "12/03/23 16:41:00",
  "value" : "10"
},{
  "dateTime" : "12/03/23 16:47:00",
  "value" : "10"
},{
  "dateTime" : "12/03/23 17:18:00",
  "value" : "0"
},{
  "dateTime" : "12/03/23 17:50:00",
  "value" : "10"
},{
  "dateTime" : "12/03/23 17:51:00",
  "value" : "0"
},{
  "dateTime" : "12/03/23 17:52:00",
  "value" : "0"
},{
  "dateTime" : "12/03/23 17:59:00",
  "value" : "0"
},{
  "dateTime" : "12/03/23 18:34:00",
  "value" : "0"
},{
  "dateTime" : "12/03/23 18:35:00",
  "value" : "10"
},{
  "dateTime" : "12/03/23 18:43:00",
  "value" : "0"
},{
  "dateTime" : "12/03/23 18:44:00",
  "value" : "0"
},{
  "dateTime" : "12/03/23 18:52:00",
  "value" : "10"
},{
  "dateTime" : "12/03/23 18:56:00",
  "value" : "0"
},{
  "dateTime" : "12/03/23 18:57:00",
  "value" : "10"
},{
  "dateTime" : "12/03/23 19:10:00",
  "value" : "10"
},{
  "dateTime" : "12/03/23 19:23:00",
  "value" : "0"
},{
  "dateTime" : "12/03/23 19:30:00",
  "value" : "10"
},{
  "dateTime" : "12/03/23 19:32:00",
  "value" : "10"
},{
  "dateTime" : "12/03/23 19:34:00",
  "value" : "10"
},{
  "dateTime" : "12/03/23 19:38:00",
  "value" : "10"
},{
  "dateTime" : "12/03/23 20:01:00",
  "value" : "0"
},{
  "dateTime" : "12/03/23 20:04:00",
  "value" : "0"
},{
  "dateTime" : "12/03/23 20:25:00",
  "value" : "0"
},{
  "dateTime" : "12/03/23 20:27:00",
  "value" : "10"
},{
  "dateTime" : "12/03/23 21:20:00",
  "value" : "0"
},{
  "dateTime" : "12/03/23 22:08:00",
  "value" : "0"
},{
  "dateTime" : "12/04/23 10:44:00",
  "value" : "0"
},{
  "dateTime" : "12/04/23 10:50:00",
  "value" : "0"
},{
  "dateTime" : "12/04/23 10:53:00",
  "value" : "0"
},{
  "dateTime" : "12/04/23 10:54:00",
  "value" : "0"
},{
  "dateTime" : "12/04/23 10:58:00",
  "value" : "0"
},{
  "dateTime" : "12/04/23 10:59:00",
  "value" : "0"
},{
  "dateTime" : "12/04/23 11:00:00",
  "value" : "0"
},{
  "dateTime" : "12/04/23 11:01:00",
  "value" : "0"
},{
  "dateTime" : "12/04/23 11:02:00",
  "value" : "0"
},{
  "dateTime" : "12/04/23 11:03:00",
  "value" : "0"
},{
  "dateTime" : "12/04/23 11:04:00",
  "value" : "0"
},{
  "dateTime" : "12/04/23 11:05:00",
  "value" : "0"
},{
  "dateTime" : "12/04/23 11:07:00",
  "value" : "0"
},{
  "dateTime" : "12/04/23 11:08:00",
  "value" : "0"
},{
  "dateTime" : "12/04/23 11:10:00",
  "value" : "0"
},{
  "dateTime" : "12/04/23 11:18:00",
  "value" : "0"
},{
  "dateTime" : "12/04/23 11:34:00",
  "value" : "0"
},{
  "dateTime" : "12/04/23 11:35:00",
  "value" : "0"
},{
  "dateTime" : "12/04/23 11:38:00",
  "value" : "0"
},{
  "dateTime" : "12/04/23 11:47:00",
  "value" : "0"
},{
  "dateTime" : "12/04/23 11:50:00",
  "value" : "0"
},{
  "dateTime" : "12/04/23 11:53:00",
  "value" : "0"
},{
  "dateTime" : "12/04/23 12:13:00",
  "value" : "0"
},{
  "dateTime" : "12/04/23 12:19:00",
  "value" : "0"
},{
  "dateTime" : "12/04/23 12:24:00",
  "value" : "0"
},{
  "dateTime" : "12/04/23 12:46:00",
  "value" : "10"
},{
  "dateTime" : "12/04/23 12:50:00",
  "value" : "0"
},{
  "dateTime" : "12/04/23 13:04:00",
  "value" : "20"
},{
  "dateTime" : "12/04/23 13:24:00",
  "value" : "0"
},{
  "dateTime" : "12/04/23 13:32:00",
  "value" : "10"
},{
  "dateTime" : "12/04/23 13:45:00",
  "value" : "0"
},{
  "dateTime" : "12/04/23 13:50:00",
  "value" : "0"
},{
  "dateTime" : "12/04/23 13:53:00",
  "value" : "0"
},{
  "dateTime" : "12/04/23 13:59:00",
  "value" : "0"
},{
  "dateTime" : "12/04/23 14:00:00",
  "value" : "0"
},{
  "dateTime" : "12/04/23 14:08:00",
  "value" : "0"
},{
  "dateTime" : "12/04/23 14:26:00",
  "value" : "0"
},{
  "dateTime" : "12/04/23 14:27:00",
  "value" : "0"
},{
  "dateTime" : "12/04/23 14:32:00",
  "value" : "0"
},{
  "dateTime" : "12/04/23 14:33:00",
  "value" : "0"
},{
  "dateTime" : "12/04/23 14:36:00",
  "value" : "0"
},{
  "dateTime" : "12/04/23 14:48:00",
  "value" : "0"
},{
  "dateTime" : "12/04/23 17:09:00",
  "value" : "0"
},{
  "dateTime" : "12/04/23 17:42:00",
  "value" : "0"
},{
  "dateTime" : "12/09/23 11:04:00",
  "value" : "0"
},{
  "dateTime" : "12/09/23 11:05:00",
  "value" : "0"
},{
  "dateTime" : "12/09/23 11:06:00",
  "value" : "0"
},{
  "dateTime" : "12/09/23 11:10:00",
  "value" : "0"
},{
  "dateTime" : "12/09/23 11:11:00",
  "value" : "0"
},{
  "dateTime" : "12/09/23 11:12:00",
  "value" : "0"
},{
  "dateTime" : "12/09/23 11:16:00",
  "value" : "0"
},{
  "dateTime" : "12/09/23 11:18:00",
  "value" : "0"
},{
  "dateTime" : "12/09/23 11:23:00",
  "value" : "10"
},{
  "dateTime" : "12/09/23 11:43:00",
  "value" : "0"
},{
  "dateTime" : "12/09/23 11:44:00",
  "value" : "0"
},{
  "dateTime" : "12/09/23 11:45:00",
  "value" : "0"
},{
  "dateTime" : "12/09/23 11:48:00",
  "value" : "10"
},{
  "dateTime" : "12/09/23 12:34:00",
  "value" : "10"
},{
  "dateTime" : "12/09/23 12:37:00",
  "value" : "0"
},{
  "dateTime" : "12/09/23 12:42:00",
  "value" : "0"
},{
  "dateTime" : "12/09/23 12:50:00",
  "value" : "10"
},{
  "dateTime" : "12/09/23 13:02:00",
  "value" : "0"
},{
  "dateTime" : "12/09/23 13:03:00",
  "value" : "0"
},{
  "dateTime" : "12/09/23 13:44:00",
  "value" : "10"
},{
  "dateTime" : "12/09/23 13:50:00",
  "value" : "0"
},{
  "dateTime" : "12/09/23 14:22:00",
  "value" : "10"
},{
  "dateTime" : "12/09/23 14:50:00",
  "value" : "0"
},{
  "dateTime" : "12/09/23 14:59:00",
  "value" : "10"
},{
  "dateTime" : "12/09/23 15:00:00",
  "value" : "0"
},{
  "dateTime" : "12/09/23 15:05:00",
  "value" : "0"
},{
  "dateTime" : "12/09/23 15:25:00",
  "value" : "0"
},{
  "dateTime" : "12/09/23 15:26:00",
  "value" : "0"
},{
  "dateTime" : "12/09/23 15:31:00",
  "value" : "0"
},{
  "dateTime" : "12/09/23 15:35:00",
  "value" : "0"
},{
  "dateTime" : "12/09/23 15:36:00",
  "value" : "0"
},{
  "dateTime" : "12/09/23 15:37:00",
  "value" : "0"
},{
  "dateTime" : "12/09/23 15:39:00",
  "value" : "0"
},{
  "dateTime" : "12/09/23 15:55:00",
  "value" : "0"
},{
  "dateTime" : "12/09/23 16:04:00",
  "value" : "10"
},{
  "dateTime" : "12/09/23 16:09:00",
  "value" : "10"
},{
  "dateTime" : "12/09/23 16:11:00",
  "value" : "0"
},{
  "dateTime" : "12/09/23 16:13:00",
  "value" : "10"
},{
  "dateTime" : "12/09/23 16:16:00",
  "value" : "0"
},{
  "dateTime" : "12/09/23 16:59:00",
  "value" : "0"
},{
  "dateTime" : "12/09/23 17:13:00",
  "value" : "0"
},{
  "dateTime" : "12/09/23 17:20:00",
  "value" : "0"
},{
  "dateTime" : "12/09/23 17:24:00",
  "value" : "0"
},{
  "dateTime" : "12/09/23 17:50:00",
  "value" : "0"
},{
  "dateTime" : "12/09/23 18:06:00",
  "value" : "0"
},{
  "dateTime" : "12/09/23 18:07:00",
  "value" : "10"
},{
  "dateTime" : "12/09/23 18:11:00",
  "value" : "10"
},{
  "dateTime" : "12/09/23 18:13:00",
  "value" : "10"
},{
  "dateTime" : "12/09/23 18:14:00",
  "value" : "0"
},{
  "dateTime" : "12/09/23 18:34:00",
  "value" : "0"
},{
  "dateTime" : "12/09/23 18:35:00",
  "value" : "0"
},{
  "dateTime" : "12/09/23 18:44:00",
  "value" : "10"
},{
  "dateTime" : "12/09/23 21:11:00",
  "value" : "10"
},{
  "dateTime" : "12/09/23 21:20:00",
  "value" : "0"
},{
  "dateTime" : "12/09/23 22:32:00",
  "value" : "0"
},{
  "dateTime" : "12/09/23 22:33:00",
  "value" : "0"
},{
  "dateTime" : "12/10/23 00:00:00",
  "value" : "0"
},{
  "dateTime" : "12/10/23 01:47:00",
  "value" : "0"
},{
  "dateTime" : "12/12/23 20:32:00",
  "value" : "0"
},{
  "dateTime" : "12/12/23 20:33:00",
  "value" : "0"
},{
  "dateTime" : "12/12/23 22:09:00",
  "value" : "0"
},{
  "dateTime" : "12/12/23 22:10:00",
  "value" : "0"
}]