[{
  "dateTime" : "11/07/24 06:49:00",
  "value" : "70"
},{
  "dateTime" : "11/07/24 06:50:00",
  "value" : "556"
},{
  "dateTime" : "11/07/24 06:52:00",
  "value" : "139"
},{
  "dateTime" : "11/07/24 06:53:00",
  "value" : "626"
},{
  "dateTime" : "11/07/24 10:15:00",
  "value" : "139"
},{
  "dateTime" : "11/07/24 10:16:00",
  "value" : "139"
},{
  "dateTime" : "11/07/24 12:18:00",
  "value" : "70"
},{
  "dateTime" : "11/07/24 12:19:00",
  "value" : "973"
},{
  "dateTime" : "11/07/24 12:32:00",
  "value" : "139"
},{
  "dateTime" : "11/07/24 12:33:00",
  "value" : "973"
},{
  "dateTime" : "11/07/24 12:34:00",
  "value" : "1321"
},{
  "dateTime" : "11/07/24 12:38:00",
  "value" : "70"
},{
  "dateTime" : "11/07/24 12:39:00",
  "value" : "3614"
},{
  "dateTime" : "11/07/24 14:53:00",
  "value" : "70"
},{
  "dateTime" : "11/07/24 14:54:00",
  "value" : "417"
},{
  "dateTime" : "11/07/24 14:55:00",
  "value" : "70"
},{
  "dateTime" : "11/07/24 14:56:00",
  "value" : "7754"
},{
  "dateTime" : "11/07/24 14:57:00",
  "value" : "11581"
},{
  "dateTime" : "11/07/24 14:58:00",
  "value" : "3197"
},{
  "dateTime" : "11/07/24 14:59:00",
  "value" : "2711"
},{
  "dateTime" : "11/07/24 15:23:00",
  "value" : "0"
},{
  "dateTime" : "11/07/24 15:24:00",
  "value" : "278"
},{
  "dateTime" : "11/07/24 15:25:00",
  "value" : "0"
},{
  "dateTime" : "11/07/24 15:33:00",
  "value" : "70"
},{
  "dateTime" : "11/07/24 15:34:00",
  "value" : "1182"
},{
  "dateTime" : "11/07/24 15:35:00",
  "value" : "1529"
},{
  "dateTime" : "11/07/24 15:36:00",
  "value" : "2294"
},{
  "dateTime" : "11/07/24 15:40:00",
  "value" : "209"
},{
  "dateTime" : "11/07/24 15:41:00",
  "value" : "3892"
},{
  "dateTime" : "11/07/24 15:42:00",
  "value" : "70"
},{
  "dateTime" : "11/07/24 15:43:00",
  "value" : "278"
},{
  "dateTime" : "11/07/24 15:44:00",
  "value" : "2155"
},{
  "dateTime" : "11/07/24 15:52:00",
  "value" : "70"
},{
  "dateTime" : "11/07/24 15:53:00",
  "value" : "1321"
},{
  "dateTime" : "11/07/24 15:54:00",
  "value" : "3197"
},{
  "dateTime" : "11/07/24 15:59:00",
  "value" : "70"
},{
  "dateTime" : "11/07/24 16:00:00",
  "value" : "1877"
},{
  "dateTime" : "11/07/24 16:05:00",
  "value" : "70"
},{
  "dateTime" : "11/07/24 16:06:00",
  "value" : "2641"
},{
  "dateTime" : "11/07/24 16:07:00",
  "value" : "0"
},{
  "dateTime" : "11/07/24 16:08:00",
  "value" : "3475"
},{
  "dateTime" : "11/07/24 16:09:00",
  "value" : "7855"
},{
  "dateTime" : "11/07/24 16:10:00",
  "value" : "2502"
},{
  "dateTime" : "11/07/24 16:11:00",
  "value" : "11581"
},{
  "dateTime" : "11/07/24 16:12:00",
  "value" : "8157"
},{
  "dateTime" : "11/07/24 17:57:00",
  "value" : "70"
},{
  "dateTime" : "11/07/24 17:58:00",
  "value" : "1043"
},{
  "dateTime" : "11/07/24 17:59:00",
  "value" : "1529"
},{
  "dateTime" : "11/07/24 18:04:00",
  "value" : "0"
},{
  "dateTime" : "11/07/24 18:05:00",
  "value" : "1877"
},{
  "dateTime" : "11/07/24 18:06:00",
  "value" : "1877"
},{
  "dateTime" : "11/07/24 18:26:00",
  "value" : "139"
},{
  "dateTime" : "11/07/24 18:27:00",
  "value" : "139"
},{
  "dateTime" : "11/07/24 20:40:00",
  "value" : "139"
},{
  "dateTime" : "11/07/24 20:41:00",
  "value" : "1460"
},{
  "dateTime" : "11/07/24 20:42:00",
  "value" : "3336"
},{
  "dateTime" : "11/07/24 20:43:00",
  "value" : "0"
},{
  "dateTime" : "11/07/24 20:44:00",
  "value" : "487"
},{
  "dateTime" : "11/07/24 20:45:00",
  "value" : "1321"
},{
  "dateTime" : "11/07/24 20:46:00",
  "value" : "2224"
},{
  "dateTime" : "11/07/24 23:42:00",
  "value" : "0"
},{
  "dateTime" : "11/07/24 23:43:00",
  "value" : "904"
},{
  "dateTime" : "11/07/24 23:44:00",
  "value" : "139"
},{
  "dateTime" : "11/07/24 23:56:00",
  "value" : "70"
},{
  "dateTime" : "11/07/24 23:57:00",
  "value" : "487"
},{
  "dateTime" : "11/07/24 23:58:00",
  "value" : "1390"
},{
  "dateTime" : "11/08/24 00:02:00",
  "value" : "70"
},{
  "dateTime" : "11/08/24 00:03:00",
  "value" : "1529"
},{
  "dateTime" : "11/08/24 00:10:00",
  "value" : "70"
},{
  "dateTime" : "11/08/24 00:11:00",
  "value" : "1390"
},{
  "dateTime" : "11/08/24 00:47:00",
  "value" : "70"
},{
  "dateTime" : "11/08/24 00:48:00",
  "value" : "209"
},{
  "dateTime" : "11/08/24 00:49:00",
  "value" : "139"
},{
  "dateTime" : "11/08/24 00:50:00",
  "value" : "556"
},{
  "dateTime" : "11/08/24 00:51:00",
  "value" : "278"
},{
  "dateTime" : "11/08/24 00:52:00",
  "value" : "2294"
},{
  "dateTime" : "11/08/24 00:53:00",
  "value" : "1738"
},{
  "dateTime" : "11/08/24 00:54:00",
  "value" : "695"
},{
  "dateTime" : "11/08/24 00:55:00",
  "value" : "2641"
},{
  "dateTime" : "11/08/24 00:56:00",
  "value" : "4379"
},{
  "dateTime" : "11/08/24 01:40:00",
  "value" : "70"
},{
  "dateTime" : "11/08/24 01:41:00",
  "value" : "487"
},{
  "dateTime" : "11/08/24 04:41:00",
  "value" : "70"
},{
  "dateTime" : "11/08/24 04:42:00",
  "value" : "139"
},{
  "dateTime" : "11/08/24 06:01:00",
  "value" : "70"
},{
  "dateTime" : "11/08/24 06:02:00",
  "value" : "70"
},{
  "dateTime" : "11/08/24 06:11:00",
  "value" : "70"
},{
  "dateTime" : "11/08/24 06:12:00",
  "value" : "278"
},{
  "dateTime" : "11/08/24 06:15:00",
  "value" : "209"
},{
  "dateTime" : "11/08/24 06:16:00",
  "value" : "1321"
},{
  "dateTime" : "11/08/24 06:59:00",
  "value" : "348"
},{
  "dateTime" : "11/08/24 07:00:00",
  "value" : "1738"
},{
  "dateTime" : "11/08/24 08:00:00",
  "value" : "139"
},{
  "dateTime" : "11/08/24 08:01:00",
  "value" : "695"
},{
  "dateTime" : "11/08/24 08:44:00",
  "value" : "139"
},{
  "dateTime" : "11/08/24 08:45:00",
  "value" : "973"
},{
  "dateTime" : "11/08/24 08:55:00",
  "value" : "0"
},{
  "dateTime" : "11/08/24 08:56:00",
  "value" : "765"
},{
  "dateTime" : "11/08/24 08:57:00",
  "value" : "0"
},{
  "dateTime" : "11/08/24 08:58:00",
  "value" : "626"
},{
  "dateTime" : "11/08/24 08:59:00",
  "value" : "278"
},{
  "dateTime" : "11/08/24 09:52:00",
  "value" : "70"
},{
  "dateTime" : "11/08/24 09:53:00",
  "value" : "626"
},{
  "dateTime" : "11/08/24 12:20:00",
  "value" : "70"
},{
  "dateTime" : "11/08/24 12:21:00",
  "value" : "973"
},{
  "dateTime" : "11/08/24 12:22:00",
  "value" : "765"
},{
  "dateTime" : "11/08/24 12:44:00",
  "value" : "0"
},{
  "dateTime" : "11/08/24 12:45:00",
  "value" : "278"
},{
  "dateTime" : "11/08/24 12:48:00",
  "value" : "70"
},{
  "dateTime" : "11/08/24 12:49:00",
  "value" : "626"
},{
  "dateTime" : "11/08/24 14:49:00",
  "value" : "139"
},{
  "dateTime" : "11/08/24 14:50:00",
  "value" : "695"
},{
  "dateTime" : "11/08/24 16:22:00",
  "value" : "70"
},{
  "dateTime" : "11/08/24 16:23:00",
  "value" : "1877"
},{
  "dateTime" : "11/08/24 16:24:00",
  "value" : "904"
},{
  "dateTime" : "11/08/24 16:25:00",
  "value" : "7351"
},{
  "dateTime" : "11/08/24 16:26:00",
  "value" : "2572"
},{
  "dateTime" : "11/08/24 16:27:00",
  "value" : "139"
},{
  "dateTime" : "11/08/24 16:28:00",
  "value" : "2711"
},{
  "dateTime" : "11/08/24 16:29:00",
  "value" : "139"
},{
  "dateTime" : "11/08/24 16:30:00",
  "value" : "973"
},{
  "dateTime" : "11/08/24 16:31:00",
  "value" : "11077"
},{
  "dateTime" : "11/08/24 16:32:00",
  "value" : "10473"
},{
  "dateTime" : "11/08/24 16:33:00",
  "value" : "4031"
},{
  "dateTime" : "11/08/24 16:34:00",
  "value" : "2711"
},{
  "dateTime" : "11/08/24 16:35:00",
  "value" : "834"
},{
  "dateTime" : "11/08/24 16:36:00",
  "value" : "904"
},{
  "dateTime" : "11/08/24 16:37:00",
  "value" : "70"
},{
  "dateTime" : "11/08/24 16:38:00",
  "value" : "1599"
},{
  "dateTime" : "11/08/24 16:39:00",
  "value" : "139"
},{
  "dateTime" : "11/08/24 16:40:00",
  "value" : "1738"
},{
  "dateTime" : "11/08/24 16:41:00",
  "value" : "7351"
},{
  "dateTime" : "11/08/24 16:42:00",
  "value" : "2294"
},{
  "dateTime" : "11/08/24 16:43:00",
  "value" : "2224"
},{
  "dateTime" : "11/08/24 16:44:00",
  "value" : "0"
},{
  "dateTime" : "11/08/24 16:45:00",
  "value" : "765"
},{
  "dateTime" : "11/08/24 16:46:00",
  "value" : "2989"
},{
  "dateTime" : "11/08/24 16:49:00",
  "value" : "139"
},{
  "dateTime" : "11/08/24 16:50:00",
  "value" : "3058"
},{
  "dateTime" : "11/08/24 16:51:00",
  "value" : "2641"
},{
  "dateTime" : "11/08/24 16:52:00",
  "value" : "10775"
},{
  "dateTime" : "11/08/24 16:53:00",
  "value" : "3614"
},{
  "dateTime" : "11/08/24 16:57:00",
  "value" : "139"
},{
  "dateTime" : "11/08/24 16:58:00",
  "value" : "3058"
},{
  "dateTime" : "11/08/24 16:59:00",
  "value" : "278"
},{
  "dateTime" : "11/08/24 17:02:00",
  "value" : "0"
},{
  "dateTime" : "11/08/24 17:03:00",
  "value" : "487"
},{
  "dateTime" : "11/08/24 17:04:00",
  "value" : "973"
},{
  "dateTime" : "11/08/24 17:05:00",
  "value" : "904"
},{
  "dateTime" : "11/08/24 17:06:00",
  "value" : "695"
},{
  "dateTime" : "11/08/24 17:07:00",
  "value" : "487"
},{
  "dateTime" : "11/08/24 17:08:00",
  "value" : "70"
},{
  "dateTime" : "11/08/24 17:09:00",
  "value" : "695"
},{
  "dateTime" : "11/08/24 17:24:00",
  "value" : "70"
},{
  "dateTime" : "11/08/24 17:25:00",
  "value" : "1668"
},{
  "dateTime" : "11/08/24 17:26:00",
  "value" : "0"
},{
  "dateTime" : "11/08/24 17:58:00",
  "value" : "139"
},{
  "dateTime" : "11/08/24 17:59:00",
  "value" : "904"
},{
  "dateTime" : "11/08/24 18:04:00",
  "value" : "139"
},{
  "dateTime" : "11/08/24 18:05:00",
  "value" : "1390"
},{
  "dateTime" : "11/08/24 18:06:00",
  "value" : "1112"
},{
  "dateTime" : "11/08/24 18:07:00",
  "value" : "1112"
},{
  "dateTime" : "11/08/24 18:08:00",
  "value" : "2502"
},{
  "dateTime" : "11/08/24 18:27:00",
  "value" : "70"
},{
  "dateTime" : "11/08/24 18:28:00",
  "value" : "1043"
},{
  "dateTime" : "11/08/24 18:29:00",
  "value" : "2155"
},{
  "dateTime" : "11/08/24 18:30:00",
  "value" : "1043"
},{
  "dateTime" : "11/08/24 18:32:00",
  "value" : "70"
},{
  "dateTime" : "11/08/24 18:33:00",
  "value" : "1390"
},{
  "dateTime" : "11/08/24 18:34:00",
  "value" : "1807"
},{
  "dateTime" : "11/08/24 18:35:00",
  "value" : "2016"
},{
  "dateTime" : "11/08/24 18:36:00",
  "value" : "973"
},{
  "dateTime" : "11/08/24 18:37:00",
  "value" : "2960"
},{
  "dateTime" : "11/08/24 18:38:00",
  "value" : "150"
},{
  "dateTime" : "11/08/24 18:39:00",
  "value" : "0"
},{
  "dateTime" : "11/08/24 18:40:00",
  "value" : "0"
},{
  "dateTime" : "11/08/24 18:41:00",
  "value" : "0"
},{
  "dateTime" : "11/08/24 18:42:00",
  "value" : "0"
},{
  "dateTime" : "11/08/24 18:43:00",
  "value" : "0"
},{
  "dateTime" : "11/08/24 18:44:00",
  "value" : "0"
},{
  "dateTime" : "11/08/24 18:45:00",
  "value" : "0"
},{
  "dateTime" : "11/08/24 18:46:00",
  "value" : "0"
},{
  "dateTime" : "11/08/24 18:47:00",
  "value" : "0"
},{
  "dateTime" : "11/08/24 18:48:00",
  "value" : "0"
},{
  "dateTime" : "11/08/24 18:49:00",
  "value" : "0"
},{
  "dateTime" : "11/08/24 18:50:00",
  "value" : "0"
},{
  "dateTime" : "11/08/24 18:51:00",
  "value" : "0"
},{
  "dateTime" : "11/08/24 18:52:00",
  "value" : "0"
},{
  "dateTime" : "11/08/24 18:53:00",
  "value" : "0"
},{
  "dateTime" : "11/08/24 18:54:00",
  "value" : "0"
},{
  "dateTime" : "11/08/24 18:55:00",
  "value" : "0"
},{
  "dateTime" : "11/08/24 18:56:00",
  "value" : "0"
},{
  "dateTime" : "11/08/24 18:57:00",
  "value" : "0"
},{
  "dateTime" : "11/08/24 18:58:00",
  "value" : "0"
},{
  "dateTime" : "11/08/24 18:59:00",
  "value" : "0"
},{
  "dateTime" : "11/08/24 19:00:00",
  "value" : "0"
},{
  "dateTime" : "11/08/24 19:01:00",
  "value" : "0"
},{
  "dateTime" : "11/08/24 19:02:00",
  "value" : "0"
},{
  "dateTime" : "11/08/24 19:03:00",
  "value" : "0"
},{
  "dateTime" : "11/08/24 19:04:00",
  "value" : "0"
},{
  "dateTime" : "11/08/24 19:05:00",
  "value" : "0"
},{
  "dateTime" : "11/08/24 19:06:00",
  "value" : "0"
},{
  "dateTime" : "11/08/24 19:07:00",
  "value" : "0"
},{
  "dateTime" : "11/08/24 19:08:00",
  "value" : "0"
},{
  "dateTime" : "11/08/24 19:09:00",
  "value" : "0"
},{
  "dateTime" : "11/08/24 19:10:00",
  "value" : "0"
},{
  "dateTime" : "11/08/24 19:11:00",
  "value" : "0"
},{
  "dateTime" : "11/08/24 19:12:00",
  "value" : "0"
},{
  "dateTime" : "11/08/24 19:13:00",
  "value" : "0"
},{
  "dateTime" : "11/08/24 19:14:00",
  "value" : "0"
},{
  "dateTime" : "11/08/24 19:15:00",
  "value" : "0"
},{
  "dateTime" : "11/08/24 19:16:00",
  "value" : "1990"
},{
  "dateTime" : "11/08/24 19:17:00",
  "value" : "0"
},{
  "dateTime" : "11/08/24 19:18:00",
  "value" : "1940"
},{
  "dateTime" : "11/08/24 19:19:00",
  "value" : "0"
},{
  "dateTime" : "11/08/24 19:20:00",
  "value" : "1030"
},{
  "dateTime" : "11/08/24 19:21:00",
  "value" : "3370"
},{
  "dateTime" : "11/08/24 19:22:00",
  "value" : "0"
},{
  "dateTime" : "11/08/24 19:23:00",
  "value" : "0"
},{
  "dateTime" : "11/08/24 19:24:00",
  "value" : "0"
},{
  "dateTime" : "11/08/24 19:25:00",
  "value" : "0"
},{
  "dateTime" : "11/08/24 19:26:00",
  "value" : "0"
},{
  "dateTime" : "11/08/24 19:27:00",
  "value" : "0"
},{
  "dateTime" : "11/08/24 19:28:00",
  "value" : "0"
},{
  "dateTime" : "11/08/24 19:29:00",
  "value" : "0"
},{
  "dateTime" : "11/08/24 19:30:00",
  "value" : "0"
},{
  "dateTime" : "11/08/24 19:31:00",
  "value" : "0"
},{
  "dateTime" : "11/08/24 19:32:00",
  "value" : "0"
},{
  "dateTime" : "11/08/24 19:33:00",
  "value" : "0"
},{
  "dateTime" : "11/08/24 19:34:00",
  "value" : "0"
},{
  "dateTime" : "11/08/24 19:35:00",
  "value" : "0"
},{
  "dateTime" : "11/08/24 19:36:00",
  "value" : "4000"
},{
  "dateTime" : "11/08/24 19:37:00",
  "value" : "0"
},{
  "dateTime" : "11/08/24 19:38:00",
  "value" : "0"
},{
  "dateTime" : "11/08/24 19:39:00",
  "value" : "0"
},{
  "dateTime" : "11/08/24 19:40:00",
  "value" : "0"
},{
  "dateTime" : "11/08/24 19:41:00",
  "value" : "0"
},{
  "dateTime" : "11/08/24 19:42:00",
  "value" : "0"
},{
  "dateTime" : "11/08/24 19:43:00",
  "value" : "0"
},{
  "dateTime" : "11/08/24 19:44:00",
  "value" : "0"
},{
  "dateTime" : "11/08/24 19:45:00",
  "value" : "1120"
},{
  "dateTime" : "11/08/24 19:46:00",
  "value" : "0"
},{
  "dateTime" : "11/08/24 19:47:00",
  "value" : "2890"
},{
  "dateTime" : "11/08/24 19:48:00",
  "value" : "0"
},{
  "dateTime" : "11/08/24 19:49:00",
  "value" : "2000"
},{
  "dateTime" : "11/08/24 19:50:00",
  "value" : "2110"
},{
  "dateTime" : "11/08/24 19:51:00",
  "value" : "0"
},{
  "dateTime" : "11/08/24 19:52:00",
  "value" : "3010"
},{
  "dateTime" : "11/08/24 19:53:00",
  "value" : "710"
},{
  "dateTime" : "11/08/24 19:54:00",
  "value" : "0"
},{
  "dateTime" : "11/08/24 19:55:00",
  "value" : "0"
},{
  "dateTime" : "11/08/24 19:56:00",
  "value" : "0"
},{
  "dateTime" : "11/08/24 19:57:00",
  "value" : "0"
},{
  "dateTime" : "11/08/24 19:58:00",
  "value" : "0"
},{
  "dateTime" : "11/08/24 19:59:00",
  "value" : "1280"
},{
  "dateTime" : "11/08/24 20:00:00",
  "value" : "620"
},{
  "dateTime" : "11/08/24 20:01:00",
  "value" : "0"
},{
  "dateTime" : "11/08/24 20:02:00",
  "value" : "0"
},{
  "dateTime" : "11/08/24 20:03:00",
  "value" : "0"
},{
  "dateTime" : "11/08/24 20:04:00",
  "value" : "0"
},{
  "dateTime" : "11/08/24 20:05:00",
  "value" : "0"
},{
  "dateTime" : "11/08/24 20:06:00",
  "value" : "0"
},{
  "dateTime" : "11/08/24 20:07:00",
  "value" : "0"
},{
  "dateTime" : "11/08/24 20:08:00",
  "value" : "0"
},{
  "dateTime" : "11/08/24 20:09:00",
  "value" : "0"
},{
  "dateTime" : "11/08/24 20:10:00",
  "value" : "0"
},{
  "dateTime" : "11/08/24 20:11:00",
  "value" : "0"
},{
  "dateTime" : "11/08/24 20:12:00",
  "value" : "0"
},{
  "dateTime" : "11/08/24 20:13:00",
  "value" : "0"
},{
  "dateTime" : "11/08/24 20:14:00",
  "value" : "0"
},{
  "dateTime" : "11/08/24 20:15:00",
  "value" : "0"
},{
  "dateTime" : "11/08/24 20:16:00",
  "value" : "0"
},{
  "dateTime" : "11/08/24 20:17:00",
  "value" : "0"
},{
  "dateTime" : "11/08/24 20:18:00",
  "value" : "0"
},{
  "dateTime" : "11/08/24 20:19:00",
  "value" : "0"
},{
  "dateTime" : "11/08/24 20:20:00",
  "value" : "0"
},{
  "dateTime" : "11/08/24 20:21:00",
  "value" : "0"
},{
  "dateTime" : "11/08/24 20:22:00",
  "value" : "0"
},{
  "dateTime" : "11/08/24 20:23:00",
  "value" : "0"
},{
  "dateTime" : "11/08/24 20:24:00",
  "value" : "0"
},{
  "dateTime" : "11/08/24 20:25:00",
  "value" : "1090"
},{
  "dateTime" : "11/08/24 20:26:00",
  "value" : "300"
},{
  "dateTime" : "11/08/24 20:27:00",
  "value" : "0"
},{
  "dateTime" : "11/08/24 20:28:00",
  "value" : "0"
},{
  "dateTime" : "11/08/24 20:29:00",
  "value" : "0"
},{
  "dateTime" : "11/08/24 20:30:00",
  "value" : "0"
},{
  "dateTime" : "11/08/24 20:31:00",
  "value" : "0"
},{
  "dateTime" : "11/08/24 20:32:00",
  "value" : "0"
},{
  "dateTime" : "11/08/24 20:33:00",
  "value" : "0"
},{
  "dateTime" : "11/08/24 20:34:00",
  "value" : "0"
},{
  "dateTime" : "11/08/24 20:35:00",
  "value" : "0"
},{
  "dateTime" : "11/08/24 21:31:00",
  "value" : "0"
},{
  "dateTime" : "11/08/24 21:46:00",
  "value" : "0"
},{
  "dateTime" : "11/08/24 21:47:00",
  "value" : "0"
},{
  "dateTime" : "11/08/24 21:58:00",
  "value" : "0"
},{
  "dateTime" : "11/08/24 22:01:00",
  "value" : "0"
},{
  "dateTime" : "11/08/24 22:11:00",
  "value" : "0"
},{
  "dateTime" : "11/08/24 22:12:00",
  "value" : "0"
},{
  "dateTime" : "11/08/24 22:13:00",
  "value" : "0"
},{
  "dateTime" : "11/08/24 22:14:00",
  "value" : "0"
},{
  "dateTime" : "11/09/24 00:14:00",
  "value" : "0"
},{
  "dateTime" : "11/09/24 00:15:00",
  "value" : "0"
},{
  "dateTime" : "11/09/24 00:16:00",
  "value" : "0"
},{
  "dateTime" : "11/09/24 01:05:00",
  "value" : "70"
},{
  "dateTime" : "11/09/24 01:06:00",
  "value" : "904"
},{
  "dateTime" : "11/09/24 01:07:00",
  "value" : "0"
},{
  "dateTime" : "11/09/24 01:08:00",
  "value" : "0"
},{
  "dateTime" : "11/09/24 01:09:00",
  "value" : "0"
},{
  "dateTime" : "11/09/24 01:10:00",
  "value" : "0"
},{
  "dateTime" : "11/09/24 01:11:00",
  "value" : "0"
},{
  "dateTime" : "11/09/24 01:12:00",
  "value" : "0"
},{
  "dateTime" : "11/09/24 01:13:00",
  "value" : "0"
},{
  "dateTime" : "11/09/24 01:14:00",
  "value" : "0"
},{
  "dateTime" : "11/09/24 01:15:00",
  "value" : "0"
},{
  "dateTime" : "11/09/24 01:16:00",
  "value" : "1170"
},{
  "dateTime" : "11/09/24 01:17:00",
  "value" : "0"
},{
  "dateTime" : "11/09/24 01:18:00",
  "value" : "0"
},{
  "dateTime" : "11/09/24 01:19:00",
  "value" : "0"
},{
  "dateTime" : "11/09/24 01:20:00",
  "value" : "0"
},{
  "dateTime" : "11/09/24 01:21:00",
  "value" : "0"
},{
  "dateTime" : "11/09/24 01:22:00",
  "value" : "0"
},{
  "dateTime" : "11/09/24 01:23:00",
  "value" : "0"
},{
  "dateTime" : "11/09/24 01:24:00",
  "value" : "0"
},{
  "dateTime" : "11/09/24 01:26:00",
  "value" : "0"
},{
  "dateTime" : "11/09/24 01:27:00",
  "value" : "0"
},{
  "dateTime" : "11/09/24 01:28:00",
  "value" : "0"
},{
  "dateTime" : "11/09/24 01:30:00",
  "value" : "0"
},{
  "dateTime" : "11/09/24 01:31:00",
  "value" : "0"
},{
  "dateTime" : "11/09/24 01:35:00",
  "value" : "0"
},{
  "dateTime" : "11/09/24 01:36:00",
  "value" : "0"
},{
  "dateTime" : "11/09/24 01:37:00",
  "value" : "0"
},{
  "dateTime" : "11/09/24 01:38:00",
  "value" : "0"
},{
  "dateTime" : "11/09/24 01:45:00",
  "value" : "0"
},{
  "dateTime" : "11/09/24 01:46:00",
  "value" : "0"
},{
  "dateTime" : "11/09/24 01:47:00",
  "value" : "0"
},{
  "dateTime" : "11/09/24 01:48:00",
  "value" : "0"
},{
  "dateTime" : "11/09/24 01:49:00",
  "value" : "0"
},{
  "dateTime" : "11/09/24 01:51:00",
  "value" : "0"
},{
  "dateTime" : "11/09/24 01:52:00",
  "value" : "0"
},{
  "dateTime" : "11/09/24 01:53:00",
  "value" : "620"
},{
  "dateTime" : "11/09/24 01:54:00",
  "value" : "0"
},{
  "dateTime" : "11/09/24 01:55:00",
  "value" : "0"
},{
  "dateTime" : "11/09/24 01:56:00",
  "value" : "0"
},{
  "dateTime" : "11/09/24 01:57:00",
  "value" : "0"
},{
  "dateTime" : "11/09/24 01:58:00",
  "value" : "0"
},{
  "dateTime" : "11/09/24 01:59:00",
  "value" : "0"
},{
  "dateTime" : "11/09/24 02:00:00",
  "value" : "0"
},{
  "dateTime" : "11/09/24 02:03:00",
  "value" : "0"
},{
  "dateTime" : "11/09/24 02:06:00",
  "value" : "0"
},{
  "dateTime" : "11/09/24 02:07:00",
  "value" : "0"
},{
  "dateTime" : "11/09/24 02:08:00",
  "value" : "0"
},{
  "dateTime" : "11/09/24 02:09:00",
  "value" : "0"
},{
  "dateTime" : "11/09/24 02:10:00",
  "value" : "0"
},{
  "dateTime" : "11/09/24 02:14:00",
  "value" : "0"
},{
  "dateTime" : "11/09/24 02:15:00",
  "value" : "0"
},{
  "dateTime" : "11/09/24 02:16:00",
  "value" : "0"
},{
  "dateTime" : "11/09/24 02:19:00",
  "value" : "0"
},{
  "dateTime" : "11/09/24 02:20:00",
  "value" : "0"
},{
  "dateTime" : "11/09/24 02:21:00",
  "value" : "0"
},{
  "dateTime" : "11/09/24 02:22:00",
  "value" : "0"
},{
  "dateTime" : "11/09/24 02:23:00",
  "value" : "0"
},{
  "dateTime" : "11/09/24 02:24:00",
  "value" : "0"
},{
  "dateTime" : "11/09/24 02:26:00",
  "value" : "0"
},{
  "dateTime" : "11/09/24 02:27:00",
  "value" : "0"
},{
  "dateTime" : "11/09/24 02:28:00",
  "value" : "0"
},{
  "dateTime" : "11/09/24 02:29:00",
  "value" : "0"
},{
  "dateTime" : "11/09/24 02:30:00",
  "value" : "0"
},{
  "dateTime" : "11/09/24 02:32:00",
  "value" : "0"
},{
  "dateTime" : "11/09/24 02:41:00",
  "value" : "0"
},{
  "dateTime" : "11/09/24 02:48:00",
  "value" : "0"
},{
  "dateTime" : "11/09/24 03:06:00",
  "value" : "0"
},{
  "dateTime" : "11/09/24 03:18:00",
  "value" : "0"
},{
  "dateTime" : "11/09/24 04:32:00",
  "value" : "70"
},{
  "dateTime" : "11/09/24 04:33:00",
  "value" : "278"
},{
  "dateTime" : "11/09/24 10:51:00",
  "value" : "0"
},{
  "dateTime" : "11/09/24 10:52:00",
  "value" : "348"
},{
  "dateTime" : "11/09/24 10:53:00",
  "value" : "556"
},{
  "dateTime" : "11/09/24 11:22:00",
  "value" : "70"
},{
  "dateTime" : "11/09/24 11:23:00",
  "value" : "765"
},{
  "dateTime" : "11/09/24 11:54:00",
  "value" : "70"
},{
  "dateTime" : "11/09/24 11:55:00",
  "value" : "348"
},{
  "dateTime" : "11/09/24 12:00:00",
  "value" : "139"
},{
  "dateTime" : "11/09/24 12:01:00",
  "value" : "1807"
},{
  "dateTime" : "11/09/24 12:02:00",
  "value" : "3614"
},{
  "dateTime" : "11/09/24 12:03:00",
  "value" : "834"
},{
  "dateTime" : "11/09/24 12:04:00",
  "value" : "2155"
},{
  "dateTime" : "11/09/24 12:05:00",
  "value" : "70"
},{
  "dateTime" : "11/09/24 14:13:00",
  "value" : "0"
},{
  "dateTime" : "11/09/24 14:14:00",
  "value" : "904"
},{
  "dateTime" : "11/09/24 14:15:00",
  "value" : "904"
},{
  "dateTime" : "11/09/24 14:16:00",
  "value" : "3614"
},{
  "dateTime" : "11/09/24 14:17:00",
  "value" : "2155"
},{
  "dateTime" : "11/09/24 14:38:00",
  "value" : "70"
},{
  "dateTime" : "11/09/24 14:39:00",
  "value" : "2224"
},{
  "dateTime" : "11/09/24 14:40:00",
  "value" : "765"
},{
  "dateTime" : "11/09/24 14:55:00",
  "value" : "209"
},{
  "dateTime" : "11/09/24 14:56:00",
  "value" : "0"
},{
  "dateTime" : "11/09/24 15:31:00",
  "value" : "70"
},{
  "dateTime" : "11/09/24 15:32:00",
  "value" : "209"
},{
  "dateTime" : "11/09/24 16:17:00",
  "value" : "70"
},{
  "dateTime" : "11/09/24 16:18:00",
  "value" : "348"
},{
  "dateTime" : "11/09/24 16:38:00",
  "value" : "209"
},{
  "dateTime" : "11/09/24 16:39:00",
  "value" : "1738"
},{
  "dateTime" : "11/09/24 16:40:00",
  "value" : "348"
},{
  "dateTime" : "11/09/24 16:41:00",
  "value" : "556"
},{
  "dateTime" : "11/09/24 16:44:00",
  "value" : "139"
},{
  "dateTime" : "11/09/24 16:45:00",
  "value" : "2363"
},{
  "dateTime" : "11/09/24 16:46:00",
  "value" : "2016"
},{
  "dateTime" : "11/09/24 16:48:00",
  "value" : "0"
},{
  "dateTime" : "11/09/24 16:49:00",
  "value" : "1946"
},{
  "dateTime" : "11/09/24 16:50:00",
  "value" : "765"
},{
  "dateTime" : "11/09/24 16:51:00",
  "value" : "2363"
},{
  "dateTime" : "11/09/24 16:52:00",
  "value" : "0"
},{
  "dateTime" : "11/09/24 16:53:00",
  "value" : "139"
},{
  "dateTime" : "11/09/24 16:54:00",
  "value" : "11379"
},{
  "dateTime" : "11/09/24 16:55:00",
  "value" : "8560"
},{
  "dateTime" : "11/09/24 16:56:00",
  "value" : "7351"
},{
  "dateTime" : "11/09/24 16:57:00",
  "value" : "9768"
},{
  "dateTime" : "11/09/24 16:58:00",
  "value" : "3406"
},{
  "dateTime" : "11/09/24 17:00:00",
  "value" : "139"
},{
  "dateTime" : "11/09/24 17:01:00",
  "value" : "3267"
},{
  "dateTime" : "11/09/24 17:02:00",
  "value" : "8660"
},{
  "dateTime" : "11/09/24 17:03:00",
  "value" : "139"
},{
  "dateTime" : "11/09/24 17:04:00",
  "value" : "7653"
},{
  "dateTime" : "11/09/24 17:05:00",
  "value" : "9466"
},{
  "dateTime" : "11/09/24 17:06:00",
  "value" : "9869"
},{
  "dateTime" : "11/09/24 17:07:00",
  "value" : "9264"
},{
  "dateTime" : "11/09/24 17:08:00",
  "value" : "1946"
},{
  "dateTime" : "11/09/24 17:10:00",
  "value" : "70"
},{
  "dateTime" : "11/09/24 17:11:00",
  "value" : "2919"
},{
  "dateTime" : "11/09/24 17:12:00",
  "value" : "11278"
},{
  "dateTime" : "11/09/24 17:13:00",
  "value" : "1390"
},{
  "dateTime" : "11/09/24 17:14:00",
  "value" : "70"
},{
  "dateTime" : "11/09/24 17:15:00",
  "value" : "3058"
},{
  "dateTime" : "11/09/24 17:48:00",
  "value" : "70"
},{
  "dateTime" : "11/09/24 17:49:00",
  "value" : "70"
},{
  "dateTime" : "11/09/24 19:08:00",
  "value" : "0"
},{
  "dateTime" : "11/09/24 19:09:00",
  "value" : "139"
},{
  "dateTime" : "11/09/24 19:10:00",
  "value" : "348"
},{
  "dateTime" : "11/09/24 20:34:00",
  "value" : "70"
},{
  "dateTime" : "11/09/24 20:35:00",
  "value" : "1043"
},{
  "dateTime" : "11/09/24 20:36:00",
  "value" : "278"
},{
  "dateTime" : "11/09/24 20:37:00",
  "value" : "139"
},{
  "dateTime" : "11/09/24 20:44:00",
  "value" : "70"
},{
  "dateTime" : "11/09/24 20:45:00",
  "value" : "139"
},{
  "dateTime" : "11/09/24 20:52:00",
  "value" : "139"
},{
  "dateTime" : "11/09/24 20:53:00",
  "value" : "1599"
},{
  "dateTime" : "11/09/24 20:54:00",
  "value" : "2155"
},{
  "dateTime" : "11/09/24 20:55:00",
  "value" : "278"
},{
  "dateTime" : "11/09/24 20:56:00",
  "value" : "2780"
},{
  "dateTime" : "11/09/24 21:34:00",
  "value" : "139"
},{
  "dateTime" : "11/09/24 21:35:00",
  "value" : "1877"
},{
  "dateTime" : "11/10/24 01:30:00",
  "value" : "209"
},{
  "dateTime" : "11/10/24 01:31:00",
  "value" : "2989"
},{
  "dateTime" : "11/10/24 01:32:00",
  "value" : "348"
},{
  "dateTime" : "11/10/24 01:33:00",
  "value" : "3614"
},{
  "dateTime" : "11/10/24 01:34:00",
  "value" : "1807"
},{
  "dateTime" : "11/10/24 01:35:00",
  "value" : "2155"
},{
  "dateTime" : "11/10/24 01:42:00",
  "value" : "70"
},{
  "dateTime" : "11/10/24 01:43:00",
  "value" : "209"
},{
  "dateTime" : "11/10/24 08:42:00",
  "value" : "70"
},{
  "dateTime" : "11/10/24 08:43:00",
  "value" : "70"
},{
  "dateTime" : "11/10/24 09:28:00",
  "value" : "209"
},{
  "dateTime" : "11/10/24 09:29:00",
  "value" : "348"
},{
  "dateTime" : "11/10/24 09:45:00",
  "value" : "0"
},{
  "dateTime" : "11/10/24 09:46:00",
  "value" : "278"
},{
  "dateTime" : "11/10/24 11:02:00",
  "value" : "0"
},{
  "dateTime" : "11/10/24 11:03:00",
  "value" : "278"
},{
  "dateTime" : "11/10/24 11:50:00",
  "value" : "70"
},{
  "dateTime" : "11/10/24 11:51:00",
  "value" : "904"
},{
  "dateTime" : "11/10/24 11:52:00",
  "value" : "1807"
},{
  "dateTime" : "11/10/24 11:53:00",
  "value" : "1182"
},{
  "dateTime" : "11/10/24 12:56:00",
  "value" : "70"
},{
  "dateTime" : "11/10/24 12:57:00",
  "value" : "3823"
},{
  "dateTime" : "11/10/24 12:58:00",
  "value" : "2294"
},{
  "dateTime" : "11/10/24 13:02:00",
  "value" : "0"
},{
  "dateTime" : "11/10/24 13:03:00",
  "value" : "348"
},{
  "dateTime" : "11/10/24 13:04:00",
  "value" : "3267"
},{
  "dateTime" : "11/10/24 13:05:00",
  "value" : "3128"
},{
  "dateTime" : "11/10/24 13:06:00",
  "value" : "3753"
},{
  "dateTime" : "11/10/24 13:07:00",
  "value" : "1251"
},{
  "dateTime" : "11/10/24 13:08:00",
  "value" : "209"
},{
  "dateTime" : "11/10/24 13:09:00",
  "value" : "2363"
},{
  "dateTime" : "11/10/24 13:14:00",
  "value" : "70"
},{
  "dateTime" : "11/10/24 13:15:00",
  "value" : "2085"
},{
  "dateTime" : "11/10/24 13:16:00",
  "value" : "1529"
},{
  "dateTime" : "11/10/24 15:04:00",
  "value" : "70"
},{
  "dateTime" : "11/10/24 15:05:00",
  "value" : "695"
},{
  "dateTime" : "11/10/24 15:07:00",
  "value" : "70"
},{
  "dateTime" : "11/10/24 15:08:00",
  "value" : "1807"
},{
  "dateTime" : "11/10/24 15:40:00",
  "value" : "139"
},{
  "dateTime" : "11/10/24 15:41:00",
  "value" : "139"
},{
  "dateTime" : "11/10/24 17:18:00",
  "value" : "70"
},{
  "dateTime" : "11/10/24 17:19:00",
  "value" : "139"
},{
  "dateTime" : "11/10/24 18:06:00",
  "value" : "139"
},{
  "dateTime" : "11/10/24 18:07:00",
  "value" : "70"
},{
  "dateTime" : "11/10/24 18:25:00",
  "value" : "70"
},{
  "dateTime" : "11/10/24 18:26:00",
  "value" : "487"
},{
  "dateTime" : "11/10/24 18:36:00",
  "value" : "0"
},{
  "dateTime" : "11/10/24 18:37:00",
  "value" : "278"
},{
  "dateTime" : "11/10/24 19:17:00",
  "value" : "139"
},{
  "dateTime" : "11/10/24 19:18:00",
  "value" : "0"
},{
  "dateTime" : "11/10/24 19:19:00",
  "value" : "139"
},{
  "dateTime" : "11/10/24 19:20:00",
  "value" : "139"
},{
  "dateTime" : "11/10/24 19:36:00",
  "value" : "209"
},{
  "dateTime" : "11/10/24 19:37:00",
  "value" : "139"
},{
  "dateTime" : "11/10/24 20:07:00",
  "value" : "70"
},{
  "dateTime" : "11/10/24 20:08:00",
  "value" : "1738"
},{
  "dateTime" : "11/10/24 20:19:00",
  "value" : "139"
},{
  "dateTime" : "11/10/24 20:20:00",
  "value" : "834"
},{
  "dateTime" : "11/10/24 20:31:00",
  "value" : "139"
},{
  "dateTime" : "11/10/24 20:32:00",
  "value" : "2572"
},{
  "dateTime" : "11/10/24 20:33:00",
  "value" : "1390"
},{
  "dateTime" : "11/10/24 20:43:00",
  "value" : "139"
},{
  "dateTime" : "11/10/24 20:44:00",
  "value" : "1807"
},{
  "dateTime" : "11/10/24 20:45:00",
  "value" : "70"
},{
  "dateTime" : "11/10/24 20:46:00",
  "value" : "209"
},{
  "dateTime" : "11/10/24 21:11:00",
  "value" : "70"
},{
  "dateTime" : "11/10/24 21:12:00",
  "value" : "139"
},{
  "dateTime" : "11/10/24 21:45:00",
  "value" : "0"
},{
  "dateTime" : "11/10/24 21:46:00",
  "value" : "139"
},{
  "dateTime" : "11/10/24 23:40:00",
  "value" : "0"
},{
  "dateTime" : "11/10/24 23:41:00",
  "value" : "1043"
},{
  "dateTime" : "11/10/24 23:42:00",
  "value" : "2641"
},{
  "dateTime" : "11/10/24 23:43:00",
  "value" : "2711"
},{
  "dateTime" : "11/10/24 23:45:00",
  "value" : "139"
},{
  "dateTime" : "11/10/24 23:46:00",
  "value" : "1182"
},{
  "dateTime" : "11/11/24 09:53:00",
  "value" : "70"
},{
  "dateTime" : "11/11/24 09:54:00",
  "value" : "70"
},{
  "dateTime" : "11/11/24 10:03:00",
  "value" : "139"
},{
  "dateTime" : "11/11/24 10:04:00",
  "value" : "1877"
},{
  "dateTime" : "11/11/24 10:05:00",
  "value" : "278"
},{
  "dateTime" : "11/11/24 10:11:00",
  "value" : "70"
},{
  "dateTime" : "11/11/24 10:12:00",
  "value" : "1182"
},{
  "dateTime" : "11/11/24 10:35:00",
  "value" : "70"
},{
  "dateTime" : "11/11/24 10:36:00",
  "value" : "1182"
},{
  "dateTime" : "11/11/24 10:38:00",
  "value" : "70"
},{
  "dateTime" : "11/11/24 10:39:00",
  "value" : "1460"
},{
  "dateTime" : "11/11/24 12:20:00",
  "value" : "139"
},{
  "dateTime" : "11/11/24 12:21:00",
  "value" : "0"
},{
  "dateTime" : "11/11/24 12:22:00",
  "value" : "139"
},{
  "dateTime" : "11/11/24 12:23:00",
  "value" : "209"
},{
  "dateTime" : "11/11/24 12:31:00",
  "value" : "0"
},{
  "dateTime" : "11/11/24 12:32:00",
  "value" : "348"
},{
  "dateTime" : "11/11/24 12:33:00",
  "value" : "1390"
},{
  "dateTime" : "11/11/24 12:34:00",
  "value" : "1668"
},{
  "dateTime" : "11/11/24 12:35:00",
  "value" : "417"
},{
  "dateTime" : "11/11/24 14:30:00",
  "value" : "139"
},{
  "dateTime" : "11/11/24 14:31:00",
  "value" : "7250"
},{
  "dateTime" : "11/11/24 14:32:00",
  "value" : "417"
},{
  "dateTime" : "11/11/24 14:33:00",
  "value" : "70"
},{
  "dateTime" : "11/11/24 14:34:00",
  "value" : "2016"
},{
  "dateTime" : "11/11/24 14:35:00",
  "value" : "4448"
},{
  "dateTime" : "11/11/24 14:36:00",
  "value" : "3475"
},{
  "dateTime" : "11/11/24 14:37:00",
  "value" : "70"
},{
  "dateTime" : "11/11/24 14:38:00",
  "value" : "278"
},{
  "dateTime" : "11/11/24 14:58:00",
  "value" : "139"
},{
  "dateTime" : "11/11/24 14:59:00",
  "value" : "3753"
},{
  "dateTime" : "11/11/24 15:00:00",
  "value" : "8560"
},{
  "dateTime" : "11/11/24 17:25:00",
  "value" : "139"
},{
  "dateTime" : "11/11/24 19:27:00",
  "value" : "70"
},{
  "dateTime" : "11/11/24 19:28:00",
  "value" : "626"
},{
  "dateTime" : "11/11/24 19:32:00",
  "value" : "70"
},{
  "dateTime" : "11/11/24 19:33:00",
  "value" : "1043"
},{
  "dateTime" : "11/11/24 19:39:00",
  "value" : "209"
},{
  "dateTime" : "11/11/24 19:40:00",
  "value" : "1112"
},{
  "dateTime" : "11/11/24 19:48:00",
  "value" : "70"
},{
  "dateTime" : "11/11/24 19:49:00",
  "value" : "70"
},{
  "dateTime" : "11/11/24 19:50:00",
  "value" : "0"
},{
  "dateTime" : "11/11/24 19:51:00",
  "value" : "834"
},{
  "dateTime" : "11/11/24 19:53:00",
  "value" : "70"
},{
  "dateTime" : "11/11/24 19:54:00",
  "value" : "626"
},{
  "dateTime" : "11/11/24 20:05:00",
  "value" : "139"
},{
  "dateTime" : "11/11/24 20:06:00",
  "value" : "209"
},{
  "dateTime" : "11/11/24 20:07:00",
  "value" : "556"
},{
  "dateTime" : "11/11/24 20:12:00",
  "value" : "70"
},{
  "dateTime" : "11/11/24 20:13:00",
  "value" : "348"
},{
  "dateTime" : "11/11/24 20:14:00",
  "value" : "834"
},{
  "dateTime" : "11/11/24 20:22:00",
  "value" : "70"
},{
  "dateTime" : "11/11/24 20:23:00",
  "value" : "904"
},{
  "dateTime" : "11/11/24 20:24:00",
  "value" : "2224"
},{
  "dateTime" : "11/11/24 20:25:00",
  "value" : "1321"
},{
  "dateTime" : "11/11/24 20:29:00",
  "value" : "139"
},{
  "dateTime" : "11/11/24 20:30:00",
  "value" : "487"
},{
  "dateTime" : "11/11/24 20:31:00",
  "value" : "70"
},{
  "dateTime" : "11/11/24 20:32:00",
  "value" : "278"
},{
  "dateTime" : "11/11/24 20:34:00",
  "value" : "139"
},{
  "dateTime" : "11/11/24 20:35:00",
  "value" : "487"
},{
  "dateTime" : "11/11/24 20:36:00",
  "value" : "3058"
},{
  "dateTime" : "11/12/24 04:02:00",
  "value" : "139"
},{
  "dateTime" : "11/12/24 04:03:00",
  "value" : "70"
},{
  "dateTime" : "11/12/24 04:16:00",
  "value" : "70"
},{
  "dateTime" : "11/12/24 04:17:00",
  "value" : "417"
},{
  "dateTime" : "11/12/24 05:28:00",
  "value" : "70"
},{
  "dateTime" : "11/12/24 05:29:00",
  "value" : "1112"
},{
  "dateTime" : "11/12/24 05:31:00",
  "value" : "70"
},{
  "dateTime" : "11/12/24 05:32:00",
  "value" : "0"
},{
  "dateTime" : "11/12/24 11:46:00",
  "value" : "70"
},{
  "dateTime" : "11/12/24 11:47:00",
  "value" : "487"
},{
  "dateTime" : "11/12/24 11:51:00",
  "value" : "70"
},{
  "dateTime" : "11/12/24 11:52:00",
  "value" : "556"
},{
  "dateTime" : "11/12/24 12:44:00",
  "value" : "0"
},{
  "dateTime" : "11/12/24 12:45:00",
  "value" : "626"
},{
  "dateTime" : "11/12/24 12:46:00",
  "value" : "209"
},{
  "dateTime" : "11/12/24 12:47:00",
  "value" : "2572"
},{
  "dateTime" : "11/12/24 12:48:00",
  "value" : "348"
},{
  "dateTime" : "11/12/24 12:49:00",
  "value" : "70"
},{
  "dateTime" : "11/12/24 12:50:00",
  "value" : "0"
},{
  "dateTime" : "11/12/24 12:51:00",
  "value" : "3540"
},{
  "dateTime" : "11/12/24 12:52:00",
  "value" : "0"
},{
  "dateTime" : "11/12/24 12:53:00",
  "value" : "410"
},{
  "dateTime" : "11/12/24 12:54:00",
  "value" : "0"
},{
  "dateTime" : "11/12/24 12:55:00",
  "value" : "0"
},{
  "dateTime" : "11/12/24 12:56:00",
  "value" : "0"
},{
  "dateTime" : "11/12/24 12:57:00",
  "value" : "0"
},{
  "dateTime" : "11/12/24 12:58:00",
  "value" : "5520"
},{
  "dateTime" : "11/12/24 12:59:00",
  "value" : "2570"
},{
  "dateTime" : "11/12/24 13:00:00",
  "value" : "0"
},{
  "dateTime" : "11/12/24 13:01:00",
  "value" : "0"
},{
  "dateTime" : "11/12/24 13:02:00",
  "value" : "9300"
},{
  "dateTime" : "11/12/24 13:03:00",
  "value" : "9430"
},{
  "dateTime" : "11/12/24 13:04:00",
  "value" : "8660"
},{
  "dateTime" : "11/12/24 13:05:00",
  "value" : "8690"
},{
  "dateTime" : "11/12/24 13:06:00",
  "value" : "8180"
},{
  "dateTime" : "11/12/24 13:07:00",
  "value" : "10360"
},{
  "dateTime" : "11/12/24 13:08:00",
  "value" : "7530"
},{
  "dateTime" : "11/12/24 13:09:00",
  "value" : "10930"
},{
  "dateTime" : "11/12/24 13:10:00",
  "value" : "6230"
},{
  "dateTime" : "11/12/24 13:11:00",
  "value" : "8610"
},{
  "dateTime" : "11/12/24 13:12:00",
  "value" : "9100"
},{
  "dateTime" : "11/12/24 13:13:00",
  "value" : "7330"
},{
  "dateTime" : "11/12/24 13:14:00",
  "value" : "6680"
},{
  "dateTime" : "11/12/24 13:15:00",
  "value" : "5240"
},{
  "dateTime" : "11/12/24 13:16:00",
  "value" : "6430"
},{
  "dateTime" : "11/12/24 13:17:00",
  "value" : "5420"
},{
  "dateTime" : "11/12/24 13:18:00",
  "value" : "5080"
},{
  "dateTime" : "11/12/24 13:19:00",
  "value" : "6920"
},{
  "dateTime" : "11/12/24 13:20:00",
  "value" : "5850"
},{
  "dateTime" : "11/12/24 13:21:00",
  "value" : "4430"
},{
  "dateTime" : "11/12/24 13:22:00",
  "value" : "5050"
},{
  "dateTime" : "11/12/24 13:23:00",
  "value" : "7550"
},{
  "dateTime" : "11/12/24 13:24:00",
  "value" : "530"
},{
  "dateTime" : "11/12/24 13:25:00",
  "value" : "0"
},{
  "dateTime" : "11/12/24 13:26:00",
  "value" : "640"
},{
  "dateTime" : "11/12/24 13:27:00",
  "value" : "480"
},{
  "dateTime" : "11/12/24 13:28:00",
  "value" : "0"
},{
  "dateTime" : "11/12/24 13:29:00",
  "value" : "0"
},{
  "dateTime" : "11/12/24 13:30:00",
  "value" : "0"
},{
  "dateTime" : "11/12/24 13:41:00",
  "value" : "278"
},{
  "dateTime" : "11/12/24 13:42:00",
  "value" : "1390"
},{
  "dateTime" : "11/12/24 13:48:00",
  "value" : "139"
},{
  "dateTime" : "11/12/24 13:49:00",
  "value" : "209"
},{
  "dateTime" : "11/12/24 16:59:00",
  "value" : "70"
},{
  "dateTime" : "11/12/24 17:00:00",
  "value" : "348"
},{
  "dateTime" : "11/12/24 21:40:00",
  "value" : "70"
},{
  "dateTime" : "11/12/24 21:41:00",
  "value" : "278"
},{
  "dateTime" : "11/12/24 21:47:00",
  "value" : "0"
},{
  "dateTime" : "11/12/24 21:48:00",
  "value" : "1390"
},{
  "dateTime" : "11/12/24 21:49:00",
  "value" : "70"
},{
  "dateTime" : "11/12/24 21:50:00",
  "value" : "1251"
},{
  "dateTime" : "11/12/24 21:51:00",
  "value" : "973"
},{
  "dateTime" : "11/12/24 22:32:00",
  "value" : "70"
},{
  "dateTime" : "11/12/24 22:33:00",
  "value" : "139"
},{
  "dateTime" : "11/12/24 22:38:00",
  "value" : "70"
},{
  "dateTime" : "11/12/24 22:39:00",
  "value" : "209"
},{
  "dateTime" : "11/13/24 00:19:00",
  "value" : "139"
},{
  "dateTime" : "11/13/24 00:20:00",
  "value" : "1946"
},{
  "dateTime" : "11/13/24 00:21:00",
  "value" : "834"
},{
  "dateTime" : "11/13/24 00:28:00",
  "value" : "0"
},{
  "dateTime" : "11/13/24 00:29:00",
  "value" : "139"
},{
  "dateTime" : "11/13/24 00:30:00",
  "value" : "3128"
},{
  "dateTime" : "11/13/24 00:34:00",
  "value" : "70"
},{
  "dateTime" : "11/13/24 00:35:00",
  "value" : "2850"
},{
  "dateTime" : "11/13/24 00:36:00",
  "value" : "765"
},{
  "dateTime" : "11/13/24 00:37:00",
  "value" : "139"
},{
  "dateTime" : "11/13/24 00:38:00",
  "value" : "70"
},{
  "dateTime" : "11/13/24 00:39:00",
  "value" : "1877"
},{
  "dateTime" : "11/13/24 01:12:00",
  "value" : "0"
},{
  "dateTime" : "11/13/24 01:13:00",
  "value" : "1877"
},{
  "dateTime" : "11/13/24 01:14:00",
  "value" : "834"
},{
  "dateTime" : "11/13/24 01:18:00",
  "value" : "139"
},{
  "dateTime" : "11/13/24 01:19:00",
  "value" : "2502"
},{
  "dateTime" : "11/13/24 07:42:00",
  "value" : "70"
},{
  "dateTime" : "11/13/24 07:43:00",
  "value" : "1182"
},{
  "dateTime" : "11/13/24 07:49:00",
  "value" : "139"
},{
  "dateTime" : "11/13/24 07:50:00",
  "value" : "1390"
},{
  "dateTime" : "11/13/24 08:06:00",
  "value" : "0"
},{
  "dateTime" : "11/13/24 08:07:00",
  "value" : "1738"
},{
  "dateTime" : "11/13/24 08:09:00",
  "value" : "0"
},{
  "dateTime" : "11/13/24 08:10:00",
  "value" : "1390"
},{
  "dateTime" : "11/13/24 08:11:00",
  "value" : "70"
},{
  "dateTime" : "11/13/24 08:18:00",
  "value" : "70"
},{
  "dateTime" : "11/13/24 08:19:00",
  "value" : "695"
},{
  "dateTime" : "11/13/24 08:23:00",
  "value" : "0"
},{
  "dateTime" : "11/13/24 08:24:00",
  "value" : "1182"
},{
  "dateTime" : "11/13/24 08:25:00",
  "value" : "70"
},{
  "dateTime" : "11/13/24 08:35:00",
  "value" : "0"
},{
  "dateTime" : "11/13/24 08:36:00",
  "value" : "209"
},{
  "dateTime" : "11/13/24 08:37:00",
  "value" : "1251"
},{
  "dateTime" : "11/13/24 08:39:00",
  "value" : "70"
},{
  "dateTime" : "11/13/24 08:40:00",
  "value" : "3406"
},{
  "dateTime" : "11/13/24 08:41:00",
  "value" : "3684"
},{
  "dateTime" : "11/13/24 09:13:00",
  "value" : "0"
},{
  "dateTime" : "11/13/24 09:14:00",
  "value" : "904"
},{
  "dateTime" : "11/13/24 09:54:00",
  "value" : "70"
},{
  "dateTime" : "11/13/24 09:55:00",
  "value" : "139"
},{
  "dateTime" : "11/13/24 09:56:00",
  "value" : "626"
},{
  "dateTime" : "11/13/24 09:57:00",
  "value" : "1668"
},{
  "dateTime" : "11/13/24 09:58:00",
  "value" : "1807"
},{
  "dateTime" : "11/13/24 09:59:00",
  "value" : "1251"
},{
  "dateTime" : "11/13/24 10:50:00",
  "value" : "70"
},{
  "dateTime" : "11/13/24 10:51:00",
  "value" : "904"
},{
  "dateTime" : "11/13/24 10:57:00",
  "value" : "0"
},{
  "dateTime" : "11/13/24 10:58:00",
  "value" : "487"
},{
  "dateTime" : "11/13/24 10:59:00",
  "value" : "139"
},{
  "dateTime" : "11/13/24 11:08:00",
  "value" : "70"
},{
  "dateTime" : "11/13/24 11:09:00",
  "value" : "1807"
},{
  "dateTime" : "11/13/24 11:10:00",
  "value" : "2224"
},{
  "dateTime" : "11/13/24 11:11:00",
  "value" : "139"
},{
  "dateTime" : "11/13/24 11:12:00",
  "value" : "1321"
},{
  "dateTime" : "11/13/24 11:15:00",
  "value" : "70"
},{
  "dateTime" : "11/13/24 11:16:00",
  "value" : "278"
},{
  "dateTime" : "11/13/24 11:45:00",
  "value" : "0"
},{
  "dateTime" : "11/13/24 11:46:00",
  "value" : "1251"
},{
  "dateTime" : "11/13/24 11:47:00",
  "value" : "1182"
},{
  "dateTime" : "11/13/24 11:48:00",
  "value" : "1877"
},{
  "dateTime" : "11/13/24 11:49:00",
  "value" : "2085"
},{
  "dateTime" : "11/13/24 11:55:00",
  "value" : "0"
},{
  "dateTime" : "11/13/24 11:56:00",
  "value" : "209"
},{
  "dateTime" : "11/13/24 11:57:00",
  "value" : "556"
},{
  "dateTime" : "11/13/24 12:38:00",
  "value" : "70"
},{
  "dateTime" : "11/13/24 12:39:00",
  "value" : "139"
},{
  "dateTime" : "11/13/24 12:41:00",
  "value" : "0"
},{
  "dateTime" : "11/13/24 12:42:00",
  "value" : "1251"
},{
  "dateTime" : "11/13/24 12:45:00",
  "value" : "70"
},{
  "dateTime" : "11/13/24 12:46:00",
  "value" : "417"
},{
  "dateTime" : "11/13/24 12:47:00",
  "value" : "209"
},{
  "dateTime" : "11/13/24 12:48:00",
  "value" : "2155"
},{
  "dateTime" : "11/13/24 12:58:00",
  "value" : "70"
},{
  "dateTime" : "11/13/24 12:59:00",
  "value" : "209"
},{
  "dateTime" : "11/13/24 13:20:00",
  "value" : "0"
},{
  "dateTime" : "11/13/24 13:21:00",
  "value" : "1182"
},{
  "dateTime" : "11/13/24 13:22:00",
  "value" : "1112"
},{
  "dateTime" : "11/13/24 13:24:00",
  "value" : "209"
},{
  "dateTime" : "11/13/24 13:25:00",
  "value" : "1599"
},{
  "dateTime" : "11/13/24 13:29:00",
  "value" : "0"
},{
  "dateTime" : "11/13/24 13:30:00",
  "value" : "1251"
},{
  "dateTime" : "11/13/24 13:31:00",
  "value" : "2224"
},{
  "dateTime" : "11/13/24 13:32:00",
  "value" : "139"
},{
  "dateTime" : "11/13/24 13:33:00",
  "value" : "2155"
},{
  "dateTime" : "11/13/24 17:44:00",
  "value" : "278"
},{
  "dateTime" : "11/13/24 17:45:00",
  "value" : "70"
},{
  "dateTime" : "11/13/24 21:49:00",
  "value" : "139"
},{
  "dateTime" : "11/13/24 21:50:00",
  "value" : "3336"
},{
  "dateTime" : "11/14/24 00:22:00",
  "value" : "139"
},{
  "dateTime" : "11/14/24 00:23:00",
  "value" : "695"
},{
  "dateTime" : "11/14/24 00:24:00",
  "value" : "695"
},{
  "dateTime" : "11/14/24 00:25:00",
  "value" : "0"
},{
  "dateTime" : "11/14/24 00:26:00",
  "value" : "904"
},{
  "dateTime" : "11/14/24 00:27:00",
  "value" : "1738"
},{
  "dateTime" : "11/14/24 00:32:00",
  "value" : "0"
},{
  "dateTime" : "11/14/24 00:33:00",
  "value" : "1043"
},{
  "dateTime" : "11/14/24 00:34:00",
  "value" : "1668"
},{
  "dateTime" : "11/14/24 05:28:00",
  "value" : "0"
},{
  "dateTime" : "11/14/24 05:29:00",
  "value" : "278"
},{
  "dateTime" : "11/14/24 07:58:00",
  "value" : "70"
},{
  "dateTime" : "11/14/24 07:59:00",
  "value" : "1599"
},{
  "dateTime" : "11/14/24 08:03:00",
  "value" : "70"
},{
  "dateTime" : "11/14/24 08:04:00",
  "value" : "1321"
},{
  "dateTime" : "11/14/24 08:05:00",
  "value" : "139"
},{
  "dateTime" : "11/14/24 08:28:00",
  "value" : "209"
},{
  "dateTime" : "11/14/24 08:29:00",
  "value" : "417"
},{
  "dateTime" : "11/14/24 08:32:00",
  "value" : "70"
},{
  "dateTime" : "11/14/24 08:33:00",
  "value" : "904"
},{
  "dateTime" : "11/14/24 08:42:00",
  "value" : "70"
},{
  "dateTime" : "11/14/24 08:43:00",
  "value" : "695"
},{
  "dateTime" : "11/14/24 11:31:00",
  "value" : "70"
},{
  "dateTime" : "11/14/24 11:32:00",
  "value" : "348"
},{
  "dateTime" : "11/14/24 12:33:00",
  "value" : "0"
},{
  "dateTime" : "11/14/24 12:34:00",
  "value" : "139"
},{
  "dateTime" : "11/14/24 12:35:00",
  "value" : "2780"
},{
  "dateTime" : "11/14/24 12:36:00",
  "value" : "487"
},{
  "dateTime" : "11/14/24 18:14:00",
  "value" : "70"
},{
  "dateTime" : "11/14/24 18:15:00",
  "value" : "2085"
},{
  "dateTime" : "11/14/24 18:16:00",
  "value" : "1251"
},{
  "dateTime" : "11/14/24 18:17:00",
  "value" : "70"
},{
  "dateTime" : "11/14/24 18:18:00",
  "value" : "1529"
},{
  "dateTime" : "11/14/24 18:19:00",
  "value" : "70"
},{
  "dateTime" : "11/14/24 18:20:00",
  "value" : "487"
},{
  "dateTime" : "11/14/24 18:21:00",
  "value" : "1738"
},{
  "dateTime" : "11/14/24 18:26:00",
  "value" : "0"
},{
  "dateTime" : "11/14/24 18:27:00",
  "value" : "139"
},{
  "dateTime" : "11/14/24 20:09:00",
  "value" : "70"
},{
  "dateTime" : "11/14/24 20:10:00",
  "value" : "348"
},{
  "dateTime" : "11/14/24 20:16:00",
  "value" : "70"
},{
  "dateTime" : "11/14/24 20:17:00",
  "value" : "2294"
},{
  "dateTime" : "11/14/24 20:18:00",
  "value" : "626"
},{
  "dateTime" : "11/14/24 22:56:00",
  "value" : "0"
},{
  "dateTime" : "11/14/24 22:57:00",
  "value" : "556"
},{
  "dateTime" : "11/14/24 22:58:00",
  "value" : "1460"
},{
  "dateTime" : "11/14/24 22:59:00",
  "value" : "209"
},{
  "dateTime" : "11/14/24 23:00:00",
  "value" : "556"
},{
  "dateTime" : "11/14/24 23:02:00",
  "value" : "70"
},{
  "dateTime" : "11/14/24 23:03:00",
  "value" : "2641"
},{
  "dateTime" : "11/14/24 23:04:00",
  "value" : "2780"
},{
  "dateTime" : "11/14/24 23:05:00",
  "value" : "0"
},{
  "dateTime" : "11/14/24 23:55:00",
  "value" : "0"
},{
  "dateTime" : "11/14/24 23:56:00",
  "value" : "278"
},{
  "dateTime" : "11/15/24 07:24:00",
  "value" : "278"
},{
  "dateTime" : "11/15/24 07:25:00",
  "value" : "0"
},{
  "dateTime" : "11/15/24 08:43:00",
  "value" : "70"
},{
  "dateTime" : "11/15/24 08:44:00",
  "value" : "1529"
},{
  "dateTime" : "11/15/24 08:48:00",
  "value" : "278"
},{
  "dateTime" : "11/15/24 08:49:00",
  "value" : "417"
},{
  "dateTime" : "11/15/24 11:37:00",
  "value" : "139"
},{
  "dateTime" : "11/15/24 11:38:00",
  "value" : "1460"
},{
  "dateTime" : "11/15/24 12:59:00",
  "value" : "0"
},{
  "dateTime" : "11/15/24 13:00:00",
  "value" : "487"
},{
  "dateTime" : "11/15/24 13:01:00",
  "value" : "70"
},{
  "dateTime" : "11/15/24 13:02:00",
  "value" : "765"
},{
  "dateTime" : "11/15/24 13:03:00",
  "value" : "1877"
},{
  "dateTime" : "11/15/24 13:07:00",
  "value" : "70"
},{
  "dateTime" : "11/15/24 13:08:00",
  "value" : "1668"
},{
  "dateTime" : "11/15/24 13:09:00",
  "value" : "3530"
},{
  "dateTime" : "11/15/24 13:10:00",
  "value" : "1100"
},{
  "dateTime" : "11/15/24 13:11:00",
  "value" : "0"
},{
  "dateTime" : "11/15/24 13:12:00",
  "value" : "1290"
},{
  "dateTime" : "11/15/24 13:13:00",
  "value" : "0"
},{
  "dateTime" : "11/15/24 13:14:00",
  "value" : "0"
},{
  "dateTime" : "11/15/24 13:15:00",
  "value" : "0"
},{
  "dateTime" : "11/15/24 13:16:00",
  "value" : "7590"
},{
  "dateTime" : "11/15/24 13:17:00",
  "value" : "3340"
},{
  "dateTime" : "11/15/24 13:18:00",
  "value" : "0"
},{
  "dateTime" : "11/15/24 13:19:00",
  "value" : "3210"
},{
  "dateTime" : "11/15/24 13:20:00",
  "value" : "3860"
},{
  "dateTime" : "11/15/24 13:21:00",
  "value" : "1170"
},{
  "dateTime" : "11/15/24 13:22:00",
  "value" : "3740"
},{
  "dateTime" : "11/15/24 13:23:00",
  "value" : "3960"
},{
  "dateTime" : "11/15/24 13:24:00",
  "value" : "2340"
},{
  "dateTime" : "11/15/24 13:25:00",
  "value" : "1450"
},{
  "dateTime" : "11/15/24 13:26:00",
  "value" : "1660"
},{
  "dateTime" : "11/15/24 13:27:00",
  "value" : "760"
},{
  "dateTime" : "11/15/24 13:28:00",
  "value" : "2860"
},{
  "dateTime" : "11/15/24 13:29:00",
  "value" : "3470"
},{
  "dateTime" : "11/15/24 13:30:00",
  "value" : "3340"
},{
  "dateTime" : "11/15/24 13:31:00",
  "value" : "5080"
},{
  "dateTime" : "11/15/24 13:32:00",
  "value" : "1900"
},{
  "dateTime" : "11/15/24 13:33:00",
  "value" : "5790"
},{
  "dateTime" : "11/15/24 13:34:00",
  "value" : "4210"
},{
  "dateTime" : "11/15/24 13:35:00",
  "value" : "6360"
},{
  "dateTime" : "11/15/24 13:36:00",
  "value" : "7040"
},{
  "dateTime" : "11/15/24 13:37:00",
  "value" : "7400"
},{
  "dateTime" : "11/15/24 13:38:00",
  "value" : "8680"
},{
  "dateTime" : "11/15/24 13:39:00",
  "value" : "4640"
},{
  "dateTime" : "11/15/24 13:40:00",
  "value" : "7500"
},{
  "dateTime" : "11/15/24 13:41:00",
  "value" : "4120"
},{
  "dateTime" : "11/15/24 13:42:00",
  "value" : "0"
},{
  "dateTime" : "11/15/24 13:43:00",
  "value" : "660"
},{
  "dateTime" : "11/15/24 13:44:00",
  "value" : "0"
},{
  "dateTime" : "11/15/24 13:45:00",
  "value" : "0"
},{
  "dateTime" : "11/15/24 13:46:00",
  "value" : "5730"
},{
  "dateTime" : "11/15/24 13:47:00",
  "value" : "3160"
},{
  "dateTime" : "11/15/24 13:48:00",
  "value" : "370"
},{
  "dateTime" : "11/15/24 13:49:00",
  "value" : "1770"
},{
  "dateTime" : "11/15/24 13:50:00",
  "value" : "7510"
},{
  "dateTime" : "11/15/24 13:51:00",
  "value" : "3130"
},{
  "dateTime" : "11/15/24 13:52:00",
  "value" : "220"
},{
  "dateTime" : "11/15/24 13:53:00",
  "value" : "0"
},{
  "dateTime" : "11/15/24 13:54:00",
  "value" : "0"
},{
  "dateTime" : "11/15/24 13:55:00",
  "value" : "0"
},{
  "dateTime" : "11/15/24 13:56:00",
  "value" : "0"
},{
  "dateTime" : "11/15/24 14:05:00",
  "value" : "70"
},{
  "dateTime" : "11/15/24 14:06:00",
  "value" : "2085"
},{
  "dateTime" : "11/15/24 21:23:00",
  "value" : "0"
},{
  "dateTime" : "11/15/24 21:24:00",
  "value" : "904"
},{
  "dateTime" : "11/15/24 21:25:00",
  "value" : "2780"
},{
  "dateTime" : "11/15/24 21:26:00",
  "value" : "0"
},{
  "dateTime" : "11/15/24 22:07:00",
  "value" : "0"
},{
  "dateTime" : "11/15/24 22:08:00",
  "value" : "348"
},{
  "dateTime" : "11/15/24 23:56:00",
  "value" : "139"
},{
  "dateTime" : "11/15/24 23:57:00",
  "value" : "765"
},{
  "dateTime" : "11/15/24 23:59:00",
  "value" : "70"
},{
  "dateTime" : "11/16/24 00:00:00",
  "value" : "2850"
},{
  "dateTime" : "11/16/24 00:01:00",
  "value" : "3336"
},{
  "dateTime" : "11/16/24 00:02:00",
  "value" : "417"
},{
  "dateTime" : "11/16/24 00:03:00",
  "value" : "348"
},{
  "dateTime" : "11/16/24 00:04:00",
  "value" : "904"
},{
  "dateTime" : "11/16/24 00:05:00",
  "value" : "2224"
},{
  "dateTime" : "11/16/24 00:06:00",
  "value" : "417"
},{
  "dateTime" : "11/16/24 03:28:00",
  "value" : "70"
},{
  "dateTime" : "11/16/24 03:29:00",
  "value" : "139"
},{
  "dateTime" : "11/16/24 11:30:00",
  "value" : "0"
},{
  "dateTime" : "11/16/24 11:31:00",
  "value" : "695"
},{
  "dateTime" : "11/16/24 11:32:00",
  "value" : "834"
},{
  "dateTime" : "11/16/24 11:54:00",
  "value" : "70"
},{
  "dateTime" : "11/16/24 11:55:00",
  "value" : "626"
},{
  "dateTime" : "11/16/24 11:56:00",
  "value" : "1112"
},{
  "dateTime" : "11/16/24 11:57:00",
  "value" : "7250"
},{
  "dateTime" : "11/16/24 12:19:00",
  "value" : "70"
},{
  "dateTime" : "11/16/24 12:20:00",
  "value" : "765"
},{
  "dateTime" : "11/16/24 12:21:00",
  "value" : "1877"
},{
  "dateTime" : "11/16/24 13:41:00",
  "value" : "139"
},{
  "dateTime" : "11/16/24 13:42:00",
  "value" : "278"
},{
  "dateTime" : "11/16/24 15:46:00",
  "value" : "0"
},{
  "dateTime" : "11/16/24 15:47:00",
  "value" : "417"
},{
  "dateTime" : "11/16/24 15:48:00",
  "value" : "2572"
},{
  "dateTime" : "11/16/24 15:53:00",
  "value" : "1700"
},{
  "dateTime" : "11/16/24 15:54:00",
  "value" : "2830"
},{
  "dateTime" : "11/16/24 15:55:00",
  "value" : "2490"
},{
  "dateTime" : "11/16/24 15:56:00",
  "value" : "0"
},{
  "dateTime" : "11/16/24 15:57:00",
  "value" : "0"
},{
  "dateTime" : "11/16/24 15:58:00",
  "value" : "520"
},{
  "dateTime" : "11/16/24 15:59:00",
  "value" : "0"
},{
  "dateTime" : "11/16/24 16:00:00",
  "value" : "0"
},{
  "dateTime" : "11/16/24 16:01:00",
  "value" : "0"
},{
  "dateTime" : "11/16/24 16:02:00",
  "value" : "0"
},{
  "dateTime" : "11/16/24 16:03:00",
  "value" : "0"
},{
  "dateTime" : "11/16/24 16:04:00",
  "value" : "0"
},{
  "dateTime" : "11/16/24 16:05:00",
  "value" : "0"
},{
  "dateTime" : "11/16/24 16:06:00",
  "value" : "0"
},{
  "dateTime" : "11/16/24 16:07:00",
  "value" : "0"
},{
  "dateTime" : "11/16/24 16:08:00",
  "value" : "2040"
},{
  "dateTime" : "11/16/24 16:09:00",
  "value" : "2970"
},{
  "dateTime" : "11/16/24 16:10:00",
  "value" : "760"
},{
  "dateTime" : "11/16/24 16:11:00",
  "value" : "2130"
},{
  "dateTime" : "11/16/24 16:12:00",
  "value" : "210"
},{
  "dateTime" : "11/16/24 16:13:00",
  "value" : "4900"
},{
  "dateTime" : "11/16/24 16:14:00",
  "value" : "910"
},{
  "dateTime" : "11/16/24 16:15:00",
  "value" : "0"
},{
  "dateTime" : "11/16/24 16:16:00",
  "value" : "0"
},{
  "dateTime" : "11/16/24 16:17:00",
  "value" : "800"
},{
  "dateTime" : "11/16/24 16:18:00",
  "value" : "0"
},{
  "dateTime" : "11/16/24 16:19:00",
  "value" : "0"
},{
  "dateTime" : "11/16/24 16:20:00",
  "value" : "2820"
},{
  "dateTime" : "11/16/24 16:21:00",
  "value" : "2250"
},{
  "dateTime" : "11/16/24 16:22:00",
  "value" : "820"
},{
  "dateTime" : "11/16/24 16:23:00",
  "value" : "2670"
},{
  "dateTime" : "11/16/24 16:24:00",
  "value" : "660"
},{
  "dateTime" : "11/16/24 16:25:00",
  "value" : "430"
},{
  "dateTime" : "11/16/24 16:26:00",
  "value" : "3340"
},{
  "dateTime" : "11/16/24 16:27:00",
  "value" : "2450"
},{
  "dateTime" : "11/16/24 16:28:00",
  "value" : "540"
},{
  "dateTime" : "11/16/24 16:29:00",
  "value" : "0"
},{
  "dateTime" : "11/16/24 16:30:00",
  "value" : "0"
},{
  "dateTime" : "11/16/24 16:31:00",
  "value" : "510"
},{
  "dateTime" : "11/16/24 16:32:00",
  "value" : "0"
},{
  "dateTime" : "11/16/24 16:33:00",
  "value" : "0"
},{
  "dateTime" : "11/16/24 16:34:00",
  "value" : "0"
},{
  "dateTime" : "11/16/24 16:35:00",
  "value" : "0"
},{
  "dateTime" : "11/16/24 16:36:00",
  "value" : "0"
},{
  "dateTime" : "11/16/24 16:37:00",
  "value" : "0"
},{
  "dateTime" : "11/16/24 16:38:00",
  "value" : "0"
},{
  "dateTime" : "11/16/24 16:58:00",
  "value" : "70"
},{
  "dateTime" : "11/16/24 16:59:00",
  "value" : "278"
},{
  "dateTime" : "11/16/24 19:34:00",
  "value" : "70"
},{
  "dateTime" : "11/16/24 19:35:00",
  "value" : "695"
},{
  "dateTime" : "11/16/24 19:47:00",
  "value" : "139"
},{
  "dateTime" : "11/16/24 19:48:00",
  "value" : "278"
},{
  "dateTime" : "11/16/24 19:49:00",
  "value" : "278"
},{
  "dateTime" : "11/16/24 19:50:00",
  "value" : "278"
},{
  "dateTime" : "11/16/24 19:51:00",
  "value" : "417"
},{
  "dateTime" : "11/16/24 19:52:00",
  "value" : "0"
},{
  "dateTime" : "11/16/24 19:53:00",
  "value" : "2180"
},{
  "dateTime" : "11/16/24 19:54:00",
  "value" : "0"
},{
  "dateTime" : "11/16/24 19:55:00",
  "value" : "0"
},{
  "dateTime" : "11/16/24 19:56:00",
  "value" : "0"
},{
  "dateTime" : "11/16/24 19:57:00",
  "value" : "0"
},{
  "dateTime" : "11/16/24 19:58:00",
  "value" : "0"
},{
  "dateTime" : "11/16/24 19:59:00",
  "value" : "0"
},{
  "dateTime" : "11/16/24 20:00:00",
  "value" : "0"
},{
  "dateTime" : "11/16/24 20:01:00",
  "value" : "0"
},{
  "dateTime" : "11/16/24 20:02:00",
  "value" : "0"
},{
  "dateTime" : "11/16/24 20:03:00",
  "value" : "0"
},{
  "dateTime" : "11/16/24 20:04:00",
  "value" : "0"
},{
  "dateTime" : "11/16/24 20:05:00",
  "value" : "0"
},{
  "dateTime" : "11/16/24 20:06:00",
  "value" : "0"
},{
  "dateTime" : "11/16/24 20:07:00",
  "value" : "0"
},{
  "dateTime" : "11/16/24 20:08:00",
  "value" : "0"
},{
  "dateTime" : "11/16/24 20:09:00",
  "value" : "0"
},{
  "dateTime" : "11/16/24 20:10:00",
  "value" : "0"
},{
  "dateTime" : "11/16/24 20:11:00",
  "value" : "0"
},{
  "dateTime" : "11/16/24 20:12:00",
  "value" : "0"
},{
  "dateTime" : "11/16/24 20:13:00",
  "value" : "0"
},{
  "dateTime" : "11/16/24 20:14:00",
  "value" : "0"
},{
  "dateTime" : "11/16/24 20:15:00",
  "value" : "0"
},{
  "dateTime" : "11/16/24 20:16:00",
  "value" : "2410"
},{
  "dateTime" : "11/16/24 20:17:00",
  "value" : "1710"
},{
  "dateTime" : "11/16/24 20:18:00",
  "value" : "3060"
},{
  "dateTime" : "11/16/24 20:19:00",
  "value" : "1160"
},{
  "dateTime" : "11/16/24 20:20:00",
  "value" : "0"
},{
  "dateTime" : "11/16/24 20:21:00",
  "value" : "150"
},{
  "dateTime" : "11/16/24 20:22:00",
  "value" : "0"
},{
  "dateTime" : "11/16/24 20:23:00",
  "value" : "0"
},{
  "dateTime" : "11/16/24 20:24:00",
  "value" : "0"
},{
  "dateTime" : "11/16/24 20:25:00",
  "value" : "0"
},{
  "dateTime" : "11/16/24 20:26:00",
  "value" : "300"
},{
  "dateTime" : "11/16/24 20:27:00",
  "value" : "360"
},{
  "dateTime" : "11/16/24 20:28:00",
  "value" : "0"
},{
  "dateTime" : "11/16/24 20:29:00",
  "value" : "0"
},{
  "dateTime" : "11/16/24 20:30:00",
  "value" : "0"
},{
  "dateTime" : "11/16/24 20:31:00",
  "value" : "0"
},{
  "dateTime" : "11/16/24 20:32:00",
  "value" : "0"
},{
  "dateTime" : "11/16/24 20:33:00",
  "value" : "0"
},{
  "dateTime" : "11/16/24 20:34:00",
  "value" : "0"
},{
  "dateTime" : "11/16/24 20:35:00",
  "value" : "0"
},{
  "dateTime" : "11/16/24 20:36:00",
  "value" : "0"
},{
  "dateTime" : "11/16/24 20:37:00",
  "value" : "0"
},{
  "dateTime" : "11/16/24 20:38:00",
  "value" : "0"
},{
  "dateTime" : "11/16/24 20:39:00",
  "value" : "0"
},{
  "dateTime" : "11/16/24 20:40:00",
  "value" : "0"
},{
  "dateTime" : "11/16/24 20:41:00",
  "value" : "0"
},{
  "dateTime" : "11/16/24 20:42:00",
  "value" : "0"
},{
  "dateTime" : "11/16/24 20:43:00",
  "value" : "0"
},{
  "dateTime" : "11/16/24 20:44:00",
  "value" : "0"
},{
  "dateTime" : "11/16/24 20:45:00",
  "value" : "0"
},{
  "dateTime" : "11/16/24 20:46:00",
  "value" : "0"
},{
  "dateTime" : "11/16/24 20:47:00",
  "value" : "0"
},{
  "dateTime" : "11/16/24 20:48:00",
  "value" : "0"
},{
  "dateTime" : "11/16/24 20:49:00",
  "value" : "0"
},{
  "dateTime" : "11/16/24 20:50:00",
  "value" : "0"
},{
  "dateTime" : "11/16/24 20:51:00",
  "value" : "0"
},{
  "dateTime" : "11/16/24 20:52:00",
  "value" : "0"
},{
  "dateTime" : "11/16/24 20:54:00",
  "value" : "0"
},{
  "dateTime" : "11/16/24 20:55:00",
  "value" : "0"
},{
  "dateTime" : "11/16/24 20:56:00",
  "value" : "0"
},{
  "dateTime" : "11/16/24 20:57:00",
  "value" : "0"
},{
  "dateTime" : "11/16/24 20:58:00",
  "value" : "0"
},{
  "dateTime" : "11/16/24 20:59:00",
  "value" : "0"
},{
  "dateTime" : "11/16/24 21:00:00",
  "value" : "0"
},{
  "dateTime" : "11/16/24 21:01:00",
  "value" : "0"
},{
  "dateTime" : "11/16/24 21:02:00",
  "value" : "0"
},{
  "dateTime" : "11/16/24 21:03:00",
  "value" : "0"
},{
  "dateTime" : "11/16/24 21:04:00",
  "value" : "0"
},{
  "dateTime" : "11/16/24 21:05:00",
  "value" : "0"
},{
  "dateTime" : "11/16/24 21:06:00",
  "value" : "0"
},{
  "dateTime" : "11/16/24 21:07:00",
  "value" : "0"
},{
  "dateTime" : "11/16/24 21:08:00",
  "value" : "0"
},{
  "dateTime" : "11/16/24 21:09:00",
  "value" : "0"
},{
  "dateTime" : "11/16/24 21:10:00",
  "value" : "0"
},{
  "dateTime" : "11/16/24 21:11:00",
  "value" : "0"
},{
  "dateTime" : "11/16/24 21:12:00",
  "value" : "0"
},{
  "dateTime" : "11/16/24 21:13:00",
  "value" : "0"
},{
  "dateTime" : "11/16/24 21:14:00",
  "value" : "0"
},{
  "dateTime" : "11/16/24 21:15:00",
  "value" : "0"
},{
  "dateTime" : "11/16/24 21:16:00",
  "value" : "0"
},{
  "dateTime" : "11/16/24 21:17:00",
  "value" : "0"
},{
  "dateTime" : "11/16/24 21:18:00",
  "value" : "360"
},{
  "dateTime" : "11/16/24 21:19:00",
  "value" : "0"
},{
  "dateTime" : "11/16/24 21:20:00",
  "value" : "0"
},{
  "dateTime" : "11/16/24 21:21:00",
  "value" : "0"
},{
  "dateTime" : "11/16/24 21:22:00",
  "value" : "0"
},{
  "dateTime" : "11/16/24 21:23:00",
  "value" : "0"
},{
  "dateTime" : "11/16/24 21:24:00",
  "value" : "0"
},{
  "dateTime" : "11/16/24 21:25:00",
  "value" : "0"
},{
  "dateTime" : "11/16/24 21:26:00",
  "value" : "0"
},{
  "dateTime" : "11/16/24 21:27:00",
  "value" : "0"
},{
  "dateTime" : "11/16/24 21:28:00",
  "value" : "0"
},{
  "dateTime" : "11/16/24 21:29:00",
  "value" : "0"
},{
  "dateTime" : "11/16/24 21:30:00",
  "value" : "0"
},{
  "dateTime" : "11/16/24 21:31:00",
  "value" : "0"
},{
  "dateTime" : "11/16/24 21:32:00",
  "value" : "0"
},{
  "dateTime" : "11/16/24 21:33:00",
  "value" : "0"
},{
  "dateTime" : "11/16/24 21:34:00",
  "value" : "0"
},{
  "dateTime" : "11/16/24 21:35:00",
  "value" : "0"
},{
  "dateTime" : "11/16/24 21:36:00",
  "value" : "0"
},{
  "dateTime" : "11/16/24 21:37:00",
  "value" : "0"
},{
  "dateTime" : "11/16/24 21:38:00",
  "value" : "0"
},{
  "dateTime" : "11/16/24 21:39:00",
  "value" : "0"
},{
  "dateTime" : "11/16/24 21:40:00",
  "value" : "0"
},{
  "dateTime" : "11/16/24 21:41:00",
  "value" : "0"
},{
  "dateTime" : "11/16/24 21:42:00",
  "value" : "0"
},{
  "dateTime" : "11/16/24 21:43:00",
  "value" : "0"
},{
  "dateTime" : "11/16/24 21:44:00",
  "value" : "0"
},{
  "dateTime" : "11/16/24 21:45:00",
  "value" : "0"
},{
  "dateTime" : "11/16/24 21:46:00",
  "value" : "0"
},{
  "dateTime" : "11/16/24 21:47:00",
  "value" : "670"
},{
  "dateTime" : "11/16/24 21:48:00",
  "value" : "0"
},{
  "dateTime" : "11/16/24 21:49:00",
  "value" : "0"
},{
  "dateTime" : "11/16/24 21:50:00",
  "value" : "0"
},{
  "dateTime" : "11/16/24 21:51:00",
  "value" : "0"
},{
  "dateTime" : "11/16/24 21:52:00",
  "value" : "0"
},{
  "dateTime" : "11/16/24 21:53:00",
  "value" : "0"
},{
  "dateTime" : "11/16/24 21:54:00",
  "value" : "0"
},{
  "dateTime" : "11/16/24 21:56:00",
  "value" : "0"
},{
  "dateTime" : "11/16/24 21:59:00",
  "value" : "0"
},{
  "dateTime" : "11/16/24 22:00:00",
  "value" : "0"
},{
  "dateTime" : "11/16/24 22:01:00",
  "value" : "0"
},{
  "dateTime" : "11/16/24 22:02:00",
  "value" : "3830"
},{
  "dateTime" : "11/16/24 22:03:00",
  "value" : "1200"
},{
  "dateTime" : "11/16/24 22:04:00",
  "value" : "0"
},{
  "dateTime" : "11/16/24 22:05:00",
  "value" : "0"
},{
  "dateTime" : "11/16/24 22:06:00",
  "value" : "0"
},{
  "dateTime" : "11/16/24 22:07:00",
  "value" : "0"
},{
  "dateTime" : "11/16/24 22:08:00",
  "value" : "0"
},{
  "dateTime" : "11/16/24 22:09:00",
  "value" : "0"
},{
  "dateTime" : "11/16/24 22:10:00",
  "value" : "0"
},{
  "dateTime" : "11/16/24 22:11:00",
  "value" : "0"
},{
  "dateTime" : "11/16/24 22:12:00",
  "value" : "0"
},{
  "dateTime" : "11/16/24 22:13:00",
  "value" : "0"
},{
  "dateTime" : "11/16/24 22:15:00",
  "value" : "0"
},{
  "dateTime" : "11/16/24 22:17:00",
  "value" : "0"
},{
  "dateTime" : "11/16/24 22:18:00",
  "value" : "0"
},{
  "dateTime" : "11/16/24 22:19:00",
  "value" : "550"
},{
  "dateTime" : "11/16/24 22:20:00",
  "value" : "0"
},{
  "dateTime" : "11/16/24 22:21:00",
  "value" : "0"
},{
  "dateTime" : "11/16/24 22:22:00",
  "value" : "0"
},{
  "dateTime" : "11/16/24 22:23:00",
  "value" : "0"
},{
  "dateTime" : "11/16/24 22:24:00",
  "value" : "0"
},{
  "dateTime" : "11/16/24 22:25:00",
  "value" : "0"
},{
  "dateTime" : "11/16/24 22:26:00",
  "value" : "0"
},{
  "dateTime" : "11/16/24 22:27:00",
  "value" : "0"
},{
  "dateTime" : "11/16/24 22:28:00",
  "value" : "0"
},{
  "dateTime" : "11/16/24 22:29:00",
  "value" : "0"
},{
  "dateTime" : "11/16/24 22:30:00",
  "value" : "0"
},{
  "dateTime" : "11/16/24 22:31:00",
  "value" : "0"
},{
  "dateTime" : "11/16/24 22:32:00",
  "value" : "0"
},{
  "dateTime" : "11/16/24 22:33:00",
  "value" : "0"
},{
  "dateTime" : "11/16/24 22:34:00",
  "value" : "0"
},{
  "dateTime" : "11/16/24 22:35:00",
  "value" : "0"
},{
  "dateTime" : "11/16/24 22:36:00",
  "value" : "0"
},{
  "dateTime" : "11/16/24 22:37:00",
  "value" : "760"
},{
  "dateTime" : "11/16/24 22:38:00",
  "value" : "0"
},{
  "dateTime" : "11/16/24 22:40:00",
  "value" : "0"
},{
  "dateTime" : "11/16/24 22:41:00",
  "value" : "0"
},{
  "dateTime" : "11/16/24 22:42:00",
  "value" : "0"
},{
  "dateTime" : "11/16/24 22:43:00",
  "value" : "0"
},{
  "dateTime" : "11/16/24 22:44:00",
  "value" : "0"
},{
  "dateTime" : "11/16/24 22:45:00",
  "value" : "0"
},{
  "dateTime" : "11/16/24 22:46:00",
  "value" : "0"
},{
  "dateTime" : "11/16/24 22:47:00",
  "value" : "0"
},{
  "dateTime" : "11/16/24 22:48:00",
  "value" : "0"
},{
  "dateTime" : "11/16/24 22:49:00",
  "value" : "0"
},{
  "dateTime" : "11/16/24 22:50:00",
  "value" : "0"
},{
  "dateTime" : "11/16/24 22:51:00",
  "value" : "0"
},{
  "dateTime" : "11/16/24 22:52:00",
  "value" : "0"
},{
  "dateTime" : "11/16/24 22:53:00",
  "value" : "0"
},{
  "dateTime" : "11/16/24 22:54:00",
  "value" : "0"
},{
  "dateTime" : "11/16/24 22:55:00",
  "value" : "0"
},{
  "dateTime" : "11/16/24 22:56:00",
  "value" : "0"
},{
  "dateTime" : "11/16/24 22:57:00",
  "value" : "0"
},{
  "dateTime" : "11/16/24 22:58:00",
  "value" : "0"
},{
  "dateTime" : "11/16/24 22:59:00",
  "value" : "0"
},{
  "dateTime" : "11/16/24 23:00:00",
  "value" : "0"
},{
  "dateTime" : "11/16/24 23:01:00",
  "value" : "0"
},{
  "dateTime" : "11/16/24 23:02:00",
  "value" : "0"
},{
  "dateTime" : "11/16/24 23:03:00",
  "value" : "0"
},{
  "dateTime" : "11/16/24 23:04:00",
  "value" : "770"
},{
  "dateTime" : "11/16/24 23:05:00",
  "value" : "0"
},{
  "dateTime" : "11/16/24 23:06:00",
  "value" : "0"
},{
  "dateTime" : "11/16/24 23:07:00",
  "value" : "0"
},{
  "dateTime" : "11/16/24 23:08:00",
  "value" : "0"
},{
  "dateTime" : "11/16/24 23:09:00",
  "value" : "0"
},{
  "dateTime" : "11/16/24 23:10:00",
  "value" : "0"
},{
  "dateTime" : "11/16/24 23:11:00",
  "value" : "0"
},{
  "dateTime" : "11/16/24 23:12:00",
  "value" : "0"
},{
  "dateTime" : "11/16/24 23:13:00",
  "value" : "0"
},{
  "dateTime" : "11/16/24 23:14:00",
  "value" : "0"
},{
  "dateTime" : "11/16/24 23:15:00",
  "value" : "0"
},{
  "dateTime" : "11/16/24 23:16:00",
  "value" : "0"
},{
  "dateTime" : "11/16/24 23:17:00",
  "value" : "0"
},{
  "dateTime" : "11/16/24 23:18:00",
  "value" : "0"
},{
  "dateTime" : "11/16/24 23:19:00",
  "value" : "0"
},{
  "dateTime" : "11/16/24 23:20:00",
  "value" : "0"
},{
  "dateTime" : "11/16/24 23:21:00",
  "value" : "0"
},{
  "dateTime" : "11/16/24 23:22:00",
  "value" : "300"
},{
  "dateTime" : "11/16/24 23:23:00",
  "value" : "0"
},{
  "dateTime" : "11/16/24 23:24:00",
  "value" : "0"
},{
  "dateTime" : "11/16/24 23:25:00",
  "value" : "0"
},{
  "dateTime" : "11/16/24 23:26:00",
  "value" : "0"
},{
  "dateTime" : "11/16/24 23:27:00",
  "value" : "0"
},{
  "dateTime" : "11/16/24 23:28:00",
  "value" : "0"
},{
  "dateTime" : "11/16/24 23:29:00",
  "value" : "0"
},{
  "dateTime" : "11/16/24 23:30:00",
  "value" : "0"
},{
  "dateTime" : "11/16/24 23:32:00",
  "value" : "0"
},{
  "dateTime" : "11/16/24 23:33:00",
  "value" : "0"
},{
  "dateTime" : "11/16/24 23:38:00",
  "value" : "70"
},{
  "dateTime" : "11/16/24 23:39:00",
  "value" : "0"
},{
  "dateTime" : "11/16/24 23:40:00",
  "value" : "0"
},{
  "dateTime" : "11/16/24 23:41:00",
  "value" : "0"
},{
  "dateTime" : "11/16/24 23:42:00",
  "value" : "0"
},{
  "dateTime" : "11/16/24 23:43:00",
  "value" : "0"
},{
  "dateTime" : "11/16/24 23:44:00",
  "value" : "0"
},{
  "dateTime" : "11/16/24 23:45:00",
  "value" : "0"
},{
  "dateTime" : "11/16/24 23:46:00",
  "value" : "0"
},{
  "dateTime" : "11/16/24 23:47:00",
  "value" : "0"
},{
  "dateTime" : "11/16/24 23:48:00",
  "value" : "0"
},{
  "dateTime" : "11/16/24 23:49:00",
  "value" : "0"
},{
  "dateTime" : "11/16/24 23:50:00",
  "value" : "0"
},{
  "dateTime" : "11/16/24 23:51:00",
  "value" : "0"
},{
  "dateTime" : "11/16/24 23:52:00",
  "value" : "0"
},{
  "dateTime" : "11/16/24 23:53:00",
  "value" : "0"
},{
  "dateTime" : "11/16/24 23:54:00",
  "value" : "0"
},{
  "dateTime" : "11/16/24 23:55:00",
  "value" : "0"
},{
  "dateTime" : "11/16/24 23:56:00",
  "value" : "0"
},{
  "dateTime" : "11/16/24 23:57:00",
  "value" : "0"
},{
  "dateTime" : "11/16/24 23:58:00",
  "value" : "0"
},{
  "dateTime" : "11/16/24 23:59:00",
  "value" : "0"
},{
  "dateTime" : "11/17/24 00:00:00",
  "value" : "0"
},{
  "dateTime" : "11/17/24 00:01:00",
  "value" : "1610"
},{
  "dateTime" : "11/17/24 00:02:00",
  "value" : "0"
},{
  "dateTime" : "11/17/24 00:03:00",
  "value" : "0"
},{
  "dateTime" : "11/17/24 00:04:00",
  "value" : "3050"
},{
  "dateTime" : "11/17/24 00:05:00",
  "value" : "0"
},{
  "dateTime" : "11/17/24 00:06:00",
  "value" : "0"
},{
  "dateTime" : "11/17/24 00:07:00",
  "value" : "3440"
},{
  "dateTime" : "11/17/24 00:08:00",
  "value" : "0"
},{
  "dateTime" : "11/17/24 00:09:00",
  "value" : "4770"
},{
  "dateTime" : "11/17/24 00:10:00",
  "value" : "740"
},{
  "dateTime" : "11/17/24 00:11:00",
  "value" : "0"
},{
  "dateTime" : "11/17/24 00:12:00",
  "value" : "0"
},{
  "dateTime" : "11/17/24 00:13:00",
  "value" : "1350"
},{
  "dateTime" : "11/17/24 00:14:00",
  "value" : "0"
},{
  "dateTime" : "11/17/24 00:15:00",
  "value" : "0"
},{
  "dateTime" : "11/17/24 00:16:00",
  "value" : "0"
},{
  "dateTime" : "11/17/24 00:17:00",
  "value" : "0"
},{
  "dateTime" : "11/17/24 00:18:00",
  "value" : "0"
},{
  "dateTime" : "11/17/24 00:19:00",
  "value" : "0"
},{
  "dateTime" : "11/17/24 00:20:00",
  "value" : "0"
},{
  "dateTime" : "11/17/24 00:21:00",
  "value" : "0"
},{
  "dateTime" : "11/17/24 00:22:00",
  "value" : "1550"
},{
  "dateTime" : "11/17/24 00:23:00",
  "value" : "0"
},{
  "dateTime" : "11/17/24 00:24:00",
  "value" : "0"
},{
  "dateTime" : "11/17/24 00:25:00",
  "value" : "0"
},{
  "dateTime" : "11/17/24 00:26:00",
  "value" : "0"
},{
  "dateTime" : "11/17/24 00:27:00",
  "value" : "0"
},{
  "dateTime" : "11/17/24 00:28:00",
  "value" : "0"
},{
  "dateTime" : "11/17/24 00:29:00",
  "value" : "0"
},{
  "dateTime" : "11/17/24 00:30:00",
  "value" : "0"
},{
  "dateTime" : "11/17/24 00:31:00",
  "value" : "0"
},{
  "dateTime" : "11/17/24 00:32:00",
  "value" : "0"
},{
  "dateTime" : "11/17/24 00:33:00",
  "value" : "0"
},{
  "dateTime" : "11/17/24 00:34:00",
  "value" : "0"
},{
  "dateTime" : "11/17/24 00:35:00",
  "value" : "0"
},{
  "dateTime" : "11/17/24 00:36:00",
  "value" : "0"
},{
  "dateTime" : "11/17/24 00:37:00",
  "value" : "0"
},{
  "dateTime" : "11/17/24 00:39:00",
  "value" : "0"
},{
  "dateTime" : "11/17/24 00:40:00",
  "value" : "0"
},{
  "dateTime" : "11/17/24 00:41:00",
  "value" : "0"
},{
  "dateTime" : "11/17/24 00:42:00",
  "value" : "0"
},{
  "dateTime" : "11/17/24 00:43:00",
  "value" : "0"
},{
  "dateTime" : "11/17/24 00:44:00",
  "value" : "0"
},{
  "dateTime" : "11/17/24 00:47:00",
  "value" : "0"
},{
  "dateTime" : "11/17/24 00:50:00",
  "value" : "0"
},{
  "dateTime" : "11/17/24 00:56:00",
  "value" : "0"
},{
  "dateTime" : "11/17/24 00:58:00",
  "value" : "0"
},{
  "dateTime" : "11/17/24 01:02:00",
  "value" : "0"
},{
  "dateTime" : "11/17/24 01:15:00",
  "value" : "0"
},{
  "dateTime" : "11/17/24 01:49:00",
  "value" : "0"
},{
  "dateTime" : "11/17/24 01:50:00",
  "value" : "0"
},{
  "dateTime" : "11/17/24 01:52:00",
  "value" : "0"
},{
  "dateTime" : "11/17/24 02:06:00",
  "value" : "0"
},{
  "dateTime" : "11/17/24 05:16:00",
  "value" : "70"
},{
  "dateTime" : "11/17/24 05:17:00",
  "value" : "487"
},{
  "dateTime" : "11/17/24 09:32:00",
  "value" : "139"
},{
  "dateTime" : "11/17/24 09:33:00",
  "value" : "1529"
},{
  "dateTime" : "11/17/24 12:38:00",
  "value" : "139"
},{
  "dateTime" : "11/17/24 12:39:00",
  "value" : "3336"
},{
  "dateTime" : "11/17/24 12:40:00",
  "value" : "3336"
},{
  "dateTime" : "11/17/24 12:41:00",
  "value" : "626"
},{
  "dateTime" : "11/17/24 12:42:00",
  "value" : "1529"
},{
  "dateTime" : "11/17/24 12:43:00",
  "value" : "0"
},{
  "dateTime" : "11/17/24 12:44:00",
  "value" : "1807"
},{
  "dateTime" : "11/17/24 12:45:00",
  "value" : "2711"
},{
  "dateTime" : "11/17/24 12:46:00",
  "value" : "1668"
},{
  "dateTime" : "11/17/24 13:01:00",
  "value" : "139"
},{
  "dateTime" : "11/17/24 13:02:00",
  "value" : "2641"
},{
  "dateTime" : "11/17/24 13:03:00",
  "value" : "3823"
},{
  "dateTime" : "11/17/24 16:32:00",
  "value" : "70"
},{
  "dateTime" : "11/17/24 16:33:00",
  "value" : "1599"
},{
  "dateTime" : "11/17/24 16:34:00",
  "value" : "695"
},{
  "dateTime" : "11/17/24 17:45:00",
  "value" : "70"
},{
  "dateTime" : "11/17/24 17:46:00",
  "value" : "348"
},{
  "dateTime" : "11/17/24 18:03:00",
  "value" : "0"
},{
  "dateTime" : "11/17/24 18:04:00",
  "value" : "348"
},{
  "dateTime" : "11/17/24 18:05:00",
  "value" : "3684"
},{
  "dateTime" : "11/17/24 18:06:00",
  "value" : "0"
},{
  "dateTime" : "11/17/24 18:14:00",
  "value" : "70"
},{
  "dateTime" : "11/17/24 18:15:00",
  "value" : "278"
},{
  "dateTime" : "11/17/24 18:45:00",
  "value" : "278"
},{
  "dateTime" : "11/17/24 18:46:00",
  "value" : "0"
},{
  "dateTime" : "11/17/24 21:42:00",
  "value" : "0"
},{
  "dateTime" : "11/17/24 21:43:00",
  "value" : "348"
},{
  "dateTime" : "11/17/24 21:44:00",
  "value" : "0"
},{
  "dateTime" : "11/17/24 21:45:00",
  "value" : "1321"
},{
  "dateTime" : "11/17/24 21:46:00",
  "value" : "765"
},{
  "dateTime" : "11/17/24 22:57:00",
  "value" : "70"
},{
  "dateTime" : "11/17/24 22:58:00",
  "value" : "1807"
},{
  "dateTime" : "11/17/24 23:04:00",
  "value" : "487"
},{
  "dateTime" : "11/17/24 23:05:00",
  "value" : "2919"
},{
  "dateTime" : "11/17/24 23:06:00",
  "value" : "834"
},{
  "dateTime" : "11/17/24 23:07:00",
  "value" : "556"
},{
  "dateTime" : "11/17/24 23:08:00",
  "value" : "904"
},{
  "dateTime" : "11/17/24 23:25:00",
  "value" : "70"
},{
  "dateTime" : "11/17/24 23:26:00",
  "value" : "139"
},{
  "dateTime" : "11/18/24 00:07:00",
  "value" : "139"
},{
  "dateTime" : "11/18/24 00:08:00",
  "value" : "70"
},{
  "dateTime" : "11/18/24 00:14:00",
  "value" : "0"
},{
  "dateTime" : "11/18/24 00:15:00",
  "value" : "1877"
},{
  "dateTime" : "11/18/24 00:16:00",
  "value" : "973"
},{
  "dateTime" : "11/18/24 00:17:00",
  "value" : "70"
},{
  "dateTime" : "11/18/24 00:18:00",
  "value" : "834"
},{
  "dateTime" : "11/18/24 00:19:00",
  "value" : "556"
},{
  "dateTime" : "11/18/24 00:20:00",
  "value" : "2433"
},{
  "dateTime" : "11/18/24 00:21:00",
  "value" : "2572"
},{
  "dateTime" : "11/18/24 00:22:00",
  "value" : "556"
},{
  "dateTime" : "11/18/24 00:23:00",
  "value" : "70"
},{
  "dateTime" : "11/18/24 00:24:00",
  "value" : "139"
},{
  "dateTime" : "11/18/24 00:25:00",
  "value" : "0"
},{
  "dateTime" : "11/18/24 01:35:00",
  "value" : "70"
},{
  "dateTime" : "11/18/24 01:36:00",
  "value" : "139"
},{
  "dateTime" : "11/18/24 01:43:00",
  "value" : "0"
},{
  "dateTime" : "11/18/24 01:44:00",
  "value" : "1529"
},{
  "dateTime" : "11/18/24 01:46:00",
  "value" : "139"
},{
  "dateTime" : "11/18/24 01:47:00",
  "value" : "1877"
},{
  "dateTime" : "11/18/24 02:35:00",
  "value" : "70"
},{
  "dateTime" : "11/18/24 02:36:00",
  "value" : "278"
},{
  "dateTime" : "11/18/24 10:51:00",
  "value" : "70"
},{
  "dateTime" : "11/18/24 10:52:00",
  "value" : "2085"
},{
  "dateTime" : "11/18/24 10:53:00",
  "value" : "70"
},{
  "dateTime" : "11/18/24 11:08:00",
  "value" : "70"
},{
  "dateTime" : "11/18/24 11:09:00",
  "value" : "1529"
},{
  "dateTime" : "11/18/24 11:10:00",
  "value" : "765"
},{
  "dateTime" : "11/18/24 11:11:00",
  "value" : "1529"
},{
  "dateTime" : "11/18/24 11:15:00",
  "value" : "70"
},{
  "dateTime" : "11/18/24 11:16:00",
  "value" : "209"
},{
  "dateTime" : "11/18/24 11:47:00",
  "value" : "0"
},{
  "dateTime" : "11/18/24 11:48:00",
  "value" : "1668"
},{
  "dateTime" : "11/18/24 11:49:00",
  "value" : "139"
},{
  "dateTime" : "11/18/24 11:50:00",
  "value" : "3475"
},{
  "dateTime" : "11/18/24 12:24:00",
  "value" : "139"
},{
  "dateTime" : "11/18/24 12:25:00",
  "value" : "2294"
},{
  "dateTime" : "11/18/24 12:26:00",
  "value" : "2294"
},{
  "dateTime" : "11/18/24 12:27:00",
  "value" : "1630"
},{
  "dateTime" : "11/18/24 12:28:00",
  "value" : "1930"
},{
  "dateTime" : "11/18/24 12:29:00",
  "value" : "0"
},{
  "dateTime" : "11/18/24 12:30:00",
  "value" : "0"
},{
  "dateTime" : "11/18/24 12:31:00",
  "value" : "0"
},{
  "dateTime" : "11/18/24 12:32:00",
  "value" : "0"
},{
  "dateTime" : "11/18/24 12:33:00",
  "value" : "0"
},{
  "dateTime" : "11/18/24 12:34:00",
  "value" : "5210"
},{
  "dateTime" : "11/18/24 12:35:00",
  "value" : "3480"
},{
  "dateTime" : "11/18/24 12:36:00",
  "value" : "4120"
},{
  "dateTime" : "11/18/24 12:37:00",
  "value" : "5380"
},{
  "dateTime" : "11/18/24 12:38:00",
  "value" : "3900"
},{
  "dateTime" : "11/18/24 12:39:00",
  "value" : "2760"
},{
  "dateTime" : "11/18/24 12:40:00",
  "value" : "2910"
},{
  "dateTime" : "11/18/24 12:41:00",
  "value" : "2450"
},{
  "dateTime" : "11/18/24 12:42:00",
  "value" : "1220"
},{
  "dateTime" : "11/18/24 12:43:00",
  "value" : "2050"
},{
  "dateTime" : "11/18/24 12:44:00",
  "value" : "1800"
},{
  "dateTime" : "11/18/24 12:45:00",
  "value" : "3140"
},{
  "dateTime" : "11/18/24 12:46:00",
  "value" : "1770"
},{
  "dateTime" : "11/18/24 12:47:00",
  "value" : "1960"
},{
  "dateTime" : "11/18/24 12:48:00",
  "value" : "2230"
},{
  "dateTime" : "11/18/24 12:49:00",
  "value" : "3150"
},{
  "dateTime" : "11/18/24 12:50:00",
  "value" : "4430"
},{
  "dateTime" : "11/18/24 12:51:00",
  "value" : "4970"
},{
  "dateTime" : "11/18/24 12:52:00",
  "value" : "6430"
},{
  "dateTime" : "11/18/24 12:53:00",
  "value" : "5990"
},{
  "dateTime" : "11/18/24 12:54:00",
  "value" : "7260"
},{
  "dateTime" : "11/18/24 12:55:00",
  "value" : "6490"
},{
  "dateTime" : "11/18/24 12:56:00",
  "value" : "6370"
},{
  "dateTime" : "11/18/24 12:57:00",
  "value" : "7570"
},{
  "dateTime" : "11/18/24 12:58:00",
  "value" : "4610"
},{
  "dateTime" : "11/18/24 12:59:00",
  "value" : "6160"
},{
  "dateTime" : "11/18/24 13:00:00",
  "value" : "9820"
},{
  "dateTime" : "11/18/24 13:01:00",
  "value" : "8670"
},{
  "dateTime" : "11/18/24 13:02:00",
  "value" : "7910"
},{
  "dateTime" : "11/18/24 13:03:00",
  "value" : "3210"
},{
  "dateTime" : "11/18/24 13:04:00",
  "value" : "5670"
},{
  "dateTime" : "11/18/24 13:05:00",
  "value" : "1420"
},{
  "dateTime" : "11/18/24 13:06:00",
  "value" : "4730"
},{
  "dateTime" : "11/18/24 13:07:00",
  "value" : "8020"
},{
  "dateTime" : "11/18/24 13:08:00",
  "value" : "1000"
},{
  "dateTime" : "11/18/24 13:09:00",
  "value" : "7430"
},{
  "dateTime" : "11/18/24 13:10:00",
  "value" : "1850"
},{
  "dateTime" : "11/18/24 13:11:00",
  "value" : "0"
},{
  "dateTime" : "11/18/24 13:12:00",
  "value" : "0"
},{
  "dateTime" : "11/18/24 13:13:00",
  "value" : "0"
},{
  "dateTime" : "11/18/24 13:14:00",
  "value" : "0"
},{
  "dateTime" : "11/18/24 13:15:00",
  "value" : "0"
},{
  "dateTime" : "11/18/24 13:16:00",
  "value" : "0"
},{
  "dateTime" : "11/18/24 13:39:00",
  "value" : "70"
},{
  "dateTime" : "11/18/24 13:40:00",
  "value" : "209"
},{
  "dateTime" : "11/18/24 21:47:00",
  "value" : "0"
},{
  "dateTime" : "11/18/24 21:48:00",
  "value" : "278"
},{
  "dateTime" : "11/18/24 21:49:00",
  "value" : "2780"
},{
  "dateTime" : "11/18/24 21:57:00",
  "value" : "139"
},{
  "dateTime" : "11/18/24 21:58:00",
  "value" : "70"
},{
  "dateTime" : "11/19/24 00:06:00",
  "value" : "70"
},{
  "dateTime" : "11/19/24 00:07:00",
  "value" : "209"
},{
  "dateTime" : "11/19/24 00:08:00",
  "value" : "139"
},{
  "dateTime" : "11/19/24 00:09:00",
  "value" : "1112"
},{
  "dateTime" : "11/19/24 00:10:00",
  "value" : "2641"
},{
  "dateTime" : "11/19/24 00:11:00",
  "value" : "765"
},{
  "dateTime" : "11/19/24 00:12:00",
  "value" : "3197"
},{
  "dateTime" : "11/19/24 00:13:00",
  "value" : "209"
},{
  "dateTime" : "11/19/24 00:14:00",
  "value" : "904"
},{
  "dateTime" : "11/19/24 00:15:00",
  "value" : "1460"
},{
  "dateTime" : "11/19/24 00:21:00",
  "value" : "139"
},{
  "dateTime" : "11/19/24 00:22:00",
  "value" : "3406"
},{
  "dateTime" : "11/19/24 00:49:00",
  "value" : "0"
},{
  "dateTime" : "11/19/24 00:50:00",
  "value" : "209"
},{
  "dateTime" : "11/19/24 00:51:00",
  "value" : "139"
},{
  "dateTime" : "11/19/24 11:52:00",
  "value" : "70"
},{
  "dateTime" : "11/19/24 11:53:00",
  "value" : "209"
},{
  "dateTime" : "11/19/24 12:06:00",
  "value" : "70"
},{
  "dateTime" : "11/19/24 12:07:00",
  "value" : "1043"
},{
  "dateTime" : "11/19/24 12:08:00",
  "value" : "139"
},{
  "dateTime" : "11/19/24 12:09:00",
  "value" : "2850"
},{
  "dateTime" : "11/19/24 12:10:00",
  "value" : "1043"
},{
  "dateTime" : "11/19/24 12:11:00",
  "value" : "70"
},{
  "dateTime" : "11/19/24 12:12:00",
  "value" : "139"
},{
  "dateTime" : "11/19/24 12:13:00",
  "value" : "0"
},{
  "dateTime" : "11/19/24 12:14:00",
  "value" : "1950"
},{
  "dateTime" : "11/19/24 12:15:00",
  "value" : "0"
},{
  "dateTime" : "11/19/24 12:16:00",
  "value" : "0"
},{
  "dateTime" : "11/19/24 12:17:00",
  "value" : "0"
},{
  "dateTime" : "11/19/24 12:18:00",
  "value" : "0"
},{
  "dateTime" : "11/19/24 12:19:00",
  "value" : "0"
},{
  "dateTime" : "11/19/24 12:20:00",
  "value" : "0"
},{
  "dateTime" : "11/19/24 12:21:00",
  "value" : "6460"
},{
  "dateTime" : "11/19/24 12:22:00",
  "value" : "6930"
},{
  "dateTime" : "11/19/24 12:23:00",
  "value" : "0"
},{
  "dateTime" : "11/19/24 12:24:00",
  "value" : "8850"
},{
  "dateTime" : "11/19/24 12:25:00",
  "value" : "10750"
},{
  "dateTime" : "11/19/24 12:26:00",
  "value" : "10300"
},{
  "dateTime" : "11/19/24 12:27:00",
  "value" : "9730"
},{
  "dateTime" : "11/19/24 12:28:00",
  "value" : "10360"
},{
  "dateTime" : "11/19/24 12:29:00",
  "value" : "8260"
},{
  "dateTime" : "11/19/24 12:30:00",
  "value" : "8990"
},{
  "dateTime" : "11/19/24 12:31:00",
  "value" : "9200"
},{
  "dateTime" : "11/19/24 12:32:00",
  "value" : "10080"
},{
  "dateTime" : "11/19/24 12:33:00",
  "value" : "9680"
},{
  "dateTime" : "11/19/24 12:34:00",
  "value" : "9400"
},{
  "dateTime" : "11/19/24 12:35:00",
  "value" : "9300"
},{
  "dateTime" : "11/19/24 12:36:00",
  "value" : "10130"
},{
  "dateTime" : "11/19/24 12:37:00",
  "value" : "7770"
},{
  "dateTime" : "11/19/24 12:38:00",
  "value" : "9330"
},{
  "dateTime" : "11/19/24 12:39:00",
  "value" : "9840"
},{
  "dateTime" : "11/19/24 12:40:00",
  "value" : "9940"
},{
  "dateTime" : "11/19/24 12:41:00",
  "value" : "8800"
},{
  "dateTime" : "11/19/24 12:42:00",
  "value" : "9510"
},{
  "dateTime" : "11/19/24 12:43:00",
  "value" : "7590"
},{
  "dateTime" : "11/19/24 12:44:00",
  "value" : "7860"
},{
  "dateTime" : "11/19/24 12:45:00",
  "value" : "7230"
},{
  "dateTime" : "11/19/24 12:46:00",
  "value" : "11010"
},{
  "dateTime" : "11/19/24 12:47:00",
  "value" : "7590"
},{
  "dateTime" : "11/19/24 12:48:00",
  "value" : "9430"
},{
  "dateTime" : "11/19/24 12:49:00",
  "value" : "7310"
},{
  "dateTime" : "11/19/24 12:50:00",
  "value" : "10210"
},{
  "dateTime" : "11/19/24 12:51:00",
  "value" : "7060"
},{
  "dateTime" : "11/19/24 12:52:00",
  "value" : "7220"
},{
  "dateTime" : "11/19/24 12:53:00",
  "value" : "10310"
},{
  "dateTime" : "11/19/24 12:54:00",
  "value" : "9120"
},{
  "dateTime" : "11/19/24 12:55:00",
  "value" : "7510"
},{
  "dateTime" : "11/19/24 12:56:00",
  "value" : "7800"
},{
  "dateTime" : "11/19/24 12:57:00",
  "value" : "8170"
},{
  "dateTime" : "11/19/24 12:58:00",
  "value" : "10200"
},{
  "dateTime" : "11/19/24 12:59:00",
  "value" : "10270"
},{
  "dateTime" : "11/19/24 13:00:00",
  "value" : "7870"
},{
  "dateTime" : "11/19/24 13:01:00",
  "value" : "9460"
},{
  "dateTime" : "11/19/24 13:02:00",
  "value" : "10350"
},{
  "dateTime" : "11/19/24 13:03:00",
  "value" : "9660"
},{
  "dateTime" : "11/19/24 13:04:00",
  "value" : "4340"
},{
  "dateTime" : "11/19/24 13:05:00",
  "value" : "3170"
},{
  "dateTime" : "11/19/24 13:06:00",
  "value" : "7480"
},{
  "dateTime" : "11/19/24 13:07:00",
  "value" : "720"
},{
  "dateTime" : "11/19/24 13:08:00",
  "value" : "0"
},{
  "dateTime" : "11/19/24 13:09:00",
  "value" : "1040"
},{
  "dateTime" : "11/19/24 13:10:00",
  "value" : "0"
},{
  "dateTime" : "11/19/24 13:11:00",
  "value" : "0"
},{
  "dateTime" : "11/19/24 13:12:00",
  "value" : "0"
},{
  "dateTime" : "11/19/24 13:13:00",
  "value" : "0"
},{
  "dateTime" : "11/19/24 13:14:00",
  "value" : "0"
},{
  "dateTime" : "11/19/24 13:15:00",
  "value" : "0"
},{
  "dateTime" : "11/19/24 13:16:00",
  "value" : "6460"
},{
  "dateTime" : "11/19/24 13:17:00",
  "value" : "4300"
},{
  "dateTime" : "11/19/24 13:18:00",
  "value" : "1290"
},{
  "dateTime" : "11/19/24 13:19:00",
  "value" : "3700"
},{
  "dateTime" : "11/19/24 13:20:00",
  "value" : "1080"
},{
  "dateTime" : "11/19/24 13:21:00",
  "value" : "4440"
},{
  "dateTime" : "11/19/24 13:22:00",
  "value" : "2730"
},{
  "dateTime" : "11/19/24 13:23:00",
  "value" : "0"
},{
  "dateTime" : "11/19/24 13:24:00",
  "value" : "0"
},{
  "dateTime" : "11/19/24 13:25:00",
  "value" : "0"
},{
  "dateTime" : "11/19/24 13:26:00",
  "value" : "0"
},{
  "dateTime" : "11/19/24 13:27:00",
  "value" : "0"
},{
  "dateTime" : "11/19/24 13:28:00",
  "value" : "0"
},{
  "dateTime" : "11/19/24 13:29:00",
  "value" : "2294"
},{
  "dateTime" : "11/19/24 13:34:00",
  "value" : "139"
},{
  "dateTime" : "11/19/24 13:35:00",
  "value" : "70"
},{
  "dateTime" : "11/19/24 13:36:00",
  "value" : "0"
},{
  "dateTime" : "11/19/24 13:37:00",
  "value" : "417"
},{
  "dateTime" : "11/19/24 13:38:00",
  "value" : "626"
},{
  "dateTime" : "11/19/24 13:43:00",
  "value" : "139"
},{
  "dateTime" : "11/19/24 13:44:00",
  "value" : "626"
},{
  "dateTime" : "11/19/24 13:46:00",
  "value" : "209"
},{
  "dateTime" : "11/19/24 13:47:00",
  "value" : "1668"
},{
  "dateTime" : "11/19/24 13:51:00",
  "value" : "70"
},{
  "dateTime" : "11/19/24 13:52:00",
  "value" : "765"
},{
  "dateTime" : "11/19/24 22:02:00",
  "value" : "139"
},{
  "dateTime" : "11/19/24 22:03:00",
  "value" : "209"
},{
  "dateTime" : "11/19/24 22:09:00",
  "value" : "70"
},{
  "dateTime" : "11/19/24 22:10:00",
  "value" : "1668"
},{
  "dateTime" : "11/19/24 22:11:00",
  "value" : "556"
},{
  "dateTime" : "11/19/24 22:12:00",
  "value" : "1668"
},{
  "dateTime" : "11/19/24 22:15:00",
  "value" : "70"
},{
  "dateTime" : "11/19/24 22:16:00",
  "value" : "1599"
},{
  "dateTime" : "11/19/24 22:17:00",
  "value" : "834"
},{
  "dateTime" : "11/19/24 22:18:00",
  "value" : "2016"
},{
  "dateTime" : "11/19/24 22:19:00",
  "value" : "1807"
},{
  "dateTime" : "11/19/24 22:20:00",
  "value" : "1460"
}]