[{
  "dateTime" : "06/15/24 23:04:21",
  "value" : {
    "bpm" : 113,
    "confidence" : 0
  }
},{
  "dateTime" : "06/15/24 23:04:26",
  "value" : {
    "bpm" : 112,
    "confidence" : 0
  }
},{
  "dateTime" : "06/15/24 23:04:31",
  "value" : {
    "bpm" : 116,
    "confidence" : 0
  }
},{
  "dateTime" : "06/15/24 23:04:41",
  "value" : {
    "bpm" : 121,
    "confidence" : 0
  }
},{
  "dateTime" : "06/15/24 23:05:00",
  "value" : {
    "bpm" : 125,
    "confidence" : 2
  }
},{
  "dateTime" : "06/15/24 23:05:05",
  "value" : {
    "bpm" : 128,
    "confidence" : 1
  }
},{
  "dateTime" : "06/15/24 23:05:21",
  "value" : {
    "bpm" : 129,
    "confidence" : 0
  }
},{
  "dateTime" : "06/15/24 23:05:26",
  "value" : {
    "bpm" : 128,
    "confidence" : 1
  }
},{
  "dateTime" : "06/15/24 23:05:31",
  "value" : {
    "bpm" : 131,
    "confidence" : 1
  }
},{
  "dateTime" : "06/15/24 23:05:41",
  "value" : {
    "bpm" : 133,
    "confidence" : 1
  }
},{
  "dateTime" : "06/15/24 23:05:46",
  "value" : {
    "bpm" : 127,
    "confidence" : 1
  }
},{
  "dateTime" : "06/15/24 23:05:51",
  "value" : {
    "bpm" : 128,
    "confidence" : 1
  }
},{
  "dateTime" : "06/15/24 23:05:56",
  "value" : {
    "bpm" : 124,
    "confidence" : 1
  }
},{
  "dateTime" : "06/15/24 23:06:06",
  "value" : {
    "bpm" : 123,
    "confidence" : 2
  }
},{
  "dateTime" : "06/15/24 23:06:11",
  "value" : {
    "bpm" : 125,
    "confidence" : 2
  }
},{
  "dateTime" : "06/15/24 23:06:16",
  "value" : {
    "bpm" : 123,
    "confidence" : 2
  }
},{
  "dateTime" : "06/15/24 23:06:21",
  "value" : {
    "bpm" : 121,
    "confidence" : 2
  }
},{
  "dateTime" : "06/15/24 23:06:31",
  "value" : {
    "bpm" : 124,
    "confidence" : 2
  }
},{
  "dateTime" : "06/15/24 23:06:36",
  "value" : {
    "bpm" : 125,
    "confidence" : 2
  }
},{
  "dateTime" : "06/15/24 23:06:41",
  "value" : {
    "bpm" : 124,
    "confidence" : 2
  }
},{
  "dateTime" : "06/15/24 23:06:46",
  "value" : {
    "bpm" : 123,
    "confidence" : 2
  }
},{
  "dateTime" : "06/15/24 23:06:51",
  "value" : {
    "bpm" : 121,
    "confidence" : 2
  }
},{
  "dateTime" : "06/15/24 23:06:56",
  "value" : {
    "bpm" : 122,
    "confidence" : 2
  }
},{
  "dateTime" : "06/15/24 23:07:01",
  "value" : {
    "bpm" : 120,
    "confidence" : 2
  }
},{
  "dateTime" : "06/15/24 23:07:06",
  "value" : {
    "bpm" : 115,
    "confidence" : 2
  }
},{
  "dateTime" : "06/15/24 23:07:16",
  "value" : {
    "bpm" : 110,
    "confidence" : 2
  }
},{
  "dateTime" : "06/15/24 23:07:26",
  "value" : {
    "bpm" : 115,
    "confidence" : 2
  }
},{
  "dateTime" : "06/15/24 23:07:31",
  "value" : {
    "bpm" : 116,
    "confidence" : 2
  }
},{
  "dateTime" : "06/15/24 23:07:36",
  "value" : {
    "bpm" : 118,
    "confidence" : 2
  }
},{
  "dateTime" : "06/15/24 23:07:41",
  "value" : {
    "bpm" : 114,
    "confidence" : 2
  }
},{
  "dateTime" : "06/15/24 23:07:46",
  "value" : {
    "bpm" : 113,
    "confidence" : 2
  }
},{
  "dateTime" : "06/15/24 23:07:56",
  "value" : {
    "bpm" : 112,
    "confidence" : 2
  }
},{
  "dateTime" : "06/15/24 23:08:01",
  "value" : {
    "bpm" : 114,
    "confidence" : 2
  }
},{
  "dateTime" : "06/15/24 23:08:06",
  "value" : {
    "bpm" : 116,
    "confidence" : 2
  }
},{
  "dateTime" : "06/15/24 23:08:16",
  "value" : {
    "bpm" : 115,
    "confidence" : 2
  }
},{
  "dateTime" : "06/15/24 23:08:21",
  "value" : {
    "bpm" : 117,
    "confidence" : 2
  }
},{
  "dateTime" : "06/15/24 23:08:26",
  "value" : {
    "bpm" : 119,
    "confidence" : 2
  }
},{
  "dateTime" : "06/15/24 23:08:36",
  "value" : {
    "bpm" : 120,
    "confidence" : 2
  }
},{
  "dateTime" : "06/15/24 23:08:41",
  "value" : {
    "bpm" : 123,
    "confidence" : 2
  }
},{
  "dateTime" : "06/15/24 23:08:46",
  "value" : {
    "bpm" : 125,
    "confidence" : 2
  }
},{
  "dateTime" : "06/15/24 23:08:51",
  "value" : {
    "bpm" : 121,
    "confidence" : 2
  }
},{
  "dateTime" : "06/15/24 23:08:56",
  "value" : {
    "bpm" : 115,
    "confidence" : 1
  }
},{
  "dateTime" : "06/15/24 23:09:01",
  "value" : {
    "bpm" : 116,
    "confidence" : 2
  }
},{
  "dateTime" : "06/15/24 23:09:06",
  "value" : {
    "bpm" : 118,
    "confidence" : 2
  }
},{
  "dateTime" : "06/15/24 23:09:16",
  "value" : {
    "bpm" : 116,
    "confidence" : 2
  }
},{
  "dateTime" : "06/15/24 23:09:21",
  "value" : {
    "bpm" : 118,
    "confidence" : 2
  }
},{
  "dateTime" : "06/15/24 23:09:26",
  "value" : {
    "bpm" : 111,
    "confidence" : 1
  }
},{
  "dateTime" : "06/15/24 23:09:33",
  "value" : {
    "bpm" : 114,
    "confidence" : 1
  }
},{
  "dateTime" : "06/15/24 23:09:38",
  "value" : {
    "bpm" : 115,
    "confidence" : 1
  }
},{
  "dateTime" : "06/15/24 23:09:43",
  "value" : {
    "bpm" : 113,
    "confidence" : 1
  }
},{
  "dateTime" : "06/15/24 23:09:48",
  "value" : {
    "bpm" : 118,
    "confidence" : 1
  }
},{
  "dateTime" : "06/15/24 23:09:53",
  "value" : {
    "bpm" : 119,
    "confidence" : 2
  }
},{
  "dateTime" : "06/15/24 23:09:58",
  "value" : {
    "bpm" : 117,
    "confidence" : 2
  }
},{
  "dateTime" : "06/15/24 23:10:03",
  "value" : {
    "bpm" : 115,
    "confidence" : 2
  }
},{
  "dateTime" : "06/15/24 23:10:08",
  "value" : {
    "bpm" : 119,
    "confidence" : 2
  }
},{
  "dateTime" : "06/15/24 23:10:13",
  "value" : {
    "bpm" : 117,
    "confidence" : 2
  }
},{
  "dateTime" : "06/15/24 23:10:23",
  "value" : {
    "bpm" : 116,
    "confidence" : 2
  }
},{
  "dateTime" : "06/15/24 23:10:28",
  "value" : {
    "bpm" : 112,
    "confidence" : 2
  }
},{
  "dateTime" : "06/15/24 23:10:33",
  "value" : {
    "bpm" : 109,
    "confidence" : 2
  }
},{
  "dateTime" : "06/15/24 23:10:40",
  "value" : {
    "bpm" : 109,
    "confidence" : 2
  }
},{
  "dateTime" : "06/15/24 23:10:45",
  "value" : {
    "bpm" : 112,
    "confidence" : 2
  }
},{
  "dateTime" : "06/15/24 23:10:50",
  "value" : {
    "bpm" : 111,
    "confidence" : 2
  }
},{
  "dateTime" : "06/15/24 23:10:55",
  "value" : {
    "bpm" : 109,
    "confidence" : 2
  }
},{
  "dateTime" : "06/15/24 23:11:00",
  "value" : {
    "bpm" : 107,
    "confidence" : 2
  }
},{
  "dateTime" : "06/15/24 23:11:15",
  "value" : {
    "bpm" : 106,
    "confidence" : 2
  }
},{
  "dateTime" : "06/15/24 23:11:20",
  "value" : {
    "bpm" : 108,
    "confidence" : 2
  }
},{
  "dateTime" : "06/15/24 23:11:25",
  "value" : {
    "bpm" : 109,
    "confidence" : 2
  }
},{
  "dateTime" : "06/15/24 23:11:30",
  "value" : {
    "bpm" : 112,
    "confidence" : 2
  }
},{
  "dateTime" : "06/15/24 23:11:35",
  "value" : {
    "bpm" : 114,
    "confidence" : 2
  }
},{
  "dateTime" : "06/15/24 23:11:40",
  "value" : {
    "bpm" : 116,
    "confidence" : 2
  }
},{
  "dateTime" : "06/15/24 23:11:50",
  "value" : {
    "bpm" : 112,
    "confidence" : 2
  }
},{
  "dateTime" : "06/15/24 23:11:55",
  "value" : {
    "bpm" : 108,
    "confidence" : 2
  }
},{
  "dateTime" : "06/15/24 23:12:00",
  "value" : {
    "bpm" : 103,
    "confidence" : 2
  }
},{
  "dateTime" : "06/15/24 23:12:05",
  "value" : {
    "bpm" : 106,
    "confidence" : 2
  }
},{
  "dateTime" : "06/15/24 23:12:15",
  "value" : {
    "bpm" : 105,
    "confidence" : 2
  }
},{
  "dateTime" : "06/15/24 23:12:20",
  "value" : {
    "bpm" : 107,
    "confidence" : 2
  }
},{
  "dateTime" : "06/15/24 23:12:25",
  "value" : {
    "bpm" : 110,
    "confidence" : 2
  }
},{
  "dateTime" : "06/15/24 23:12:30",
  "value" : {
    "bpm" : 108,
    "confidence" : 2
  }
},{
  "dateTime" : "06/15/24 23:12:45",
  "value" : {
    "bpm" : 111,
    "confidence" : 2
  }
},{
  "dateTime" : "06/15/24 23:12:50",
  "value" : {
    "bpm" : 110,
    "confidence" : 2
  }
},{
  "dateTime" : "06/15/24 23:12:55",
  "value" : {
    "bpm" : 109,
    "confidence" : 2
  }
},{
  "dateTime" : "06/15/24 23:13:00",
  "value" : {
    "bpm" : 104,
    "confidence" : 2
  }
},{
  "dateTime" : "06/15/24 23:13:10",
  "value" : {
    "bpm" : 106,
    "confidence" : 2
  }
},{
  "dateTime" : "06/15/24 23:13:15",
  "value" : {
    "bpm" : 107,
    "confidence" : 2
  }
},{
  "dateTime" : "06/15/24 23:13:20",
  "value" : {
    "bpm" : 108,
    "confidence" : 2
  }
},{
  "dateTime" : "06/15/24 23:13:25",
  "value" : {
    "bpm" : 105,
    "confidence" : 2
  }
},{
  "dateTime" : "06/15/24 23:13:30",
  "value" : {
    "bpm" : 103,
    "confidence" : 2
  }
},{
  "dateTime" : "06/15/24 23:13:40",
  "value" : {
    "bpm" : 103,
    "confidence" : 3
  }
},{
  "dateTime" : "06/15/24 23:13:45",
  "value" : {
    "bpm" : 102,
    "confidence" : 2
  }
},{
  "dateTime" : "06/15/24 23:13:50",
  "value" : {
    "bpm" : 103,
    "confidence" : 2
  }
},{
  "dateTime" : "06/15/24 23:13:55",
  "value" : {
    "bpm" : 105,
    "confidence" : 2
  }
},{
  "dateTime" : "06/15/24 23:14:00",
  "value" : {
    "bpm" : 108,
    "confidence" : 2
  }
},{
  "dateTime" : "06/15/24 23:14:05",
  "value" : {
    "bpm" : 109,
    "confidence" : 2
  }
},{
  "dateTime" : "06/15/24 23:14:10",
  "value" : {
    "bpm" : 107,
    "confidence" : 2
  }
},{
  "dateTime" : "06/15/24 23:14:15",
  "value" : {
    "bpm" : 105,
    "confidence" : 2
  }
},{
  "dateTime" : "06/15/24 23:14:20",
  "value" : {
    "bpm" : 103,
    "confidence" : 2
  }
},{
  "dateTime" : "06/15/24 23:14:30",
  "value" : {
    "bpm" : 102,
    "confidence" : 2
  }
},{
  "dateTime" : "06/15/24 23:14:35",
  "value" : {
    "bpm" : 103,
    "confidence" : 2
  }
},{
  "dateTime" : "06/15/24 23:14:40",
  "value" : {
    "bpm" : 105,
    "confidence" : 2
  }
},{
  "dateTime" : "06/15/24 23:14:45",
  "value" : {
    "bpm" : 106,
    "confidence" : 2
  }
},{
  "dateTime" : "06/15/24 23:14:50",
  "value" : {
    "bpm" : 104,
    "confidence" : 2
  }
},{
  "dateTime" : "06/15/24 23:14:55",
  "value" : {
    "bpm" : 103,
    "confidence" : 2
  }
},{
  "dateTime" : "06/15/24 23:15:00",
  "value" : {
    "bpm" : 104,
    "confidence" : 2
  }
},{
  "dateTime" : "06/15/24 23:15:05",
  "value" : {
    "bpm" : 106,
    "confidence" : 2
  }
},{
  "dateTime" : "06/15/24 23:15:10",
  "value" : {
    "bpm" : 108,
    "confidence" : 2
  }
},{
  "dateTime" : "06/15/24 23:15:15",
  "value" : {
    "bpm" : 107,
    "confidence" : 2
  }
},{
  "dateTime" : "06/15/24 23:15:20",
  "value" : {
    "bpm" : 106,
    "confidence" : 2
  }
},{
  "dateTime" : "06/15/24 23:15:30",
  "value" : {
    "bpm" : 105,
    "confidence" : 2
  }
},{
  "dateTime" : "06/15/24 23:15:35",
  "value" : {
    "bpm" : 103,
    "confidence" : 2
  }
},{
  "dateTime" : "06/15/24 23:15:40",
  "value" : {
    "bpm" : 104,
    "confidence" : 2
  }
},{
  "dateTime" : "06/15/24 23:15:45",
  "value" : {
    "bpm" : 106,
    "confidence" : 2
  }
},{
  "dateTime" : "06/15/24 23:15:50",
  "value" : {
    "bpm" : 104,
    "confidence" : 2
  }
},{
  "dateTime" : "06/15/24 23:15:55",
  "value" : {
    "bpm" : 98,
    "confidence" : 2
  }
},{
  "dateTime" : "06/15/24 23:16:00",
  "value" : {
    "bpm" : 102,
    "confidence" : 2
  }
},{
  "dateTime" : "06/15/24 23:16:05",
  "value" : {
    "bpm" : 110,
    "confidence" : 2
  }
},{
  "dateTime" : "06/15/24 23:16:11",
  "value" : {
    "bpm" : 107,
    "confidence" : 2
  }
},{
  "dateTime" : "06/15/24 23:16:16",
  "value" : {
    "bpm" : 105,
    "confidence" : 2
  }
},{
  "dateTime" : "06/15/24 23:16:21",
  "value" : {
    "bpm" : 103,
    "confidence" : 2
  }
},{
  "dateTime" : "06/15/24 23:16:31",
  "value" : {
    "bpm" : 102,
    "confidence" : 2
  }
},{
  "dateTime" : "06/15/24 23:16:36",
  "value" : {
    "bpm" : 103,
    "confidence" : 2
  }
},{
  "dateTime" : "06/15/24 23:16:46",
  "value" : {
    "bpm" : 104,
    "confidence" : 2
  }
},{
  "dateTime" : "06/15/24 23:16:56",
  "value" : {
    "bpm" : 105,
    "confidence" : 2
  }
},{
  "dateTime" : "06/15/24 23:17:11",
  "value" : {
    "bpm" : 106,
    "confidence" : 2
  }
},{
  "dateTime" : "06/15/24 23:17:16",
  "value" : {
    "bpm" : 112,
    "confidence" : 2
  }
},{
  "dateTime" : "06/15/24 23:17:21",
  "value" : {
    "bpm" : 114,
    "confidence" : 2
  }
},{
  "dateTime" : "06/15/24 23:17:26",
  "value" : {
    "bpm" : 113,
    "confidence" : 2
  }
},{
  "dateTime" : "06/15/24 23:17:31",
  "value" : {
    "bpm" : 109,
    "confidence" : 2
  }
},{
  "dateTime" : "06/15/24 23:17:36",
  "value" : {
    "bpm" : 107,
    "confidence" : 2
  }
},{
  "dateTime" : "06/15/24 23:17:41",
  "value" : {
    "bpm" : 105,
    "confidence" : 2
  }
},{
  "dateTime" : "06/15/24 23:17:51",
  "value" : {
    "bpm" : 107,
    "confidence" : 2
  }
},{
  "dateTime" : "06/15/24 23:17:56",
  "value" : {
    "bpm" : 106,
    "confidence" : 2
  }
},{
  "dateTime" : "06/15/24 23:18:01",
  "value" : {
    "bpm" : 107,
    "confidence" : 2
  }
},{
  "dateTime" : "06/15/24 23:18:06",
  "value" : {
    "bpm" : 105,
    "confidence" : 2
  }
},{
  "dateTime" : "06/15/24 23:18:16",
  "value" : {
    "bpm" : 106,
    "confidence" : 2
  }
},{
  "dateTime" : "06/15/24 23:18:26",
  "value" : {
    "bpm" : 107,
    "confidence" : 2
  }
},{
  "dateTime" : "06/15/24 23:18:31",
  "value" : {
    "bpm" : 105,
    "confidence" : 2
  }
},{
  "dateTime" : "06/15/24 23:18:36",
  "value" : {
    "bpm" : 109,
    "confidence" : 3
  }
},{
  "dateTime" : "06/15/24 23:18:41",
  "value" : {
    "bpm" : 107,
    "confidence" : 2
  }
},{
  "dateTime" : "06/15/24 23:18:46",
  "value" : {
    "bpm" : 104,
    "confidence" : 2
  }
},{
  "dateTime" : "06/15/24 23:18:56",
  "value" : {
    "bpm" : 105,
    "confidence" : 2
  }
},{
  "dateTime" : "06/15/24 23:19:11",
  "value" : {
    "bpm" : 106,
    "confidence" : 2
  }
},{
  "dateTime" : "06/15/24 23:19:16",
  "value" : {
    "bpm" : 105,
    "confidence" : 2
  }
},{
  "dateTime" : "06/15/24 23:19:21",
  "value" : {
    "bpm" : 104,
    "confidence" : 2
  }
},{
  "dateTime" : "06/15/24 23:19:26",
  "value" : {
    "bpm" : 105,
    "confidence" : 2
  }
},{
  "dateTime" : "06/15/24 23:19:31",
  "value" : {
    "bpm" : 108,
    "confidence" : 2
  }
},{
  "dateTime" : "06/15/24 23:19:36",
  "value" : {
    "bpm" : 105,
    "confidence" : 2
  }
},{
  "dateTime" : "06/15/24 23:19:41",
  "value" : {
    "bpm" : 106,
    "confidence" : 2
  }
},{
  "dateTime" : "06/15/24 23:19:46",
  "value" : {
    "bpm" : 107,
    "confidence" : 2
  }
},{
  "dateTime" : "06/15/24 23:19:51",
  "value" : {
    "bpm" : 106,
    "confidence" : 2
  }
},{
  "dateTime" : "06/15/24 23:19:56",
  "value" : {
    "bpm" : 105,
    "confidence" : 2
  }
},{
  "dateTime" : "06/15/24 23:20:01",
  "value" : {
    "bpm" : 104,
    "confidence" : 2
  }
},{
  "dateTime" : "06/15/24 23:20:06",
  "value" : {
    "bpm" : 106,
    "confidence" : 2
  }
},{
  "dateTime" : "06/15/24 23:20:16",
  "value" : {
    "bpm" : 105,
    "confidence" : 2
  }
},{
  "dateTime" : "06/15/24 23:20:21",
  "value" : {
    "bpm" : 106,
    "confidence" : 2
  }
},{
  "dateTime" : "06/15/24 23:20:26",
  "value" : {
    "bpm" : 108,
    "confidence" : 2
  }
},{
  "dateTime" : "06/15/24 23:20:31",
  "value" : {
    "bpm" : 107,
    "confidence" : 2
  }
},{
  "dateTime" : "06/15/24 23:20:36",
  "value" : {
    "bpm" : 105,
    "confidence" : 3
  }
},{
  "dateTime" : "06/15/24 23:20:41",
  "value" : {
    "bpm" : 103,
    "confidence" : 2
  }
},{
  "dateTime" : "06/15/24 23:20:46",
  "value" : {
    "bpm" : 103,
    "confidence" : 3
  }
},{
  "dateTime" : "06/15/24 23:20:51",
  "value" : {
    "bpm" : 104,
    "confidence" : 3
  }
},{
  "dateTime" : "06/15/24 23:21:01",
  "value" : {
    "bpm" : 105,
    "confidence" : 2
  }
},{
  "dateTime" : "06/15/24 23:21:06",
  "value" : {
    "bpm" : 106,
    "confidence" : 2
  }
},{
  "dateTime" : "06/15/24 23:21:11",
  "value" : {
    "bpm" : 107,
    "confidence" : 2
  }
},{
  "dateTime" : "06/15/24 23:21:16",
  "value" : {
    "bpm" : 105,
    "confidence" : 2
  }
},{
  "dateTime" : "06/15/24 23:21:21",
  "value" : {
    "bpm" : 106,
    "confidence" : 2
  }
},{
  "dateTime" : "06/15/24 23:21:26",
  "value" : {
    "bpm" : 103,
    "confidence" : 3
  }
},{
  "dateTime" : "06/15/24 23:21:36",
  "value" : {
    "bpm" : 106,
    "confidence" : 3
  }
},{
  "dateTime" : "06/15/24 23:21:41",
  "value" : {
    "bpm" : 107,
    "confidence" : 2
  }
},{
  "dateTime" : "06/15/24 23:21:51",
  "value" : {
    "bpm" : 106,
    "confidence" : 2
  }
},{
  "dateTime" : "06/15/24 23:21:56",
  "value" : {
    "bpm" : 106,
    "confidence" : 2
  }
},{
  "dateTime" : "06/15/24 23:22:06",
  "value" : {
    "bpm" : 104,
    "confidence" : 2
  }
},{
  "dateTime" : "06/15/24 23:22:11",
  "value" : {
    "bpm" : 103,
    "confidence" : 2
  }
},{
  "dateTime" : "06/15/24 23:22:26",
  "value" : {
    "bpm" : 106,
    "confidence" : 2
  }
},{
  "dateTime" : "06/15/24 23:22:31",
  "value" : {
    "bpm" : 107,
    "confidence" : 2
  }
},{
  "dateTime" : "06/15/24 23:22:36",
  "value" : {
    "bpm" : 105,
    "confidence" : 2
  }
},{
  "dateTime" : "06/15/24 23:22:41",
  "value" : {
    "bpm" : 104,
    "confidence" : 2
  }
},{
  "dateTime" : "06/15/24 23:22:46",
  "value" : {
    "bpm" : 101,
    "confidence" : 2
  }
},{
  "dateTime" : "06/15/24 23:22:51",
  "value" : {
    "bpm" : 100,
    "confidence" : 2
  }
},{
  "dateTime" : "06/15/24 23:22:56",
  "value" : {
    "bpm" : 101,
    "confidence" : 2
  }
},{
  "dateTime" : "06/15/24 23:23:01",
  "value" : {
    "bpm" : 102,
    "confidence" : 2
  }
},{
  "dateTime" : "06/15/24 23:23:06",
  "value" : {
    "bpm" : 103,
    "confidence" : 2
  }
},{
  "dateTime" : "06/15/24 23:23:11",
  "value" : {
    "bpm" : 105,
    "confidence" : 2
  }
},{
  "dateTime" : "06/15/24 23:23:16",
  "value" : {
    "bpm" : 103,
    "confidence" : 2
  }
},{
  "dateTime" : "06/15/24 23:23:21",
  "value" : {
    "bpm" : 102,
    "confidence" : 2
  }
},{
  "dateTime" : "06/15/24 23:23:36",
  "value" : {
    "bpm" : 104,
    "confidence" : 2
  }
},{
  "dateTime" : "06/15/24 23:23:51",
  "value" : {
    "bpm" : 104,
    "confidence" : 3
  }
},{
  "dateTime" : "06/15/24 23:23:56",
  "value" : {
    "bpm" : 102,
    "confidence" : 2
  }
},{
  "dateTime" : "06/15/24 23:24:01",
  "value" : {
    "bpm" : 102,
    "confidence" : 3
  }
},{
  "dateTime" : "06/15/24 23:24:06",
  "value" : {
    "bpm" : 100,
    "confidence" : 3
  }
},{
  "dateTime" : "06/15/24 23:24:11",
  "value" : {
    "bpm" : 101,
    "confidence" : 3
  }
},{
  "dateTime" : "06/15/24 23:24:16",
  "value" : {
    "bpm" : 102,
    "confidence" : 3
  }
},{
  "dateTime" : "06/15/24 23:24:21",
  "value" : {
    "bpm" : 102,
    "confidence" : 2
  }
},{
  "dateTime" : "06/15/24 23:24:26",
  "value" : {
    "bpm" : 103,
    "confidence" : 2
  }
},{
  "dateTime" : "06/15/24 23:24:31",
  "value" : {
    "bpm" : 103,
    "confidence" : 3
  }
},{
  "dateTime" : "06/15/24 23:24:36",
  "value" : {
    "bpm" : 102,
    "confidence" : 2
  }
},{
  "dateTime" : "06/15/24 23:24:41",
  "value" : {
    "bpm" : 104,
    "confidence" : 2
  }
},{
  "dateTime" : "06/15/24 23:24:46",
  "value" : {
    "bpm" : 104,
    "confidence" : 2
  }
},{
  "dateTime" : "06/15/24 23:24:51",
  "value" : {
    "bpm" : 103,
    "confidence" : 2
  }
},{
  "dateTime" : "06/15/24 23:24:56",
  "value" : {
    "bpm" : 104,
    "confidence" : 2
  }
},{
  "dateTime" : "06/15/24 23:25:01",
  "value" : {
    "bpm" : 105,
    "confidence" : 2
  }
},{
  "dateTime" : "06/15/24 23:25:06",
  "value" : {
    "bpm" : 104,
    "confidence" : 2
  }
},{
  "dateTime" : "06/15/24 23:25:11",
  "value" : {
    "bpm" : 102,
    "confidence" : 3
  }
},{
  "dateTime" : "06/15/24 23:25:21",
  "value" : {
    "bpm" : 101,
    "confidence" : 3
  }
},{
  "dateTime" : "06/15/24 23:25:26",
  "value" : {
    "bpm" : 103,
    "confidence" : 3
  }
},{
  "dateTime" : "06/15/24 23:25:31",
  "value" : {
    "bpm" : 102,
    "confidence" : 3
  }
},{
  "dateTime" : "06/15/24 23:25:36",
  "value" : {
    "bpm" : 103,
    "confidence" : 3
  }
},{
  "dateTime" : "06/15/24 23:25:46",
  "value" : {
    "bpm" : 101,
    "confidence" : 2
  }
},{
  "dateTime" : "06/15/24 23:25:51",
  "value" : {
    "bpm" : 104,
    "confidence" : 2
  }
},{
  "dateTime" : "06/15/24 23:25:56",
  "value" : {
    "bpm" : 105,
    "confidence" : 2
  }
},{
  "dateTime" : "06/15/24 23:26:06",
  "value" : {
    "bpm" : 109,
    "confidence" : 2
  }
},{
  "dateTime" : "06/15/24 23:26:16",
  "value" : {
    "bpm" : 113,
    "confidence" : 2
  }
},{
  "dateTime" : "06/15/24 23:26:26",
  "value" : {
    "bpm" : 111,
    "confidence" : 2
  }
},{
  "dateTime" : "06/15/24 23:26:31",
  "value" : {
    "bpm" : 110,
    "confidence" : 2
  }
},{
  "dateTime" : "06/15/24 23:26:36",
  "value" : {
    "bpm" : 109,
    "confidence" : 2
  }
},{
  "dateTime" : "06/15/24 23:26:46",
  "value" : {
    "bpm" : 108,
    "confidence" : 2
  }
},{
  "dateTime" : "06/15/24 23:26:56",
  "value" : {
    "bpm" : 106,
    "confidence" : 2
  }
},{
  "dateTime" : "06/15/24 23:27:01",
  "value" : {
    "bpm" : 104,
    "confidence" : 2
  }
},{
  "dateTime" : "06/15/24 23:27:11",
  "value" : {
    "bpm" : 108,
    "confidence" : 2
  }
},{
  "dateTime" : "06/15/24 23:27:16",
  "value" : {
    "bpm" : 112,
    "confidence" : 2
  }
},{
  "dateTime" : "06/15/24 23:27:21",
  "value" : {
    "bpm" : 109,
    "confidence" : 2
  }
},{
  "dateTime" : "06/15/24 23:27:26",
  "value" : {
    "bpm" : 108,
    "confidence" : 2
  }
},{
  "dateTime" : "06/15/24 23:27:31",
  "value" : {
    "bpm" : 107,
    "confidence" : 2
  }
},{
  "dateTime" : "06/15/24 23:27:36",
  "value" : {
    "bpm" : 108,
    "confidence" : 2
  }
},{
  "dateTime" : "06/15/24 23:27:41",
  "value" : {
    "bpm" : 110,
    "confidence" : 2
  }
},{
  "dateTime" : "06/15/24 23:27:56",
  "value" : {
    "bpm" : 111,
    "confidence" : 2
  }
},{
  "dateTime" : "06/15/24 23:28:06",
  "value" : {
    "bpm" : 108,
    "confidence" : 2
  }
},{
  "dateTime" : "06/15/24 23:28:11",
  "value" : {
    "bpm" : 109,
    "confidence" : 2
  }
},{
  "dateTime" : "06/15/24 23:28:16",
  "value" : {
    "bpm" : 106,
    "confidence" : 2
  }
},{
  "dateTime" : "06/15/24 23:28:21",
  "value" : {
    "bpm" : 108,
    "confidence" : 2
  }
},{
  "dateTime" : "06/15/24 23:28:26",
  "value" : {
    "bpm" : 110,
    "confidence" : 2
  }
},{
  "dateTime" : "06/15/24 23:28:31",
  "value" : {
    "bpm" : 108,
    "confidence" : 2
  }
},{
  "dateTime" : "06/15/24 23:28:36",
  "value" : {
    "bpm" : 105,
    "confidence" : 2
  }
},{
  "dateTime" : "06/15/24 23:28:41",
  "value" : {
    "bpm" : 104,
    "confidence" : 2
  }
},{
  "dateTime" : "06/15/24 23:28:56",
  "value" : {
    "bpm" : 106,
    "confidence" : 2
  }
},{
  "dateTime" : "06/15/24 23:29:01",
  "value" : {
    "bpm" : 104,
    "confidence" : 2
  }
},{
  "dateTime" : "06/15/24 23:29:06",
  "value" : {
    "bpm" : 105,
    "confidence" : 2
  }
},{
  "dateTime" : "06/15/24 23:29:16",
  "value" : {
    "bpm" : 108,
    "confidence" : 2
  }
},{
  "dateTime" : "06/15/24 23:29:21",
  "value" : {
    "bpm" : 110,
    "confidence" : 2
  }
},{
  "dateTime" : "06/15/24 23:29:36",
  "value" : {
    "bpm" : 107,
    "confidence" : 2
  }
},{
  "dateTime" : "06/15/24 23:29:41",
  "value" : {
    "bpm" : 103,
    "confidence" : 2
  }
},{
  "dateTime" : "06/15/24 23:29:46",
  "value" : {
    "bpm" : 105,
    "confidence" : 2
  }
},{
  "dateTime" : "06/15/24 23:29:51",
  "value" : {
    "bpm" : 107,
    "confidence" : 2
  }
},{
  "dateTime" : "06/15/24 23:30:01",
  "value" : {
    "bpm" : 104,
    "confidence" : 2
  }
},{
  "dateTime" : "06/15/24 23:30:06",
  "value" : {
    "bpm" : 102,
    "confidence" : 2
  }
},{
  "dateTime" : "06/15/24 23:30:11",
  "value" : {
    "bpm" : 105,
    "confidence" : 2
  }
},{
  "dateTime" : "06/15/24 23:30:16",
  "value" : {
    "bpm" : 109,
    "confidence" : 2
  }
},{
  "dateTime" : "06/15/24 23:30:21",
  "value" : {
    "bpm" : 111,
    "confidence" : 2
  }
},{
  "dateTime" : "06/15/24 23:30:26",
  "value" : {
    "bpm" : 110,
    "confidence" : 2
  }
},{
  "dateTime" : "06/15/24 23:30:31",
  "value" : {
    "bpm" : 107,
    "confidence" : 2
  }
},{
  "dateTime" : "06/15/24 23:30:36",
  "value" : {
    "bpm" : 103,
    "confidence" : 3
  }
},{
  "dateTime" : "06/15/24 23:30:41",
  "value" : {
    "bpm" : 105,
    "confidence" : 3
  }
},{
  "dateTime" : "06/15/24 23:30:46",
  "value" : {
    "bpm" : 105,
    "confidence" : 2
  }
},{
  "dateTime" : "06/15/24 23:30:51",
  "value" : {
    "bpm" : 107,
    "confidence" : 2
  }
},{
  "dateTime" : "06/15/24 23:30:56",
  "value" : {
    "bpm" : 109,
    "confidence" : 2
  }
},{
  "dateTime" : "06/15/24 23:31:06",
  "value" : {
    "bpm" : 104,
    "confidence" : 2
  }
},{
  "dateTime" : "06/15/24 23:31:11",
  "value" : {
    "bpm" : 100,
    "confidence" : 3
  }
},{
  "dateTime" : "06/15/24 23:31:16",
  "value" : {
    "bpm" : 99,
    "confidence" : 2
  }
},{
  "dateTime" : "06/15/24 23:31:21",
  "value" : {
    "bpm" : 101,
    "confidence" : 2
  }
},{
  "dateTime" : "06/15/24 23:31:26",
  "value" : {
    "bpm" : 104,
    "confidence" : 2
  }
},{
  "dateTime" : "06/15/24 23:31:31",
  "value" : {
    "bpm" : 102,
    "confidence" : 2
  }
},{
  "dateTime" : "06/15/24 23:31:36",
  "value" : {
    "bpm" : 103,
    "confidence" : 2
  }
},{
  "dateTime" : "06/15/24 23:31:41",
  "value" : {
    "bpm" : 104,
    "confidence" : 2
  }
},{
  "dateTime" : "06/15/24 23:31:51",
  "value" : {
    "bpm" : 103,
    "confidence" : 2
  }
},{
  "dateTime" : "06/15/24 23:31:56",
  "value" : {
    "bpm" : 104,
    "confidence" : 2
  }
},{
  "dateTime" : "06/15/24 23:32:01",
  "value" : {
    "bpm" : 103,
    "confidence" : 3
  }
},{
  "dateTime" : "06/15/24 23:32:06",
  "value" : {
    "bpm" : 102,
    "confidence" : 2
  }
},{
  "dateTime" : "06/15/24 23:32:11",
  "value" : {
    "bpm" : 99,
    "confidence" : 2
  }
},{
  "dateTime" : "06/15/24 23:32:16",
  "value" : {
    "bpm" : 99,
    "confidence" : 3
  }
},{
  "dateTime" : "06/15/24 23:32:21",
  "value" : {
    "bpm" : 99,
    "confidence" : 2
  }
},{
  "dateTime" : "06/15/24 23:32:26",
  "value" : {
    "bpm" : 102,
    "confidence" : 2
  }
},{
  "dateTime" : "06/15/24 23:32:31",
  "value" : {
    "bpm" : 105,
    "confidence" : 2
  }
},{
  "dateTime" : "06/15/24 23:32:36",
  "value" : {
    "bpm" : 104,
    "confidence" : 3
  }
},{
  "dateTime" : "06/15/24 23:32:41",
  "value" : {
    "bpm" : 103,
    "confidence" : 2
  }
},{
  "dateTime" : "06/15/24 23:32:51",
  "value" : {
    "bpm" : 105,
    "confidence" : 2
  }
},{
  "dateTime" : "06/15/24 23:32:56",
  "value" : {
    "bpm" : 100,
    "confidence" : 2
  }
},{
  "dateTime" : "06/15/24 23:33:01",
  "value" : {
    "bpm" : 99,
    "confidence" : 2
  }
},{
  "dateTime" : "06/15/24 23:33:06",
  "value" : {
    "bpm" : 98,
    "confidence" : 2
  }
},{
  "dateTime" : "06/15/24 23:33:11",
  "value" : {
    "bpm" : 102,
    "confidence" : 2
  }
},{
  "dateTime" : "06/15/24 23:33:16",
  "value" : {
    "bpm" : 106,
    "confidence" : 2
  }
},{
  "dateTime" : "06/15/24 23:33:26",
  "value" : {
    "bpm" : 108,
    "confidence" : 2
  }
},{
  "dateTime" : "06/15/24 23:33:31",
  "value" : {
    "bpm" : 106,
    "confidence" : 2
  }
},{
  "dateTime" : "06/15/24 23:33:36",
  "value" : {
    "bpm" : 103,
    "confidence" : 3
  }
},{
  "dateTime" : "06/15/24 23:33:41",
  "value" : {
    "bpm" : 103,
    "confidence" : 2
  }
},{
  "dateTime" : "06/15/24 23:33:46",
  "value" : {
    "bpm" : 102,
    "confidence" : 2
  }
},{
  "dateTime" : "06/15/24 23:33:51",
  "value" : {
    "bpm" : 105,
    "confidence" : 2
  }
},{
  "dateTime" : "06/15/24 23:33:56",
  "value" : {
    "bpm" : 107,
    "confidence" : 2
  }
},{
  "dateTime" : "06/15/24 23:34:01",
  "value" : {
    "bpm" : 108,
    "confidence" : 2
  }
},{
  "dateTime" : "06/15/24 23:34:06",
  "value" : {
    "bpm" : 109,
    "confidence" : 2
  }
},{
  "dateTime" : "06/15/24 23:34:11",
  "value" : {
    "bpm" : 106,
    "confidence" : 2
  }
},{
  "dateTime" : "06/15/24 23:34:16",
  "value" : {
    "bpm" : 104,
    "confidence" : 2
  }
},{
  "dateTime" : "06/15/24 23:34:21",
  "value" : {
    "bpm" : 102,
    "confidence" : 2
  }
},{
  "dateTime" : "06/15/24 23:34:31",
  "value" : {
    "bpm" : 103,
    "confidence" : 2
  }
},{
  "dateTime" : "06/15/24 23:34:36",
  "value" : {
    "bpm" : 104,
    "confidence" : 2
  }
},{
  "dateTime" : "06/15/24 23:34:41",
  "value" : {
    "bpm" : 105,
    "confidence" : 2
  }
},{
  "dateTime" : "06/15/24 23:34:46",
  "value" : {
    "bpm" : 104,
    "confidence" : 2
  }
},{
  "dateTime" : "06/15/24 23:34:56",
  "value" : {
    "bpm" : 103,
    "confidence" : 2
  }
},{
  "dateTime" : "06/15/24 23:35:01",
  "value" : {
    "bpm" : 106,
    "confidence" : 2
  }
},{
  "dateTime" : "06/15/24 23:35:06",
  "value" : {
    "bpm" : 108,
    "confidence" : 2
  }
},{
  "dateTime" : "06/15/24 23:35:11",
  "value" : {
    "bpm" : 110,
    "confidence" : 2
  }
},{
  "dateTime" : "06/15/24 23:35:21",
  "value" : {
    "bpm" : 111,
    "confidence" : 2
  }
},{
  "dateTime" : "06/15/24 23:35:26",
  "value" : {
    "bpm" : 112,
    "confidence" : 2
  }
},{
  "dateTime" : "06/15/24 23:35:31",
  "value" : {
    "bpm" : 110,
    "confidence" : 2
  }
},{
  "dateTime" : "06/15/24 23:35:36",
  "value" : {
    "bpm" : 108,
    "confidence" : 2
  }
},{
  "dateTime" : "06/15/24 23:35:41",
  "value" : {
    "bpm" : 109,
    "confidence" : 2
  }
},{
  "dateTime" : "06/15/24 23:35:46",
  "value" : {
    "bpm" : 110,
    "confidence" : 2
  }
},{
  "dateTime" : "06/15/24 23:35:56",
  "value" : {
    "bpm" : 115,
    "confidence" : 2
  }
},{
  "dateTime" : "06/15/24 23:36:06",
  "value" : {
    "bpm" : 117,
    "confidence" : 2
  }
},{
  "dateTime" : "06/15/24 23:36:11",
  "value" : {
    "bpm" : 113,
    "confidence" : 2
  }
},{
  "dateTime" : "06/15/24 23:36:16",
  "value" : {
    "bpm" : 107,
    "confidence" : 2
  }
},{
  "dateTime" : "06/15/24 23:36:21",
  "value" : {
    "bpm" : 108,
    "confidence" : 2
  }
},{
  "dateTime" : "06/15/24 23:36:26",
  "value" : {
    "bpm" : 106,
    "confidence" : 2
  }
},{
  "dateTime" : "06/15/24 23:36:31",
  "value" : {
    "bpm" : 105,
    "confidence" : 2
  }
},{
  "dateTime" : "06/15/24 23:36:41",
  "value" : {
    "bpm" : 109,
    "confidence" : 2
  }
},{
  "dateTime" : "06/15/24 23:36:46",
  "value" : {
    "bpm" : 113,
    "confidence" : 2
  }
},{
  "dateTime" : "06/15/24 23:36:51",
  "value" : {
    "bpm" : 112,
    "confidence" : 2
  }
},{
  "dateTime" : "06/15/24 23:36:56",
  "value" : {
    "bpm" : 115,
    "confidence" : 2
  }
},{
  "dateTime" : "06/15/24 23:37:06",
  "value" : {
    "bpm" : 113,
    "confidence" : 2
  }
},{
  "dateTime" : "06/15/24 23:37:11",
  "value" : {
    "bpm" : 112,
    "confidence" : 2
  }
},{
  "dateTime" : "06/15/24 23:37:16",
  "value" : {
    "bpm" : 110,
    "confidence" : 2
  }
},{
  "dateTime" : "06/15/24 23:37:31",
  "value" : {
    "bpm" : 110,
    "confidence" : 2
  }
},{
  "dateTime" : "06/15/24 23:37:36",
  "value" : {
    "bpm" : 112,
    "confidence" : 2
  }
},{
  "dateTime" : "06/15/24 23:37:41",
  "value" : {
    "bpm" : 115,
    "confidence" : 2
  }
},{
  "dateTime" : "06/15/24 23:37:46",
  "value" : {
    "bpm" : 116,
    "confidence" : 2
  }
},{
  "dateTime" : "06/15/24 23:37:51",
  "value" : {
    "bpm" : 115,
    "confidence" : 2
  }
},{
  "dateTime" : "06/15/24 23:37:56",
  "value" : {
    "bpm" : 116,
    "confidence" : 2
  }
},{
  "dateTime" : "06/15/24 23:38:01",
  "value" : {
    "bpm" : 114,
    "confidence" : 2
  }
},{
  "dateTime" : "06/15/24 23:38:06",
  "value" : {
    "bpm" : 115,
    "confidence" : 2
  }
},{
  "dateTime" : "06/15/24 23:38:16",
  "value" : {
    "bpm" : 114,
    "confidence" : 2
  }
},{
  "dateTime" : "06/15/24 23:38:21",
  "value" : {
    "bpm" : 115,
    "confidence" : 2
  }
},{
  "dateTime" : "06/15/24 23:38:26",
  "value" : {
    "bpm" : 116,
    "confidence" : 2
  }
},{
  "dateTime" : "06/15/24 23:38:31",
  "value" : {
    "bpm" : 115,
    "confidence" : 2
  }
},{
  "dateTime" : "06/15/24 23:38:36",
  "value" : {
    "bpm" : 112,
    "confidence" : 2
  }
},{
  "dateTime" : "06/15/24 23:38:41",
  "value" : {
    "bpm" : 106,
    "confidence" : 2
  }
},{
  "dateTime" : "06/15/24 23:38:46",
  "value" : {
    "bpm" : 105,
    "confidence" : 2
  }
},{
  "dateTime" : "06/15/24 23:38:51",
  "value" : {
    "bpm" : 104,
    "confidence" : 2
  }
},{
  "dateTime" : "06/15/24 23:38:56",
  "value" : {
    "bpm" : 105,
    "confidence" : 2
  }
},{
  "dateTime" : "06/15/24 23:39:01",
  "value" : {
    "bpm" : 104,
    "confidence" : 2
  }
},{
  "dateTime" : "06/15/24 23:39:06",
  "value" : {
    "bpm" : 108,
    "confidence" : 2
  }
},{
  "dateTime" : "06/15/24 23:39:11",
  "value" : {
    "bpm" : 107,
    "confidence" : 2
  }
},{
  "dateTime" : "06/15/24 23:39:16",
  "value" : {
    "bpm" : 112,
    "confidence" : 2
  }
},{
  "dateTime" : "06/15/24 23:39:21",
  "value" : {
    "bpm" : 113,
    "confidence" : 2
  }
},{
  "dateTime" : "06/15/24 23:39:31",
  "value" : {
    "bpm" : 110,
    "confidence" : 2
  }
},{
  "dateTime" : "06/15/24 23:39:36",
  "value" : {
    "bpm" : 106,
    "confidence" : 2
  }
},{
  "dateTime" : "06/15/24 23:39:41",
  "value" : {
    "bpm" : 107,
    "confidence" : 2
  }
},{
  "dateTime" : "06/15/24 23:39:46",
  "value" : {
    "bpm" : 110,
    "confidence" : 2
  }
},{
  "dateTime" : "06/15/24 23:40:01",
  "value" : {
    "bpm" : 109,
    "confidence" : 2
  }
},{
  "dateTime" : "06/15/24 23:40:06",
  "value" : {
    "bpm" : 110,
    "confidence" : 2
  }
},{
  "dateTime" : "06/15/24 23:40:11",
  "value" : {
    "bpm" : 109,
    "confidence" : 2
  }
},{
  "dateTime" : "06/15/24 23:40:21",
  "value" : {
    "bpm" : 108,
    "confidence" : 2
  }
},{
  "dateTime" : "06/15/24 23:40:26",
  "value" : {
    "bpm" : 109,
    "confidence" : 2
  }
},{
  "dateTime" : "06/15/24 23:40:31",
  "value" : {
    "bpm" : 107,
    "confidence" : 3
  }
},{
  "dateTime" : "06/15/24 23:40:36",
  "value" : {
    "bpm" : 107,
    "confidence" : 2
  }
},{
  "dateTime" : "06/15/24 23:40:41",
  "value" : {
    "bpm" : 109,
    "confidence" : 2
  }
},{
  "dateTime" : "06/15/24 23:40:51",
  "value" : {
    "bpm" : 110,
    "confidence" : 2
  }
},{
  "dateTime" : "06/15/24 23:40:56",
  "value" : {
    "bpm" : 109,
    "confidence" : 2
  }
},{
  "dateTime" : "06/15/24 23:41:06",
  "value" : {
    "bpm" : 106,
    "confidence" : 2
  }
},{
  "dateTime" : "06/15/24 23:41:11",
  "value" : {
    "bpm" : 104,
    "confidence" : 2
  }
},{
  "dateTime" : "06/15/24 23:41:21",
  "value" : {
    "bpm" : 106,
    "confidence" : 2
  }
},{
  "dateTime" : "06/15/24 23:41:26",
  "value" : {
    "bpm" : 108,
    "confidence" : 2
  }
},{
  "dateTime" : "06/15/24 23:41:31",
  "value" : {
    "bpm" : 109,
    "confidence" : 2
  }
},{
  "dateTime" : "06/15/24 23:41:36",
  "value" : {
    "bpm" : 110,
    "confidence" : 2
  }
},{
  "dateTime" : "06/15/24 23:41:46",
  "value" : {
    "bpm" : 108,
    "confidence" : 2
  }
},{
  "dateTime" : "06/15/24 23:41:51",
  "value" : {
    "bpm" : 106,
    "confidence" : 2
  }
},{
  "dateTime" : "06/15/24 23:41:56",
  "value" : {
    "bpm" : 105,
    "confidence" : 2
  }
},{
  "dateTime" : "06/15/24 23:42:01",
  "value" : {
    "bpm" : 108,
    "confidence" : 2
  }
},{
  "dateTime" : "06/15/24 23:42:06",
  "value" : {
    "bpm" : 107,
    "confidence" : 2
  }
},{
  "dateTime" : "06/15/24 23:42:11",
  "value" : {
    "bpm" : 105,
    "confidence" : 3
  }
},{
  "dateTime" : "06/15/24 23:42:16",
  "value" : {
    "bpm" : 103,
    "confidence" : 3
  }
},{
  "dateTime" : "06/15/24 23:42:21",
  "value" : {
    "bpm" : 103,
    "confidence" : 2
  }
},{
  "dateTime" : "06/15/24 23:42:26",
  "value" : {
    "bpm" : 106,
    "confidence" : 2
  }
},{
  "dateTime" : "06/15/24 23:42:31",
  "value" : {
    "bpm" : 105,
    "confidence" : 2
  }
},{
  "dateTime" : "06/15/24 23:42:36",
  "value" : {
    "bpm" : 108,
    "confidence" : 2
  }
},{
  "dateTime" : "06/15/24 23:42:41",
  "value" : {
    "bpm" : 107,
    "confidence" : 2
  }
},{
  "dateTime" : "06/15/24 23:42:46",
  "value" : {
    "bpm" : 108,
    "confidence" : 2
  }
},{
  "dateTime" : "06/15/24 23:42:51",
  "value" : {
    "bpm" : 109,
    "confidence" : 2
  }
},{
  "dateTime" : "06/15/24 23:42:56",
  "value" : {
    "bpm" : 107,
    "confidence" : 2
  }
},{
  "dateTime" : "06/15/24 23:43:01",
  "value" : {
    "bpm" : 109,
    "confidence" : 2
  }
},{
  "dateTime" : "06/15/24 23:43:06",
  "value" : {
    "bpm" : 111,
    "confidence" : 2
  }
},{
  "dateTime" : "06/15/24 23:43:16",
  "value" : {
    "bpm" : 109,
    "confidence" : 2
  }
},{
  "dateTime" : "06/15/24 23:43:21",
  "value" : {
    "bpm" : 105,
    "confidence" : 2
  }
},{
  "dateTime" : "06/15/24 23:43:26",
  "value" : {
    "bpm" : 103,
    "confidence" : 2
  }
},{
  "dateTime" : "06/15/24 23:43:31",
  "value" : {
    "bpm" : 104,
    "confidence" : 2
  }
},{
  "dateTime" : "06/15/24 23:43:36",
  "value" : {
    "bpm" : 107,
    "confidence" : 2
  }
},{
  "dateTime" : "06/15/24 23:43:41",
  "value" : {
    "bpm" : 112,
    "confidence" : 2
  }
},{
  "dateTime" : "06/15/24 23:43:56",
  "value" : {
    "bpm" : 112,
    "confidence" : 2
  }
},{
  "dateTime" : "06/15/24 23:44:01",
  "value" : {
    "bpm" : 109,
    "confidence" : 2
  }
},{
  "dateTime" : "06/15/24 23:44:06",
  "value" : {
    "bpm" : 107,
    "confidence" : 2
  }
},{
  "dateTime" : "06/15/24 23:44:11",
  "value" : {
    "bpm" : 108,
    "confidence" : 2
  }
},{
  "dateTime" : "06/15/24 23:44:16",
  "value" : {
    "bpm" : 106,
    "confidence" : 2
  }
},{
  "dateTime" : "06/15/24 23:44:21",
  "value" : {
    "bpm" : 103,
    "confidence" : 2
  }
},{
  "dateTime" : "06/15/24 23:44:36",
  "value" : {
    "bpm" : 104,
    "confidence" : 2
  }
},{
  "dateTime" : "06/15/24 23:44:41",
  "value" : {
    "bpm" : 106,
    "confidence" : 2
  }
},{
  "dateTime" : "06/15/24 23:44:46",
  "value" : {
    "bpm" : 103,
    "confidence" : 2
  }
},{
  "dateTime" : "06/15/24 23:44:51",
  "value" : {
    "bpm" : 102,
    "confidence" : 2
  }
},{
  "dateTime" : "06/15/24 23:45:01",
  "value" : {
    "bpm" : 105,
    "confidence" : 2
  }
},{
  "dateTime" : "06/15/24 23:45:06",
  "value" : {
    "bpm" : 107,
    "confidence" : 2
  }
},{
  "dateTime" : "06/15/24 23:45:11",
  "value" : {
    "bpm" : 105,
    "confidence" : 2
  }
},{
  "dateTime" : "06/15/24 23:45:16",
  "value" : {
    "bpm" : 107,
    "confidence" : 2
  }
},{
  "dateTime" : "06/15/24 23:45:21",
  "value" : {
    "bpm" : 109,
    "confidence" : 2
  }
},{
  "dateTime" : "06/15/24 23:45:31",
  "value" : {
    "bpm" : 106,
    "confidence" : 2
  }
},{
  "dateTime" : "06/15/24 23:45:36",
  "value" : {
    "bpm" : 108,
    "confidence" : 2
  }
},{
  "dateTime" : "06/15/24 23:45:46",
  "value" : {
    "bpm" : 105,
    "confidence" : 2
  }
},{
  "dateTime" : "06/15/24 23:45:56",
  "value" : {
    "bpm" : 104,
    "confidence" : 2
  }
},{
  "dateTime" : "06/15/24 23:46:06",
  "value" : {
    "bpm" : 106,
    "confidence" : 2
  }
},{
  "dateTime" : "06/15/24 23:46:11",
  "value" : {
    "bpm" : 107,
    "confidence" : 2
  }
},{
  "dateTime" : "06/15/24 23:46:16",
  "value" : {
    "bpm" : 108,
    "confidence" : 2
  }
},{
  "dateTime" : "06/15/24 23:46:31",
  "value" : {
    "bpm" : 101,
    "confidence" : 2
  }
},{
  "dateTime" : "06/15/24 23:46:36",
  "value" : {
    "bpm" : 107,
    "confidence" : 2
  }
},{
  "dateTime" : "06/15/24 23:46:41",
  "value" : {
    "bpm" : 109,
    "confidence" : 2
  }
},{
  "dateTime" : "06/15/24 23:46:51",
  "value" : {
    "bpm" : 108,
    "confidence" : 2
  }
},{
  "dateTime" : "06/15/24 23:46:56",
  "value" : {
    "bpm" : 105,
    "confidence" : 2
  }
},{
  "dateTime" : "06/15/24 23:47:06",
  "value" : {
    "bpm" : 110,
    "confidence" : 2
  }
},{
  "dateTime" : "06/15/24 23:47:11",
  "value" : {
    "bpm" : 113,
    "confidence" : 2
  }
},{
  "dateTime" : "06/15/24 23:47:16",
  "value" : {
    "bpm" : 109,
    "confidence" : 3
  }
},{
  "dateTime" : "06/15/24 23:47:21",
  "value" : {
    "bpm" : 104,
    "confidence" : 3
  }
},{
  "dateTime" : "06/15/24 23:47:26",
  "value" : {
    "bpm" : 103,
    "confidence" : 3
  }
},{
  "dateTime" : "06/15/24 23:47:31",
  "value" : {
    "bpm" : 106,
    "confidence" : 3
  }
},{
  "dateTime" : "06/15/24 23:47:36",
  "value" : {
    "bpm" : 107,
    "confidence" : 2
  }
},{
  "dateTime" : "06/15/24 23:47:41",
  "value" : {
    "bpm" : 108,
    "confidence" : 2
  }
},{
  "dateTime" : "06/15/24 23:47:46",
  "value" : {
    "bpm" : 105,
    "confidence" : 3
  }
},{
  "dateTime" : "06/15/24 23:48:01",
  "value" : {
    "bpm" : 106,
    "confidence" : 2
  }
},{
  "dateTime" : "06/15/24 23:48:06",
  "value" : {
    "bpm" : 104,
    "confidence" : 2
  }
},{
  "dateTime" : "06/15/24 23:48:21",
  "value" : {
    "bpm" : 105,
    "confidence" : 2
  }
},{
  "dateTime" : "06/15/24 23:48:26",
  "value" : {
    "bpm" : 103,
    "confidence" : 2
  }
},{
  "dateTime" : "06/15/24 23:48:31",
  "value" : {
    "bpm" : 102,
    "confidence" : 3
  }
},{
  "dateTime" : "06/15/24 23:48:41",
  "value" : {
    "bpm" : 101,
    "confidence" : 2
  }
},{
  "dateTime" : "06/15/24 23:48:46",
  "value" : {
    "bpm" : 104,
    "confidence" : 2
  }
},{
  "dateTime" : "06/15/24 23:48:51",
  "value" : {
    "bpm" : 105,
    "confidence" : 2
  }
},{
  "dateTime" : "06/15/24 23:48:56",
  "value" : {
    "bpm" : 107,
    "confidence" : 2
  }
},{
  "dateTime" : "06/15/24 23:49:01",
  "value" : {
    "bpm" : 109,
    "confidence" : 2
  }
},{
  "dateTime" : "06/15/24 23:49:06",
  "value" : {
    "bpm" : 111,
    "confidence" : 2
  }
},{
  "dateTime" : "06/15/24 23:49:11",
  "value" : {
    "bpm" : 109,
    "confidence" : 2
  }
},{
  "dateTime" : "06/15/24 23:49:16",
  "value" : {
    "bpm" : 108,
    "confidence" : 2
  }
},{
  "dateTime" : "06/15/24 23:49:21",
  "value" : {
    "bpm" : 110,
    "confidence" : 2
  }
},{
  "dateTime" : "06/15/24 23:49:26",
  "value" : {
    "bpm" : 108,
    "confidence" : 2
  }
},{
  "dateTime" : "06/15/24 23:49:31",
  "value" : {
    "bpm" : 110,
    "confidence" : 2
  }
},{
  "dateTime" : "06/15/24 23:49:41",
  "value" : {
    "bpm" : 108,
    "confidence" : 2
  }
},{
  "dateTime" : "06/15/24 23:49:46",
  "value" : {
    "bpm" : 106,
    "confidence" : 2
  }
},{
  "dateTime" : "06/15/24 23:49:51",
  "value" : {
    "bpm" : 100,
    "confidence" : 3
  }
},{
  "dateTime" : "06/15/24 23:49:56",
  "value" : {
    "bpm" : 99,
    "confidence" : 3
  }
},{
  "dateTime" : "06/15/24 23:50:06",
  "value" : {
    "bpm" : 102,
    "confidence" : 2
  }
},{
  "dateTime" : "06/15/24 23:50:11",
  "value" : {
    "bpm" : 101,
    "confidence" : 2
  }
},{
  "dateTime" : "06/15/24 23:50:16",
  "value" : {
    "bpm" : 103,
    "confidence" : 2
  }
},{
  "dateTime" : "06/15/24 23:50:21",
  "value" : {
    "bpm" : 106,
    "confidence" : 2
  }
},{
  "dateTime" : "06/15/24 23:50:26",
  "value" : {
    "bpm" : 108,
    "confidence" : 2
  }
},{
  "dateTime" : "06/15/24 23:50:31",
  "value" : {
    "bpm" : 107,
    "confidence" : 2
  }
},{
  "dateTime" : "06/15/24 23:50:46",
  "value" : {
    "bpm" : 108,
    "confidence" : 2
  }
},{
  "dateTime" : "06/15/24 23:50:51",
  "value" : {
    "bpm" : 113,
    "confidence" : 2
  }
},{
  "dateTime" : "06/15/24 23:50:56",
  "value" : {
    "bpm" : 119,
    "confidence" : 2
  }
},{
  "dateTime" : "06/15/24 23:51:01",
  "value" : {
    "bpm" : 120,
    "confidence" : 2
  }
},{
  "dateTime" : "06/15/24 23:51:06",
  "value" : {
    "bpm" : 122,
    "confidence" : 2
  }
},{
  "dateTime" : "06/15/24 23:51:11",
  "value" : {
    "bpm" : 121,
    "confidence" : 2
  }
},{
  "dateTime" : "06/15/24 23:51:16",
  "value" : {
    "bpm" : 119,
    "confidence" : 2
  }
},{
  "dateTime" : "06/15/24 23:51:31",
  "value" : {
    "bpm" : 121,
    "confidence" : 2
  }
},{
  "dateTime" : "06/15/24 23:51:36",
  "value" : {
    "bpm" : 118,
    "confidence" : 2
  }
},{
  "dateTime" : "06/15/24 23:51:41",
  "value" : {
    "bpm" : 116,
    "confidence" : 2
  }
},{
  "dateTime" : "06/15/24 23:51:46",
  "value" : {
    "bpm" : 117,
    "confidence" : 2
  }
},{
  "dateTime" : "06/15/24 23:51:51",
  "value" : {
    "bpm" : 119,
    "confidence" : 2
  }
},{
  "dateTime" : "06/15/24 23:51:56",
  "value" : {
    "bpm" : 116,
    "confidence" : 2
  }
},{
  "dateTime" : "06/15/24 23:52:01",
  "value" : {
    "bpm" : 117,
    "confidence" : 2
  }
},{
  "dateTime" : "06/15/24 23:52:06",
  "value" : {
    "bpm" : 118,
    "confidence" : 2
  }
},{
  "dateTime" : "06/15/24 23:52:16",
  "value" : {
    "bpm" : 119,
    "confidence" : 2
  }
},{
  "dateTime" : "06/15/24 23:52:21",
  "value" : {
    "bpm" : 117,
    "confidence" : 2
  }
},{
  "dateTime" : "06/15/24 23:52:26",
  "value" : {
    "bpm" : 114,
    "confidence" : 2
  }
},{
  "dateTime" : "06/15/24 23:52:31",
  "value" : {
    "bpm" : 110,
    "confidence" : 2
  }
},{
  "dateTime" : "06/15/24 23:52:36",
  "value" : {
    "bpm" : 111,
    "confidence" : 2
  }
},{
  "dateTime" : "06/15/24 23:52:41",
  "value" : {
    "bpm" : 112,
    "confidence" : 2
  }
},{
  "dateTime" : "06/15/24 23:52:46",
  "value" : {
    "bpm" : 111,
    "confidence" : 2
  }
},{
  "dateTime" : "06/15/24 23:52:56",
  "value" : {
    "bpm" : 113,
    "confidence" : 2
  }
},{
  "dateTime" : "06/15/24 23:53:01",
  "value" : {
    "bpm" : 114,
    "confidence" : 2
  }
},{
  "dateTime" : "06/15/24 23:53:06",
  "value" : {
    "bpm" : 115,
    "confidence" : 2
  }
},{
  "dateTime" : "06/15/24 23:53:11",
  "value" : {
    "bpm" : 116,
    "confidence" : 2
  }
},{
  "dateTime" : "06/15/24 23:53:21",
  "value" : {
    "bpm" : 113,
    "confidence" : 2
  }
},{
  "dateTime" : "06/15/24 23:53:26",
  "value" : {
    "bpm" : 111,
    "confidence" : 2
  }
},{
  "dateTime" : "06/15/24 23:53:36",
  "value" : {
    "bpm" : 113,
    "confidence" : 2
  }
},{
  "dateTime" : "06/15/24 23:53:46",
  "value" : {
    "bpm" : 110,
    "confidence" : 2
  }
},{
  "dateTime" : "06/15/24 23:53:51",
  "value" : {
    "bpm" : 109,
    "confidence" : 2
  }
},{
  "dateTime" : "06/15/24 23:53:56",
  "value" : {
    "bpm" : 111,
    "confidence" : 2
  }
},{
  "dateTime" : "06/15/24 23:54:01",
  "value" : {
    "bpm" : 114,
    "confidence" : 2
  }
},{
  "dateTime" : "06/15/24 23:54:06",
  "value" : {
    "bpm" : 113,
    "confidence" : 2
  }
},{
  "dateTime" : "06/15/24 23:54:11",
  "value" : {
    "bpm" : 114,
    "confidence" : 2
  }
},{
  "dateTime" : "06/15/24 23:54:21",
  "value" : {
    "bpm" : 116,
    "confidence" : 2
  }
},{
  "dateTime" : "06/15/24 23:54:26",
  "value" : {
    "bpm" : 117,
    "confidence" : 2
  }
},{
  "dateTime" : "06/15/24 23:54:31",
  "value" : {
    "bpm" : 116,
    "confidence" : 2
  }
},{
  "dateTime" : "06/15/24 23:54:36",
  "value" : {
    "bpm" : 115,
    "confidence" : 2
  }
},{
  "dateTime" : "06/15/24 23:54:41",
  "value" : {
    "bpm" : 116,
    "confidence" : 2
  }
},{
  "dateTime" : "06/15/24 23:54:46",
  "value" : {
    "bpm" : 118,
    "confidence" : 2
  }
},{
  "dateTime" : "06/15/24 23:54:51",
  "value" : {
    "bpm" : 117,
    "confidence" : 2
  }
},{
  "dateTime" : "06/15/24 23:54:56",
  "value" : {
    "bpm" : 119,
    "confidence" : 2
  }
},{
  "dateTime" : "06/15/24 23:55:06",
  "value" : {
    "bpm" : 120,
    "confidence" : 2
  }
},{
  "dateTime" : "06/15/24 23:55:11",
  "value" : {
    "bpm" : 121,
    "confidence" : 2
  }
},{
  "dateTime" : "06/15/24 23:55:26",
  "value" : {
    "bpm" : 121,
    "confidence" : 2
  }
},{
  "dateTime" : "06/15/24 23:55:31",
  "value" : {
    "bpm" : 122,
    "confidence" : 2
  }
},{
  "dateTime" : "06/15/24 23:55:36",
  "value" : {
    "bpm" : 121,
    "confidence" : 2
  }
},{
  "dateTime" : "06/15/24 23:55:41",
  "value" : {
    "bpm" : 122,
    "confidence" : 2
  }
},{
  "dateTime" : "06/15/24 23:55:46",
  "value" : {
    "bpm" : 123,
    "confidence" : 2
  }
},{
  "dateTime" : "06/15/24 23:55:56",
  "value" : {
    "bpm" : 121,
    "confidence" : 2
  }
},{
  "dateTime" : "06/15/24 23:56:01",
  "value" : {
    "bpm" : 119,
    "confidence" : 2
  }
},{
  "dateTime" : "06/15/24 23:56:06",
  "value" : {
    "bpm" : 121,
    "confidence" : 2
  }
},{
  "dateTime" : "06/15/24 23:56:11",
  "value" : {
    "bpm" : 120,
    "confidence" : 2
  }
},{
  "dateTime" : "06/15/24 23:56:16",
  "value" : {
    "bpm" : 115,
    "confidence" : 1
  }
},{
  "dateTime" : "06/15/24 23:56:21",
  "value" : {
    "bpm" : 110,
    "confidence" : 1
  }
},{
  "dateTime" : "06/15/24 23:56:26",
  "value" : {
    "bpm" : 105,
    "confidence" : 1
  }
},{
  "dateTime" : "06/15/24 23:56:31",
  "value" : {
    "bpm" : 105,
    "confidence" : 2
  }
},{
  "dateTime" : "06/15/24 23:56:36",
  "value" : {
    "bpm" : 105,
    "confidence" : 1
  }
},{
  "dateTime" : "06/15/24 23:56:41",
  "value" : {
    "bpm" : 108,
    "confidence" : 1
  }
},{
  "dateTime" : "06/15/24 23:56:51",
  "value" : {
    "bpm" : 110,
    "confidence" : 2
  }
},{
  "dateTime" : "06/15/24 23:56:56",
  "value" : {
    "bpm" : 107,
    "confidence" : 2
  }
},{
  "dateTime" : "06/15/24 23:57:11",
  "value" : {
    "bpm" : 108,
    "confidence" : 2
  }
},{
  "dateTime" : "06/15/24 23:57:26",
  "value" : {
    "bpm" : 112,
    "confidence" : 2
  }
},{
  "dateTime" : "06/15/24 23:57:41",
  "value" : {
    "bpm" : 110,
    "confidence" : 2
  }
},{
  "dateTime" : "06/15/24 23:57:46",
  "value" : {
    "bpm" : 111,
    "confidence" : 2
  }
},{
  "dateTime" : "06/15/24 23:57:51",
  "value" : {
    "bpm" : 114,
    "confidence" : 2
  }
},{
  "dateTime" : "06/15/24 23:57:56",
  "value" : {
    "bpm" : 113,
    "confidence" : 2
  }
},{
  "dateTime" : "06/15/24 23:58:01",
  "value" : {
    "bpm" : 111,
    "confidence" : 1
  }
},{
  "dateTime" : "06/15/24 23:58:06",
  "value" : {
    "bpm" : 105,
    "confidence" : 1
  }
},{
  "dateTime" : "06/15/24 23:58:11",
  "value" : {
    "bpm" : 103,
    "confidence" : 1
  }
},{
  "dateTime" : "06/15/24 23:58:16",
  "value" : {
    "bpm" : 102,
    "confidence" : 2
  }
},{
  "dateTime" : "06/15/24 23:58:21",
  "value" : {
    "bpm" : 105,
    "confidence" : 2
  }
},{
  "dateTime" : "06/15/24 23:58:26",
  "value" : {
    "bpm" : 106,
    "confidence" : 2
  }
},{
  "dateTime" : "06/16/24 03:33:25",
  "value" : {
    "bpm" : 111,
    "confidence" : 0
  }
},{
  "dateTime" : "06/16/24 03:33:30",
  "value" : {
    "bpm" : 105,
    "confidence" : 0
  }
},{
  "dateTime" : "06/16/24 03:33:35",
  "value" : {
    "bpm" : 116,
    "confidence" : 0
  }
},{
  "dateTime" : "06/16/24 03:33:40",
  "value" : {
    "bpm" : 115,
    "confidence" : 0
  }
},{
  "dateTime" : "06/16/24 03:33:45",
  "value" : {
    "bpm" : 117,
    "confidence" : 0
  }
},{
  "dateTime" : "06/16/24 03:33:50",
  "value" : {
    "bpm" : 115,
    "confidence" : 0
  }
},{
  "dateTime" : "06/16/24 03:34:00",
  "value" : {
    "bpm" : 114,
    "confidence" : 2
  }
},{
  "dateTime" : "06/16/24 03:34:05",
  "value" : {
    "bpm" : 111,
    "confidence" : 2
  }
},{
  "dateTime" : "06/16/24 03:34:15",
  "value" : {
    "bpm" : 108,
    "confidence" : 2
  }
},{
  "dateTime" : "06/16/24 03:34:25",
  "value" : {
    "bpm" : 110,
    "confidence" : 2
  }
},{
  "dateTime" : "06/16/24 03:34:30",
  "value" : {
    "bpm" : 109,
    "confidence" : 2
  }
},{
  "dateTime" : "06/16/24 03:34:35",
  "value" : {
    "bpm" : 110,
    "confidence" : 2
  }
},{
  "dateTime" : "06/16/24 03:34:40",
  "value" : {
    "bpm" : 113,
    "confidence" : 2
  }
},{
  "dateTime" : "06/16/24 03:34:45",
  "value" : {
    "bpm" : 114,
    "confidence" : 2
  }
},{
  "dateTime" : "06/16/24 03:35:00",
  "value" : {
    "bpm" : 116,
    "confidence" : 2
  }
},{
  "dateTime" : "06/16/24 03:35:05",
  "value" : {
    "bpm" : 116,
    "confidence" : 1
  }
},{
  "dateTime" : "06/16/24 03:35:10",
  "value" : {
    "bpm" : 112,
    "confidence" : 2
  }
},{
  "dateTime" : "06/16/24 03:35:15",
  "value" : {
    "bpm" : 110,
    "confidence" : 2
  }
},{
  "dateTime" : "06/16/24 03:35:20",
  "value" : {
    "bpm" : 113,
    "confidence" : 2
  }
},{
  "dateTime" : "06/16/24 03:35:25",
  "value" : {
    "bpm" : 118,
    "confidence" : 2
  }
},{
  "dateTime" : "06/16/24 03:35:30",
  "value" : {
    "bpm" : 123,
    "confidence" : 2
  }
},{
  "dateTime" : "06/16/24 03:35:35",
  "value" : {
    "bpm" : 115,
    "confidence" : 2
  }
},{
  "dateTime" : "06/16/24 03:35:40",
  "value" : {
    "bpm" : 113,
    "confidence" : 2
  }
},{
  "dateTime" : "06/16/24 03:35:45",
  "value" : {
    "bpm" : 114,
    "confidence" : 2
  }
},{
  "dateTime" : "06/16/24 03:35:50",
  "value" : {
    "bpm" : 112,
    "confidence" : 2
  }
},{
  "dateTime" : "06/16/24 03:35:55",
  "value" : {
    "bpm" : 110,
    "confidence" : 2
  }
},{
  "dateTime" : "06/16/24 03:36:00",
  "value" : {
    "bpm" : 111,
    "confidence" : 2
  }
},{
  "dateTime" : "06/16/24 03:36:05",
  "value" : {
    "bpm" : 110,
    "confidence" : 2
  }
},{
  "dateTime" : "06/16/24 03:36:10",
  "value" : {
    "bpm" : 109,
    "confidence" : 2
  }
},{
  "dateTime" : "06/16/24 03:36:25",
  "value" : {
    "bpm" : 108,
    "confidence" : 2
  }
},{
  "dateTime" : "06/16/24 03:36:40",
  "value" : {
    "bpm" : 107,
    "confidence" : 2
  }
},{
  "dateTime" : "06/16/24 03:36:45",
  "value" : {
    "bpm" : 106,
    "confidence" : 2
  }
},{
  "dateTime" : "06/16/24 03:36:50",
  "value" : {
    "bpm" : 108,
    "confidence" : 2
  }
},{
  "dateTime" : "06/16/24 03:36:55",
  "value" : {
    "bpm" : 106,
    "confidence" : 3
  }
},{
  "dateTime" : "06/16/24 03:37:00",
  "value" : {
    "bpm" : 105,
    "confidence" : 2
  }
},{
  "dateTime" : "06/16/24 03:37:05",
  "value" : {
    "bpm" : 104,
    "confidence" : 3
  }
},{
  "dateTime" : "06/16/24 03:37:10",
  "value" : {
    "bpm" : 102,
    "confidence" : 2
  }
},{
  "dateTime" : "06/16/24 03:37:20",
  "value" : {
    "bpm" : 101,
    "confidence" : 2
  }
},{
  "dateTime" : "06/16/24 03:37:30",
  "value" : {
    "bpm" : 102,
    "confidence" : 2
  }
},{
  "dateTime" : "06/16/24 03:37:35",
  "value" : {
    "bpm" : 103,
    "confidence" : 2
  }
},{
  "dateTime" : "06/16/24 03:37:40",
  "value" : {
    "bpm" : 108,
    "confidence" : 2
  }
},{
  "dateTime" : "06/16/24 03:37:45",
  "value" : {
    "bpm" : 106,
    "confidence" : 2
  }
},{
  "dateTime" : "06/16/24 03:37:50",
  "value" : {
    "bpm" : 104,
    "confidence" : 2
  }
},{
  "dateTime" : "06/16/24 03:37:55",
  "value" : {
    "bpm" : 103,
    "confidence" : 2
  }
},{
  "dateTime" : "06/16/24 03:38:00",
  "value" : {
    "bpm" : 101,
    "confidence" : 2
  }
},{
  "dateTime" : "06/16/24 03:38:05",
  "value" : {
    "bpm" : 102,
    "confidence" : 2
  }
},{
  "dateTime" : "06/16/24 03:38:10",
  "value" : {
    "bpm" : 101,
    "confidence" : 2
  }
},{
  "dateTime" : "06/16/24 03:38:20",
  "value" : {
    "bpm" : 102,
    "confidence" : 2
  }
},{
  "dateTime" : "06/16/24 03:38:25",
  "value" : {
    "bpm" : 101,
    "confidence" : 3
  }
},{
  "dateTime" : "06/16/24 03:38:33",
  "value" : {
    "bpm" : 100,
    "confidence" : 2
  }
},{
  "dateTime" : "06/16/24 03:38:38",
  "value" : {
    "bpm" : 101,
    "confidence" : 2
  }
},{
  "dateTime" : "06/16/24 03:38:48",
  "value" : {
    "bpm" : 99,
    "confidence" : 3
  }
},{
  "dateTime" : "06/16/24 03:38:53",
  "value" : {
    "bpm" : 101,
    "confidence" : 2
  }
},{
  "dateTime" : "06/16/24 03:38:58",
  "value" : {
    "bpm" : 102,
    "confidence" : 3
  }
},{
  "dateTime" : "06/16/24 03:39:03",
  "value" : {
    "bpm" : 101,
    "confidence" : 3
  }
},{
  "dateTime" : "06/16/24 03:39:08",
  "value" : {
    "bpm" : 100,
    "confidence" : 3
  }
},{
  "dateTime" : "06/16/24 03:39:13",
  "value" : {
    "bpm" : 98,
    "confidence" : 3
  }
},{
  "dateTime" : "06/16/24 03:39:18",
  "value" : {
    "bpm" : 99,
    "confidence" : 2
  }
},{
  "dateTime" : "06/16/24 03:39:23",
  "value" : {
    "bpm" : 100,
    "confidence" : 2
  }
},{
  "dateTime" : "06/16/24 03:39:28",
  "value" : {
    "bpm" : 105,
    "confidence" : 2
  }
},{
  "dateTime" : "06/16/24 03:39:33",
  "value" : {
    "bpm" : 103,
    "confidence" : 2
  }
},{
  "dateTime" : "06/16/24 03:39:38",
  "value" : {
    "bpm" : 98,
    "confidence" : 2
  }
},{
  "dateTime" : "06/16/24 03:39:43",
  "value" : {
    "bpm" : 99,
    "confidence" : 2
  }
},{
  "dateTime" : "06/16/24 03:39:48",
  "value" : {
    "bpm" : 98,
    "confidence" : 2
  }
},{
  "dateTime" : "06/16/24 03:39:53",
  "value" : {
    "bpm" : 100,
    "confidence" : 2
  }
},{
  "dateTime" : "06/16/24 03:39:58",
  "value" : {
    "bpm" : 108,
    "confidence" : 2
  }
},{
  "dateTime" : "06/16/24 03:40:03",
  "value" : {
    "bpm" : 107,
    "confidence" : 2
  }
},{
  "dateTime" : "06/16/24 03:40:08",
  "value" : {
    "bpm" : 106,
    "confidence" : 3
  }
},{
  "dateTime" : "06/16/24 03:40:13",
  "value" : {
    "bpm" : 102,
    "confidence" : 2
  }
},{
  "dateTime" : "06/16/24 03:40:18",
  "value" : {
    "bpm" : 99,
    "confidence" : 2
  }
},{
  "dateTime" : "06/16/24 03:40:23",
  "value" : {
    "bpm" : 100,
    "confidence" : 2
  }
},{
  "dateTime" : "06/16/24 03:40:28",
  "value" : {
    "bpm" : 99,
    "confidence" : 2
  }
},{
  "dateTime" : "06/16/24 03:40:33",
  "value" : {
    "bpm" : 102,
    "confidence" : 2
  }
},{
  "dateTime" : "06/16/24 03:40:38",
  "value" : {
    "bpm" : 104,
    "confidence" : 2
  }
},{
  "dateTime" : "06/16/24 03:40:43",
  "value" : {
    "bpm" : 103,
    "confidence" : 2
  }
},{
  "dateTime" : "06/16/24 03:40:48",
  "value" : {
    "bpm" : 101,
    "confidence" : 2
  }
},{
  "dateTime" : "06/16/24 03:40:53",
  "value" : {
    "bpm" : 100,
    "confidence" : 2
  }
},{
  "dateTime" : "06/16/24 03:40:58",
  "value" : {
    "bpm" : 100,
    "confidence" : 3
  }
},{
  "dateTime" : "06/16/24 03:41:03",
  "value" : {
    "bpm" : 100,
    "confidence" : 2
  }
},{
  "dateTime" : "06/16/24 03:41:08",
  "value" : {
    "bpm" : 99,
    "confidence" : 2
  }
},{
  "dateTime" : "06/16/24 03:41:13",
  "value" : {
    "bpm" : 98,
    "confidence" : 2
  }
},{
  "dateTime" : "06/16/24 03:41:18",
  "value" : {
    "bpm" : 99,
    "confidence" : 2
  }
},{
  "dateTime" : "06/16/24 03:41:23",
  "value" : {
    "bpm" : 99,
    "confidence" : 3
  }
},{
  "dateTime" : "06/16/24 03:41:28",
  "value" : {
    "bpm" : 99,
    "confidence" : 2
  }
},{
  "dateTime" : "06/16/24 03:41:33",
  "value" : {
    "bpm" : 104,
    "confidence" : 2
  }
},{
  "dateTime" : "06/16/24 03:41:38",
  "value" : {
    "bpm" : 100,
    "confidence" : 2
  }
},{
  "dateTime" : "06/16/24 03:41:43",
  "value" : {
    "bpm" : 98,
    "confidence" : 3
  }
},{
  "dateTime" : "06/16/24 03:41:53",
  "value" : {
    "bpm" : 101,
    "confidence" : 2
  }
},{
  "dateTime" : "06/16/24 03:41:58",
  "value" : {
    "bpm" : 104,
    "confidence" : 2
  }
},{
  "dateTime" : "06/16/24 03:42:03",
  "value" : {
    "bpm" : 105,
    "confidence" : 2
  }
},{
  "dateTime" : "06/16/24 03:42:08",
  "value" : {
    "bpm" : 104,
    "confidence" : 2
  }
},{
  "dateTime" : "06/16/24 03:42:18",
  "value" : {
    "bpm" : 98,
    "confidence" : 2
  }
},{
  "dateTime" : "06/16/24 03:42:23",
  "value" : {
    "bpm" : 99,
    "confidence" : 2
  }
},{
  "dateTime" : "06/16/24 03:42:38",
  "value" : {
    "bpm" : 101,
    "confidence" : 2
  }
},{
  "dateTime" : "06/16/24 03:42:43",
  "value" : {
    "bpm" : 100,
    "confidence" : 2
  }
},{
  "dateTime" : "06/16/24 03:42:48",
  "value" : {
    "bpm" : 98,
    "confidence" : 3
  }
},{
  "dateTime" : "06/16/24 03:42:58",
  "value" : {
    "bpm" : 101,
    "confidence" : 3
  }
},{
  "dateTime" : "06/16/24 03:43:03",
  "value" : {
    "bpm" : 100,
    "confidence" : 3
  }
},{
  "dateTime" : "06/16/24 03:43:08",
  "value" : {
    "bpm" : 98,
    "confidence" : 3
  }
},{
  "dateTime" : "06/16/24 03:43:13",
  "value" : {
    "bpm" : 96,
    "confidence" : 2
  }
},{
  "dateTime" : "06/16/24 03:43:18",
  "value" : {
    "bpm" : 97,
    "confidence" : 2
  }
},{
  "dateTime" : "06/16/24 03:43:23",
  "value" : {
    "bpm" : 98,
    "confidence" : 3
  }
},{
  "dateTime" : "06/16/24 03:43:28",
  "value" : {
    "bpm" : 97,
    "confidence" : 3
  }
},{
  "dateTime" : "06/16/24 03:43:33",
  "value" : {
    "bpm" : 98,
    "confidence" : 3
  }
},{
  "dateTime" : "06/16/24 03:43:43",
  "value" : {
    "bpm" : 98,
    "confidence" : 2
  }
},{
  "dateTime" : "06/16/24 03:43:48",
  "value" : {
    "bpm" : 100,
    "confidence" : 2
  }
},{
  "dateTime" : "06/16/24 03:43:53",
  "value" : {
    "bpm" : 103,
    "confidence" : 2
  }
},{
  "dateTime" : "06/16/24 03:43:58",
  "value" : {
    "bpm" : 106,
    "confidence" : 2
  }
},{
  "dateTime" : "06/16/24 03:44:03",
  "value" : {
    "bpm" : 109,
    "confidence" : 2
  }
},{
  "dateTime" : "06/16/24 03:44:18",
  "value" : {
    "bpm" : 105,
    "confidence" : 2
  }
},{
  "dateTime" : "06/16/24 03:44:23",
  "value" : {
    "bpm" : 103,
    "confidence" : 2
  }
},{
  "dateTime" : "06/16/24 03:44:38",
  "value" : {
    "bpm" : 101,
    "confidence" : 2
  }
},{
  "dateTime" : "06/16/24 03:44:43",
  "value" : {
    "bpm" : 98,
    "confidence" : 2
  }
},{
  "dateTime" : "06/16/24 03:44:48",
  "value" : {
    "bpm" : 99,
    "confidence" : 2
  }
},{
  "dateTime" : "06/16/24 03:44:53",
  "value" : {
    "bpm" : 102,
    "confidence" : 2
  }
},{
  "dateTime" : "06/16/24 03:44:58",
  "value" : {
    "bpm" : 107,
    "confidence" : 2
  }
},{
  "dateTime" : "06/16/24 03:45:04",
  "value" : {
    "bpm" : 104,
    "confidence" : 2
  }
},{
  "dateTime" : "06/16/24 03:45:09",
  "value" : {
    "bpm" : 96,
    "confidence" : 2
  }
},{
  "dateTime" : "06/16/24 03:45:14",
  "value" : {
    "bpm" : 97,
    "confidence" : 2
  }
},{
  "dateTime" : "06/16/24 03:45:19",
  "value" : {
    "bpm" : 102,
    "confidence" : 2
  }
},{
  "dateTime" : "06/16/24 03:45:24",
  "value" : {
    "bpm" : 106,
    "confidence" : 2
  }
},{
  "dateTime" : "06/16/24 03:45:29",
  "value" : {
    "bpm" : 103,
    "confidence" : 2
  }
},{
  "dateTime" : "06/16/24 03:45:34",
  "value" : {
    "bpm" : 102,
    "confidence" : 2
  }
},{
  "dateTime" : "06/16/24 03:45:39",
  "value" : {
    "bpm" : 104,
    "confidence" : 2
  }
},{
  "dateTime" : "06/16/24 03:45:44",
  "value" : {
    "bpm" : 105,
    "confidence" : 2
  }
},{
  "dateTime" : "06/16/24 03:45:49",
  "value" : {
    "bpm" : 101,
    "confidence" : 2
  }
},{
  "dateTime" : "06/16/24 03:45:59",
  "value" : {
    "bpm" : 100,
    "confidence" : 2
  }
},{
  "dateTime" : "06/16/24 03:46:09",
  "value" : {
    "bpm" : 99,
    "confidence" : 2
  }
},{
  "dateTime" : "06/16/24 03:46:14",
  "value" : {
    "bpm" : 100,
    "confidence" : 2
  }
},{
  "dateTime" : "06/16/24 03:46:24",
  "value" : {
    "bpm" : 99,
    "confidence" : 2
  }
},{
  "dateTime" : "06/16/24 03:46:29",
  "value" : {
    "bpm" : 101,
    "confidence" : 2
  }
},{
  "dateTime" : "06/16/24 03:46:34",
  "value" : {
    "bpm" : 102,
    "confidence" : 2
  }
},{
  "dateTime" : "06/16/24 03:46:39",
  "value" : {
    "bpm" : 101,
    "confidence" : 3
  }
},{
  "dateTime" : "06/16/24 03:46:44",
  "value" : {
    "bpm" : 101,
    "confidence" : 2
  }
},{
  "dateTime" : "06/16/24 03:46:49",
  "value" : {
    "bpm" : 99,
    "confidence" : 2
  }
},{
  "dateTime" : "06/16/24 03:46:54",
  "value" : {
    "bpm" : 104,
    "confidence" : 2
  }
},{
  "dateTime" : "06/16/24 03:46:59",
  "value" : {
    "bpm" : 95,
    "confidence" : 2
  }
},{
  "dateTime" : "06/16/24 03:47:04",
  "value" : {
    "bpm" : 94,
    "confidence" : 2
  }
},{
  "dateTime" : "06/16/24 03:47:09",
  "value" : {
    "bpm" : 99,
    "confidence" : 2
  }
},{
  "dateTime" : "06/16/24 03:47:14",
  "value" : {
    "bpm" : 95,
    "confidence" : 2
  }
},{
  "dateTime" : "06/16/24 03:47:24",
  "value" : {
    "bpm" : 96,
    "confidence" : 2
  }
},{
  "dateTime" : "06/16/24 03:47:29",
  "value" : {
    "bpm" : 95,
    "confidence" : 2
  }
},{
  "dateTime" : "06/16/24 03:47:34",
  "value" : {
    "bpm" : 97,
    "confidence" : 2
  }
},{
  "dateTime" : "06/16/24 03:47:44",
  "value" : {
    "bpm" : 98,
    "confidence" : 2
  }
},{
  "dateTime" : "06/16/24 03:47:49",
  "value" : {
    "bpm" : 98,
    "confidence" : 3
  }
},{
  "dateTime" : "06/16/24 03:47:54",
  "value" : {
    "bpm" : 98,
    "confidence" : 2
  }
},{
  "dateTime" : "06/16/24 03:47:59",
  "value" : {
    "bpm" : 102,
    "confidence" : 2
  }
},{
  "dateTime" : "06/16/24 03:48:09",
  "value" : {
    "bpm" : 98,
    "confidence" : 2
  }
},{
  "dateTime" : "06/16/24 03:48:14",
  "value" : {
    "bpm" : 99,
    "confidence" : 2
  }
},{
  "dateTime" : "06/16/24 03:48:19",
  "value" : {
    "bpm" : 95,
    "confidence" : 2
  }
},{
  "dateTime" : "06/16/24 03:48:24",
  "value" : {
    "bpm" : 96,
    "confidence" : 2
  }
},{
  "dateTime" : "06/16/24 03:48:29",
  "value" : {
    "bpm" : 99,
    "confidence" : 3
  }
},{
  "dateTime" : "06/16/24 03:48:34",
  "value" : {
    "bpm" : 102,
    "confidence" : 3
  }
},{
  "dateTime" : "06/16/24 03:48:39",
  "value" : {
    "bpm" : 103,
    "confidence" : 3
  }
},{
  "dateTime" : "06/16/24 03:48:44",
  "value" : {
    "bpm" : 102,
    "confidence" : 2
  }
},{
  "dateTime" : "06/16/24 03:48:49",
  "value" : {
    "bpm" : 101,
    "confidence" : 3
  }
},{
  "dateTime" : "06/16/24 03:48:54",
  "value" : {
    "bpm" : 99,
    "confidence" : 2
  }
},{
  "dateTime" : "06/16/24 03:48:59",
  "value" : {
    "bpm" : 102,
    "confidence" : 2
  }
},{
  "dateTime" : "06/16/24 03:49:04",
  "value" : {
    "bpm" : 100,
    "confidence" : 2
  }
},{
  "dateTime" : "06/16/24 03:49:09",
  "value" : {
    "bpm" : 97,
    "confidence" : 2
  }
},{
  "dateTime" : "06/16/24 03:49:14",
  "value" : {
    "bpm" : 95,
    "confidence" : 2
  }
},{
  "dateTime" : "06/16/24 03:49:19",
  "value" : {
    "bpm" : 95,
    "confidence" : 3
  }
},{
  "dateTime" : "06/16/24 03:49:24",
  "value" : {
    "bpm" : 94,
    "confidence" : 3
  }
},{
  "dateTime" : "06/16/24 03:49:29",
  "value" : {
    "bpm" : 95,
    "confidence" : 3
  }
},{
  "dateTime" : "06/16/24 03:49:34",
  "value" : {
    "bpm" : 96,
    "confidence" : 3
  }
},{
  "dateTime" : "06/16/24 03:49:39",
  "value" : {
    "bpm" : 95,
    "confidence" : 3
  }
},{
  "dateTime" : "06/16/24 03:49:44",
  "value" : {
    "bpm" : 96,
    "confidence" : 2
  }
},{
  "dateTime" : "06/16/24 03:49:49",
  "value" : {
    "bpm" : 98,
    "confidence" : 2
  }
},{
  "dateTime" : "06/16/24 03:49:54",
  "value" : {
    "bpm" : 100,
    "confidence" : 2
  }
},{
  "dateTime" : "06/16/24 03:49:59",
  "value" : {
    "bpm" : 100,
    "confidence" : 2
  }
},{
  "dateTime" : "06/16/24 03:50:04",
  "value" : {
    "bpm" : 101,
    "confidence" : 2
  }
},{
  "dateTime" : "06/16/24 03:50:09",
  "value" : {
    "bpm" : 102,
    "confidence" : 2
  }
},{
  "dateTime" : "06/16/24 03:50:14",
  "value" : {
    "bpm" : 106,
    "confidence" : 2
  }
},{
  "dateTime" : "06/16/24 03:50:24",
  "value" : {
    "bpm" : 101,
    "confidence" : 2
  }
},{
  "dateTime" : "06/16/24 03:50:29",
  "value" : {
    "bpm" : 98,
    "confidence" : 2
  }
},{
  "dateTime" : "06/16/24 03:50:34",
  "value" : {
    "bpm" : 102,
    "confidence" : 2
  }
},{
  "dateTime" : "06/16/24 03:50:39",
  "value" : {
    "bpm" : 104,
    "confidence" : 2
  }
},{
  "dateTime" : "06/16/24 03:50:44",
  "value" : {
    "bpm" : 105,
    "confidence" : 2
  }
},{
  "dateTime" : "06/16/24 03:50:49",
  "value" : {
    "bpm" : 106,
    "confidence" : 2
  }
},{
  "dateTime" : "06/16/24 03:50:54",
  "value" : {
    "bpm" : 110,
    "confidence" : 2
  }
},{
  "dateTime" : "06/16/24 03:50:59",
  "value" : {
    "bpm" : 111,
    "confidence" : 2
  }
},{
  "dateTime" : "06/16/24 03:51:04",
  "value" : {
    "bpm" : 108,
    "confidence" : 2
  }
},{
  "dateTime" : "06/16/24 03:51:09",
  "value" : {
    "bpm" : 106,
    "confidence" : 2
  }
},{
  "dateTime" : "06/16/24 03:51:14",
  "value" : {
    "bpm" : 103,
    "confidence" : 2
  }
},{
  "dateTime" : "06/16/24 03:51:19",
  "value" : {
    "bpm" : 102,
    "confidence" : 2
  }
},{
  "dateTime" : "06/16/24 03:51:24",
  "value" : {
    "bpm" : 101,
    "confidence" : 2
  }
},{
  "dateTime" : "06/16/24 03:51:34",
  "value" : {
    "bpm" : 103,
    "confidence" : 2
  }
},{
  "dateTime" : "06/16/24 03:51:39",
  "value" : {
    "bpm" : 105,
    "confidence" : 2
  }
},{
  "dateTime" : "06/16/24 03:51:44",
  "value" : {
    "bpm" : 102,
    "confidence" : 2
  }
},{
  "dateTime" : "06/16/24 03:51:49",
  "value" : {
    "bpm" : 99,
    "confidence" : 2
  }
},{
  "dateTime" : "06/16/24 03:51:54",
  "value" : {
    "bpm" : 101,
    "confidence" : 2
  }
},{
  "dateTime" : "06/16/24 03:51:59",
  "value" : {
    "bpm" : 99,
    "confidence" : 3
  }
},{
  "dateTime" : "06/16/24 03:52:04",
  "value" : {
    "bpm" : 100,
    "confidence" : 3
  }
},{
  "dateTime" : "06/16/24 03:52:09",
  "value" : {
    "bpm" : 101,
    "confidence" : 2
  }
},{
  "dateTime" : "06/16/24 03:52:24",
  "value" : {
    "bpm" : 98,
    "confidence" : 3
  }
},{
  "dateTime" : "06/16/24 03:52:29",
  "value" : {
    "bpm" : 97,
    "confidence" : 3
  }
},{
  "dateTime" : "06/16/24 03:52:34",
  "value" : {
    "bpm" : 97,
    "confidence" : 3
  }
},{
  "dateTime" : "06/16/24 03:52:49",
  "value" : {
    "bpm" : 95,
    "confidence" : 3
  }
},{
  "dateTime" : "06/16/24 03:52:54",
  "value" : {
    "bpm" : 97,
    "confidence" : 3
  }
},{
  "dateTime" : "06/16/24 03:52:59",
  "value" : {
    "bpm" : 100,
    "confidence" : 3
  }
},{
  "dateTime" : "06/16/24 03:53:04",
  "value" : {
    "bpm" : 98,
    "confidence" : 2
  }
},{
  "dateTime" : "06/16/24 03:53:09",
  "value" : {
    "bpm" : 101,
    "confidence" : 2
  }
},{
  "dateTime" : "06/16/24 03:53:14",
  "value" : {
    "bpm" : 100,
    "confidence" : 2
  }
},{
  "dateTime" : "06/16/24 03:53:19",
  "value" : {
    "bpm" : 97,
    "confidence" : 3
  }
},{
  "dateTime" : "06/16/24 03:53:29",
  "value" : {
    "bpm" : 98,
    "confidence" : 3
  }
},{
  "dateTime" : "06/16/24 03:53:34",
  "value" : {
    "bpm" : 100,
    "confidence" : 3
  }
},{
  "dateTime" : "06/16/24 03:53:39",
  "value" : {
    "bpm" : 100,
    "confidence" : 2
  }
},{
  "dateTime" : "06/16/24 03:53:44",
  "value" : {
    "bpm" : 99,
    "confidence" : 3
  }
},{
  "dateTime" : "06/16/24 03:53:49",
  "value" : {
    "bpm" : 101,
    "confidence" : 3
  }
},{
  "dateTime" : "06/16/24 03:53:54",
  "value" : {
    "bpm" : 101,
    "confidence" : 2
  }
},{
  "dateTime" : "06/16/24 03:53:59",
  "value" : {
    "bpm" : 100,
    "confidence" : 2
  }
},{
  "dateTime" : "06/16/24 03:54:09",
  "value" : {
    "bpm" : 98,
    "confidence" : 2
  }
},{
  "dateTime" : "06/16/24 03:54:19",
  "value" : {
    "bpm" : 99,
    "confidence" : 2
  }
},{
  "dateTime" : "06/16/24 03:54:29",
  "value" : {
    "bpm" : 100,
    "confidence" : 2
  }
},{
  "dateTime" : "06/16/24 03:54:34",
  "value" : {
    "bpm" : 98,
    "confidence" : 2
  }
},{
  "dateTime" : "06/16/24 03:54:39",
  "value" : {
    "bpm" : 97,
    "confidence" : 2
  }
},{
  "dateTime" : "06/16/24 03:54:49",
  "value" : {
    "bpm" : 100,
    "confidence" : 2
  }
},{
  "dateTime" : "06/16/24 03:54:59",
  "value" : {
    "bpm" : 98,
    "confidence" : 2
  }
},{
  "dateTime" : "06/16/24 03:55:04",
  "value" : {
    "bpm" : 101,
    "confidence" : 2
  }
},{
  "dateTime" : "06/16/24 03:55:09",
  "value" : {
    "bpm" : 105,
    "confidence" : 2
  }
},{
  "dateTime" : "06/16/24 03:55:14",
  "value" : {
    "bpm" : 104,
    "confidence" : 2
  }
},{
  "dateTime" : "06/16/24 03:55:19",
  "value" : {
    "bpm" : 100,
    "confidence" : 2
  }
},{
  "dateTime" : "06/16/24 03:55:24",
  "value" : {
    "bpm" : 99,
    "confidence" : 3
  }
},{
  "dateTime" : "06/16/24 03:55:29",
  "value" : {
    "bpm" : 99,
    "confidence" : 3
  }
},{
  "dateTime" : "06/16/24 03:55:34",
  "value" : {
    "bpm" : 98,
    "confidence" : 3
  }
},{
  "dateTime" : "06/16/24 03:55:49",
  "value" : {
    "bpm" : 97,
    "confidence" : 3
  }
},{
  "dateTime" : "06/16/24 03:55:59",
  "value" : {
    "bpm" : 96,
    "confidence" : 3
  }
},{
  "dateTime" : "06/16/24 03:56:04",
  "value" : {
    "bpm" : 97,
    "confidence" : 3
  }
},{
  "dateTime" : "06/16/24 03:56:14",
  "value" : {
    "bpm" : 98,
    "confidence" : 2
  }
},{
  "dateTime" : "06/16/24 03:56:24",
  "value" : {
    "bpm" : 98,
    "confidence" : 3
  }
},{
  "dateTime" : "06/16/24 03:56:34",
  "value" : {
    "bpm" : 97,
    "confidence" : 3
  }
},{
  "dateTime" : "06/16/24 03:56:39",
  "value" : {
    "bpm" : 98,
    "confidence" : 3
  }
},{
  "dateTime" : "06/16/24 03:56:49",
  "value" : {
    "bpm" : 100,
    "confidence" : 3
  }
},{
  "dateTime" : "06/16/24 03:56:54",
  "value" : {
    "bpm" : 101,
    "confidence" : 3
  }
},{
  "dateTime" : "06/16/24 03:57:09",
  "value" : {
    "bpm" : 100,
    "confidence" : 3
  }
},{
  "dateTime" : "06/16/24 03:57:14",
  "value" : {
    "bpm" : 99,
    "confidence" : 3
  }
},{
  "dateTime" : "06/16/24 03:57:19",
  "value" : {
    "bpm" : 102,
    "confidence" : 3
  }
},{
  "dateTime" : "06/16/24 03:57:24",
  "value" : {
    "bpm" : 101,
    "confidence" : 3
  }
},{
  "dateTime" : "06/16/24 03:57:29",
  "value" : {
    "bpm" : 101,
    "confidence" : 2
  }
},{
  "dateTime" : "06/16/24 03:57:34",
  "value" : {
    "bpm" : 100,
    "confidence" : 3
  }
},{
  "dateTime" : "06/16/24 03:57:39",
  "value" : {
    "bpm" : 99,
    "confidence" : 3
  }
},{
  "dateTime" : "06/16/24 03:57:44",
  "value" : {
    "bpm" : 98,
    "confidence" : 3
  }
},{
  "dateTime" : "06/16/24 03:57:54",
  "value" : {
    "bpm" : 99,
    "confidence" : 3
  }
},{
  "dateTime" : "06/16/24 03:58:04",
  "value" : {
    "bpm" : 98,
    "confidence" : 3
  }
},{
  "dateTime" : "06/16/24 03:58:09",
  "value" : {
    "bpm" : 99,
    "confidence" : 3
  }
},{
  "dateTime" : "06/16/24 03:58:14",
  "value" : {
    "bpm" : 99,
    "confidence" : 2
  }
},{
  "dateTime" : "06/16/24 03:58:24",
  "value" : {
    "bpm" : 100,
    "confidence" : 2
  }
},{
  "dateTime" : "06/16/24 03:58:29",
  "value" : {
    "bpm" : 102,
    "confidence" : 2
  }
},{
  "dateTime" : "06/16/24 03:58:34",
  "value" : {
    "bpm" : 101,
    "confidence" : 2
  }
},{
  "dateTime" : "06/16/24 03:58:39",
  "value" : {
    "bpm" : 96,
    "confidence" : 3
  }
},{
  "dateTime" : "06/16/24 03:58:44",
  "value" : {
    "bpm" : 97,
    "confidence" : 3
  }
},{
  "dateTime" : "06/16/24 03:58:49",
  "value" : {
    "bpm" : 97,
    "confidence" : 2
  }
},{
  "dateTime" : "06/16/24 03:58:59",
  "value" : {
    "bpm" : 96,
    "confidence" : 2
  }
},{
  "dateTime" : "06/16/24 03:59:09",
  "value" : {
    "bpm" : 99,
    "confidence" : 2
  }
},{
  "dateTime" : "06/16/24 03:59:14",
  "value" : {
    "bpm" : 101,
    "confidence" : 2
  }
},{
  "dateTime" : "06/16/24 03:59:19",
  "value" : {
    "bpm" : 98,
    "confidence" : 3
  }
},{
  "dateTime" : "06/16/24 03:59:24",
  "value" : {
    "bpm" : 96,
    "confidence" : 3
  }
},{
  "dateTime" : "06/16/24 03:59:29",
  "value" : {
    "bpm" : 95,
    "confidence" : 3
  }
},{
  "dateTime" : "06/16/24 03:59:34",
  "value" : {
    "bpm" : 94,
    "confidence" : 3
  }
},{
  "dateTime" : "06/16/24 03:59:49",
  "value" : {
    "bpm" : 93,
    "confidence" : 3
  }
},{
  "dateTime" : "06/16/24 03:59:59",
  "value" : {
    "bpm" : 92,
    "confidence" : 3
  }
}]