[{
  "dateTime" : "11/12/24 12:49:42",
  "value" : {
    "bpm" : 112,
    "confidence" : 0
  }
},{
  "dateTime" : "11/12/24 12:49:47",
  "value" : {
    "bpm" : 111,
    "confidence" : 0
  }
},{
  "dateTime" : "11/12/24 12:49:52",
  "value" : {
    "bpm" : 105,
    "confidence" : 0
  }
},{
  "dateTime" : "11/12/24 12:49:57",
  "value" : {
    "bpm" : 104,
    "confidence" : 0
  }
},{
  "dateTime" : "11/12/24 12:50:02",
  "value" : {
    "bpm" : 103,
    "confidence" : 0
  }
},{
  "dateTime" : "11/12/24 12:50:07",
  "value" : {
    "bpm" : 99,
    "confidence" : 0
  }
},{
  "dateTime" : "11/12/24 12:50:12",
  "value" : {
    "bpm" : 109,
    "confidence" : 1
  }
},{
  "dateTime" : "11/12/24 12:50:17",
  "value" : {
    "bpm" : 130,
    "confidence" : 2
  }
},{
  "dateTime" : "11/12/24 12:50:27",
  "value" : {
    "bpm" : 131,
    "confidence" : 2
  }
},{
  "dateTime" : "11/12/24 12:50:37",
  "value" : {
    "bpm" : 132,
    "confidence" : 2
  }
},{
  "dateTime" : "11/12/24 12:50:42",
  "value" : {
    "bpm" : 129,
    "confidence" : 2
  }
},{
  "dateTime" : "11/12/24 12:50:47",
  "value" : {
    "bpm" : 124,
    "confidence" : 2
  }
},{
  "dateTime" : "11/12/24 12:50:52",
  "value" : {
    "bpm" : 130,
    "confidence" : 2
  }
},{
  "dateTime" : "11/12/24 12:50:57",
  "value" : {
    "bpm" : 132,
    "confidence" : 2
  }
},{
  "dateTime" : "11/12/24 12:51:02",
  "value" : {
    "bpm" : 138,
    "confidence" : 2
  }
},{
  "dateTime" : "11/12/24 12:51:07",
  "value" : {
    "bpm" : 139,
    "confidence" : 2
  }
},{
  "dateTime" : "11/12/24 12:51:12",
  "value" : {
    "bpm" : 132,
    "confidence" : 2
  }
},{
  "dateTime" : "11/12/24 12:51:17",
  "value" : {
    "bpm" : 130,
    "confidence" : 2
  }
},{
  "dateTime" : "11/12/24 12:51:27",
  "value" : {
    "bpm" : 131,
    "confidence" : 2
  }
},{
  "dateTime" : "11/12/24 12:51:32",
  "value" : {
    "bpm" : 132,
    "confidence" : 2
  }
},{
  "dateTime" : "11/12/24 12:51:37",
  "value" : {
    "bpm" : 134,
    "confidence" : 2
  }
},{
  "dateTime" : "11/12/24 12:51:42",
  "value" : {
    "bpm" : 133,
    "confidence" : 2
  }
},{
  "dateTime" : "11/12/24 12:51:47",
  "value" : {
    "bpm" : 134,
    "confidence" : 2
  }
},{
  "dateTime" : "11/12/24 12:51:52",
  "value" : {
    "bpm" : 133,
    "confidence" : 2
  }
},{
  "dateTime" : "11/12/24 12:51:57",
  "value" : {
    "bpm" : 131,
    "confidence" : 2
  }
},{
  "dateTime" : "11/12/24 12:52:02",
  "value" : {
    "bpm" : 130,
    "confidence" : 2
  }
},{
  "dateTime" : "11/12/24 12:52:12",
  "value" : {
    "bpm" : 126,
    "confidence" : 2
  }
},{
  "dateTime" : "11/12/24 12:52:17",
  "value" : {
    "bpm" : 125,
    "confidence" : 2
  }
},{
  "dateTime" : "11/12/24 12:52:22",
  "value" : {
    "bpm" : 124,
    "confidence" : 2
  }
},{
  "dateTime" : "11/12/24 12:52:27",
  "value" : {
    "bpm" : 127,
    "confidence" : 2
  }
},{
  "dateTime" : "11/12/24 12:52:32",
  "value" : {
    "bpm" : 124,
    "confidence" : 2
  }
},{
  "dateTime" : "11/12/24 12:52:37",
  "value" : {
    "bpm" : 118,
    "confidence" : 2
  }
},{
  "dateTime" : "11/12/24 12:52:42",
  "value" : {
    "bpm" : 121,
    "confidence" : 2
  }
},{
  "dateTime" : "11/12/24 12:52:52",
  "value" : {
    "bpm" : 123,
    "confidence" : 2
  }
},{
  "dateTime" : "11/12/24 12:52:57",
  "value" : {
    "bpm" : 115,
    "confidence" : 2
  }
},{
  "dateTime" : "11/12/24 12:53:02",
  "value" : {
    "bpm" : 119,
    "confidence" : 2
  }
},{
  "dateTime" : "11/12/24 12:53:07",
  "value" : {
    "bpm" : 121,
    "confidence" : 2
  }
},{
  "dateTime" : "11/12/24 12:53:17",
  "value" : {
    "bpm" : 123,
    "confidence" : 2
  }
},{
  "dateTime" : "11/12/24 12:53:22",
  "value" : {
    "bpm" : 124,
    "confidence" : 2
  }
},{
  "dateTime" : "11/12/24 12:53:32",
  "value" : {
    "bpm" : 127,
    "confidence" : 2
  }
},{
  "dateTime" : "11/12/24 12:53:42",
  "value" : {
    "bpm" : 125,
    "confidence" : 2
  }
},{
  "dateTime" : "11/12/24 12:53:47",
  "value" : {
    "bpm" : 127,
    "confidence" : 2
  }
},{
  "dateTime" : "11/12/24 12:53:52",
  "value" : {
    "bpm" : 128,
    "confidence" : 2
  }
},{
  "dateTime" : "11/12/24 12:53:57",
  "value" : {
    "bpm" : 126,
    "confidence" : 2
  }
},{
  "dateTime" : "11/12/24 12:54:02",
  "value" : {
    "bpm" : 125,
    "confidence" : 2
  }
},{
  "dateTime" : "11/12/24 12:54:07",
  "value" : {
    "bpm" : 124,
    "confidence" : 2
  }
},{
  "dateTime" : "11/12/24 12:54:22",
  "value" : {
    "bpm" : 120,
    "confidence" : 2
  }
},{
  "dateTime" : "11/12/24 12:54:27",
  "value" : {
    "bpm" : 124,
    "confidence" : 2
  }
},{
  "dateTime" : "11/12/24 12:54:37",
  "value" : {
    "bpm" : 126,
    "confidence" : 2
  }
},{
  "dateTime" : "11/12/24 12:54:42",
  "value" : {
    "bpm" : 124,
    "confidence" : 2
  }
},{
  "dateTime" : "11/12/24 12:55:03",
  "value" : {
    "bpm" : 121,
    "confidence" : 2
  }
},{
  "dateTime" : "11/12/24 12:55:13",
  "value" : {
    "bpm" : 122,
    "confidence" : 2
  }
},{
  "dateTime" : "11/12/24 12:55:18",
  "value" : {
    "bpm" : 123,
    "confidence" : 2
  }
},{
  "dateTime" : "11/12/24 12:55:23",
  "value" : {
    "bpm" : 125,
    "confidence" : 2
  }
},{
  "dateTime" : "11/12/24 12:55:28",
  "value" : {
    "bpm" : 123,
    "confidence" : 2
  }
},{
  "dateTime" : "11/12/24 12:55:33",
  "value" : {
    "bpm" : 121,
    "confidence" : 2
  }
},{
  "dateTime" : "11/12/24 12:55:38",
  "value" : {
    "bpm" : 122,
    "confidence" : 2
  }
},{
  "dateTime" : "11/12/24 12:55:43",
  "value" : {
    "bpm" : 120,
    "confidence" : 2
  }
},{
  "dateTime" : "11/12/24 12:55:48",
  "value" : {
    "bpm" : 122,
    "confidence" : 2
  }
},{
  "dateTime" : "11/12/24 12:55:58",
  "value" : {
    "bpm" : 124,
    "confidence" : 2
  }
},{
  "dateTime" : "11/12/24 12:56:08",
  "value" : {
    "bpm" : 125,
    "confidence" : 2
  }
},{
  "dateTime" : "11/12/24 12:56:23",
  "value" : {
    "bpm" : 126,
    "confidence" : 2
  }
},{
  "dateTime" : "11/12/24 12:56:28",
  "value" : {
    "bpm" : 128,
    "confidence" : 2
  }
},{
  "dateTime" : "11/12/24 12:56:33",
  "value" : {
    "bpm" : 127,
    "confidence" : 2
  }
},{
  "dateTime" : "11/12/24 12:56:38",
  "value" : {
    "bpm" : 126,
    "confidence" : 2
  }
},{
  "dateTime" : "11/12/24 12:56:43",
  "value" : {
    "bpm" : 127,
    "confidence" : 2
  }
},{
  "dateTime" : "11/12/24 12:56:48",
  "value" : {
    "bpm" : 128,
    "confidence" : 2
  }
},{
  "dateTime" : "11/12/24 12:56:58",
  "value" : {
    "bpm" : 125,
    "confidence" : 2
  }
},{
  "dateTime" : "11/12/24 12:57:03",
  "value" : {
    "bpm" : 122,
    "confidence" : 2
  }
},{
  "dateTime" : "11/12/24 12:57:08",
  "value" : {
    "bpm" : 124,
    "confidence" : 2
  }
},{
  "dateTime" : "11/12/24 12:57:13",
  "value" : {
    "bpm" : 123,
    "confidence" : 2
  }
},{
  "dateTime" : "11/12/24 12:57:18",
  "value" : {
    "bpm" : 127,
    "confidence" : 2
  }
},{
  "dateTime" : "11/12/24 12:57:23",
  "value" : {
    "bpm" : 124,
    "confidence" : 2
  }
},{
  "dateTime" : "11/12/24 12:57:28",
  "value" : {
    "bpm" : 121,
    "confidence" : 2
  }
},{
  "dateTime" : "11/12/24 12:57:33",
  "value" : {
    "bpm" : 125,
    "confidence" : 2
  }
},{
  "dateTime" : "11/12/24 12:57:38",
  "value" : {
    "bpm" : 128,
    "confidence" : 2
  }
},{
  "dateTime" : "11/12/24 12:57:43",
  "value" : {
    "bpm" : 129,
    "confidence" : 2
  }
},{
  "dateTime" : "11/12/24 12:57:48",
  "value" : {
    "bpm" : 131,
    "confidence" : 2
  }
},{
  "dateTime" : "11/12/24 12:57:53",
  "value" : {
    "bpm" : 133,
    "confidence" : 2
  }
},{
  "dateTime" : "11/12/24 12:57:58",
  "value" : {
    "bpm" : 134,
    "confidence" : 2
  }
},{
  "dateTime" : "11/12/24 12:58:03",
  "value" : {
    "bpm" : 133,
    "confidence" : 2
  }
},{
  "dateTime" : "11/12/24 12:58:13",
  "value" : {
    "bpm" : 135,
    "confidence" : 2
  }
},{
  "dateTime" : "11/12/24 12:58:28",
  "value" : {
    "bpm" : 135,
    "confidence" : 2
  }
},{
  "dateTime" : "11/12/24 12:58:33",
  "value" : {
    "bpm" : 126,
    "confidence" : 2
  }
},{
  "dateTime" : "11/12/24 12:58:38",
  "value" : {
    "bpm" : 128,
    "confidence" : 2
  }
},{
  "dateTime" : "11/12/24 12:58:43",
  "value" : {
    "bpm" : 125,
    "confidence" : 2
  }
},{
  "dateTime" : "11/12/24 12:58:48",
  "value" : {
    "bpm" : 123,
    "confidence" : 2
  }
},{
  "dateTime" : "11/12/24 12:58:53",
  "value" : {
    "bpm" : 128,
    "confidence" : 2
  }
},{
  "dateTime" : "11/12/24 12:59:03",
  "value" : {
    "bpm" : 129,
    "confidence" : 2
  }
},{
  "dateTime" : "11/12/24 12:59:08",
  "value" : {
    "bpm" : 130,
    "confidence" : 2
  }
},{
  "dateTime" : "11/12/24 12:59:23",
  "value" : {
    "bpm" : 129,
    "confidence" : 2
  }
},{
  "dateTime" : "11/12/24 12:59:28",
  "value" : {
    "bpm" : 125,
    "confidence" : 2
  }
},{
  "dateTime" : "11/12/24 12:59:33",
  "value" : {
    "bpm" : 130,
    "confidence" : 2
  }
},{
  "dateTime" : "11/12/24 12:59:38",
  "value" : {
    "bpm" : 133,
    "confidence" : 2
  }
},{
  "dateTime" : "11/12/24 12:59:43",
  "value" : {
    "bpm" : 134,
    "confidence" : 2
  }
},{
  "dateTime" : "11/12/24 12:59:48",
  "value" : {
    "bpm" : 136,
    "confidence" : 2
  }
},{
  "dateTime" : "11/12/24 12:59:53",
  "value" : {
    "bpm" : 133,
    "confidence" : 2
  }
},{
  "dateTime" : "11/12/24 12:59:58",
  "value" : {
    "bpm" : 131,
    "confidence" : 2
  }
},{
  "dateTime" : "11/12/24 13:00:08",
  "value" : {
    "bpm" : 129,
    "confidence" : 2
  }
},{
  "dateTime" : "11/12/24 13:00:13",
  "value" : {
    "bpm" : 131,
    "confidence" : 2
  }
},{
  "dateTime" : "11/12/24 13:00:18",
  "value" : {
    "bpm" : 132,
    "confidence" : 2
  }
},{
  "dateTime" : "11/12/24 13:00:23",
  "value" : {
    "bpm" : 131,
    "confidence" : 2
  }
},{
  "dateTime" : "11/12/24 13:00:33",
  "value" : {
    "bpm" : 134,
    "confidence" : 2
  }
},{
  "dateTime" : "11/12/24 13:00:38",
  "value" : {
    "bpm" : 137,
    "confidence" : 2
  }
},{
  "dateTime" : "11/12/24 13:00:43",
  "value" : {
    "bpm" : 136,
    "confidence" : 2
  }
},{
  "dateTime" : "11/12/24 13:00:53",
  "value" : {
    "bpm" : 138,
    "confidence" : 2
  }
},{
  "dateTime" : "11/12/24 13:00:58",
  "value" : {
    "bpm" : 137,
    "confidence" : 2
  }
},{
  "dateTime" : "11/12/24 13:01:03",
  "value" : {
    "bpm" : 136,
    "confidence" : 2
  }
},{
  "dateTime" : "11/12/24 13:01:06",
  "value" : {
    "bpm" : 135,
    "confidence" : 2
  }
},{
  "dateTime" : "11/12/24 13:01:07",
  "value" : {
    "bpm" : 136,
    "confidence" : 2
  }
},{
  "dateTime" : "11/12/24 13:01:08",
  "value" : {
    "bpm" : 137,
    "confidence" : 2
  }
},{
  "dateTime" : "11/12/24 13:01:10",
  "value" : {
    "bpm" : 138,
    "confidence" : 2
  }
},{
  "dateTime" : "11/12/24 13:01:12",
  "value" : {
    "bpm" : 137,
    "confidence" : 2
  }
},{
  "dateTime" : "11/12/24 13:01:15",
  "value" : {
    "bpm" : 137,
    "confidence" : 2
  }
},{
  "dateTime" : "11/12/24 13:01:16",
  "value" : {
    "bpm" : 136,
    "confidence" : 2
  }
},{
  "dateTime" : "11/12/24 13:01:17",
  "value" : {
    "bpm" : 137,
    "confidence" : 2
  }
},{
  "dateTime" : "11/12/24 13:01:19",
  "value" : {
    "bpm" : 136,
    "confidence" : 2
  }
},{
  "dateTime" : "11/12/24 13:01:22",
  "value" : {
    "bpm" : 137,
    "confidence" : 2
  }
},{
  "dateTime" : "11/12/24 13:01:23",
  "value" : {
    "bpm" : 140,
    "confidence" : 2
  }
},{
  "dateTime" : "11/12/24 13:01:25",
  "value" : {
    "bpm" : 139,
    "confidence" : 2
  }
},{
  "dateTime" : "11/12/24 13:01:26",
  "value" : {
    "bpm" : 138,
    "confidence" : 2
  }
},{
  "dateTime" : "11/12/24 13:01:27",
  "value" : {
    "bpm" : 137,
    "confidence" : 2
  }
},{
  "dateTime" : "11/12/24 13:01:30",
  "value" : {
    "bpm" : 137,
    "confidence" : 2
  }
},{
  "dateTime" : "11/12/24 13:01:33",
  "value" : {
    "bpm" : 138,
    "confidence" : 2
  }
},{
  "dateTime" : "11/12/24 13:01:36",
  "value" : {
    "bpm" : 139,
    "confidence" : 2
  }
},{
  "dateTime" : "11/12/24 13:01:37",
  "value" : {
    "bpm" : 140,
    "confidence" : 2
  }
},{
  "dateTime" : "11/12/24 13:01:40",
  "value" : {
    "bpm" : 141,
    "confidence" : 2
  }
},{
  "dateTime" : "11/12/24 13:01:42",
  "value" : {
    "bpm" : 140,
    "confidence" : 2
  }
},{
  "dateTime" : "11/12/24 13:01:45",
  "value" : {
    "bpm" : 139,
    "confidence" : 2
  }
},{
  "dateTime" : "11/12/24 13:01:46",
  "value" : {
    "bpm" : 140,
    "confidence" : 2
  }
},{
  "dateTime" : "11/12/24 13:01:49",
  "value" : {
    "bpm" : 140,
    "confidence" : 2
  }
},{
  "dateTime" : "11/12/24 13:01:52",
  "value" : {
    "bpm" : 140,
    "confidence" : 2
  }
},{
  "dateTime" : "11/12/24 13:01:55",
  "value" : {
    "bpm" : 140,
    "confidence" : 2
  }
},{
  "dateTime" : "11/12/24 13:01:58",
  "value" : {
    "bpm" : 140,
    "confidence" : 2
  }
},{
  "dateTime" : "11/12/24 13:01:59",
  "value" : {
    "bpm" : 139,
    "confidence" : 2
  }
},{
  "dateTime" : "11/12/24 13:02:00",
  "value" : {
    "bpm" : 139,
    "confidence" : 2
  }
},{
  "dateTime" : "11/12/24 13:02:03",
  "value" : {
    "bpm" : 140,
    "confidence" : 2
  }
},{
  "dateTime" : "11/12/24 13:02:04",
  "value" : {
    "bpm" : 141,
    "confidence" : 2
  }
},{
  "dateTime" : "11/12/24 13:02:05",
  "value" : {
    "bpm" : 143,
    "confidence" : 2
  }
},{
  "dateTime" : "11/12/24 13:02:07",
  "value" : {
    "bpm" : 144,
    "confidence" : 2
  }
},{
  "dateTime" : "11/12/24 13:02:09",
  "value" : {
    "bpm" : 143,
    "confidence" : 2
  }
},{
  "dateTime" : "11/12/24 13:02:12",
  "value" : {
    "bpm" : 143,
    "confidence" : 2
  }
},{
  "dateTime" : "11/12/24 13:02:13",
  "value" : {
    "bpm" : 142,
    "confidence" : 2
  }
},{
  "dateTime" : "11/12/24 13:02:14",
  "value" : {
    "bpm" : 143,
    "confidence" : 2
  }
},{
  "dateTime" : "11/12/24 13:02:16",
  "value" : {
    "bpm" : 144,
    "confidence" : 2
  }
},{
  "dateTime" : "11/12/24 13:02:18",
  "value" : {
    "bpm" : 145,
    "confidence" : 2
  }
},{
  "dateTime" : "11/12/24 13:02:21",
  "value" : {
    "bpm" : 144,
    "confidence" : 2
  }
},{
  "dateTime" : "11/12/24 13:02:22",
  "value" : {
    "bpm" : 145,
    "confidence" : 2
  }
},{
  "dateTime" : "11/12/24 13:02:23",
  "value" : {
    "bpm" : 144,
    "confidence" : 2
  }
},{
  "dateTime" : "11/12/24 13:02:26",
  "value" : {
    "bpm" : 144,
    "confidence" : 2
  }
},{
  "dateTime" : "11/12/24 13:02:27",
  "value" : {
    "bpm" : 145,
    "confidence" : 2
  }
},{
  "dateTime" : "11/12/24 13:02:30",
  "value" : {
    "bpm" : 146,
    "confidence" : 2
  }
},{
  "dateTime" : "11/12/24 13:02:31",
  "value" : {
    "bpm" : 147,
    "confidence" : 2
  }
},{
  "dateTime" : "11/12/24 13:02:34",
  "value" : {
    "bpm" : 146,
    "confidence" : 2
  }
},{
  "dateTime" : "11/12/24 13:02:36",
  "value" : {
    "bpm" : 145,
    "confidence" : 2
  }
},{
  "dateTime" : "11/12/24 13:02:39",
  "value" : {
    "bpm" : 144,
    "confidence" : 2
  }
},{
  "dateTime" : "11/12/24 13:02:40",
  "value" : {
    "bpm" : 146,
    "confidence" : 2
  }
},{
  "dateTime" : "11/12/24 13:02:43",
  "value" : {
    "bpm" : 147,
    "confidence" : 2
  }
},{
  "dateTime" : "11/12/24 13:02:44",
  "value" : {
    "bpm" : 146,
    "confidence" : 2
  }
},{
  "dateTime" : "11/12/24 13:02:45",
  "value" : {
    "bpm" : 147,
    "confidence" : 2
  }
},{
  "dateTime" : "11/12/24 13:02:48",
  "value" : {
    "bpm" : 146,
    "confidence" : 2
  }
},{
  "dateTime" : "11/12/24 13:02:50",
  "value" : {
    "bpm" : 147,
    "confidence" : 2
  }
},{
  "dateTime" : "11/12/24 13:02:51",
  "value" : {
    "bpm" : 147,
    "confidence" : 2
  }
},{
  "dateTime" : "11/12/24 13:02:53",
  "value" : {
    "bpm" : 146,
    "confidence" : 2
  }
},{
  "dateTime" : "11/12/24 13:02:54",
  "value" : {
    "bpm" : 147,
    "confidence" : 2
  }
},{
  "dateTime" : "11/12/24 13:02:57",
  "value" : {
    "bpm" : 148,
    "confidence" : 2
  }
},{
  "dateTime" : "11/12/24 13:02:59",
  "value" : {
    "bpm" : 147,
    "confidence" : 2
  }
},{
  "dateTime" : "11/12/24 13:03:02",
  "value" : {
    "bpm" : 147,
    "confidence" : 2
  }
},{
  "dateTime" : "11/12/24 13:03:04",
  "value" : {
    "bpm" : 149,
    "confidence" : 2
  }
},{
  "dateTime" : "11/12/24 13:03:07",
  "value" : {
    "bpm" : 148,
    "confidence" : 2
  }
},{
  "dateTime" : "11/12/24 13:03:10",
  "value" : {
    "bpm" : 148,
    "confidence" : 2
  }
},{
  "dateTime" : "11/12/24 13:03:12",
  "value" : {
    "bpm" : 147,
    "confidence" : 2
  }
},{
  "dateTime" : "11/12/24 13:03:15",
  "value" : {
    "bpm" : 147,
    "confidence" : 2
  }
},{
  "dateTime" : "11/12/24 13:03:16",
  "value" : {
    "bpm" : 147,
    "confidence" : 3
  }
},{
  "dateTime" : "11/12/24 13:03:17",
  "value" : {
    "bpm" : 148,
    "confidence" : 2
  }
},{
  "dateTime" : "11/12/24 13:03:18",
  "value" : {
    "bpm" : 150,
    "confidence" : 2
  }
},{
  "dateTime" : "11/12/24 13:03:20",
  "value" : {
    "bpm" : 151,
    "confidence" : 2
  }
},{
  "dateTime" : "11/12/24 13:03:21",
  "value" : {
    "bpm" : 150,
    "confidence" : 2
  }
},{
  "dateTime" : "11/12/24 13:03:22",
  "value" : {
    "bpm" : 152,
    "confidence" : 2
  }
},{
  "dateTime" : "11/12/24 13:03:24",
  "value" : {
    "bpm" : 153,
    "confidence" : 2
  }
},{
  "dateTime" : "11/12/24 13:03:25",
  "value" : {
    "bpm" : 152,
    "confidence" : 2
  }
},{
  "dateTime" : "11/12/24 13:03:26",
  "value" : {
    "bpm" : 151,
    "confidence" : 2
  }
},{
  "dateTime" : "11/12/24 13:03:27",
  "value" : {
    "bpm" : 150,
    "confidence" : 2
  }
},{
  "dateTime" : "11/12/24 13:03:29",
  "value" : {
    "bpm" : 151,
    "confidence" : 2
  }
},{
  "dateTime" : "11/12/24 13:03:30",
  "value" : {
    "bpm" : 152,
    "confidence" : 2
  }
},{
  "dateTime" : "11/12/24 13:03:33",
  "value" : {
    "bpm" : 152,
    "confidence" : 2
  }
},{
  "dateTime" : "11/12/24 13:03:34",
  "value" : {
    "bpm" : 153,
    "confidence" : 2
  }
},{
  "dateTime" : "11/12/24 13:03:35",
  "value" : {
    "bpm" : 152,
    "confidence" : 2
  }
},{
  "dateTime" : "11/12/24 13:03:38",
  "value" : {
    "bpm" : 152,
    "confidence" : 2
  }
},{
  "dateTime" : "11/12/24 13:03:39",
  "value" : {
    "bpm" : 151,
    "confidence" : 2
  }
},{
  "dateTime" : "11/12/24 13:03:40",
  "value" : {
    "bpm" : 150,
    "confidence" : 2
  }
},{
  "dateTime" : "11/12/24 13:03:41",
  "value" : {
    "bpm" : 151,
    "confidence" : 2
  }
},{
  "dateTime" : "11/12/24 13:03:44",
  "value" : {
    "bpm" : 152,
    "confidence" : 2
  }
},{
  "dateTime" : "11/12/24 13:03:47",
  "value" : {
    "bpm" : 151,
    "confidence" : 2
  }
},{
  "dateTime" : "11/12/24 13:03:50",
  "value" : {
    "bpm" : 151,
    "confidence" : 2
  }
},{
  "dateTime" : "11/12/24 13:03:53",
  "value" : {
    "bpm" : 151,
    "confidence" : 2
  }
},{
  "dateTime" : "11/12/24 13:03:56",
  "value" : {
    "bpm" : 150,
    "confidence" : 2
  }
},{
  "dateTime" : "11/12/24 13:03:58",
  "value" : {
    "bpm" : 152,
    "confidence" : 2
  }
},{
  "dateTime" : "11/12/24 13:04:01",
  "value" : {
    "bpm" : 152,
    "confidence" : 2
  }
},{
  "dateTime" : "11/12/24 13:04:02",
  "value" : {
    "bpm" : 151,
    "confidence" : 2
  }
},{
  "dateTime" : "11/12/24 13:04:04",
  "value" : {
    "bpm" : 150,
    "confidence" : 2
  }
},{
  "dateTime" : "11/12/24 13:04:07",
  "value" : {
    "bpm" : 150,
    "confidence" : 2
  }
},{
  "dateTime" : "11/12/24 13:04:08",
  "value" : {
    "bpm" : 151,
    "confidence" : 2
  }
},{
  "dateTime" : "11/12/24 13:04:10",
  "value" : {
    "bpm" : 152,
    "confidence" : 2
  }
},{
  "dateTime" : "11/12/24 13:04:12",
  "value" : {
    "bpm" : 151,
    "confidence" : 2
  }
},{
  "dateTime" : "11/12/24 13:04:15",
  "value" : {
    "bpm" : 151,
    "confidence" : 2
  }
},{
  "dateTime" : "11/12/24 13:04:16",
  "value" : {
    "bpm" : 152,
    "confidence" : 2
  }
},{
  "dateTime" : "11/12/24 13:04:17",
  "value" : {
    "bpm" : 151,
    "confidence" : 2
  }
},{
  "dateTime" : "11/12/24 13:04:20",
  "value" : {
    "bpm" : 151,
    "confidence" : 2
  }
},{
  "dateTime" : "11/12/24 13:04:21",
  "value" : {
    "bpm" : 152,
    "confidence" : 2
  }
},{
  "dateTime" : "11/12/24 13:04:22",
  "value" : {
    "bpm" : 151,
    "confidence" : 2
  }
},{
  "dateTime" : "11/12/24 13:04:24",
  "value" : {
    "bpm" : 150,
    "confidence" : 2
  }
},{
  "dateTime" : "11/12/24 13:04:25",
  "value" : {
    "bpm" : 151,
    "confidence" : 2
  }
},{
  "dateTime" : "11/12/24 13:04:26",
  "value" : {
    "bpm" : 152,
    "confidence" : 2
  }
},{
  "dateTime" : "11/12/24 13:04:27",
  "value" : {
    "bpm" : 151,
    "confidence" : 2
  }
},{
  "dateTime" : "11/12/24 13:04:29",
  "value" : {
    "bpm" : 152,
    "confidence" : 2
  }
},{
  "dateTime" : "11/12/24 13:04:30",
  "value" : {
    "bpm" : 153,
    "confidence" : 2
  }
},{
  "dateTime" : "11/12/24 13:04:31",
  "value" : {
    "bpm" : 155,
    "confidence" : 2
  }
},{
  "dateTime" : "11/12/24 13:04:33",
  "value" : {
    "bpm" : 154,
    "confidence" : 2
  }
},{
  "dateTime" : "11/12/24 13:04:34",
  "value" : {
    "bpm" : 153,
    "confidence" : 2
  }
},{
  "dateTime" : "11/12/24 13:04:37",
  "value" : {
    "bpm" : 152,
    "confidence" : 2
  }
},{
  "dateTime" : "11/12/24 13:04:38",
  "value" : {
    "bpm" : 151,
    "confidence" : 2
  }
},{
  "dateTime" : "11/12/24 13:04:40",
  "value" : {
    "bpm" : 150,
    "confidence" : 2
  }
},{
  "dateTime" : "11/12/24 13:04:42",
  "value" : {
    "bpm" : 151,
    "confidence" : 2
  }
},{
  "dateTime" : "11/12/24 13:04:44",
  "value" : {
    "bpm" : 152,
    "confidence" : 2
  }
},{
  "dateTime" : "11/12/24 13:04:45",
  "value" : {
    "bpm" : 153,
    "confidence" : 2
  }
},{
  "dateTime" : "11/12/24 13:04:47",
  "value" : {
    "bpm" : 154,
    "confidence" : 2
  }
},{
  "dateTime" : "11/12/24 13:04:48",
  "value" : {
    "bpm" : 153,
    "confidence" : 2
  }
},{
  "dateTime" : "11/12/24 13:04:49",
  "value" : {
    "bpm" : 152,
    "confidence" : 2
  }
},{
  "dateTime" : "11/12/24 13:04:51",
  "value" : {
    "bpm" : 150,
    "confidence" : 2
  }
},{
  "dateTime" : "11/12/24 13:04:54",
  "value" : {
    "bpm" : 150,
    "confidence" : 2
  }
},{
  "dateTime" : "11/12/24 13:04:57",
  "value" : {
    "bpm" : 150,
    "confidence" : 2
  }
},{
  "dateTime" : "11/12/24 13:04:58",
  "value" : {
    "bpm" : 151,
    "confidence" : 2
  }
},{
  "dateTime" : "11/12/24 13:04:59",
  "value" : {
    "bpm" : 150,
    "confidence" : 2
  }
},{
  "dateTime" : "11/12/24 13:05:02",
  "value" : {
    "bpm" : 150,
    "confidence" : 2
  }
},{
  "dateTime" : "11/12/24 13:05:05",
  "value" : {
    "bpm" : 150,
    "confidence" : 2
  }
},{
  "dateTime" : "11/12/24 13:05:08",
  "value" : {
    "bpm" : 150,
    "confidence" : 2
  }
},{
  "dateTime" : "11/12/24 13:05:11",
  "value" : {
    "bpm" : 150,
    "confidence" : 2
  }
},{
  "dateTime" : "11/12/24 13:05:12",
  "value" : {
    "bpm" : 149,
    "confidence" : 2
  }
},{
  "dateTime" : "11/12/24 13:05:15",
  "value" : {
    "bpm" : 149,
    "confidence" : 2
  }
},{
  "dateTime" : "11/12/24 13:05:16",
  "value" : {
    "bpm" : 150,
    "confidence" : 2
  }
},{
  "dateTime" : "11/12/24 13:05:19",
  "value" : {
    "bpm" : 151,
    "confidence" : 2
  }
},{
  "dateTime" : "11/12/24 13:05:21",
  "value" : {
    "bpm" : 153,
    "confidence" : 2
  }
},{
  "dateTime" : "11/12/24 13:05:22",
  "value" : {
    "bpm" : 153,
    "confidence" : 2
  }
},{
  "dateTime" : "11/12/24 13:05:24",
  "value" : {
    "bpm" : 152,
    "confidence" : 2
  }
},{
  "dateTime" : "11/12/24 13:05:25",
  "value" : {
    "bpm" : 151,
    "confidence" : 2
  }
},{
  "dateTime" : "11/12/24 13:05:26",
  "value" : {
    "bpm" : 150,
    "confidence" : 2
  }
},{
  "dateTime" : "11/12/24 13:05:29",
  "value" : {
    "bpm" : 150,
    "confidence" : 2
  }
},{
  "dateTime" : "11/12/24 13:05:32",
  "value" : {
    "bpm" : 150,
    "confidence" : 2
  }
},{
  "dateTime" : "11/12/24 13:05:33",
  "value" : {
    "bpm" : 152,
    "confidence" : 2
  }
},{
  "dateTime" : "11/12/24 13:05:35",
  "value" : {
    "bpm" : 153,
    "confidence" : 2
  }
},{
  "dateTime" : "11/12/24 13:05:38",
  "value" : {
    "bpm" : 153,
    "confidence" : 2
  }
},{
  "dateTime" : "11/12/24 13:05:39",
  "value" : {
    "bpm" : 154,
    "confidence" : 2
  }
},{
  "dateTime" : "11/12/24 13:05:42",
  "value" : {
    "bpm" : 155,
    "confidence" : 2
  }
},{
  "dateTime" : "11/12/24 13:05:43",
  "value" : {
    "bpm" : 156,
    "confidence" : 2
  }
},{
  "dateTime" : "11/12/24 13:05:46",
  "value" : {
    "bpm" : 156,
    "confidence" : 2
  }
},{
  "dateTime" : "11/12/24 13:05:49",
  "value" : {
    "bpm" : 156,
    "confidence" : 2
  }
},{
  "dateTime" : "11/12/24 13:05:52",
  "value" : {
    "bpm" : 156,
    "confidence" : 2
  }
},{
  "dateTime" : "11/12/24 13:05:55",
  "value" : {
    "bpm" : 158,
    "confidence" : 2
  }
},{
  "dateTime" : "11/12/24 13:05:57",
  "value" : {
    "bpm" : 159,
    "confidence" : 2
  }
},{
  "dateTime" : "11/12/24 13:06:00",
  "value" : {
    "bpm" : 159,
    "confidence" : 2
  }
},{
  "dateTime" : "11/12/24 13:06:01",
  "value" : {
    "bpm" : 160,
    "confidence" : 2
  }
},{
  "dateTime" : "11/12/24 13:06:02",
  "value" : {
    "bpm" : 162,
    "confidence" : 2
  }
},{
  "dateTime" : "11/12/24 13:06:03",
  "value" : {
    "bpm" : 164,
    "confidence" : 2
  }
},{
  "dateTime" : "11/12/24 13:06:05",
  "value" : {
    "bpm" : 163,
    "confidence" : 2
  }
},{
  "dateTime" : "11/12/24 13:06:06",
  "value" : {
    "bpm" : 162,
    "confidence" : 2
  }
},{
  "dateTime" : "11/12/24 13:06:09",
  "value" : {
    "bpm" : 162,
    "confidence" : 2
  }
},{
  "dateTime" : "11/12/24 13:06:10",
  "value" : {
    "bpm" : 160,
    "confidence" : 2
  }
},{
  "dateTime" : "11/12/24 13:06:13",
  "value" : {
    "bpm" : 160,
    "confidence" : 2
  }
},{
  "dateTime" : "11/12/24 13:06:14",
  "value" : {
    "bpm" : 161,
    "confidence" : 2
  }
},{
  "dateTime" : "11/12/24 13:06:15",
  "value" : {
    "bpm" : 161,
    "confidence" : 2
  }
},{
  "dateTime" : "11/12/24 13:06:16",
  "value" : {
    "bpm" : 160,
    "confidence" : 2
  }
},{
  "dateTime" : "11/12/24 13:06:18",
  "value" : {
    "bpm" : 159,
    "confidence" : 2
  }
},{
  "dateTime" : "11/12/24 13:06:21",
  "value" : {
    "bpm" : 158,
    "confidence" : 2
  }
},{
  "dateTime" : "11/12/24 13:06:23",
  "value" : {
    "bpm" : 157,
    "confidence" : 2
  }
},{
  "dateTime" : "11/12/24 13:06:24",
  "value" : {
    "bpm" : 158,
    "confidence" : 2
  }
},{
  "dateTime" : "11/12/24 13:06:27",
  "value" : {
    "bpm" : 158,
    "confidence" : 2
  }
},{
  "dateTime" : "11/12/24 13:06:30",
  "value" : {
    "bpm" : 158,
    "confidence" : 2
  }
},{
  "dateTime" : "11/12/24 13:06:32",
  "value" : {
    "bpm" : 157,
    "confidence" : 2
  }
},{
  "dateTime" : "11/12/24 13:06:33",
  "value" : {
    "bpm" : 158,
    "confidence" : 2
  }
},{
  "dateTime" : "11/12/24 13:06:36",
  "value" : {
    "bpm" : 158,
    "confidence" : 2
  }
},{
  "dateTime" : "11/12/24 13:06:38",
  "value" : {
    "bpm" : 157,
    "confidence" : 2
  }
},{
  "dateTime" : "11/12/24 13:06:39",
  "value" : {
    "bpm" : 158,
    "confidence" : 2
  }
},{
  "dateTime" : "11/12/24 13:06:41",
  "value" : {
    "bpm" : 160,
    "confidence" : 2
  }
},{
  "dateTime" : "11/12/24 13:06:43",
  "value" : {
    "bpm" : 159,
    "confidence" : 2
  }
},{
  "dateTime" : "11/12/24 13:06:46",
  "value" : {
    "bpm" : 160,
    "confidence" : 2
  }
},{
  "dateTime" : "11/12/24 13:06:47",
  "value" : {
    "bpm" : 161,
    "confidence" : 2
  }
},{
  "dateTime" : "11/12/24 13:06:50",
  "value" : {
    "bpm" : 161,
    "confidence" : 2
  }
},{
  "dateTime" : "11/12/24 13:06:53",
  "value" : {
    "bpm" : 161,
    "confidence" : 2
  }
},{
  "dateTime" : "11/12/24 13:06:55",
  "value" : {
    "bpm" : 162,
    "confidence" : 2
  }
},{
  "dateTime" : "11/12/24 13:06:56",
  "value" : {
    "bpm" : 163,
    "confidence" : 2
  }
},{
  "dateTime" : "11/12/24 13:06:57",
  "value" : {
    "bpm" : 164,
    "confidence" : 2
  }
},{
  "dateTime" : "11/12/24 13:07:00",
  "value" : {
    "bpm" : 164,
    "confidence" : 2
  }
},{
  "dateTime" : "11/12/24 13:07:02",
  "value" : {
    "bpm" : 163,
    "confidence" : 2
  }
},{
  "dateTime" : "11/12/24 13:07:04",
  "value" : {
    "bpm" : 162,
    "confidence" : 2
  }
},{
  "dateTime" : "11/12/24 13:07:05",
  "value" : {
    "bpm" : 163,
    "confidence" : 2
  }
},{
  "dateTime" : "11/12/24 13:07:07",
  "value" : {
    "bpm" : 161,
    "confidence" : 2
  }
},{
  "dateTime" : "11/12/24 13:07:08",
  "value" : {
    "bpm" : 161,
    "confidence" : 2
  }
},{
  "dateTime" : "11/12/24 13:07:09",
  "value" : {
    "bpm" : 162,
    "confidence" : 2
  }
},{
  "dateTime" : "11/12/24 13:07:10",
  "value" : {
    "bpm" : 160,
    "confidence" : 2
  }
},{
  "dateTime" : "11/12/24 13:07:11",
  "value" : {
    "bpm" : 158,
    "confidence" : 2
  }
},{
  "dateTime" : "11/12/24 13:07:13",
  "value" : {
    "bpm" : 159,
    "confidence" : 2
  }
},{
  "dateTime" : "11/12/24 13:07:14",
  "value" : {
    "bpm" : 158,
    "confidence" : 2
  }
},{
  "dateTime" : "11/12/24 13:07:17",
  "value" : {
    "bpm" : 158,
    "confidence" : 2
  }
},{
  "dateTime" : "11/12/24 13:07:18",
  "value" : {
    "bpm" : 157,
    "confidence" : 2
  }
},{
  "dateTime" : "11/12/24 13:07:21",
  "value" : {
    "bpm" : 157,
    "confidence" : 2
  }
},{
  "dateTime" : "11/12/24 13:07:23",
  "value" : {
    "bpm" : 158,
    "confidence" : 2
  }
},{
  "dateTime" : "11/12/24 13:07:26",
  "value" : {
    "bpm" : 158,
    "confidence" : 2
  }
},{
  "dateTime" : "11/12/24 13:07:27",
  "value" : {
    "bpm" : 159,
    "confidence" : 2
  }
},{
  "dateTime" : "11/12/24 13:07:28",
  "value" : {
    "bpm" : 158,
    "confidence" : 2
  }
},{
  "dateTime" : "11/12/24 13:07:30",
  "value" : {
    "bpm" : 157,
    "confidence" : 2
  }
},{
  "dateTime" : "11/12/24 13:07:32",
  "value" : {
    "bpm" : 158,
    "confidence" : 2
  }
},{
  "dateTime" : "11/12/24 13:07:33",
  "value" : {
    "bpm" : 159,
    "confidence" : 2
  }
},{
  "dateTime" : "11/12/24 13:07:34",
  "value" : {
    "bpm" : 160,
    "confidence" : 2
  }
},{
  "dateTime" : "11/12/24 13:07:37",
  "value" : {
    "bpm" : 161,
    "confidence" : 2
  }
},{
  "dateTime" : "11/12/24 13:07:40",
  "value" : {
    "bpm" : 162,
    "confidence" : 2
  }
},{
  "dateTime" : "11/12/24 13:07:41",
  "value" : {
    "bpm" : 161,
    "confidence" : 2
  }
},{
  "dateTime" : "11/12/24 13:07:42",
  "value" : {
    "bpm" : 160,
    "confidence" : 2
  }
},{
  "dateTime" : "11/12/24 13:07:43",
  "value" : {
    "bpm" : 161,
    "confidence" : 2
  }
},{
  "dateTime" : "11/12/24 13:07:46",
  "value" : {
    "bpm" : 160,
    "confidence" : 2
  }
},{
  "dateTime" : "11/12/24 13:07:48",
  "value" : {
    "bpm" : 161,
    "confidence" : 2
  }
},{
  "dateTime" : "11/12/24 13:07:51",
  "value" : {
    "bpm" : 160,
    "confidence" : 2
  }
},{
  "dateTime" : "11/12/24 13:07:54",
  "value" : {
    "bpm" : 161,
    "confidence" : 2
  }
},{
  "dateTime" : "11/12/24 13:07:55",
  "value" : {
    "bpm" : 160,
    "confidence" : 2
  }
},{
  "dateTime" : "11/12/24 13:07:56",
  "value" : {
    "bpm" : 159,
    "confidence" : 2
  }
},{
  "dateTime" : "11/12/24 13:07:59",
  "value" : {
    "bpm" : 159,
    "confidence" : 2
  }
},{
  "dateTime" : "11/12/24 13:08:00",
  "value" : {
    "bpm" : 160,
    "confidence" : 2
  }
},{
  "dateTime" : "11/12/24 13:08:03",
  "value" : {
    "bpm" : 160,
    "confidence" : 2
  }
},{
  "dateTime" : "11/12/24 13:08:05",
  "value" : {
    "bpm" : 161,
    "confidence" : 2
  }
},{
  "dateTime" : "11/12/24 13:08:06",
  "value" : {
    "bpm" : 160,
    "confidence" : 2
  }
},{
  "dateTime" : "11/12/24 13:08:09",
  "value" : {
    "bpm" : 160,
    "confidence" : 2
  }
},{
  "dateTime" : "11/12/24 13:08:12",
  "value" : {
    "bpm" : 160,
    "confidence" : 2
  }
},{
  "dateTime" : "11/12/24 13:08:13",
  "value" : {
    "bpm" : 159,
    "confidence" : 2
  }
},{
  "dateTime" : "11/12/24 13:08:14",
  "value" : {
    "bpm" : 160,
    "confidence" : 3
  }
},{
  "dateTime" : "11/12/24 13:08:15",
  "value" : {
    "bpm" : 160,
    "confidence" : 2
  }
},{
  "dateTime" : "11/12/24 13:08:18",
  "value" : {
    "bpm" : 159,
    "confidence" : 2
  }
},{
  "dateTime" : "11/12/24 13:08:21",
  "value" : {
    "bpm" : 157,
    "confidence" : 2
  }
},{
  "dateTime" : "11/12/24 13:08:23",
  "value" : {
    "bpm" : 158,
    "confidence" : 2
  }
},{
  "dateTime" : "11/12/24 13:08:24",
  "value" : {
    "bpm" : 159,
    "confidence" : 2
  }
},{
  "dateTime" : "11/12/24 13:08:27",
  "value" : {
    "bpm" : 158,
    "confidence" : 2
  }
},{
  "dateTime" : "11/12/24 13:08:28",
  "value" : {
    "bpm" : 157,
    "confidence" : 2
  }
},{
  "dateTime" : "11/12/24 13:08:29",
  "value" : {
    "bpm" : 158,
    "confidence" : 2
  }
},{
  "dateTime" : "11/12/24 13:08:31",
  "value" : {
    "bpm" : 157,
    "confidence" : 3
  }
},{
  "dateTime" : "11/12/24 13:08:32",
  "value" : {
    "bpm" : 157,
    "confidence" : 2
  }
},{
  "dateTime" : "11/12/24 13:08:35",
  "value" : {
    "bpm" : 157,
    "confidence" : 2
  }
},{
  "dateTime" : "11/12/24 13:08:36",
  "value" : {
    "bpm" : 158,
    "confidence" : 2
  }
},{
  "dateTime" : "11/12/24 13:08:37",
  "value" : {
    "bpm" : 161,
    "confidence" : 2
  }
},{
  "dateTime" : "11/12/24 13:08:38",
  "value" : {
    "bpm" : 160,
    "confidence" : 2
  }
},{
  "dateTime" : "11/12/24 13:08:41",
  "value" : {
    "bpm" : 161,
    "confidence" : 2
  }
},{
  "dateTime" : "11/12/24 13:08:42",
  "value" : {
    "bpm" : 160,
    "confidence" : 2
  }
},{
  "dateTime" : "11/12/24 13:08:44",
  "value" : {
    "bpm" : 159,
    "confidence" : 2
  }
},{
  "dateTime" : "11/12/24 13:08:45",
  "value" : {
    "bpm" : 158,
    "confidence" : 2
  }
},{
  "dateTime" : "11/12/24 13:08:46",
  "value" : {
    "bpm" : 157,
    "confidence" : 2
  }
},{
  "dateTime" : "11/12/24 13:08:49",
  "value" : {
    "bpm" : 157,
    "confidence" : 2
  }
},{
  "dateTime" : "11/12/24 13:08:51",
  "value" : {
    "bpm" : 158,
    "confidence" : 2
  }
},{
  "dateTime" : "11/12/24 13:08:52",
  "value" : {
    "bpm" : 159,
    "confidence" : 2
  }
},{
  "dateTime" : "11/12/24 13:08:54",
  "value" : {
    "bpm" : 160,
    "confidence" : 2
  }
},{
  "dateTime" : "11/12/24 13:08:56",
  "value" : {
    "bpm" : 161,
    "confidence" : 2
  }
},{
  "dateTime" : "11/12/24 13:08:59",
  "value" : {
    "bpm" : 161,
    "confidence" : 2
  }
},{
  "dateTime" : "11/12/24 13:09:00",
  "value" : {
    "bpm" : 162,
    "confidence" : 2
  }
},{
  "dateTime" : "11/12/24 13:09:01",
  "value" : {
    "bpm" : 161,
    "confidence" : 2
  }
},{
  "dateTime" : "11/12/24 13:09:04",
  "value" : {
    "bpm" : 160,
    "confidence" : 2
  }
},{
  "dateTime" : "11/12/24 13:09:07",
  "value" : {
    "bpm" : 159,
    "confidence" : 2
  }
},{
  "dateTime" : "11/12/24 13:09:08",
  "value" : {
    "bpm" : 160,
    "confidence" : 2
  }
},{
  "dateTime" : "11/12/24 13:09:11",
  "value" : {
    "bpm" : 160,
    "confidence" : 2
  }
},{
  "dateTime" : "11/12/24 13:09:14",
  "value" : {
    "bpm" : 160,
    "confidence" : 2
  }
},{
  "dateTime" : "11/12/24 13:09:17",
  "value" : {
    "bpm" : 160,
    "confidence" : 2
  }
},{
  "dateTime" : "11/12/24 13:09:20",
  "value" : {
    "bpm" : 160,
    "confidence" : 2
  }
},{
  "dateTime" : "11/12/24 13:09:23",
  "value" : {
    "bpm" : 158,
    "confidence" : 2
  }
},{
  "dateTime" : "11/12/24 13:09:26",
  "value" : {
    "bpm" : 159,
    "confidence" : 2
  }
},{
  "dateTime" : "11/12/24 13:09:27",
  "value" : {
    "bpm" : 156,
    "confidence" : 2
  }
},{
  "dateTime" : "11/12/24 13:09:28",
  "value" : {
    "bpm" : 158,
    "confidence" : 2
  }
},{
  "dateTime" : "11/12/24 13:09:30",
  "value" : {
    "bpm" : 159,
    "confidence" : 2
  }
},{
  "dateTime" : "11/12/24 13:09:32",
  "value" : {
    "bpm" : 160,
    "confidence" : 2
  }
},{
  "dateTime" : "11/12/24 13:09:33",
  "value" : {
    "bpm" : 161,
    "confidence" : 2
  }
},{
  "dateTime" : "11/12/24 13:09:35",
  "value" : {
    "bpm" : 162,
    "confidence" : 2
  }
},{
  "dateTime" : "11/12/24 13:09:36",
  "value" : {
    "bpm" : 163,
    "confidence" : 2
  }
},{
  "dateTime" : "11/12/24 13:09:39",
  "value" : {
    "bpm" : 164,
    "confidence" : 2
  }
},{
  "dateTime" : "11/12/24 13:09:40",
  "value" : {
    "bpm" : 164,
    "confidence" : 2
  }
},{
  "dateTime" : "11/12/24 13:09:41",
  "value" : {
    "bpm" : 165,
    "confidence" : 2
  }
},{
  "dateTime" : "11/12/24 13:09:42",
  "value" : {
    "bpm" : 164,
    "confidence" : 2
  }
},{
  "dateTime" : "11/12/24 13:09:44",
  "value" : {
    "bpm" : 163,
    "confidence" : 2
  }
},{
  "dateTime" : "11/12/24 13:09:46",
  "value" : {
    "bpm" : 162,
    "confidence" : 2
  }
},{
  "dateTime" : "11/12/24 13:09:47",
  "value" : {
    "bpm" : 161,
    "confidence" : 2
  }
},{
  "dateTime" : "11/12/24 13:09:50",
  "value" : {
    "bpm" : 161,
    "confidence" : 2
  }
},{
  "dateTime" : "11/12/24 13:09:51",
  "value" : {
    "bpm" : 160,
    "confidence" : 2
  }
},{
  "dateTime" : "11/12/24 13:09:53",
  "value" : {
    "bpm" : 158,
    "confidence" : 2
  }
},{
  "dateTime" : "11/12/24 13:09:54",
  "value" : {
    "bpm" : 157,
    "confidence" : 2
  }
},{
  "dateTime" : "11/12/24 13:09:56",
  "value" : {
    "bpm" : 158,
    "confidence" : 2
  }
},{
  "dateTime" : "11/12/24 13:09:58",
  "value" : {
    "bpm" : 157,
    "confidence" : 2
  }
},{
  "dateTime" : "11/12/24 13:09:59",
  "value" : {
    "bpm" : 159,
    "confidence" : 2
  }
},{
  "dateTime" : "11/12/24 13:10:00",
  "value" : {
    "bpm" : 158,
    "confidence" : 2
  }
},{
  "dateTime" : "11/12/24 13:10:02",
  "value" : {
    "bpm" : 159,
    "confidence" : 2
  }
},{
  "dateTime" : "11/12/24 13:10:05",
  "value" : {
    "bpm" : 158,
    "confidence" : 2
  }
},{
  "dateTime" : "11/12/24 13:10:07",
  "value" : {
    "bpm" : 157,
    "confidence" : 2
  }
},{
  "dateTime" : "11/12/24 13:10:09",
  "value" : {
    "bpm" : 158,
    "confidence" : 2
  }
},{
  "dateTime" : "11/12/24 13:10:10",
  "value" : {
    "bpm" : 162,
    "confidence" : 2
  }
},{
  "dateTime" : "11/12/24 13:10:12",
  "value" : {
    "bpm" : 163,
    "confidence" : 2
  }
},{
  "dateTime" : "11/12/24 13:10:13",
  "value" : {
    "bpm" : 162,
    "confidence" : 2
  }
},{
  "dateTime" : "11/12/24 13:10:14",
  "value" : {
    "bpm" : 163,
    "confidence" : 2
  }
},{
  "dateTime" : "11/12/24 13:10:16",
  "value" : {
    "bpm" : 162,
    "confidence" : 2
  }
},{
  "dateTime" : "11/12/24 13:10:17",
  "value" : {
    "bpm" : 161,
    "confidence" : 2
  }
},{
  "dateTime" : "11/12/24 13:10:20",
  "value" : {
    "bpm" : 160,
    "confidence" : 2
  }
},{
  "dateTime" : "11/12/24 13:10:23",
  "value" : {
    "bpm" : 161,
    "confidence" : 2
  }
},{
  "dateTime" : "11/12/24 13:10:25",
  "value" : {
    "bpm" : 162,
    "confidence" : 2
  }
},{
  "dateTime" : "11/12/24 13:10:26",
  "value" : {
    "bpm" : 163,
    "confidence" : 2
  }
},{
  "dateTime" : "11/12/24 13:10:28",
  "value" : {
    "bpm" : 162,
    "confidence" : 2
  }
},{
  "dateTime" : "11/12/24 13:10:31",
  "value" : {
    "bpm" : 163,
    "confidence" : 2
  }
},{
  "dateTime" : "11/12/24 13:10:32",
  "value" : {
    "bpm" : 164,
    "confidence" : 2
  }
},{
  "dateTime" : "11/12/24 13:10:33",
  "value" : {
    "bpm" : 163,
    "confidence" : 2
  }
},{
  "dateTime" : "11/12/24 13:10:36",
  "value" : {
    "bpm" : 162,
    "confidence" : 2
  }
},{
  "dateTime" : "11/12/24 13:10:37",
  "value" : {
    "bpm" : 161,
    "confidence" : 2
  }
},{
  "dateTime" : "11/12/24 13:10:40",
  "value" : {
    "bpm" : 162,
    "confidence" : 2
  }
},{
  "dateTime" : "11/12/24 13:10:43",
  "value" : {
    "bpm" : 163,
    "confidence" : 2
  }
},{
  "dateTime" : "11/12/24 13:10:44",
  "value" : {
    "bpm" : 164,
    "confidence" : 2
  }
},{
  "dateTime" : "11/12/24 13:10:47",
  "value" : {
    "bpm" : 164,
    "confidence" : 2
  }
},{
  "dateTime" : "11/12/24 13:10:48",
  "value" : {
    "bpm" : 163,
    "confidence" : 2
  }
},{
  "dateTime" : "11/12/24 13:10:51",
  "value" : {
    "bpm" : 163,
    "confidence" : 2
  }
},{
  "dateTime" : "11/12/24 13:10:53",
  "value" : {
    "bpm" : 164,
    "confidence" : 2
  }
},{
  "dateTime" : "11/12/24 13:10:54",
  "value" : {
    "bpm" : 163,
    "confidence" : 2
  }
},{
  "dateTime" : "11/12/24 13:10:55",
  "value" : {
    "bpm" : 165,
    "confidence" : 2
  }
},{
  "dateTime" : "11/12/24 13:10:57",
  "value" : {
    "bpm" : 164,
    "confidence" : 2
  }
},{
  "dateTime" : "11/12/24 13:11:00",
  "value" : {
    "bpm" : 164,
    "confidence" : 2
  }
},{
  "dateTime" : "11/12/24 13:11:02",
  "value" : {
    "bpm" : 162,
    "confidence" : 2
  }
},{
  "dateTime" : "11/12/24 13:11:04",
  "value" : {
    "bpm" : 161,
    "confidence" : 2
  }
},{
  "dateTime" : "11/12/24 13:11:06",
  "value" : {
    "bpm" : 162,
    "confidence" : 2
  }
},{
  "dateTime" : "11/12/24 13:11:08",
  "value" : {
    "bpm" : 163,
    "confidence" : 2
  }
},{
  "dateTime" : "11/12/24 13:11:09",
  "value" : {
    "bpm" : 164,
    "confidence" : 2
  }
},{
  "dateTime" : "11/12/24 13:11:12",
  "value" : {
    "bpm" : 163,
    "confidence" : 2
  }
},{
  "dateTime" : "11/12/24 13:11:13",
  "value" : {
    "bpm" : 162,
    "confidence" : 2
  }
},{
  "dateTime" : "11/12/24 13:11:15",
  "value" : {
    "bpm" : 163,
    "confidence" : 2
  }
},{
  "dateTime" : "11/12/24 13:11:16",
  "value" : {
    "bpm" : 164,
    "confidence" : 2
  }
},{
  "dateTime" : "11/12/24 13:11:17",
  "value" : {
    "bpm" : 165,
    "confidence" : 2
  }
},{
  "dateTime" : "11/12/24 13:11:18",
  "value" : {
    "bpm" : 164,
    "confidence" : 2
  }
},{
  "dateTime" : "11/12/24 13:11:20",
  "value" : {
    "bpm" : 165,
    "confidence" : 2
  }
},{
  "dateTime" : "11/12/24 13:11:21",
  "value" : {
    "bpm" : 166,
    "confidence" : 2
  }
},{
  "dateTime" : "11/12/24 13:11:23",
  "value" : {
    "bpm" : 163,
    "confidence" : 2
  }
},{
  "dateTime" : "11/12/24 13:11:26",
  "value" : {
    "bpm" : 164,
    "confidence" : 2
  }
},{
  "dateTime" : "11/12/24 13:11:29",
  "value" : {
    "bpm" : 164,
    "confidence" : 2
  }
},{
  "dateTime" : "11/12/24 13:11:31",
  "value" : {
    "bpm" : 163,
    "confidence" : 2
  }
},{
  "dateTime" : "11/12/24 13:11:32",
  "value" : {
    "bpm" : 162,
    "confidence" : 2
  }
},{
  "dateTime" : "11/12/24 13:11:35",
  "value" : {
    "bpm" : 160,
    "confidence" : 2
  }
},{
  "dateTime" : "11/12/24 13:11:38",
  "value" : {
    "bpm" : 159,
    "confidence" : 2
  }
},{
  "dateTime" : "11/12/24 13:11:39",
  "value" : {
    "bpm" : 160,
    "confidence" : 2
  }
},{
  "dateTime" : "11/12/24 13:11:40",
  "value" : {
    "bpm" : 161,
    "confidence" : 2
  }
},{
  "dateTime" : "11/12/24 13:11:41",
  "value" : {
    "bpm" : 162,
    "confidence" : 2
  }
},{
  "dateTime" : "11/12/24 13:11:44",
  "value" : {
    "bpm" : 163,
    "confidence" : 2
  }
},{
  "dateTime" : "11/12/24 13:11:45",
  "value" : {
    "bpm" : 164,
    "confidence" : 2
  }
},{
  "dateTime" : "11/12/24 13:11:48",
  "value" : {
    "bpm" : 163,
    "confidence" : 2
  }
},{
  "dateTime" : "11/12/24 13:11:51",
  "value" : {
    "bpm" : 163,
    "confidence" : 2
  }
},{
  "dateTime" : "11/12/24 13:11:53",
  "value" : {
    "bpm" : 162,
    "confidence" : 2
  }
},{
  "dateTime" : "11/12/24 13:11:55",
  "value" : {
    "bpm" : 163,
    "confidence" : 2
  }
},{
  "dateTime" : "11/12/24 13:11:58",
  "value" : {
    "bpm" : 162,
    "confidence" : 2
  }
},{
  "dateTime" : "11/12/24 13:11:59",
  "value" : {
    "bpm" : 163,
    "confidence" : 2
  }
},{
  "dateTime" : "11/12/24 13:12:02",
  "value" : {
    "bpm" : 162,
    "confidence" : 2
  }
},{
  "dateTime" : "11/12/24 13:12:04",
  "value" : {
    "bpm" : 161,
    "confidence" : 2
  }
},{
  "dateTime" : "11/12/24 13:12:07",
  "value" : {
    "bpm" : 161,
    "confidence" : 2
  }
},{
  "dateTime" : "11/12/24 13:12:10",
  "value" : {
    "bpm" : 161,
    "confidence" : 2
  }
},{
  "dateTime" : "11/12/24 13:12:11",
  "value" : {
    "bpm" : 160,
    "confidence" : 2
  }
},{
  "dateTime" : "11/12/24 13:12:12",
  "value" : {
    "bpm" : 161,
    "confidence" : 2
  }
},{
  "dateTime" : "11/12/24 13:12:13",
  "value" : {
    "bpm" : 162,
    "confidence" : 2
  }
},{
  "dateTime" : "11/12/24 13:12:15",
  "value" : {
    "bpm" : 163,
    "confidence" : 2
  }
},{
  "dateTime" : "11/12/24 13:12:18",
  "value" : {
    "bpm" : 164,
    "confidence" : 2
  }
},{
  "dateTime" : "11/12/24 13:12:20",
  "value" : {
    "bpm" : 163,
    "confidence" : 2
  }
},{
  "dateTime" : "11/12/24 13:12:22",
  "value" : {
    "bpm" : 162,
    "confidence" : 2
  }
},{
  "dateTime" : "11/12/24 13:12:24",
  "value" : {
    "bpm" : 163,
    "confidence" : 2
  }
},{
  "dateTime" : "11/12/24 13:12:26",
  "value" : {
    "bpm" : 164,
    "confidence" : 2
  }
},{
  "dateTime" : "11/12/24 13:12:27",
  "value" : {
    "bpm" : 163,
    "confidence" : 2
  }
},{
  "dateTime" : "11/12/24 13:12:29",
  "value" : {
    "bpm" : 162,
    "confidence" : 2
  }
},{
  "dateTime" : "11/12/24 13:12:31",
  "value" : {
    "bpm" : 161,
    "confidence" : 2
  }
},{
  "dateTime" : "11/12/24 13:12:32",
  "value" : {
    "bpm" : 159,
    "confidence" : 2
  }
},{
  "dateTime" : "11/12/24 13:12:35",
  "value" : {
    "bpm" : 159,
    "confidence" : 2
  }
},{
  "dateTime" : "11/12/24 13:12:36",
  "value" : {
    "bpm" : 161,
    "confidence" : 2
  }
},{
  "dateTime" : "11/12/24 13:12:38",
  "value" : {
    "bpm" : 162,
    "confidence" : 2
  }
},{
  "dateTime" : "11/12/24 13:12:41",
  "value" : {
    "bpm" : 161,
    "confidence" : 2
  }
},{
  "dateTime" : "11/12/24 13:12:43",
  "value" : {
    "bpm" : 160,
    "confidence" : 2
  }
},{
  "dateTime" : "11/12/24 13:12:44",
  "value" : {
    "bpm" : 157,
    "confidence" : 2
  }
},{
  "dateTime" : "11/12/24 13:12:45",
  "value" : {
    "bpm" : 156,
    "confidence" : 2
  }
},{
  "dateTime" : "11/12/24 13:12:47",
  "value" : {
    "bpm" : 157,
    "confidence" : 2
  }
},{
  "dateTime" : "11/12/24 13:12:49",
  "value" : {
    "bpm" : 159,
    "confidence" : 2
  }
},{
  "dateTime" : "11/12/24 13:12:52",
  "value" : {
    "bpm" : 160,
    "confidence" : 2
  }
},{
  "dateTime" : "11/12/24 13:12:55",
  "value" : {
    "bpm" : 160,
    "confidence" : 2
  }
},{
  "dateTime" : "11/12/24 13:12:56",
  "value" : {
    "bpm" : 161,
    "confidence" : 2
  }
},{
  "dateTime" : "11/12/24 13:12:57",
  "value" : {
    "bpm" : 160,
    "confidence" : 2
  }
},{
  "dateTime" : "11/12/24 13:13:00",
  "value" : {
    "bpm" : 160,
    "confidence" : 2
  }
},{
  "dateTime" : "11/12/24 13:13:01",
  "value" : {
    "bpm" : 161,
    "confidence" : 2
  }
},{
  "dateTime" : "11/12/24 13:13:02",
  "value" : {
    "bpm" : 161,
    "confidence" : 2
  }
},{
  "dateTime" : "11/12/24 13:13:05",
  "value" : {
    "bpm" : 161,
    "confidence" : 2
  }
},{
  "dateTime" : "11/12/24 13:13:08",
  "value" : {
    "bpm" : 160,
    "confidence" : 2
  }
},{
  "dateTime" : "11/12/24 13:13:10",
  "value" : {
    "bpm" : 161,
    "confidence" : 2
  }
},{
  "dateTime" : "11/12/24 13:13:11",
  "value" : {
    "bpm" : 160,
    "confidence" : 2
  }
},{
  "dateTime" : "11/12/24 13:13:12",
  "value" : {
    "bpm" : 161,
    "confidence" : 2
  }
},{
  "dateTime" : "11/12/24 13:13:13",
  "value" : {
    "bpm" : 162,
    "confidence" : 2
  }
},{
  "dateTime" : "11/12/24 13:13:16",
  "value" : {
    "bpm" : 163,
    "confidence" : 2
  }
},{
  "dateTime" : "11/12/24 13:13:19",
  "value" : {
    "bpm" : 165,
    "confidence" : 2
  }
},{
  "dateTime" : "11/12/24 13:13:20",
  "value" : {
    "bpm" : 163,
    "confidence" : 2
  }
},{
  "dateTime" : "11/12/24 13:13:22",
  "value" : {
    "bpm" : 162,
    "confidence" : 2
  }
},{
  "dateTime" : "11/12/24 13:13:25",
  "value" : {
    "bpm" : 163,
    "confidence" : 2
  }
},{
  "dateTime" : "11/12/24 13:13:26",
  "value" : {
    "bpm" : 164,
    "confidence" : 2
  }
},{
  "dateTime" : "11/12/24 13:13:29",
  "value" : {
    "bpm" : 166,
    "confidence" : 2
  }
},{
  "dateTime" : "11/12/24 13:13:31",
  "value" : {
    "bpm" : 167,
    "confidence" : 2
  }
},{
  "dateTime" : "11/12/24 13:13:34",
  "value" : {
    "bpm" : 167,
    "confidence" : 2
  }
},{
  "dateTime" : "11/12/24 13:13:35",
  "value" : {
    "bpm" : 166,
    "confidence" : 2
  }
},{
  "dateTime" : "11/12/24 13:13:38",
  "value" : {
    "bpm" : 165,
    "confidence" : 2
  }
},{
  "dateTime" : "11/12/24 13:13:41",
  "value" : {
    "bpm" : 165,
    "confidence" : 2
  }
},{
  "dateTime" : "11/12/24 13:13:42",
  "value" : {
    "bpm" : 166,
    "confidence" : 2
  }
},{
  "dateTime" : "11/12/24 13:13:45",
  "value" : {
    "bpm" : 166,
    "confidence" : 2
  }
},{
  "dateTime" : "11/12/24 13:13:47",
  "value" : {
    "bpm" : 165,
    "confidence" : 2
  }
},{
  "dateTime" : "11/12/24 13:13:49",
  "value" : {
    "bpm" : 164,
    "confidence" : 2
  }
},{
  "dateTime" : "11/12/24 13:13:51",
  "value" : {
    "bpm" : 165,
    "confidence" : 2
  }
},{
  "dateTime" : "11/12/24 13:13:54",
  "value" : {
    "bpm" : 165,
    "confidence" : 2
  }
},{
  "dateTime" : "11/12/24 13:13:56",
  "value" : {
    "bpm" : 163,
    "confidence" : 2
  }
},{
  "dateTime" : "11/12/24 13:13:57",
  "value" : {
    "bpm" : 162,
    "confidence" : 2
  }
},{
  "dateTime" : "11/12/24 13:13:58",
  "value" : {
    "bpm" : 163,
    "confidence" : 2
  }
},{
  "dateTime" : "11/12/24 13:14:00",
  "value" : {
    "bpm" : 165,
    "confidence" : 2
  }
},{
  "dateTime" : "11/12/24 13:14:01",
  "value" : {
    "bpm" : 166,
    "confidence" : 2
  }
},{
  "dateTime" : "11/12/24 13:14:04",
  "value" : {
    "bpm" : 166,
    "confidence" : 2
  }
},{
  "dateTime" : "11/12/24 13:14:07",
  "value" : {
    "bpm" : 166,
    "confidence" : 2
  }
},{
  "dateTime" : "11/12/24 13:14:10",
  "value" : {
    "bpm" : 166,
    "confidence" : 2
  }
},{
  "dateTime" : "11/12/24 13:14:13",
  "value" : {
    "bpm" : 166,
    "confidence" : 2
  }
},{
  "dateTime" : "11/12/24 13:14:14",
  "value" : {
    "bpm" : 164,
    "confidence" : 2
  }
},{
  "dateTime" : "11/12/24 13:14:17",
  "value" : {
    "bpm" : 164,
    "confidence" : 2
  }
},{
  "dateTime" : "11/12/24 13:14:19",
  "value" : {
    "bpm" : 163,
    "confidence" : 2
  }
},{
  "dateTime" : "11/12/24 13:14:20",
  "value" : {
    "bpm" : 164,
    "confidence" : 2
  }
},{
  "dateTime" : "11/12/24 13:14:21",
  "value" : {
    "bpm" : 165,
    "confidence" : 2
  }
},{
  "dateTime" : "11/12/24 13:14:23",
  "value" : {
    "bpm" : 166,
    "confidence" : 2
  }
},{
  "dateTime" : "11/12/24 13:14:25",
  "value" : {
    "bpm" : 167,
    "confidence" : 2
  }
},{
  "dateTime" : "11/12/24 13:14:28",
  "value" : {
    "bpm" : 167,
    "confidence" : 2
  }
},{
  "dateTime" : "11/12/24 13:14:31",
  "value" : {
    "bpm" : 167,
    "confidence" : 2
  }
},{
  "dateTime" : "11/12/24 13:14:32",
  "value" : {
    "bpm" : 166,
    "confidence" : 2
  }
},{
  "dateTime" : "11/12/24 13:14:35",
  "value" : {
    "bpm" : 166,
    "confidence" : 2
  }
},{
  "dateTime" : "11/12/24 13:14:37",
  "value" : {
    "bpm" : 167,
    "confidence" : 2
  }
},{
  "dateTime" : "11/12/24 13:14:40",
  "value" : {
    "bpm" : 167,
    "confidence" : 2
  }
},{
  "dateTime" : "11/12/24 13:14:42",
  "value" : {
    "bpm" : 168,
    "confidence" : 2
  }
},{
  "dateTime" : "11/12/24 13:14:44",
  "value" : {
    "bpm" : 167,
    "confidence" : 2
  }
},{
  "dateTime" : "11/12/24 13:14:46",
  "value" : {
    "bpm" : 168,
    "confidence" : 2
  }
},{
  "dateTime" : "11/12/24 13:14:47",
  "value" : {
    "bpm" : 167,
    "confidence" : 2
  }
},{
  "dateTime" : "11/12/24 13:14:50",
  "value" : {
    "bpm" : 167,
    "confidence" : 2
  }
},{
  "dateTime" : "11/12/24 13:14:51",
  "value" : {
    "bpm" : 166,
    "confidence" : 2
  }
},{
  "dateTime" : "11/12/24 13:14:52",
  "value" : {
    "bpm" : 163,
    "confidence" : 2
  }
},{
  "dateTime" : "11/12/24 13:14:53",
  "value" : {
    "bpm" : 164,
    "confidence" : 2
  }
},{
  "dateTime" : "11/12/24 13:14:55",
  "value" : {
    "bpm" : 165,
    "confidence" : 2
  }
},{
  "dateTime" : "11/12/24 13:14:56",
  "value" : {
    "bpm" : 166,
    "confidence" : 2
  }
},{
  "dateTime" : "11/12/24 13:14:58",
  "value" : {
    "bpm" : 167,
    "confidence" : 2
  }
},{
  "dateTime" : "11/12/24 13:15:00",
  "value" : {
    "bpm" : 168,
    "confidence" : 2
  }
},{
  "dateTime" : "11/12/24 13:15:02",
  "value" : {
    "bpm" : 169,
    "confidence" : 2
  }
},{
  "dateTime" : "11/12/24 13:15:04",
  "value" : {
    "bpm" : 168,
    "confidence" : 2
  }
},{
  "dateTime" : "11/12/24 13:15:05",
  "value" : {
    "bpm" : 167,
    "confidence" : 2
  }
},{
  "dateTime" : "11/12/24 13:15:07",
  "value" : {
    "bpm" : 166,
    "confidence" : 2
  }
},{
  "dateTime" : "11/12/24 13:15:10",
  "value" : {
    "bpm" : 167,
    "confidence" : 2
  }
},{
  "dateTime" : "11/12/24 13:15:11",
  "value" : {
    "bpm" : 168,
    "confidence" : 2
  }
},{
  "dateTime" : "11/12/24 13:15:12",
  "value" : {
    "bpm" : 167,
    "confidence" : 2
  }
},{
  "dateTime" : "11/12/24 13:15:14",
  "value" : {
    "bpm" : 166,
    "confidence" : 2
  }
},{
  "dateTime" : "11/12/24 13:15:15",
  "value" : {
    "bpm" : 165,
    "confidence" : 2
  }
},{
  "dateTime" : "11/12/24 13:15:16",
  "value" : {
    "bpm" : 163,
    "confidence" : 2
  }
},{
  "dateTime" : "11/12/24 13:15:18",
  "value" : {
    "bpm" : 162,
    "confidence" : 2
  }
},{
  "dateTime" : "11/12/24 13:15:20",
  "value" : {
    "bpm" : 163,
    "confidence" : 2
  }
},{
  "dateTime" : "11/12/24 13:15:23",
  "value" : {
    "bpm" : 164,
    "confidence" : 2
  }
},{
  "dateTime" : "11/12/24 13:15:24",
  "value" : {
    "bpm" : 165,
    "confidence" : 2
  }
},{
  "dateTime" : "11/12/24 13:15:27",
  "value" : {
    "bpm" : 164,
    "confidence" : 2
  }
},{
  "dateTime" : "11/12/24 13:15:28",
  "value" : {
    "bpm" : 161,
    "confidence" : 2
  }
},{
  "dateTime" : "11/12/24 13:15:29",
  "value" : {
    "bpm" : 158,
    "confidence" : 2
  }
},{
  "dateTime" : "11/12/24 13:15:32",
  "value" : {
    "bpm" : 160,
    "confidence" : 2
  }
},{
  "dateTime" : "11/12/24 13:15:33",
  "value" : {
    "bpm" : 161,
    "confidence" : 2
  }
},{
  "dateTime" : "11/12/24 13:15:36",
  "value" : {
    "bpm" : 162,
    "confidence" : 2
  }
},{
  "dateTime" : "11/12/24 13:15:38",
  "value" : {
    "bpm" : 163,
    "confidence" : 2
  }
},{
  "dateTime" : "11/12/24 13:15:41",
  "value" : {
    "bpm" : 163,
    "confidence" : 2
  }
},{
  "dateTime" : "11/12/24 13:15:42",
  "value" : {
    "bpm" : 165,
    "confidence" : 2
  }
},{
  "dateTime" : "11/12/24 13:15:45",
  "value" : {
    "bpm" : 165,
    "confidence" : 2
  }
},{
  "dateTime" : "11/12/24 13:15:46",
  "value" : {
    "bpm" : 168,
    "confidence" : 2
  }
},{
  "dateTime" : "11/12/24 13:15:47",
  "value" : {
    "bpm" : 167,
    "confidence" : 2
  }
},{
  "dateTime" : "11/12/24 13:15:50",
  "value" : {
    "bpm" : 168,
    "confidence" : 2
  }
},{
  "dateTime" : "11/12/24 13:15:51",
  "value" : {
    "bpm" : 167,
    "confidence" : 2
  }
},{
  "dateTime" : "11/12/24 13:15:53",
  "value" : {
    "bpm" : 169,
    "confidence" : 2
  }
},{
  "dateTime" : "11/12/24 13:15:55",
  "value" : {
    "bpm" : 168,
    "confidence" : 2
  }
},{
  "dateTime" : "11/12/24 13:15:57",
  "value" : {
    "bpm" : 167,
    "confidence" : 2
  }
},{
  "dateTime" : "11/12/24 13:16:00",
  "value" : {
    "bpm" : 167,
    "confidence" : 2
  }
},{
  "dateTime" : "11/12/24 13:16:01",
  "value" : {
    "bpm" : 166,
    "confidence" : 2
  }
},{
  "dateTime" : "11/12/24 13:16:02",
  "value" : {
    "bpm" : 167,
    "confidence" : 2
  }
},{
  "dateTime" : "11/12/24 13:16:05",
  "value" : {
    "bpm" : 168,
    "confidence" : 2
  }
},{
  "dateTime" : "11/12/24 13:16:08",
  "value" : {
    "bpm" : 168,
    "confidence" : 2
  }
},{
  "dateTime" : "11/12/24 13:16:11",
  "value" : {
    "bpm" : 167,
    "confidence" : 2
  }
},{
  "dateTime" : "11/12/24 13:16:14",
  "value" : {
    "bpm" : 167,
    "confidence" : 2
  }
},{
  "dateTime" : "11/12/24 13:16:17",
  "value" : {
    "bpm" : 167,
    "confidence" : 2
  }
},{
  "dateTime" : "11/12/24 13:16:18",
  "value" : {
    "bpm" : 165,
    "confidence" : 2
  }
},{
  "dateTime" : "11/12/24 13:16:19",
  "value" : {
    "bpm" : 164,
    "confidence" : 2
  }
},{
  "dateTime" : "11/12/24 13:16:22",
  "value" : {
    "bpm" : 164,
    "confidence" : 2
  }
},{
  "dateTime" : "11/12/24 13:16:25",
  "value" : {
    "bpm" : 164,
    "confidence" : 2
  }
},{
  "dateTime" : "11/12/24 13:16:28",
  "value" : {
    "bpm" : 164,
    "confidence" : 2
  }
},{
  "dateTime" : "11/12/24 13:16:31",
  "value" : {
    "bpm" : 164,
    "confidence" : 2
  }
},{
  "dateTime" : "11/12/24 13:16:34",
  "value" : {
    "bpm" : 165,
    "confidence" : 2
  }
},{
  "dateTime" : "11/12/24 13:16:37",
  "value" : {
    "bpm" : 165,
    "confidence" : 2
  }
},{
  "dateTime" : "11/12/24 13:16:40",
  "value" : {
    "bpm" : 165,
    "confidence" : 2
  }
},{
  "dateTime" : "11/12/24 13:16:42",
  "value" : {
    "bpm" : 166,
    "confidence" : 2
  }
},{
  "dateTime" : "11/12/24 13:16:43",
  "value" : {
    "bpm" : 166,
    "confidence" : 2
  }
},{
  "dateTime" : "11/12/24 13:16:46",
  "value" : {
    "bpm" : 166,
    "confidence" : 2
  }
},{
  "dateTime" : "11/12/24 13:16:47",
  "value" : {
    "bpm" : 167,
    "confidence" : 2
  }
},{
  "dateTime" : "11/12/24 13:16:50",
  "value" : {
    "bpm" : 167,
    "confidence" : 2
  }
},{
  "dateTime" : "11/12/24 13:16:52",
  "value" : {
    "bpm" : 168,
    "confidence" : 2
  }
},{
  "dateTime" : "11/12/24 13:16:55",
  "value" : {
    "bpm" : 168,
    "confidence" : 2
  }
},{
  "dateTime" : "11/12/24 13:16:58",
  "value" : {
    "bpm" : 168,
    "confidence" : 2
  }
},{
  "dateTime" : "11/12/24 13:17:01",
  "value" : {
    "bpm" : 168,
    "confidence" : 2
  }
},{
  "dateTime" : "11/12/24 13:17:03",
  "value" : {
    "bpm" : 167,
    "confidence" : 2
  }
},{
  "dateTime" : "11/12/24 13:17:05",
  "value" : {
    "bpm" : 166,
    "confidence" : 2
  }
},{
  "dateTime" : "11/12/24 13:17:08",
  "value" : {
    "bpm" : 167,
    "confidence" : 2
  }
},{
  "dateTime" : "11/12/24 13:17:09",
  "value" : {
    "bpm" : 166,
    "confidence" : 2
  }
},{
  "dateTime" : "11/12/24 13:17:12",
  "value" : {
    "bpm" : 166,
    "confidence" : 2
  }
},{
  "dateTime" : "11/12/24 13:17:14",
  "value" : {
    "bpm" : 164,
    "confidence" : 2
  }
},{
  "dateTime" : "11/12/24 13:17:17",
  "value" : {
    "bpm" : 164,
    "confidence" : 2
  }
},{
  "dateTime" : "11/12/24 13:17:19",
  "value" : {
    "bpm" : 163,
    "confidence" : 2
  }
},{
  "dateTime" : "11/12/24 13:17:22",
  "value" : {
    "bpm" : 165,
    "confidence" : 2
  }
},{
  "dateTime" : "11/12/24 13:17:23",
  "value" : {
    "bpm" : 167,
    "confidence" : 2
  }
},{
  "dateTime" : "11/12/24 13:17:26",
  "value" : {
    "bpm" : 168,
    "confidence" : 2
  }
},{
  "dateTime" : "11/12/24 13:17:29",
  "value" : {
    "bpm" : 168,
    "confidence" : 2
  }
},{
  "dateTime" : "11/12/24 13:17:32",
  "value" : {
    "bpm" : 168,
    "confidence" : 2
  }
},{
  "dateTime" : "11/12/24 13:17:35",
  "value" : {
    "bpm" : 168,
    "confidence" : 2
  }
},{
  "dateTime" : "11/12/24 13:17:38",
  "value" : {
    "bpm" : 168,
    "confidence" : 2
  }
},{
  "dateTime" : "11/12/24 13:17:40",
  "value" : {
    "bpm" : 167,
    "confidence" : 2
  }
},{
  "dateTime" : "11/12/24 13:17:41",
  "value" : {
    "bpm" : 166,
    "confidence" : 2
  }
},{
  "dateTime" : "11/12/24 13:17:44",
  "value" : {
    "bpm" : 164,
    "confidence" : 2
  }
},{
  "dateTime" : "11/12/24 13:17:46",
  "value" : {
    "bpm" : 166,
    "confidence" : 2
  }
},{
  "dateTime" : "11/12/24 13:17:47",
  "value" : {
    "bpm" : 166,
    "confidence" : 2
  }
},{
  "dateTime" : "11/12/24 13:17:50",
  "value" : {
    "bpm" : 165,
    "confidence" : 2
  }
},{
  "dateTime" : "11/12/24 13:17:51",
  "value" : {
    "bpm" : 165,
    "confidence" : 3
  }
},{
  "dateTime" : "11/12/24 13:17:52",
  "value" : {
    "bpm" : 165,
    "confidence" : 2
  }
},{
  "dateTime" : "11/12/24 13:17:55",
  "value" : {
    "bpm" : 166,
    "confidence" : 2
  }
},{
  "dateTime" : "11/12/24 13:17:58",
  "value" : {
    "bpm" : 167,
    "confidence" : 2
  }
},{
  "dateTime" : "11/12/24 13:18:00",
  "value" : {
    "bpm" : 166,
    "confidence" : 2
  }
},{
  "dateTime" : "11/12/24 13:18:01",
  "value" : {
    "bpm" : 167,
    "confidence" : 2
  }
},{
  "dateTime" : "11/12/24 13:18:04",
  "value" : {
    "bpm" : 167,
    "confidence" : 2
  }
},{
  "dateTime" : "11/12/24 13:18:07",
  "value" : {
    "bpm" : 168,
    "confidence" : 2
  }
},{
  "dateTime" : "11/12/24 13:18:08",
  "value" : {
    "bpm" : 169,
    "confidence" : 2
  }
},{
  "dateTime" : "11/12/24 13:18:09",
  "value" : {
    "bpm" : 168,
    "confidence" : 2
  }
},{
  "dateTime" : "11/12/24 13:18:10",
  "value" : {
    "bpm" : 167,
    "confidence" : 2
  }
},{
  "dateTime" : "11/12/24 13:18:13",
  "value" : {
    "bpm" : 166,
    "confidence" : 2
  }
},{
  "dateTime" : "11/12/24 13:18:14",
  "value" : {
    "bpm" : 164,
    "confidence" : 2
  }
},{
  "dateTime" : "11/12/24 13:18:15",
  "value" : {
    "bpm" : 163,
    "confidence" : 2
  }
},{
  "dateTime" : "11/12/24 13:18:17",
  "value" : {
    "bpm" : 164,
    "confidence" : 2
  }
},{
  "dateTime" : "11/12/24 13:18:18",
  "value" : {
    "bpm" : 165,
    "confidence" : 2
  }
},{
  "dateTime" : "11/12/24 13:18:21",
  "value" : {
    "bpm" : 166,
    "confidence" : 2
  }
},{
  "dateTime" : "11/12/24 13:18:23",
  "value" : {
    "bpm" : 167,
    "confidence" : 2
  }
},{
  "dateTime" : "11/12/24 13:18:26",
  "value" : {
    "bpm" : 167,
    "confidence" : 2
  }
},{
  "dateTime" : "11/12/24 13:18:27",
  "value" : {
    "bpm" : 165,
    "confidence" : 2
  }
},{
  "dateTime" : "11/12/24 13:18:28",
  "value" : {
    "bpm" : 164,
    "confidence" : 2
  }
},{
  "dateTime" : "11/12/24 13:18:30",
  "value" : {
    "bpm" : 166,
    "confidence" : 2
  }
},{
  "dateTime" : "11/12/24 13:18:31",
  "value" : {
    "bpm" : 167,
    "confidence" : 2
  }
},{
  "dateTime" : "11/12/24 13:18:32",
  "value" : {
    "bpm" : 168,
    "confidence" : 2
  }
},{
  "dateTime" : "11/12/24 13:18:33",
  "value" : {
    "bpm" : 167,
    "confidence" : 2
  }
},{
  "dateTime" : "11/12/24 13:18:34",
  "value" : {
    "bpm" : 167,
    "confidence" : 2
  }
},{
  "dateTime" : "11/12/24 13:18:35",
  "value" : {
    "bpm" : 166,
    "confidence" : 2
  }
},{
  "dateTime" : "11/12/24 13:18:37",
  "value" : {
    "bpm" : 165,
    "confidence" : 2
  }
},{
  "dateTime" : "11/12/24 13:18:38",
  "value" : {
    "bpm" : 164,
    "confidence" : 2
  }
},{
  "dateTime" : "11/12/24 13:18:40",
  "value" : {
    "bpm" : 163,
    "confidence" : 2
  }
},{
  "dateTime" : "11/12/24 13:18:43",
  "value" : {
    "bpm" : 163,
    "confidence" : 2
  }
},{
  "dateTime" : "11/12/24 13:18:45",
  "value" : {
    "bpm" : 165,
    "confidence" : 2
  }
},{
  "dateTime" : "11/12/24 13:18:46",
  "value" : {
    "bpm" : 167,
    "confidence" : 2
  }
},{
  "dateTime" : "11/12/24 13:18:49",
  "value" : {
    "bpm" : 167,
    "confidence" : 2
  }
},{
  "dateTime" : "11/12/24 13:18:52",
  "value" : {
    "bpm" : 167,
    "confidence" : 2
  }
},{
  "dateTime" : "11/12/24 13:18:55",
  "value" : {
    "bpm" : 167,
    "confidence" : 2
  }
},{
  "dateTime" : "11/12/24 13:18:58",
  "value" : {
    "bpm" : 167,
    "confidence" : 2
  }
},{
  "dateTime" : "11/12/24 13:19:00",
  "value" : {
    "bpm" : 166,
    "confidence" : 2
  }
},{
  "dateTime" : "11/12/24 13:19:03",
  "value" : {
    "bpm" : 165,
    "confidence" : 2
  }
},{
  "dateTime" : "11/12/24 13:19:05",
  "value" : {
    "bpm" : 164,
    "confidence" : 2
  }
},{
  "dateTime" : "11/12/24 13:19:07",
  "value" : {
    "bpm" : 165,
    "confidence" : 2
  }
},{
  "dateTime" : "11/12/24 13:19:09",
  "value" : {
    "bpm" : 164,
    "confidence" : 2
  }
},{
  "dateTime" : "11/12/24 13:19:11",
  "value" : {
    "bpm" : 163,
    "confidence" : 2
  }
},{
  "dateTime" : "11/12/24 13:19:12",
  "value" : {
    "bpm" : 164,
    "confidence" : 2
  }
},{
  "dateTime" : "11/12/24 13:19:13",
  "value" : {
    "bpm" : 165,
    "confidence" : 2
  }
},{
  "dateTime" : "11/12/24 13:19:14",
  "value" : {
    "bpm" : 166,
    "confidence" : 2
  }
},{
  "dateTime" : "11/12/24 13:19:17",
  "value" : {
    "bpm" : 166,
    "confidence" : 2
  }
},{
  "dateTime" : "11/12/24 13:19:18",
  "value" : {
    "bpm" : 167,
    "confidence" : 2
  }
},{
  "dateTime" : "11/12/24 13:19:21",
  "value" : {
    "bpm" : 166,
    "confidence" : 2
  }
},{
  "dateTime" : "11/12/24 13:19:23",
  "value" : {
    "bpm" : 165,
    "confidence" : 2
  }
},{
  "dateTime" : "11/12/24 13:19:26",
  "value" : {
    "bpm" : 164,
    "confidence" : 2
  }
},{
  "dateTime" : "11/12/24 13:19:27",
  "value" : {
    "bpm" : 165,
    "confidence" : 2
  }
},{
  "dateTime" : "11/12/24 13:19:28",
  "value" : {
    "bpm" : 166,
    "confidence" : 2
  }
},{
  "dateTime" : "11/12/24 13:19:31",
  "value" : {
    "bpm" : 165,
    "confidence" : 2
  }
},{
  "dateTime" : "11/12/24 13:19:34",
  "value" : {
    "bpm" : 166,
    "confidence" : 2
  }
},{
  "dateTime" : "11/12/24 13:19:37",
  "value" : {
    "bpm" : 165,
    "confidence" : 2
  }
},{
  "dateTime" : "11/12/24 13:19:40",
  "value" : {
    "bpm" : 165,
    "confidence" : 2
  }
},{
  "dateTime" : "11/12/24 13:19:43",
  "value" : {
    "bpm" : 166,
    "confidence" : 2
  }
},{
  "dateTime" : "11/12/24 13:19:45",
  "value" : {
    "bpm" : 167,
    "confidence" : 2
  }
},{
  "dateTime" : "11/12/24 13:19:48",
  "value" : {
    "bpm" : 166,
    "confidence" : 2
  }
},{
  "dateTime" : "11/12/24 13:19:51",
  "value" : {
    "bpm" : 166,
    "confidence" : 2
  }
},{
  "dateTime" : "11/12/24 13:19:53",
  "value" : {
    "bpm" : 167,
    "confidence" : 2
  }
},{
  "dateTime" : "11/12/24 13:19:55",
  "value" : {
    "bpm" : 166,
    "confidence" : 2
  }
},{
  "dateTime" : "11/12/24 13:19:58",
  "value" : {
    "bpm" : 166,
    "confidence" : 2
  }
},{
  "dateTime" : "11/12/24 13:20:00",
  "value" : {
    "bpm" : 167,
    "confidence" : 2
  }
},{
  "dateTime" : "11/12/24 13:20:02",
  "value" : {
    "bpm" : 168,
    "confidence" : 2
  }
},{
  "dateTime" : "11/12/24 13:20:05",
  "value" : {
    "bpm" : 168,
    "confidence" : 2
  }
},{
  "dateTime" : "11/12/24 13:20:08",
  "value" : {
    "bpm" : 168,
    "confidence" : 2
  }
},{
  "dateTime" : "11/12/24 13:20:09",
  "value" : {
    "bpm" : 167,
    "confidence" : 2
  }
},{
  "dateTime" : "11/12/24 13:20:11",
  "value" : {
    "bpm" : 166,
    "confidence" : 2
  }
},{
  "dateTime" : "11/12/24 13:20:12",
  "value" : {
    "bpm" : 165,
    "confidence" : 2
  }
},{
  "dateTime" : "11/12/24 13:20:13",
  "value" : {
    "bpm" : 167,
    "confidence" : 2
  }
},{
  "dateTime" : "11/12/24 13:20:16",
  "value" : {
    "bpm" : 167,
    "confidence" : 2
  }
},{
  "dateTime" : "11/12/24 13:20:18",
  "value" : {
    "bpm" : 168,
    "confidence" : 2
  }
},{
  "dateTime" : "11/12/24 13:20:21",
  "value" : {
    "bpm" : 167,
    "confidence" : 2
  }
},{
  "dateTime" : "11/12/24 13:20:22",
  "value" : {
    "bpm" : 166,
    "confidence" : 2
  }
},{
  "dateTime" : "11/12/24 13:20:24",
  "value" : {
    "bpm" : 164,
    "confidence" : 2
  }
},{
  "dateTime" : "11/12/24 13:20:26",
  "value" : {
    "bpm" : 165,
    "confidence" : 2
  }
},{
  "dateTime" : "11/12/24 13:20:27",
  "value" : {
    "bpm" : 166,
    "confidence" : 2
  }
},{
  "dateTime" : "11/12/24 13:20:28",
  "value" : {
    "bpm" : 166,
    "confidence" : 2
  }
},{
  "dateTime" : "11/12/24 13:20:31",
  "value" : {
    "bpm" : 165,
    "confidence" : 2
  }
},{
  "dateTime" : "11/12/24 13:20:32",
  "value" : {
    "bpm" : 164,
    "confidence" : 2
  }
},{
  "dateTime" : "11/12/24 13:20:35",
  "value" : {
    "bpm" : 163,
    "confidence" : 2
  }
},{
  "dateTime" : "11/12/24 13:20:36",
  "value" : {
    "bpm" : 164,
    "confidence" : 2
  }
},{
  "dateTime" : "11/12/24 13:20:39",
  "value" : {
    "bpm" : 165,
    "confidence" : 2
  }
},{
  "dateTime" : "11/12/24 13:20:40",
  "value" : {
    "bpm" : 166,
    "confidence" : 2
  }
},{
  "dateTime" : "11/12/24 13:20:41",
  "value" : {
    "bpm" : 165,
    "confidence" : 2
  }
},{
  "dateTime" : "11/12/24 13:20:44",
  "value" : {
    "bpm" : 165,
    "confidence" : 2
  }
},{
  "dateTime" : "11/12/24 13:20:47",
  "value" : {
    "bpm" : 165,
    "confidence" : 2
  }
},{
  "dateTime" : "11/12/24 13:20:48",
  "value" : {
    "bpm" : 166,
    "confidence" : 2
  }
},{
  "dateTime" : "11/12/24 13:20:51",
  "value" : {
    "bpm" : 166,
    "confidence" : 2
  }
},{
  "dateTime" : "11/12/24 13:20:52",
  "value" : {
    "bpm" : 165,
    "confidence" : 2
  }
},{
  "dateTime" : "11/12/24 13:20:53",
  "value" : {
    "bpm" : 164,
    "confidence" : 2
  }
},{
  "dateTime" : "11/12/24 13:20:55",
  "value" : {
    "bpm" : 165,
    "confidence" : 2
  }
},{
  "dateTime" : "11/12/24 13:20:57",
  "value" : {
    "bpm" : 167,
    "confidence" : 2
  }
},{
  "dateTime" : "11/12/24 13:21:00",
  "value" : {
    "bpm" : 167,
    "confidence" : 2
  }
},{
  "dateTime" : "11/12/24 13:21:02",
  "value" : {
    "bpm" : 166,
    "confidence" : 2
  }
},{
  "dateTime" : "11/12/24 13:21:03",
  "value" : {
    "bpm" : 164,
    "confidence" : 2
  }
},{
  "dateTime" : "11/12/24 13:21:04",
  "value" : {
    "bpm" : 162,
    "confidence" : 2
  }
},{
  "dateTime" : "11/12/24 13:21:07",
  "value" : {
    "bpm" : 162,
    "confidence" : 2
  }
},{
  "dateTime" : "11/12/24 13:21:08",
  "value" : {
    "bpm" : 163,
    "confidence" : 2
  }
},{
  "dateTime" : "11/12/24 13:21:10",
  "value" : {
    "bpm" : 164,
    "confidence" : 2
  }
},{
  "dateTime" : "11/12/24 13:21:11",
  "value" : {
    "bpm" : 165,
    "confidence" : 2
  }
},{
  "dateTime" : "11/12/24 13:21:14",
  "value" : {
    "bpm" : 165,
    "confidence" : 2
  }
},{
  "dateTime" : "11/12/24 13:21:17",
  "value" : {
    "bpm" : 165,
    "confidence" : 2
  }
},{
  "dateTime" : "11/12/24 13:21:19",
  "value" : {
    "bpm" : 166,
    "confidence" : 2
  }
},{
  "dateTime" : "11/12/24 13:21:20",
  "value" : {
    "bpm" : 166,
    "confidence" : 2
  }
},{
  "dateTime" : "11/12/24 13:21:21",
  "value" : {
    "bpm" : 167,
    "confidence" : 2
  }
},{
  "dateTime" : "11/12/24 13:21:24",
  "value" : {
    "bpm" : 167,
    "confidence" : 2
  }
},{
  "dateTime" : "11/12/24 13:21:27",
  "value" : {
    "bpm" : 166,
    "confidence" : 2
  }
},{
  "dateTime" : "11/12/24 13:21:30",
  "value" : {
    "bpm" : 166,
    "confidence" : 2
  }
},{
  "dateTime" : "11/12/24 13:21:33",
  "value" : {
    "bpm" : 166,
    "confidence" : 2
  }
},{
  "dateTime" : "11/12/24 13:21:34",
  "value" : {
    "bpm" : 166,
    "confidence" : 3
  }
},{
  "dateTime" : "11/12/24 13:21:35",
  "value" : {
    "bpm" : 165,
    "confidence" : 2
  }
},{
  "dateTime" : "11/12/24 13:21:36",
  "value" : {
    "bpm" : 164,
    "confidence" : 2
  }
},{
  "dateTime" : "11/12/24 13:21:39",
  "value" : {
    "bpm" : 163,
    "confidence" : 2
  }
},{
  "dateTime" : "11/12/24 13:21:40",
  "value" : {
    "bpm" : 164,
    "confidence" : 2
  }
},{
  "dateTime" : "11/12/24 13:21:43",
  "value" : {
    "bpm" : 164,
    "confidence" : 2
  }
},{
  "dateTime" : "11/12/24 13:21:45",
  "value" : {
    "bpm" : 163,
    "confidence" : 2
  }
},{
  "dateTime" : "11/12/24 13:21:48",
  "value" : {
    "bpm" : 163,
    "confidence" : 2
  }
},{
  "dateTime" : "11/12/24 13:21:49",
  "value" : {
    "bpm" : 164,
    "confidence" : 2
  }
},{
  "dateTime" : "11/12/24 13:21:50",
  "value" : {
    "bpm" : 162,
    "confidence" : 2
  }
},{
  "dateTime" : "11/12/24 13:21:52",
  "value" : {
    "bpm" : 161,
    "confidence" : 2
  }
},{
  "dateTime" : "11/12/24 13:21:55",
  "value" : {
    "bpm" : 161,
    "confidence" : 2
  }
},{
  "dateTime" : "11/12/24 13:21:56",
  "value" : {
    "bpm" : 160,
    "confidence" : 2
  }
},{
  "dateTime" : "11/12/24 13:21:57",
  "value" : {
    "bpm" : 159,
    "confidence" : 2
  }
},{
  "dateTime" : "11/12/24 13:22:00",
  "value" : {
    "bpm" : 159,
    "confidence" : 2
  }
},{
  "dateTime" : "11/12/24 13:22:02",
  "value" : {
    "bpm" : 158,
    "confidence" : 2
  }
},{
  "dateTime" : "11/12/24 13:22:05",
  "value" : {
    "bpm" : 158,
    "confidence" : 2
  }
},{
  "dateTime" : "11/12/24 13:22:06",
  "value" : {
    "bpm" : 157,
    "confidence" : 2
  }
},{
  "dateTime" : "11/12/24 13:22:08",
  "value" : {
    "bpm" : 158,
    "confidence" : 2
  }
},{
  "dateTime" : "11/12/24 13:22:10",
  "value" : {
    "bpm" : 157,
    "confidence" : 2
  }
},{
  "dateTime" : "11/12/24 13:22:11",
  "value" : {
    "bpm" : 158,
    "confidence" : 2
  }
},{
  "dateTime" : "11/12/24 13:22:12",
  "value" : {
    "bpm" : 159,
    "confidence" : 2
  }
},{
  "dateTime" : "11/12/24 13:22:13",
  "value" : {
    "bpm" : 160,
    "confidence" : 2
  }
},{
  "dateTime" : "11/12/24 13:22:16",
  "value" : {
    "bpm" : 160,
    "confidence" : 2
  }
},{
  "dateTime" : "11/12/24 13:22:17",
  "value" : {
    "bpm" : 161,
    "confidence" : 2
  }
},{
  "dateTime" : "11/12/24 13:22:20",
  "value" : {
    "bpm" : 161,
    "confidence" : 2
  }
},{
  "dateTime" : "11/12/24 13:22:22",
  "value" : {
    "bpm" : 160,
    "confidence" : 2
  }
},{
  "dateTime" : "11/12/24 13:22:24",
  "value" : {
    "bpm" : 159,
    "confidence" : 2
  }
},{
  "dateTime" : "11/12/24 13:22:25",
  "value" : {
    "bpm" : 158,
    "confidence" : 2
  }
},{
  "dateTime" : "11/12/24 13:22:26",
  "value" : {
    "bpm" : 156,
    "confidence" : 2
  }
},{
  "dateTime" : "11/12/24 13:22:27",
  "value" : {
    "bpm" : 154,
    "confidence" : 2
  }
},{
  "dateTime" : "11/12/24 13:22:30",
  "value" : {
    "bpm" : 153,
    "confidence" : 2
  }
},{
  "dateTime" : "11/12/24 13:22:33",
  "value" : {
    "bpm" : 154,
    "confidence" : 2
  }
},{
  "dateTime" : "11/12/24 13:22:36",
  "value" : {
    "bpm" : 153,
    "confidence" : 2
  }
},{
  "dateTime" : "11/12/24 13:22:38",
  "value" : {
    "bpm" : 152,
    "confidence" : 2
  }
},{
  "dateTime" : "11/12/24 13:22:39",
  "value" : {
    "bpm" : 151,
    "confidence" : 2
  }
},{
  "dateTime" : "11/12/24 13:22:40",
  "value" : {
    "bpm" : 150,
    "confidence" : 2
  }
},{
  "dateTime" : "11/12/24 13:22:43",
  "value" : {
    "bpm" : 150,
    "confidence" : 2
  }
},{
  "dateTime" : "11/12/24 13:22:44",
  "value" : {
    "bpm" : 147,
    "confidence" : 2
  }
},{
  "dateTime" : "11/12/24 13:22:45",
  "value" : {
    "bpm" : 145,
    "confidence" : 2
  }
},{
  "dateTime" : "11/12/24 13:22:47",
  "value" : {
    "bpm" : 146,
    "confidence" : 2
  }
},{
  "dateTime" : "11/12/24 13:22:48",
  "value" : {
    "bpm" : 147,
    "confidence" : 2
  }
},{
  "dateTime" : "11/12/24 13:22:49",
  "value" : {
    "bpm" : 148,
    "confidence" : 2
  }
},{
  "dateTime" : "11/12/24 13:22:52",
  "value" : {
    "bpm" : 148,
    "confidence" : 2
  }
},{
  "dateTime" : "11/12/24 13:22:54",
  "value" : {
    "bpm" : 147,
    "confidence" : 2
  }
},{
  "dateTime" : "11/12/24 13:22:56",
  "value" : {
    "bpm" : 148,
    "confidence" : 2
  }
},{
  "dateTime" : "11/12/24 13:22:58",
  "value" : {
    "bpm" : 147,
    "confidence" : 2
  }
},{
  "dateTime" : "11/12/24 13:23:01",
  "value" : {
    "bpm" : 146,
    "confidence" : 2
  }
},{
  "dateTime" : "11/12/24 13:23:02",
  "value" : {
    "bpm" : 145,
    "confidence" : 3
  }
},{
  "dateTime" : "11/12/24 13:23:03",
  "value" : {
    "bpm" : 145,
    "confidence" : 2
  }
},{
  "dateTime" : "11/12/24 13:23:05",
  "value" : {
    "bpm" : 144,
    "confidence" : 2
  }
},{
  "dateTime" : "11/12/24 13:23:07",
  "value" : {
    "bpm" : 145,
    "confidence" : 2
  }
},{
  "dateTime" : "11/12/24 13:23:10",
  "value" : {
    "bpm" : 145,
    "confidence" : 2
  }
},{
  "dateTime" : "11/12/24 13:23:13",
  "value" : {
    "bpm" : 145,
    "confidence" : 2
  }
},{
  "dateTime" : "11/12/24 13:23:16",
  "value" : {
    "bpm" : 145,
    "confidence" : 2
  }
},{
  "dateTime" : "11/12/24 13:23:17",
  "value" : {
    "bpm" : 146,
    "confidence" : 2
  }
},{
  "dateTime" : "11/12/24 13:23:19",
  "value" : {
    "bpm" : 145,
    "confidence" : 2
  }
},{
  "dateTime" : "11/12/24 13:23:21",
  "value" : {
    "bpm" : 147,
    "confidence" : 2
  }
},{
  "dateTime" : "11/12/24 13:23:23",
  "value" : {
    "bpm" : 148,
    "confidence" : 2
  }
},{
  "dateTime" : "11/12/24 13:23:25",
  "value" : {
    "bpm" : 147,
    "confidence" : 2
  }
},{
  "dateTime" : "11/12/24 13:23:26",
  "value" : {
    "bpm" : 146,
    "confidence" : 2
  }
},{
  "dateTime" : "11/12/24 13:23:28",
  "value" : {
    "bpm" : 145,
    "confidence" : 2
  }
},{
  "dateTime" : "11/12/24 13:23:29",
  "value" : {
    "bpm" : 144,
    "confidence" : 2
  }
},{
  "dateTime" : "11/12/24 13:23:32",
  "value" : {
    "bpm" : 144,
    "confidence" : 2
  }
},{
  "dateTime" : "11/12/24 13:23:35",
  "value" : {
    "bpm" : 144,
    "confidence" : 2
  }
},{
  "dateTime" : "11/12/24 13:23:37",
  "value" : {
    "bpm" : 145,
    "confidence" : 2
  }
},{
  "dateTime" : "11/12/24 13:23:38",
  "value" : {
    "bpm" : 146,
    "confidence" : 2
  }
},{
  "dateTime" : "11/12/24 13:23:39",
  "value" : {
    "bpm" : 144,
    "confidence" : 2
  }
},{
  "dateTime" : "11/12/24 13:23:40",
  "value" : {
    "bpm" : 145,
    "confidence" : 2
  }
},{
  "dateTime" : "11/12/24 13:23:43",
  "value" : {
    "bpm" : 145,
    "confidence" : 2
  }
},{
  "dateTime" : "11/12/24 13:23:44",
  "value" : {
    "bpm" : 147,
    "confidence" : 2
  }
},{
  "dateTime" : "11/12/24 13:23:47",
  "value" : {
    "bpm" : 147,
    "confidence" : 2
  }
},{
  "dateTime" : "11/12/24 13:23:50",
  "value" : {
    "bpm" : 147,
    "confidence" : 2
  }
},{
  "dateTime" : "11/12/24 13:23:53",
  "value" : {
    "bpm" : 149,
    "confidence" : 2
  }
},{
  "dateTime" : "11/12/24 13:23:56",
  "value" : {
    "bpm" : 152,
    "confidence" : 2
  }
},{
  "dateTime" : "11/12/24 13:23:57",
  "value" : {
    "bpm" : 153,
    "confidence" : 2
  }
},{
  "dateTime" : "11/12/24 13:23:58",
  "value" : {
    "bpm" : 151,
    "confidence" : 2
  }
},{
  "dateTime" : "11/12/24 13:24:01",
  "value" : {
    "bpm" : 147,
    "confidence" : 2
  }
},{
  "dateTime" : "11/12/24 13:24:04",
  "value" : {
    "bpm" : 147,
    "confidence" : 2
  }
},{
  "dateTime" : "11/12/24 13:24:05",
  "value" : {
    "bpm" : 146,
    "confidence" : 2
  }
},{
  "dateTime" : "11/12/24 13:24:06",
  "value" : {
    "bpm" : 147,
    "confidence" : 2
  }
},{
  "dateTime" : "11/12/24 13:24:09",
  "value" : {
    "bpm" : 149,
    "confidence" : 2
  }
},{
  "dateTime" : "11/12/24 13:24:10",
  "value" : {
    "bpm" : 151,
    "confidence" : 2
  }
},{
  "dateTime" : "11/12/24 13:24:11",
  "value" : {
    "bpm" : 149,
    "confidence" : 2
  }
},{
  "dateTime" : "11/12/24 13:24:12",
  "value" : {
    "bpm" : 150,
    "confidence" : 2
  }
},{
  "dateTime" : "11/12/24 13:24:15",
  "value" : {
    "bpm" : 149,
    "confidence" : 2
  }
},{
  "dateTime" : "11/12/24 13:24:18",
  "value" : {
    "bpm" : 149,
    "confidence" : 2
  }
},{
  "dateTime" : "11/12/24 13:24:19",
  "value" : {
    "bpm" : 148,
    "confidence" : 2
  }
},{
  "dateTime" : "11/12/24 13:24:20",
  "value" : {
    "bpm" : 147,
    "confidence" : 2
  }
},{
  "dateTime" : "11/12/24 13:24:21",
  "value" : {
    "bpm" : 152,
    "confidence" : 2
  }
},{
  "dateTime" : "11/12/24 13:24:23",
  "value" : {
    "bpm" : 154,
    "confidence" : 2
  }
},{
  "dateTime" : "11/12/24 13:24:24",
  "value" : {
    "bpm" : 153,
    "confidence" : 2
  }
},{
  "dateTime" : "11/12/24 13:24:25",
  "value" : {
    "bpm" : 149,
    "confidence" : 2
  }
},{
  "dateTime" : "11/12/24 13:24:27",
  "value" : {
    "bpm" : 148,
    "confidence" : 2
  }
},{
  "dateTime" : "11/12/24 13:24:28",
  "value" : {
    "bpm" : 146,
    "confidence" : 2
  }
},{
  "dateTime" : "11/12/24 13:24:29",
  "value" : {
    "bpm" : 145,
    "confidence" : 2
  }
},{
  "dateTime" : "11/12/24 13:24:30",
  "value" : {
    "bpm" : 144,
    "confidence" : 2
  }
},{
  "dateTime" : "11/12/24 13:24:33",
  "value" : {
    "bpm" : 144,
    "confidence" : 2
  }
},{
  "dateTime" : "11/12/24 13:24:35",
  "value" : {
    "bpm" : 142,
    "confidence" : 2
  }
},{
  "dateTime" : "11/12/24 13:24:37",
  "value" : {
    "bpm" : 140,
    "confidence" : 2
  }
},{
  "dateTime" : "11/12/24 13:24:38",
  "value" : {
    "bpm" : 139,
    "confidence" : 2
  }
},{
  "dateTime" : "11/12/24 13:24:39",
  "value" : {
    "bpm" : 137,
    "confidence" : 2
  }
},{
  "dateTime" : "11/12/24 13:24:40",
  "value" : {
    "bpm" : 137,
    "confidence" : 2
  }
},{
  "dateTime" : "11/12/24 13:24:41",
  "value" : {
    "bpm" : 136,
    "confidence" : 2
  }
},{
  "dateTime" : "11/12/24 13:24:43",
  "value" : {
    "bpm" : 138,
    "confidence" : 2
  }
},{
  "dateTime" : "11/12/24 13:24:44",
  "value" : {
    "bpm" : 139,
    "confidence" : 2
  }
},{
  "dateTime" : "11/12/24 13:24:46",
  "value" : {
    "bpm" : 138,
    "confidence" : 2
  }
},{
  "dateTime" : "11/12/24 13:24:52",
  "value" : {
    "bpm" : 136,
    "confidence" : 2
  }
},{
  "dateTime" : "11/12/24 13:24:57",
  "value" : {
    "bpm" : 137,
    "confidence" : 2
  }
},{
  "dateTime" : "11/12/24 13:25:02",
  "value" : {
    "bpm" : 138,
    "confidence" : 2
  }
},{
  "dateTime" : "11/12/24 13:25:07",
  "value" : {
    "bpm" : 139,
    "confidence" : 2
  }
},{
  "dateTime" : "11/12/24 13:25:12",
  "value" : {
    "bpm" : 134,
    "confidence" : 2
  }
},{
  "dateTime" : "11/12/24 13:25:17",
  "value" : {
    "bpm" : 138,
    "confidence" : 2
  }
},{
  "dateTime" : "11/12/24 13:25:22",
  "value" : {
    "bpm" : 144,
    "confidence" : 2
  }
},{
  "dateTime" : "11/12/24 13:25:27",
  "value" : {
    "bpm" : 145,
    "confidence" : 2
  }
},{
  "dateTime" : "11/12/24 13:25:32",
  "value" : {
    "bpm" : 143,
    "confidence" : 2
  }
},{
  "dateTime" : "11/12/24 13:25:37",
  "value" : {
    "bpm" : 144,
    "confidence" : 2
  }
},{
  "dateTime" : "11/12/24 13:25:42",
  "value" : {
    "bpm" : 146,
    "confidence" : 2
  }
},{
  "dateTime" : "11/12/24 13:25:47",
  "value" : {
    "bpm" : 143,
    "confidence" : 2
  }
},{
  "dateTime" : "11/12/24 13:25:52",
  "value" : {
    "bpm" : 140,
    "confidence" : 2
  }
},{
  "dateTime" : "11/12/24 13:25:57",
  "value" : {
    "bpm" : 139,
    "confidence" : 2
  }
},{
  "dateTime" : "11/12/24 13:26:02",
  "value" : {
    "bpm" : 140,
    "confidence" : 2
  }
},{
  "dateTime" : "11/12/24 13:26:07",
  "value" : {
    "bpm" : 143,
    "confidence" : 2
  }
},{
  "dateTime" : "11/12/24 13:26:12",
  "value" : {
    "bpm" : 142,
    "confidence" : 2
  }
},{
  "dateTime" : "11/12/24 13:26:17",
  "value" : {
    "bpm" : 140,
    "confidence" : 2
  }
},{
  "dateTime" : "11/12/24 13:26:22",
  "value" : {
    "bpm" : 136,
    "confidence" : 2
  }
},{
  "dateTime" : "11/12/24 13:26:27",
  "value" : {
    "bpm" : 139,
    "confidence" : 2
  }
},{
  "dateTime" : "11/12/24 13:26:32",
  "value" : {
    "bpm" : 137,
    "confidence" : 2
  }
},{
  "dateTime" : "11/12/24 13:26:37",
  "value" : {
    "bpm" : 136,
    "confidence" : 2
  }
},{
  "dateTime" : "11/12/24 13:26:42",
  "value" : {
    "bpm" : 133,
    "confidence" : 2
  }
},{
  "dateTime" : "11/12/24 13:26:47",
  "value" : {
    "bpm" : 137,
    "confidence" : 2
  }
},{
  "dateTime" : "11/12/24 13:27:02",
  "value" : {
    "bpm" : 135,
    "confidence" : 2
  }
},{
  "dateTime" : "11/12/24 13:27:07",
  "value" : {
    "bpm" : 137,
    "confidence" : 2
  }
},{
  "dateTime" : "11/12/24 13:27:12",
  "value" : {
    "bpm" : 138,
    "confidence" : 2
  }
},{
  "dateTime" : "11/12/24 13:27:17",
  "value" : {
    "bpm" : 138,
    "confidence" : 2
  }
},{
  "dateTime" : "11/12/24 13:27:27",
  "value" : {
    "bpm" : 136,
    "confidence" : 2
  }
},{
  "dateTime" : "11/12/24 13:27:37",
  "value" : {
    "bpm" : 135,
    "confidence" : 2
  }
},{
  "dateTime" : "11/12/24 13:27:42",
  "value" : {
    "bpm" : 136,
    "confidence" : 2
  }
},{
  "dateTime" : "11/12/24 13:27:47",
  "value" : {
    "bpm" : 134,
    "confidence" : 2
  }
},{
  "dateTime" : "11/12/24 13:27:52",
  "value" : {
    "bpm" : 136,
    "confidence" : 2
  }
},{
  "dateTime" : "11/12/24 13:27:57",
  "value" : {
    "bpm" : 137,
    "confidence" : 2
  }
},{
  "dateTime" : "11/12/24 13:28:02",
  "value" : {
    "bpm" : 139,
    "confidence" : 2
  }
},{
  "dateTime" : "11/12/24 13:28:07",
  "value" : {
    "bpm" : 138,
    "confidence" : 2
  }
},{
  "dateTime" : "11/12/24 13:28:12",
  "value" : {
    "bpm" : 137,
    "confidence" : 2
  }
},{
  "dateTime" : "11/12/24 13:28:17",
  "value" : {
    "bpm" : 136,
    "confidence" : 2
  }
},{
  "dateTime" : "11/12/24 13:28:22",
  "value" : {
    "bpm" : 135,
    "confidence" : 2
  }
},{
  "dateTime" : "11/12/24 13:28:27",
  "value" : {
    "bpm" : 134,
    "confidence" : 2
  }
},{
  "dateTime" : "11/12/24 13:28:32",
  "value" : {
    "bpm" : 135,
    "confidence" : 2
  }
},{
  "dateTime" : "11/12/24 13:28:37",
  "value" : {
    "bpm" : 137,
    "confidence" : 2
  }
},{
  "dateTime" : "11/12/24 13:28:42",
  "value" : {
    "bpm" : 136,
    "confidence" : 2
  }
},{
  "dateTime" : "11/12/24 13:28:47",
  "value" : {
    "bpm" : 134,
    "confidence" : 2
  }
},{
  "dateTime" : "11/12/24 13:28:52",
  "value" : {
    "bpm" : 137,
    "confidence" : 2
  }
},{
  "dateTime" : "11/12/24 13:29:02",
  "value" : {
    "bpm" : 135,
    "confidence" : 2
  }
},{
  "dateTime" : "11/12/24 13:29:07",
  "value" : {
    "bpm" : 133,
    "confidence" : 2
  }
},{
  "dateTime" : "11/12/24 13:29:12",
  "value" : {
    "bpm" : 134,
    "confidence" : 2
  }
},{
  "dateTime" : "11/12/24 13:29:17",
  "value" : {
    "bpm" : 130,
    "confidence" : 2
  }
},{
  "dateTime" : "11/12/24 13:29:22",
  "value" : {
    "bpm" : 132,
    "confidence" : 2
  }
},{
  "dateTime" : "11/12/24 13:29:27",
  "value" : {
    "bpm" : 131,
    "confidence" : 2
  }
},{
  "dateTime" : "11/12/24 13:29:37",
  "value" : {
    "bpm" : 133,
    "confidence" : 2
  }
},{
  "dateTime" : "11/12/24 13:29:42",
  "value" : {
    "bpm" : 131,
    "confidence" : 2
  }
},{
  "dateTime" : "11/12/24 13:29:52",
  "value" : {
    "bpm" : 130,
    "confidence" : 2
  }
},{
  "dateTime" : "11/12/24 13:29:57",
  "value" : {
    "bpm" : 125,
    "confidence" : 2
  }
},{
  "dateTime" : "11/12/24 13:30:02",
  "value" : {
    "bpm" : 131,
    "confidence" : 2
  }
},{
  "dateTime" : "11/12/24 13:30:07",
  "value" : {
    "bpm" : 136,
    "confidence" : 2
  }
},{
  "dateTime" : "11/12/24 13:30:12",
  "value" : {
    "bpm" : 135,
    "confidence" : 2
  }
},{
  "dateTime" : "11/12/24 13:30:17",
  "value" : {
    "bpm" : 134,
    "confidence" : 2
  }
},{
  "dateTime" : "11/12/24 13:30:22",
  "value" : {
    "bpm" : 133,
    "confidence" : 2
  }
},{
  "dateTime" : "11/12/24 13:30:27",
  "value" : {
    "bpm" : 136,
    "confidence" : 2
  }
},{
  "dateTime" : "11/12/24 13:30:32",
  "value" : {
    "bpm" : 140,
    "confidence" : 2
  }
},{
  "dateTime" : "11/12/24 13:30:37",
  "value" : {
    "bpm" : 141,
    "confidence" : 2
  }
},{
  "dateTime" : "11/12/24 13:30:42",
  "value" : {
    "bpm" : 139,
    "confidence" : 2
  }
},{
  "dateTime" : "11/12/24 13:30:52",
  "value" : {
    "bpm" : 143,
    "confidence" : 2
  }
},{
  "dateTime" : "11/12/24 13:30:57",
  "value" : {
    "bpm" : 142,
    "confidence" : 2
  }
}]