[{
  "dateTime" : "05/11/24 00:00:00",
  "value" : "54"
},{
  "dateTime" : "05/12/24 00:00:00",
  "value" : "96"
},{
  "dateTime" : "05/13/24 00:00:00",
  "value" : "53"
},{
  "dateTime" : "05/14/24 00:00:00",
  "value" : "24"
},{
  "dateTime" : "05/15/24 00:00:00",
  "value" : "36"
},{
  "dateTime" : "05/16/24 00:00:00",
  "value" : "25"
},{
  "dateTime" : "05/17/24 00:00:00",
  "value" : "36"
},{
  "dateTime" : "05/18/24 00:00:00",
  "value" : "30"
},{
  "dateTime" : "05/19/24 00:00:00",
  "value" : "18"
},{
  "dateTime" : "05/20/24 00:00:00",
  "value" : "33"
},{
  "dateTime" : "05/21/24 00:00:00",
  "value" : "47"
},{
  "dateTime" : "05/22/24 00:00:00",
  "value" : "52"
},{
  "dateTime" : "05/23/24 00:00:00",
  "value" : "67"
},{
  "dateTime" : "05/24/24 00:00:00",
  "value" : "118"
},{
  "dateTime" : "05/25/24 00:00:00",
  "value" : "49"
},{
  "dateTime" : "05/26/24 00:00:00",
  "value" : "192"
},{
  "dateTime" : "05/27/24 00:00:00",
  "value" : "74"
},{
  "dateTime" : "05/28/24 00:00:00",
  "value" : "64"
},{
  "dateTime" : "05/29/24 00:00:00",
  "value" : "81"
},{
  "dateTime" : "05/30/24 00:00:00",
  "value" : "88"
},{
  "dateTime" : "05/31/24 00:00:00",
  "value" : "38"
},{
  "dateTime" : "06/01/24 00:00:00",
  "value" : "90"
},{
  "dateTime" : "06/02/24 00:00:00",
  "value" : "85"
},{
  "dateTime" : "06/03/24 00:00:00",
  "value" : "42"
},{
  "dateTime" : "06/04/24 00:00:00",
  "value" : "42"
},{
  "dateTime" : "06/05/24 00:00:00",
  "value" : "44"
},{
  "dateTime" : "06/06/24 00:00:00",
  "value" : "94"
},{
  "dateTime" : "06/07/24 00:00:00",
  "value" : "37"
},{
  "dateTime" : "06/08/24 00:00:00",
  "value" : "55"
},{
  "dateTime" : "06/09/24 00:00:00",
  "value" : "44"
}]