[{
  "dateTime" : "12/13/23 00:00:00",
  "value" : "12"
},{
  "dateTime" : "12/14/23 00:00:00",
  "value" : "0"
},{
  "dateTime" : "12/15/23 00:00:00",
  "value" : "16"
},{
  "dateTime" : "12/16/23 00:00:00",
  "value" : "0"
},{
  "dateTime" : "12/17/23 00:00:00",
  "value" : "6"
},{
  "dateTime" : "12/18/23 00:00:00",
  "value" : "0"
},{
  "dateTime" : "12/19/23 00:00:00",
  "value" : "0"
},{
  "dateTime" : "12/20/23 00:00:00",
  "value" : "0"
},{
  "dateTime" : "12/21/23 00:00:00",
  "value" : "0"
},{
  "dateTime" : "12/22/23 00:00:00",
  "value" : "23"
},{
  "dateTime" : "12/23/23 00:00:00",
  "value" : "0"
},{
  "dateTime" : "12/24/23 00:00:00",
  "value" : "86"
},{
  "dateTime" : "12/25/23 00:00:00",
  "value" : "0"
},{
  "dateTime" : "12/26/23 00:00:00",
  "value" : "0"
},{
  "dateTime" : "12/27/23 00:00:00",
  "value" : "0"
},{
  "dateTime" : "12/28/23 00:00:00",
  "value" : "0"
},{
  "dateTime" : "12/29/23 00:00:00",
  "value" : "0"
},{
  "dateTime" : "12/30/23 00:00:00",
  "value" : "0"
},{
  "dateTime" : "12/31/23 00:00:00",
  "value" : "0"
},{
  "dateTime" : "01/01/24 00:00:00",
  "value" : "0"
},{
  "dateTime" : "01/02/24 00:00:00",
  "value" : "0"
},{
  "dateTime" : "01/03/24 00:00:00",
  "value" : "13"
},{
  "dateTime" : "01/04/24 00:00:00",
  "value" : "11"
},{
  "dateTime" : "01/05/24 00:00:00",
  "value" : "0"
},{
  "dateTime" : "01/06/24 00:00:00",
  "value" : "6"
},{
  "dateTime" : "01/07/24 00:00:00",
  "value" : "0"
},{
  "dateTime" : "01/08/24 00:00:00",
  "value" : "0"
},{
  "dateTime" : "01/09/24 00:00:00",
  "value" : "0"
},{
  "dateTime" : "01/10/24 00:00:00",
  "value" : "0"
},{
  "dateTime" : "01/11/24 00:00:00",
  "value" : "85"
}]