[{
  "dateTime" : "02/11/24 00:00:00",
  "value" : "1440"
},{
  "dateTime" : "02/12/24 00:00:00",
  "value" : "1440"
},{
  "dateTime" : "02/13/24 00:00:00",
  "value" : "1440"
},{
  "dateTime" : "02/14/24 00:00:00",
  "value" : "1440"
},{
  "dateTime" : "02/15/24 00:00:00",
  "value" : "1440"
},{
  "dateTime" : "02/16/24 00:00:00",
  "value" : "1440"
},{
  "dateTime" : "02/17/24 00:00:00",
  "value" : "1440"
},{
  "dateTime" : "02/18/24 00:00:00",
  "value" : "1440"
},{
  "dateTime" : "02/19/24 00:00:00",
  "value" : "1440"
},{
  "dateTime" : "02/20/24 00:00:00",
  "value" : "1440"
},{
  "dateTime" : "02/21/24 00:00:00",
  "value" : "1440"
},{
  "dateTime" : "02/22/24 00:00:00",
  "value" : "1440"
},{
  "dateTime" : "02/23/24 00:00:00",
  "value" : "1440"
},{
  "dateTime" : "02/24/24 00:00:00",
  "value" : "1440"
},{
  "dateTime" : "02/25/24 00:00:00",
  "value" : "1440"
},{
  "dateTime" : "02/26/24 00:00:00",
  "value" : "1440"
},{
  "dateTime" : "02/27/24 00:00:00",
  "value" : "1440"
},{
  "dateTime" : "02/28/24 00:00:00",
  "value" : "1440"
},{
  "dateTime" : "02/29/24 00:00:00",
  "value" : "1440"
},{
  "dateTime" : "03/01/24 00:00:00",
  "value" : "1440"
},{
  "dateTime" : "03/02/24 00:00:00",
  "value" : "1440"
},{
  "dateTime" : "03/03/24 00:00:00",
  "value" : "1440"
},{
  "dateTime" : "03/04/24 00:00:00",
  "value" : "1440"
},{
  "dateTime" : "03/05/24 00:00:00",
  "value" : "1440"
},{
  "dateTime" : "03/06/24 00:00:00",
  "value" : "1440"
},{
  "dateTime" : "03/07/24 00:00:00",
  "value" : "1440"
},{
  "dateTime" : "03/08/24 00:00:00",
  "value" : "1440"
},{
  "dateTime" : "03/09/24 00:00:00",
  "value" : "1440"
},{
  "dateTime" : "03/10/24 00:00:00",
  "value" : "1440"
},{
  "dateTime" : "03/11/24 00:00:00",
  "value" : "1440"
}]