[{
  "logId" : 46204920504,
  "dateOfSleep" : "2024-07-13",
  "startTime" : "2024-07-13T14:06:00.000",
  "endTime" : "2024-07-13T17:11:30.000",
  "duration" : 11100000,
  "minutesToFallAsleep" : 0,
  "minutesAsleep" : 140,
  "minutesAwake" : 45,
  "minutesAfterWakeup" : 1,
  "timeInBed" : 185,
  "efficiency" : 95,
  "type" : "stages",
  "infoCode" : 0,
  "logType" : "auto_detected",
  "levels" : {
    "summary" : {
      "deep" : {
        "count" : 0,
        "minutes" : 0,
        "thirtyDayAvgMinutes" : 53
      },
      "wake" : {
        "count" : 4,
        "minutes" : 45,
        "thirtyDayAvgMinutes" : 29
      },
      "light" : {
        "count" : 4,
        "minutes" : 128,
        "thirtyDayAvgMinutes" : 169
      },
      "rem" : {
        "count" : 2,
        "minutes" : 12,
        "thirtyDayAvgMinutes" : 37
      }
    },
    "data" : [{
      "dateTime" : "2024-07-13T14:06:00.000",
      "level" : "light",
      "seconds" : 4140
    },{
      "dateTime" : "2024-07-13T15:15:00.000",
      "level" : "wake",
      "seconds" : 360
    },{
      "dateTime" : "2024-07-13T15:21:00.000",
      "level" : "light",
      "seconds" : 60
    },{
      "dateTime" : "2024-07-13T15:22:00.000",
      "level" : "rem",
      "seconds" : 270
    },{
      "dateTime" : "2024-07-13T15:26:30.000",
      "level" : "light",
      "seconds" : 510
    },{
      "dateTime" : "2024-07-13T15:35:00.000",
      "level" : "wake",
      "seconds" : 480
    },{
      "dateTime" : "2024-07-13T15:43:00.000",
      "level" : "rem",
      "seconds" : 450
    },{
      "dateTime" : "2024-07-13T15:50:30.000",
      "level" : "light",
      "seconds" : 3000
    },{
      "dateTime" : "2024-07-13T16:40:30.000",
      "level" : "wake",
      "seconds" : 1860
    }],
    "shortData" : [{
      "dateTime" : "2024-07-13T15:26:30.000",
      "level" : "wake",
      "seconds" : 30
    }]
  },
  "mainSleep" : true
},{
  "logId" : 46181763145,
  "dateOfSleep" : "2024-07-11",
  "startTime" : "2024-07-11T01:24:00.000",
  "endTime" : "2024-07-11T06:12:30.000",
  "duration" : 17280000,
  "minutesToFallAsleep" : 0,
  "minutesAsleep" : 259,
  "minutesAwake" : 29,
  "minutesAfterWakeup" : 0,
  "timeInBed" : 288,
  "efficiency" : 94,
  "type" : "stages",
  "infoCode" : 0,
  "logType" : "auto_detected",
  "levels" : {
    "summary" : {
      "deep" : {
        "count" : 3,
        "minutes" : 53,
        "thirtyDayAvgMinutes" : 0
      },
      "wake" : {
        "count" : 7,
        "minutes" : 29,
        "thirtyDayAvgMinutes" : 0
      },
      "light" : {
        "count" : 11,
        "minutes" : 169,
        "thirtyDayAvgMinutes" : 0
      },
      "rem" : {
        "count" : 2,
        "minutes" : 37,
        "thirtyDayAvgMinutes" : 0
      }
    },
    "data" : [{
      "dateTime" : "2024-07-11T01:24:00.000",
      "level" : "wake",
      "seconds" : 30
    },{
      "dateTime" : "2024-07-11T01:24:30.000",
      "level" : "light",
      "seconds" : 480
    },{
      "dateTime" : "2024-07-11T01:32:30.000",
      "level" : "wake",
      "seconds" : 210
    },{
      "dateTime" : "2024-07-11T01:36:00.000",
      "level" : "light",
      "seconds" : 1560
    },{
      "dateTime" : "2024-07-11T02:02:00.000",
      "level" : "deep",
      "seconds" : 360
    },{
      "dateTime" : "2024-07-11T02:08:00.000",
      "level" : "light",
      "seconds" : 120
    },{
      "dateTime" : "2024-07-11T02:10:00.000",
      "level" : "wake",
      "seconds" : 630
    },{
      "dateTime" : "2024-07-11T02:20:30.000",
      "level" : "light",
      "seconds" : 2520
    },{
      "dateTime" : "2024-07-11T03:02:30.000",
      "level" : "wake",
      "seconds" : 330
    },{
      "dateTime" : "2024-07-11T03:08:00.000",
      "level" : "light",
      "seconds" : 540
    },{
      "dateTime" : "2024-07-11T03:17:00.000",
      "level" : "rem",
      "seconds" : 840
    },{
      "dateTime" : "2024-07-11T03:31:00.000",
      "level" : "light",
      "seconds" : 1080
    },{
      "dateTime" : "2024-07-11T03:49:00.000",
      "level" : "deep",
      "seconds" : 510
    },{
      "dateTime" : "2024-07-11T03:57:30.000",
      "level" : "light",
      "seconds" : 1170
    },{
      "dateTime" : "2024-07-11T04:17:00.000",
      "level" : "wake",
      "seconds" : 420
    },{
      "dateTime" : "2024-07-11T04:24:00.000",
      "level" : "light",
      "seconds" : 60
    },{
      "dateTime" : "2024-07-11T04:25:00.000",
      "level" : "rem",
      "seconds" : 1410
    },{
      "dateTime" : "2024-07-11T04:48:30.000",
      "level" : "light",
      "seconds" : 2730
    },{
      "dateTime" : "2024-07-11T05:34:00.000",
      "level" : "deep",
      "seconds" : 2310
    }],
    "shortData" : [{
      "dateTime" : "2024-07-11T01:24:00.000",
      "level" : "wake",
      "seconds" : 120
    },{
      "dateTime" : "2024-07-11T01:30:00.000",
      "level" : "wake",
      "seconds" : 30
    },{
      "dateTime" : "2024-07-11T04:09:00.000",
      "level" : "wake",
      "seconds" : 30
    }]
  },
  "mainSleep" : true
},{
  "logId" : 46175548598,
  "dateOfSleep" : "2024-07-10",
  "startTime" : "2024-07-10T18:58:30.000",
  "endTime" : "2024-07-10T20:06:30.000",
  "duration" : 4080000,
  "minutesToFallAsleep" : 0,
  "minutesAsleep" : 66,
  "minutesAwake" : 2,
  "minutesAfterWakeup" : 0,
  "timeInBed" : 68,
  "efficiency" : 97,
  "type" : "classic",
  "infoCode" : 2,
  "logType" : "auto_detected",
  "levels" : {
    "summary" : {
      "restless" : {
        "count" : 2,
        "minutes" : 2
      },
      "awake" : {
        "count" : 0,
        "minutes" : 0
      },
      "asleep" : {
        "count" : 0,
        "minutes" : 66
      }
    },
    "data" : [{
      "dateTime" : "2024-07-10T18:58:30.000",
      "level" : "restless",
      "seconds" : 60
    },{
      "dateTime" : "2024-07-10T18:59:30.000",
      "level" : "asleep",
      "seconds" : 1320
    },{
      "dateTime" : "2024-07-10T19:21:30.000",
      "level" : "restless",
      "seconds" : 60
    },{
      "dateTime" : "2024-07-10T19:22:30.000",
      "level" : "asleep",
      "seconds" : 2640
    }]
  },
  "mainSleep" : true
}]