[{
  "logId" : 44210921166,
  "dateOfSleep" : "2024-01-17",
  "startTime" : "2024-01-17T17:21:00.000",
  "endTime" : "2024-01-17T19:01:30.000",
  "duration" : 6000000,
  "minutesToFallAsleep" : 0,
  "minutesAsleep" : 86,
  "minutesAwake" : 14,
  "minutesAfterWakeup" : 0,
  "timeInBed" : 100,
  "efficiency" : 86,
  "type" : "classic",
  "infoCode" : 2,
  "logType" : "auto_detected",
  "levels" : {
    "summary" : {
      "restless" : {
        "count" : 6,
        "minutes" : 13
      },
      "awake" : {
        "count" : 1,
        "minutes" : 1
      },
      "asleep" : {
        "count" : 0,
        "minutes" : 86
      }
    },
    "data" : [{
      "dateTime" : "2024-01-17T17:21:00.000",
      "level" : "restless",
      "seconds" : 180
    },{
      "dateTime" : "2024-01-17T17:24:00.000",
      "level" : "asleep",
      "seconds" : 120
    },{
      "dateTime" : "2024-01-17T17:26:00.000",
      "level" : "restless",
      "seconds" : 60
    },{
      "dateTime" : "2024-01-17T17:27:00.000",
      "level" : "asleep",
      "seconds" : 180
    },{
      "dateTime" : "2024-01-17T17:30:00.000",
      "level" : "restless",
      "seconds" : 60
    },{
      "dateTime" : "2024-01-17T17:31:00.000",
      "level" : "asleep",
      "seconds" : 3480
    },{
      "dateTime" : "2024-01-17T18:29:00.000",
      "level" : "restless",
      "seconds" : 240
    },{
      "dateTime" : "2024-01-17T18:33:00.000",
      "level" : "awake",
      "seconds" : 60
    },{
      "dateTime" : "2024-01-17T18:34:00.000",
      "level" : "restless",
      "seconds" : 60
    },{
      "dateTime" : "2024-01-17T18:35:00.000",
      "level" : "asleep",
      "seconds" : 1320
    },{
      "dateTime" : "2024-01-17T18:57:00.000",
      "level" : "restless",
      "seconds" : 180
    },{
      "dateTime" : "2024-01-17T19:00:00.000",
      "level" : "awake",
      "seconds" : 60
    }]
  },
  "mainSleep" : true
},{
  "logId" : 44173262178,
  "dateOfSleep" : "2024-01-15",
  "startTime" : "2024-01-14T20:24:00.000",
  "endTime" : "2024-01-15T00:04:30.000",
  "duration" : 13200000,
  "minutesToFallAsleep" : 0,
  "minutesAsleep" : 192,
  "minutesAwake" : 28,
  "minutesAfterWakeup" : 0,
  "timeInBed" : 220,
  "efficiency" : 90,
  "type" : "stages",
  "infoCode" : 0,
  "logType" : "auto_detected",
  "levels" : {
    "summary" : {
      "deep" : {
        "count" : 3,
        "minutes" : 47,
        "thirtyDayAvgMinutes" : 116
      },
      "wake" : {
        "count" : 7,
        "minutes" : 28,
        "thirtyDayAvgMinutes" : 61
      },
      "light" : {
        "count" : 8,
        "minutes" : 109,
        "thirtyDayAvgMinutes" : 207
      },
      "rem" : {
        "count" : 2,
        "minutes" : 36,
        "thirtyDayAvgMinutes" : 137
      }
    },
    "data" : [{
      "dateTime" : "2024-01-14T20:24:00.000",
      "level" : "wake",
      "seconds" : 60
    },{
      "dateTime" : "2024-01-14T20:25:00.000",
      "level" : "light",
      "seconds" : 1440
    },{
      "dateTime" : "2024-01-14T20:49:00.000",
      "level" : "deep",
      "seconds" : 1020
    },{
      "dateTime" : "2024-01-14T21:06:00.000",
      "level" : "light",
      "seconds" : 2160
    },{
      "dateTime" : "2024-01-14T21:42:00.000",
      "level" : "deep",
      "seconds" : 630
    },{
      "dateTime" : "2024-01-14T21:52:30.000",
      "level" : "wake",
      "seconds" : 240
    },{
      "dateTime" : "2024-01-14T21:56:30.000",
      "level" : "light",
      "seconds" : 780
    },{
      "dateTime" : "2024-01-14T22:09:30.000",
      "level" : "rem",
      "seconds" : 420
    },{
      "dateTime" : "2024-01-14T22:16:30.000",
      "level" : "light",
      "seconds" : 1560
    },{
      "dateTime" : "2024-01-14T22:42:30.000",
      "level" : "deep",
      "seconds" : 1170
    },{
      "dateTime" : "2024-01-14T23:02:00.000",
      "level" : "wake",
      "seconds" : 810
    },{
      "dateTime" : "2024-01-14T23:15:30.000",
      "level" : "light",
      "seconds" : 240
    },{
      "dateTime" : "2024-01-14T23:19:30.000",
      "level" : "wake",
      "seconds" : 330
    },{
      "dateTime" : "2024-01-14T23:25:00.000",
      "level" : "light",
      "seconds" : 480
    },{
      "dateTime" : "2024-01-14T23:33:00.000",
      "level" : "rem",
      "seconds" : 1890
    }],
    "shortData" : [{
      "dateTime" : "2024-01-14T20:24:00.000",
      "level" : "wake",
      "seconds" : 60
    },{
      "dateTime" : "2024-01-14T21:07:00.000",
      "level" : "wake",
      "seconds" : 120
    },{
      "dateTime" : "2024-01-14T21:17:30.000",
      "level" : "wake",
      "seconds" : 30
    },{
      "dateTime" : "2024-01-15T00:02:30.000",
      "level" : "wake",
      "seconds" : 120
    }]
  },
  "mainSleep" : true
},{
  "logId" : 44136346846,
  "dateOfSleep" : "2024-01-12",
  "startTime" : "2024-01-11T19:42:30.000",
  "endTime" : "2024-01-12T04:24:00.000",
  "duration" : 31260000,
  "minutesToFallAsleep" : 0,
  "minutesAsleep" : 460,
  "minutesAwake" : 61,
  "minutesAfterWakeup" : 0,
  "timeInBed" : 521,
  "efficiency" : 89,
  "type" : "stages",
  "infoCode" : 0,
  "logType" : "auto_detected",
  "levels" : {
    "summary" : {
      "deep" : {
        "count" : 6,
        "minutes" : 116,
        "thirtyDayAvgMinutes" : 0
      },
      "wake" : {
        "count" : 16,
        "minutes" : 61,
        "thirtyDayAvgMinutes" : 0
      },
      "light" : {
        "count" : 21,
        "minutes" : 207,
        "thirtyDayAvgMinutes" : 0
      },
      "rem" : {
        "count" : 11,
        "minutes" : 137,
        "thirtyDayAvgMinutes" : 0
      }
    },
    "data" : [{
      "dateTime" : "2024-01-11T19:42:30.000",
      "level" : "wake",
      "seconds" : 30
    },{
      "dateTime" : "2024-01-11T19:43:00.000",
      "level" : "light",
      "seconds" : 150
    },{
      "dateTime" : "2024-01-11T19:45:30.000",
      "level" : "deep",
      "seconds" : 2280
    },{
      "dateTime" : "2024-01-11T20:23:30.000",
      "level" : "light",
      "seconds" : 330
    },{
      "dateTime" : "2024-01-11T20:29:00.000",
      "level" : "deep",
      "seconds" : 1590
    },{
      "dateTime" : "2024-01-11T20:55:30.000",
      "level" : "wake",
      "seconds" : 600
    },{
      "dateTime" : "2024-01-11T21:05:30.000",
      "level" : "light",
      "seconds" : 840
    },{
      "dateTime" : "2024-01-11T21:19:30.000",
      "level" : "wake",
      "seconds" : 510
    },{
      "dateTime" : "2024-01-11T21:28:00.000",
      "level" : "light",
      "seconds" : 210
    },{
      "dateTime" : "2024-01-11T21:31:30.000",
      "level" : "deep",
      "seconds" : 2280
    },{
      "dateTime" : "2024-01-11T22:09:30.000",
      "level" : "wake",
      "seconds" : 630
    },{
      "dateTime" : "2024-01-11T22:20:00.000",
      "level" : "light",
      "seconds" : 600
    },{
      "dateTime" : "2024-01-11T22:30:00.000",
      "level" : "rem",
      "seconds" : 390
    },{
      "dateTime" : "2024-01-11T22:36:30.000",
      "level" : "light",
      "seconds" : 540
    },{
      "dateTime" : "2024-01-11T22:45:30.000",
      "level" : "wake",
      "seconds" : 1230
    },{
      "dateTime" : "2024-01-11T23:06:00.000",
      "level" : "light",
      "seconds" : 90
    },{
      "dateTime" : "2024-01-11T23:07:30.000",
      "level" : "rem",
      "seconds" : 300
    },{
      "dateTime" : "2024-01-11T23:12:30.000",
      "level" : "light",
      "seconds" : 180
    },{
      "dateTime" : "2024-01-11T23:15:30.000",
      "level" : "deep",
      "seconds" : 270
    },{
      "dateTime" : "2024-01-11T23:20:00.000",
      "level" : "light",
      "seconds" : 840
    },{
      "dateTime" : "2024-01-11T23:34:00.000",
      "level" : "deep",
      "seconds" : 270
    },{
      "dateTime" : "2024-01-11T23:38:30.000",
      "level" : "light",
      "seconds" : 540
    },{
      "dateTime" : "2024-01-11T23:47:30.000",
      "level" : "deep",
      "seconds" : 270
    },{
      "dateTime" : "2024-01-11T23:52:00.000",
      "level" : "light",
      "seconds" : 510
    },{
      "dateTime" : "2024-01-12T00:00:30.000",
      "level" : "rem",
      "seconds" : 1200
    },{
      "dateTime" : "2024-01-12T00:20:30.000",
      "level" : "light",
      "seconds" : 420
    },{
      "dateTime" : "2024-01-12T00:27:30.000",
      "level" : "rem",
      "seconds" : 840
    },{
      "dateTime" : "2024-01-12T00:41:30.000",
      "level" : "light",
      "seconds" : 480
    },{
      "dateTime" : "2024-01-12T00:49:30.000",
      "level" : "rem",
      "seconds" : 270
    },{
      "dateTime" : "2024-01-12T00:54:00.000",
      "level" : "light",
      "seconds" : 4140
    },{
      "dateTime" : "2024-01-12T02:03:00.000",
      "level" : "rem",
      "seconds" : 2130
    },{
      "dateTime" : "2024-01-12T02:38:30.000",
      "level" : "light",
      "seconds" : 2670
    },{
      "dateTime" : "2024-01-12T03:23:00.000",
      "level" : "rem",
      "seconds" : 720
    },{
      "dateTime" : "2024-01-12T03:35:00.000",
      "level" : "light",
      "seconds" : 420
    },{
      "dateTime" : "2024-01-12T03:42:00.000",
      "level" : "rem",
      "seconds" : 2520
    }],
    "shortData" : [{
      "dateTime" : "2024-01-11T19:42:30.000",
      "level" : "wake",
      "seconds" : 30
    },{
      "dateTime" : "2024-01-11T22:29:30.000",
      "level" : "wake",
      "seconds" : 30
    },{
      "dateTime" : "2024-01-11T23:22:00.000",
      "level" : "wake",
      "seconds" : 30
    },{
      "dateTime" : "2024-01-11T23:52:00.000",
      "level" : "wake",
      "seconds" : 180
    },{
      "dateTime" : "2024-01-12T00:56:00.000",
      "level" : "wake",
      "seconds" : 120
    },{
      "dateTime" : "2024-01-12T01:08:00.000",
      "level" : "wake",
      "seconds" : 60
    },{
      "dateTime" : "2024-01-12T01:29:00.000",
      "level" : "wake",
      "seconds" : 120
    },{
      "dateTime" : "2024-01-12T02:05:00.000",
      "level" : "wake",
      "seconds" : 30
    },{
      "dateTime" : "2024-01-12T02:40:30.000",
      "level" : "wake",
      "seconds" : 30
    },{
      "dateTime" : "2024-01-12T03:50:30.000",
      "level" : "wake",
      "seconds" : 30
    },{
      "dateTime" : "2024-01-12T04:04:00.000",
      "level" : "wake",
      "seconds" : 30
    },{
      "dateTime" : "2024-01-12T04:23:30.000",
      "level" : "wake",
      "seconds" : 30
    }]
  },
  "mainSleep" : true
}]