[{
  "logId" : 47381703862,
  "dateOfSleep" : "2024-11-05",
  "startTime" : "2024-11-05T21:50:00.000",
  "endTime" : "2024-11-05T22:59:00.000",
  "duration" : 4140000,
  "minutesToFallAsleep" : 0,
  "minutesAsleep" : 68,
  "minutesAwake" : 1,
  "minutesAfterWakeup" : 0,
  "timeInBed" : 69,
  "efficiency" : 99,
  "type" : "classic",
  "infoCode" : 2,
  "logType" : "auto_detected",
  "levels" : {
    "summary" : {
      "restless" : {
        "count" : 1,
        "minutes" : 1
      },
      "awake" : {
        "count" : 0,
        "minutes" : 0
      },
      "asleep" : {
        "count" : 0,
        "minutes" : 68
      }
    },
    "data" : [{
      "dateTime" : "2024-11-05T21:50:00.000",
      "level" : "restless",
      "seconds" : 60
    },{
      "dateTime" : "2024-11-05T21:51:00.000",
      "level" : "asleep",
      "seconds" : 4080
    }]
  },
  "mainSleep" : true
},{
  "logId" : 47364130927,
  "dateOfSleep" : "2024-11-04",
  "startTime" : "2024-11-03T21:41:30.000",
  "endTime" : "2024-11-04T05:47:00.000",
  "duration" : 29100000,
  "minutesToFallAsleep" : 0,
  "minutesAsleep" : 417,
  "minutesAwake" : 68,
  "minutesAfterWakeup" : 0,
  "timeInBed" : 485,
  "efficiency" : 90,
  "type" : "stages",
  "infoCode" : 0,
  "logType" : "auto_detected",
  "levels" : {
    "summary" : {
      "deep" : {
        "count" : 3,
        "minutes" : 96,
        "thirtyDayAvgMinutes" : 45
      },
      "wake" : {
        "count" : 20,
        "minutes" : 68,
        "thirtyDayAvgMinutes" : 46
      },
      "light" : {
        "count" : 14,
        "minutes" : 129,
        "thirtyDayAvgMinutes" : 138
      },
      "rem" : {
        "count" : 14,
        "minutes" : 192,
        "thirtyDayAvgMinutes" : 54
      }
    },
    "data" : [{
      "dateTime" : "2024-11-03T21:41:30.000",
      "level" : "light",
      "seconds" : 180
    },{
      "dateTime" : "2024-11-03T21:44:30.000",
      "level" : "deep",
      "seconds" : 4590
    },{
      "dateTime" : "2024-11-03T23:01:00.000",
      "level" : "light",
      "seconds" : 1710
    },{
      "dateTime" : "2024-11-03T23:29:30.000",
      "level" : "deep",
      "seconds" : 750
    },{
      "dateTime" : "2024-11-03T23:42:00.000",
      "level" : "light",
      "seconds" : 330
    },{
      "dateTime" : "2024-11-03T23:47:30.000",
      "level" : "deep",
      "seconds" : 420
    },{
      "dateTime" : "2024-11-03T23:54:30.000",
      "level" : "light",
      "seconds" : 330
    },{
      "dateTime" : "2024-11-04T00:00:00.000",
      "level" : "wake",
      "seconds" : 930
    },{
      "dateTime" : "2024-11-04T00:15:30.000",
      "level" : "light",
      "seconds" : 1620
    },{
      "dateTime" : "2024-11-04T00:42:30.000",
      "level" : "rem",
      "seconds" : 900
    },{
      "dateTime" : "2024-11-04T00:57:30.000",
      "level" : "light",
      "seconds" : 2970
    },{
      "dateTime" : "2024-11-04T01:47:00.000",
      "level" : "rem",
      "seconds" : 5370
    },{
      "dateTime" : "2024-11-04T03:16:30.000",
      "level" : "light",
      "seconds" : 330
    },{
      "dateTime" : "2024-11-04T03:22:00.000",
      "level" : "rem",
      "seconds" : 2760
    },{
      "dateTime" : "2024-11-04T04:08:00.000",
      "level" : "wake",
      "seconds" : 1740
    },{
      "dateTime" : "2024-11-04T04:37:00.000",
      "level" : "rem",
      "seconds" : 3030
    },{
      "dateTime" : "2024-11-04T05:27:30.000",
      "level" : "wake",
      "seconds" : 480
    },{
      "dateTime" : "2024-11-04T05:35:30.000",
      "level" : "light",
      "seconds" : 690
    }],
    "shortData" : [{
      "dateTime" : "2024-11-03T21:43:30.000",
      "level" : "wake",
      "seconds" : 30
    },{
      "dateTime" : "2024-11-03T23:07:00.000",
      "level" : "wake",
      "seconds" : 60
    },{
      "dateTime" : "2024-11-03T23:19:00.000",
      "level" : "wake",
      "seconds" : 120
    },{
      "dateTime" : "2024-11-04T01:01:30.000",
      "level" : "wake",
      "seconds" : 30
    },{
      "dateTime" : "2024-11-04T02:27:30.000",
      "level" : "wake",
      "seconds" : 30
    },{
      "dateTime" : "2024-11-04T02:51:00.000",
      "level" : "wake",
      "seconds" : 150
    },{
      "dateTime" : "2024-11-04T03:14:30.000",
      "level" : "wake",
      "seconds" : 120
    },{
      "dateTime" : "2024-11-04T03:19:00.000",
      "level" : "wake",
      "seconds" : 120
    },{
      "dateTime" : "2024-11-04T03:34:30.000",
      "level" : "wake",
      "seconds" : 30
    },{
      "dateTime" : "2024-11-04T03:42:30.000",
      "level" : "wake",
      "seconds" : 30
    },{
      "dateTime" : "2024-11-04T03:44:30.000",
      "level" : "wake",
      "seconds" : 30
    },{
      "dateTime" : "2024-11-04T03:48:30.000",
      "level" : "wake",
      "seconds" : 30
    },{
      "dateTime" : "2024-11-04T03:53:00.000",
      "level" : "wake",
      "seconds" : 30
    },{
      "dateTime" : "2024-11-04T03:55:00.000",
      "level" : "wake",
      "seconds" : 30
    },{
      "dateTime" : "2024-11-04T04:50:00.000",
      "level" : "wake",
      "seconds" : 30
    },{
      "dateTime" : "2024-11-04T05:25:30.000",
      "level" : "wake",
      "seconds" : 30
    },{
      "dateTime" : "2024-11-04T05:37:30.000",
      "level" : "wake",
      "seconds" : 30
    }]
  },
  "mainSleep" : true
},{
  "logId" : 47321837032,
  "dateOfSleep" : "2024-10-31",
  "startTime" : "2024-10-30T19:17:00.000",
  "endTime" : "2024-10-31T00:49:30.000",
  "duration" : 19920000,
  "minutesToFallAsleep" : 0,
  "minutesAsleep" : 278,
  "minutesAwake" : 54,
  "minutesAfterWakeup" : 0,
  "timeInBed" : 332,
  "efficiency" : 97,
  "type" : "stages",
  "infoCode" : 0,
  "logType" : "auto_detected",
  "levels" : {
    "summary" : {
      "deep" : {
        "count" : 1,
        "minutes" : 62,
        "thirtyDayAvgMinutes" : 27
      },
      "wake" : {
        "count" : 7,
        "minutes" : 54,
        "thirtyDayAvgMinutes" : 38
      },
      "light" : {
        "count" : 7,
        "minutes" : 135,
        "thirtyDayAvgMinutes" : 140
      },
      "rem" : {
        "count" : 3,
        "minutes" : 81,
        "thirtyDayAvgMinutes" : 26
      }
    },
    "data" : [{
      "dateTime" : "2024-10-30T19:17:00.000",
      "level" : "wake",
      "seconds" : 420
    },{
      "dateTime" : "2024-10-30T19:24:00.000",
      "level" : "light",
      "seconds" : 60
    },{
      "dateTime" : "2024-10-30T19:25:00.000",
      "level" : "deep",
      "seconds" : 3750
    },{
      "dateTime" : "2024-10-30T20:27:30.000",
      "level" : "wake",
      "seconds" : 270
    },{
      "dateTime" : "2024-10-30T20:32:00.000",
      "level" : "light",
      "seconds" : 450
    },{
      "dateTime" : "2024-10-30T20:39:30.000",
      "level" : "wake",
      "seconds" : 1380
    },{
      "dateTime" : "2024-10-30T21:02:30.000",
      "level" : "light",
      "seconds" : 1650
    },{
      "dateTime" : "2024-10-30T21:30:00.000",
      "level" : "wake",
      "seconds" : 420
    },{
      "dateTime" : "2024-10-30T21:37:00.000",
      "level" : "light",
      "seconds" : 1110
    },{
      "dateTime" : "2024-10-30T21:55:30.000",
      "level" : "rem",
      "seconds" : 2820
    },{
      "dateTime" : "2024-10-30T22:42:30.000",
      "level" : "light",
      "seconds" : 3930
    },{
      "dateTime" : "2024-10-30T23:48:00.000",
      "level" : "wake",
      "seconds" : 540
    },{
      "dateTime" : "2024-10-30T23:57:00.000",
      "level" : "rem",
      "seconds" : 2070
    },{
      "dateTime" : "2024-10-31T00:31:30.000",
      "level" : "light",
      "seconds" : 1080
    }],
    "shortData" : [{
      "dateTime" : "2024-10-30T22:31:00.000",
      "level" : "wake",
      "seconds" : 30
    },{
      "dateTime" : "2024-10-30T22:58:30.000",
      "level" : "wake",
      "seconds" : 180
    }]
  },
  "mainSleep" : true
},{
  "logId" : 47313977543,
  "dateOfSleep" : "2024-10-30",
  "startTime" : "2024-10-30T01:26:00.000",
  "endTime" : "2024-10-30T05:17:00.000",
  "duration" : 13860000,
  "minutesToFallAsleep" : 0,
  "minutesAsleep" : 193,
  "minutesAwake" : 38,
  "minutesAfterWakeup" : 0,
  "timeInBed" : 231,
  "efficiency" : 89,
  "type" : "stages",
  "infoCode" : 0,
  "logType" : "auto_detected",
  "levels" : {
    "summary" : {
      "deep" : {
        "count" : 1,
        "minutes" : 27,
        "thirtyDayAvgMinutes" : 0
      },
      "wake" : {
        "count" : 10,
        "minutes" : 38,
        "thirtyDayAvgMinutes" : 0
      },
      "light" : {
        "count" : 13,
        "minutes" : 140,
        "thirtyDayAvgMinutes" : 0
      },
      "rem" : {
        "count" : 2,
        "minutes" : 26,
        "thirtyDayAvgMinutes" : 0
      }
    },
    "data" : [{
      "dateTime" : "2024-10-30T01:26:00.000",
      "level" : "light",
      "seconds" : 300
    },{
      "dateTime" : "2024-10-30T01:31:00.000",
      "level" : "wake",
      "seconds" : 480
    },{
      "dateTime" : "2024-10-30T01:39:00.000",
      "level" : "light",
      "seconds" : 570
    },{
      "dateTime" : "2024-10-30T01:48:30.000",
      "level" : "deep",
      "seconds" : 1590
    },{
      "dateTime" : "2024-10-30T02:15:00.000",
      "level" : "light",
      "seconds" : 1230
    },{
      "dateTime" : "2024-10-30T02:35:30.000",
      "level" : "rem",
      "seconds" : 1290
    },{
      "dateTime" : "2024-10-30T02:57:00.000",
      "level" : "light",
      "seconds" : 3420
    },{
      "dateTime" : "2024-10-30T03:54:00.000",
      "level" : "wake",
      "seconds" : 780
    },{
      "dateTime" : "2024-10-30T04:07:00.000",
      "level" : "light",
      "seconds" : 3030
    },{
      "dateTime" : "2024-10-30T04:57:30.000",
      "level" : "rem",
      "seconds" : 270
    },{
      "dateTime" : "2024-10-30T05:02:00.000",
      "level" : "light",
      "seconds" : 90
    },{
      "dateTime" : "2024-10-30T05:03:30.000",
      "level" : "wake",
      "seconds" : 480
    },{
      "dateTime" : "2024-10-30T05:11:30.000",
      "level" : "light",
      "seconds" : 330
    }],
    "shortData" : [{
      "dateTime" : "2024-10-30T01:42:00.000",
      "level" : "wake",
      "seconds" : 60
    },{
      "dateTime" : "2024-10-30T02:22:00.000",
      "level" : "wake",
      "seconds" : 30
    },{
      "dateTime" : "2024-10-30T03:05:00.000",
      "level" : "wake",
      "seconds" : 60
    },{
      "dateTime" : "2024-10-30T04:41:30.000",
      "level" : "wake",
      "seconds" : 150
    },{
      "dateTime" : "2024-10-30T04:47:00.000",
      "level" : "wake",
      "seconds" : 30
    },{
      "dateTime" : "2024-10-30T04:51:30.000",
      "level" : "wake",
      "seconds" : 90
    },{
      "dateTime" : "2024-10-30T05:14:30.000",
      "level" : "wake",
      "seconds" : 150
    }]
  },
  "mainSleep" : true
},{
  "logId" : 47309078723,
  "dateOfSleep" : "2024-10-29",
  "startTime" : "2024-10-29T17:11:30.000",
  "endTime" : "2024-10-29T18:29:30.000",
  "duration" : 4680000,
  "minutesToFallAsleep" : 0,
  "minutesAsleep" : 71,
  "minutesAwake" : 7,
  "minutesAfterWakeup" : 0,
  "timeInBed" : 78,
  "efficiency" : 91,
  "type" : "classic",
  "infoCode" : 2,
  "logType" : "auto_detected",
  "levels" : {
    "summary" : {
      "restless" : {
        "count" : 2,
        "minutes" : 5
      },
      "awake" : {
        "count" : 1,
        "minutes" : 2
      },
      "asleep" : {
        "count" : 0,
        "minutes" : 71
      }
    },
    "data" : [{
      "dateTime" : "2024-10-29T17:11:30.000",
      "level" : "asleep",
      "seconds" : 4200
    },{
      "dateTime" : "2024-10-29T18:21:30.000",
      "level" : "restless",
      "seconds" : 120
    },{
      "dateTime" : "2024-10-29T18:23:30.000",
      "level" : "awake",
      "seconds" : 60
    },{
      "dateTime" : "2024-10-29T18:24:30.000",
      "level" : "restless",
      "seconds" : 300
    }]
  },
  "mainSleep" : true
}]