[{
  "dateTime" : "11/13/23 16:11:07",
  "value" : {
    "lapDurationSec" : 11,
    "strokeCount" : 5,
    "swimStrokeType" : "UNKNOWN",
    "swimAlgorithmType" : "EUCLID"
  }
},{
  "dateTime" : "11/13/23 16:19:06",
  "value" : {
    "lapDurationSec" : 19,
    "strokeCount" : 5,
    "swimStrokeType" : "UNKNOWN",
    "swimAlgorithmType" : "EUCLID"
  }
},{
  "dateTime" : "11/13/23 16:19:46",
  "value" : {
    "lapDurationSec" : 23,
    "strokeCount" : 7,
    "swimStrokeType" : "UNKNOWN",
    "swimAlgorithmType" : "EUCLID"
  }
},{
  "dateTime" : "11/13/23 16:27:05",
  "value" : {
    "lapDurationSec" : 19,
    "strokeCount" : 5,
    "swimStrokeType" : "UNKNOWN",
    "swimAlgorithmType" : "EUCLID"
  }
},{
  "dateTime" : "11/13/23 16:41:21",
  "value" : {
    "lapDurationSec" : 33,
    "strokeCount" : 5,
    "swimStrokeType" : "UNKNOWN",
    "swimAlgorithmType" : "EUCLID"
  }
},{
  "dateTime" : "11/13/23 16:42:19",
  "value" : {
    "lapDurationSec" : 37,
    "strokeCount" : 7,
    "swimStrokeType" : "UNKNOWN",
    "swimAlgorithmType" : "EUCLID"
  }
},{
  "dateTime" : "11/13/23 16:48:44",
  "value" : {
    "lapDurationSec" : 26,
    "strokeCount" : 6,
    "swimStrokeType" : "UNKNOWN",
    "swimAlgorithmType" : "EUCLID"
  }
},{
  "dateTime" : "11/13/23 16:57:50",
  "value" : {
    "lapDurationSec" : 27,
    "strokeCount" : 8,
    "swimStrokeType" : "UNKNOWN",
    "swimAlgorithmType" : "EUCLID"
  }
},{
  "dateTime" : "11/13/23 17:04:32",
  "value" : {
    "lapDurationSec" : 24,
    "strokeCount" : 8,
    "swimStrokeType" : "UNKNOWN",
    "swimAlgorithmType" : "EUCLID"
  }
},{
  "dateTime" : "11/15/23 15:11:37",
  "value" : {
    "lapDurationSec" : 12,
    "strokeCount" : 6,
    "swimStrokeType" : "UNKNOWN",
    "swimAlgorithmType" : "EUCLID"
  }
},{
  "dateTime" : "11/15/23 16:17:31",
  "value" : {
    "lapDurationSec" : 15,
    "strokeCount" : 6,
    "swimStrokeType" : "UNKNOWN",
    "swimAlgorithmType" : "EUCLID"
  }
},{
  "dateTime" : "11/15/23 17:13:31",
  "value" : {
    "lapDurationSec" : 7,
    "strokeCount" : 6,
    "swimStrokeType" : "UNKNOWN",
    "swimAlgorithmType" : "EUCLID"
  }
},{
  "dateTime" : "11/15/23 18:12:09",
  "value" : {
    "lapDurationSec" : 10,
    "strokeCount" : 6,
    "swimStrokeType" : "UNKNOWN",
    "swimAlgorithmType" : "EUCLID"
  }
},{
  "dateTime" : "11/15/23 23:30:05",
  "value" : {
    "lapDurationSec" : 19,
    "strokeCount" : 10,
    "swimStrokeType" : "UNKNOWN",
    "swimAlgorithmType" : "EUCLID"
  }
},{
  "dateTime" : "11/16/23 15:36:29",
  "value" : {
    "lapDurationSec" : 13,
    "strokeCount" : 5,
    "swimStrokeType" : "UNKNOWN",
    "swimAlgorithmType" : "EUCLID"
  }
},{
  "dateTime" : "11/16/23 15:44:19",
  "value" : {
    "lapDurationSec" : 22,
    "strokeCount" : 7,
    "swimStrokeType" : "UNKNOWN",
    "swimAlgorithmType" : "EUCLID"
  }
},{
  "dateTime" : "11/16/23 21:00:22",
  "value" : {
    "lapDurationSec" : 13,
    "strokeCount" : 5,
    "swimStrokeType" : "UNKNOWN",
    "swimAlgorithmType" : "EUCLID"
  }
},{
  "dateTime" : "11/16/23 21:01:19",
  "value" : {
    "lapDurationSec" : 15,
    "strokeCount" : 5,
    "swimStrokeType" : "UNKNOWN",
    "swimAlgorithmType" : "EUCLID"
  }
},{
  "dateTime" : "11/19/23 04:20:03",
  "value" : {
    "lapDurationSec" : 14,
    "strokeCount" : 6,
    "swimStrokeType" : "UNKNOWN",
    "swimAlgorithmType" : "EUCLID"
  }
},{
  "dateTime" : "11/19/23 16:17:33",
  "value" : {
    "lapDurationSec" : 7,
    "strokeCount" : 6,
    "swimStrokeType" : "UNKNOWN",
    "swimAlgorithmType" : "EUCLID"
  }
},{
  "dateTime" : "11/19/23 16:18:47",
  "value" : {
    "lapDurationSec" : 15,
    "strokeCount" : 5,
    "swimStrokeType" : "UNKNOWN",
    "swimAlgorithmType" : "EUCLID"
  }
},{
  "dateTime" : "11/19/23 16:20:50",
  "value" : {
    "lapDurationSec" : 18,
    "strokeCount" : 5,
    "swimStrokeType" : "UNKNOWN",
    "swimAlgorithmType" : "EUCLID"
  }
},{
  "dateTime" : "11/19/23 16:22:42",
  "value" : {
    "lapDurationSec" : 23,
    "strokeCount" : 6,
    "swimStrokeType" : "UNKNOWN",
    "swimAlgorithmType" : "EUCLID"
  }
},{
  "dateTime" : "11/21/23 22:54:17",
  "value" : {
    "lapDurationSec" : 13,
    "strokeCount" : 7,
    "swimStrokeType" : "UNKNOWN",
    "swimAlgorithmType" : "EUCLID"
  }
},{
  "dateTime" : "11/22/23 04:57:45",
  "value" : {
    "lapDurationSec" : 8,
    "strokeCount" : 5,
    "swimStrokeType" : "UNKNOWN",
    "swimAlgorithmType" : "EUCLID"
  }
},{
  "dateTime" : "11/22/23 12:57:58",
  "value" : {
    "lapDurationSec" : 17,
    "strokeCount" : 6,
    "swimStrokeType" : "UNKNOWN",
    "swimAlgorithmType" : "EUCLID"
  }
},{
  "dateTime" : "11/22/23 13:05:01",
  "value" : {
    "lapDurationSec" : 8,
    "strokeCount" : 5,
    "swimStrokeType" : "UNKNOWN",
    "swimAlgorithmType" : "EUCLID"
  }
},{
  "dateTime" : "11/22/23 13:18:16",
  "value" : {
    "lapDurationSec" : 12,
    "strokeCount" : 5,
    "swimStrokeType" : "UNKNOWN",
    "swimAlgorithmType" : "EUCLID"
  }
},{
  "dateTime" : "11/22/23 13:20:51",
  "value" : {
    "lapDurationSec" : 19,
    "strokeCount" : 5,
    "swimStrokeType" : "UNKNOWN",
    "swimAlgorithmType" : "EUCLID"
  }
},{
  "dateTime" : "11/22/23 13:23:07",
  "value" : {
    "lapDurationSec" : 30,
    "strokeCount" : 5,
    "swimStrokeType" : "UNKNOWN",
    "swimAlgorithmType" : "EUCLID"
  }
},{
  "dateTime" : "11/22/23 13:24:28",
  "value" : {
    "lapDurationSec" : 33,
    "strokeCount" : 11,
    "swimStrokeType" : "UNKNOWN",
    "swimAlgorithmType" : "EUCLID"
  }
},{
  "dateTime" : "11/22/23 13:35:00",
  "value" : {
    "lapDurationSec" : 14,
    "strokeCount" : 5,
    "swimStrokeType" : "UNKNOWN",
    "swimAlgorithmType" : "EUCLID"
  }
},{
  "dateTime" : "11/22/23 13:36:52",
  "value" : {
    "lapDurationSec" : 15,
    "strokeCount" : 5,
    "swimStrokeType" : "UNKNOWN",
    "swimAlgorithmType" : "EUCLID"
  }
},{
  "dateTime" : "11/22/23 13:40:57",
  "value" : {
    "lapDurationSec" : 19,
    "strokeCount" : 5,
    "swimStrokeType" : "UNKNOWN",
    "swimAlgorithmType" : "EUCLID"
  }
},{
  "dateTime" : "11/22/23 13:43:51",
  "value" : {
    "lapDurationSec" : 22,
    "strokeCount" : 5,
    "swimStrokeType" : "UNKNOWN",
    "swimAlgorithmType" : "EUCLID"
  }
},{
  "dateTime" : "11/22/23 13:44:45",
  "value" : {
    "lapDurationSec" : 19,
    "strokeCount" : 5,
    "swimStrokeType" : "UNKNOWN",
    "swimAlgorithmType" : "EUCLID"
  }
},{
  "dateTime" : "11/22/23 13:45:46",
  "value" : {
    "lapDurationSec" : 37,
    "strokeCount" : 8,
    "swimStrokeType" : "UNKNOWN",
    "swimAlgorithmType" : "EUCLID"
  }
},{
  "dateTime" : "11/22/23 13:49:00",
  "value" : {
    "lapDurationSec" : 18,
    "strokeCount" : 5,
    "swimStrokeType" : "UNKNOWN",
    "swimAlgorithmType" : "EUCLID"
  }
},{
  "dateTime" : "11/22/23 13:49:43",
  "value" : {
    "lapDurationSec" : 9,
    "strokeCount" : 6,
    "swimStrokeType" : "UNKNOWN",
    "swimAlgorithmType" : "EUCLID"
  }
},{
  "dateTime" : "11/22/23 14:23:51",
  "value" : {
    "lapDurationSec" : 35,
    "strokeCount" : 11,
    "swimStrokeType" : "UNKNOWN",
    "swimAlgorithmType" : "EUCLID"
  }
},{
  "dateTime" : "11/22/23 14:41:48",
  "value" : {
    "lapDurationSec" : 16,
    "strokeCount" : 5,
    "swimStrokeType" : "UNKNOWN",
    "swimAlgorithmType" : "EUCLID"
  }
},{
  "dateTime" : "11/22/23 15:22:26",
  "value" : {
    "lapDurationSec" : 25,
    "strokeCount" : 6,
    "swimStrokeType" : "UNKNOWN",
    "swimAlgorithmType" : "EUCLID"
  }
},{
  "dateTime" : "11/22/23 15:26:50",
  "value" : {
    "lapDurationSec" : 34,
    "strokeCount" : 7,
    "swimStrokeType" : "UNKNOWN",
    "swimAlgorithmType" : "EUCLID"
  }
},{
  "dateTime" : "11/23/23 19:49:18",
  "value" : {
    "lapDurationSec" : 11,
    "strokeCount" : 5,
    "swimStrokeType" : "UNKNOWN",
    "swimAlgorithmType" : "EUCLID"
  }
},{
  "dateTime" : "11/23/23 21:05:01",
  "value" : {
    "lapDurationSec" : 11,
    "strokeCount" : 5,
    "swimStrokeType" : "UNKNOWN",
    "swimAlgorithmType" : "EUCLID"
  }
},{
  "dateTime" : "11/23/23 21:10:39",
  "value" : {
    "lapDurationSec" : 23,
    "strokeCount" : 8,
    "swimStrokeType" : "UNKNOWN",
    "swimAlgorithmType" : "EUCLID"
  }
},{
  "dateTime" : "11/23/23 22:04:12",
  "value" : {
    "lapDurationSec" : 9,
    "strokeCount" : 5,
    "swimStrokeType" : "UNKNOWN",
    "swimAlgorithmType" : "EUCLID"
  }
},{
  "dateTime" : "11/23/23 22:35:38",
  "value" : {
    "lapDurationSec" : 9,
    "strokeCount" : 5,
    "swimStrokeType" : "UNKNOWN",
    "swimAlgorithmType" : "EUCLID"
  }
},{
  "dateTime" : "11/24/23 13:56:32",
  "value" : {
    "lapDurationSec" : 19,
    "strokeCount" : 7,
    "swimStrokeType" : "UNKNOWN",
    "swimAlgorithmType" : "EUCLID"
  }
},{
  "dateTime" : "11/24/23 17:44:44",
  "value" : {
    "lapDurationSec" : 15,
    "strokeCount" : 7,
    "swimStrokeType" : "UNKNOWN",
    "swimAlgorithmType" : "EUCLID"
  }
},{
  "dateTime" : "11/24/23 18:15:29",
  "value" : {
    "lapDurationSec" : 19,
    "strokeCount" : 7,
    "swimStrokeType" : "UNKNOWN",
    "swimAlgorithmType" : "EUCLID"
  }
},{
  "dateTime" : "11/24/23 18:54:21",
  "value" : {
    "lapDurationSec" : 13,
    "strokeCount" : 5,
    "swimStrokeType" : "UNKNOWN",
    "swimAlgorithmType" : "EUCLID"
  }
},{
  "dateTime" : "11/24/23 19:16:15",
  "value" : {
    "lapDurationSec" : 21,
    "strokeCount" : 7,
    "swimStrokeType" : "UNKNOWN",
    "swimAlgorithmType" : "EUCLID"
  }
},{
  "dateTime" : "11/24/23 19:45:34",
  "value" : {
    "lapDurationSec" : 17,
    "strokeCount" : 6,
    "swimStrokeType" : "UNKNOWN",
    "swimAlgorithmType" : "EUCLID"
  }
},{
  "dateTime" : "11/24/23 19:54:28",
  "value" : {
    "lapDurationSec" : 12,
    "strokeCount" : 5,
    "swimStrokeType" : "UNKNOWN",
    "swimAlgorithmType" : "EUCLID"
  }
},{
  "dateTime" : "11/24/23 22:49:33",
  "value" : {
    "lapDurationSec" : 12,
    "strokeCount" : 5,
    "swimStrokeType" : "UNKNOWN",
    "swimAlgorithmType" : "EUCLID"
  }
},{
  "dateTime" : "11/24/23 23:41:20",
  "value" : {
    "lapDurationSec" : 13,
    "strokeCount" : 5,
    "swimStrokeType" : "UNKNOWN",
    "swimAlgorithmType" : "EUCLID"
  }
},{
  "dateTime" : "11/25/23 00:11:38",
  "value" : {
    "lapDurationSec" : 14,
    "strokeCount" : 9,
    "swimStrokeType" : "UNKNOWN",
    "swimAlgorithmType" : "EUCLID"
  }
},{
  "dateTime" : "11/25/23 23:17:37",
  "value" : {
    "lapDurationSec" : 10,
    "strokeCount" : 5,
    "swimStrokeType" : "UNKNOWN",
    "swimAlgorithmType" : "EUCLID"
  }
},{
  "dateTime" : "11/25/23 23:23:42",
  "value" : {
    "lapDurationSec" : 13,
    "strokeCount" : 5,
    "swimStrokeType" : "UNKNOWN",
    "swimAlgorithmType" : "EUCLID"
  }
},{
  "dateTime" : "11/25/23 23:41:56",
  "value" : {
    "lapDurationSec" : 19,
    "strokeCount" : 5,
    "swimStrokeType" : "UNKNOWN",
    "swimAlgorithmType" : "EUCLID"
  }
},{
  "dateTime" : "11/26/23 18:03:37",
  "value" : {
    "lapDurationSec" : 12,
    "strokeCount" : 5,
    "swimStrokeType" : "UNKNOWN",
    "swimAlgorithmType" : "EUCLID"
  }
},{
  "dateTime" : "11/26/23 18:04:01",
  "value" : {
    "lapDurationSec" : 7,
    "strokeCount" : 5,
    "swimStrokeType" : "UNKNOWN",
    "swimAlgorithmType" : "EUCLID"
  }
},{
  "dateTime" : "11/26/23 18:19:28",
  "value" : {
    "lapDurationSec" : 21,
    "strokeCount" : 6,
    "swimStrokeType" : "UNKNOWN",
    "swimAlgorithmType" : "EUCLID"
  }
},{
  "dateTime" : "11/26/23 18:43:32",
  "value" : {
    "lapDurationSec" : 12,
    "strokeCount" : 5,
    "swimStrokeType" : "UNKNOWN",
    "swimAlgorithmType" : "EUCLID"
  }
},{
  "dateTime" : "11/26/23 18:45:01",
  "value" : {
    "lapDurationSec" : 20,
    "strokeCount" : 5,
    "swimStrokeType" : "UNKNOWN",
    "swimAlgorithmType" : "EUCLID"
  }
},{
  "dateTime" : "11/26/23 18:47:54",
  "value" : {
    "lapDurationSec" : 18,
    "strokeCount" : 5,
    "swimStrokeType" : "UNKNOWN",
    "swimAlgorithmType" : "EUCLID"
  }
},{
  "dateTime" : "11/26/23 19:03:56",
  "value" : {
    "lapDurationSec" : 31,
    "strokeCount" : 6,
    "swimStrokeType" : "UNKNOWN",
    "swimAlgorithmType" : "EUCLID"
  }
},{
  "dateTime" : "11/26/23 19:05:51",
  "value" : {
    "lapDurationSec" : 25,
    "strokeCount" : 5,
    "swimStrokeType" : "UNKNOWN",
    "swimAlgorithmType" : "EUCLID"
  }
},{
  "dateTime" : "11/26/23 19:12:00",
  "value" : {
    "lapDurationSec" : 38,
    "strokeCount" : 7,
    "swimStrokeType" : "UNKNOWN",
    "swimAlgorithmType" : "EUCLID"
  }
},{
  "dateTime" : "11/26/23 19:12:55",
  "value" : {
    "lapDurationSec" : 40,
    "strokeCount" : 8,
    "swimStrokeType" : "UNKNOWN",
    "swimAlgorithmType" : "EUCLID"
  }
},{
  "dateTime" : "11/26/23 19:17:48",
  "value" : {
    "lapDurationSec" : 43,
    "strokeCount" : 9,
    "swimStrokeType" : "UNKNOWN",
    "swimAlgorithmType" : "EUCLID"
  }
},{
  "dateTime" : "11/26/23 21:02:44",
  "value" : {
    "lapDurationSec" : 12,
    "strokeCount" : 6,
    "swimStrokeType" : "UNKNOWN",
    "swimAlgorithmType" : "EUCLID"
  }
},{
  "dateTime" : "11/26/23 21:04:54",
  "value" : {
    "lapDurationSec" : 23,
    "strokeCount" : 7,
    "swimStrokeType" : "UNKNOWN",
    "swimAlgorithmType" : "EUCLID"
  }
},{
  "dateTime" : "11/26/23 21:06:16",
  "value" : {
    "lapDurationSec" : 15,
    "strokeCount" : 6,
    "swimStrokeType" : "UNKNOWN",
    "swimAlgorithmType" : "EUCLID"
  }
},{
  "dateTime" : "11/26/23 21:29:34",
  "value" : {
    "lapDurationSec" : 13,
    "strokeCount" : 5,
    "swimStrokeType" : "UNKNOWN",
    "swimAlgorithmType" : "EUCLID"
  }
},{
  "dateTime" : "11/26/23 21:36:19",
  "value" : {
    "lapDurationSec" : 14,
    "strokeCount" : 5,
    "swimStrokeType" : "UNKNOWN",
    "swimAlgorithmType" : "EUCLID"
  }
},{
  "dateTime" : "11/27/23 03:17:27",
  "value" : {
    "lapDurationSec" : 8,
    "strokeCount" : 5,
    "swimStrokeType" : "UNKNOWN",
    "swimAlgorithmType" : "EUCLID"
  }
},{
  "dateTime" : "11/28/23 01:53:41",
  "value" : {
    "lapDurationSec" : 16,
    "strokeCount" : 9,
    "swimStrokeType" : "UNKNOWN",
    "swimAlgorithmType" : "EUCLID"
  }
},{
  "dateTime" : "11/28/23 15:07:35",
  "value" : {
    "lapDurationSec" : 11,
    "strokeCount" : 5,
    "swimStrokeType" : "UNKNOWN",
    "swimAlgorithmType" : "EUCLID"
  }
},{
  "dateTime" : "11/28/23 15:09:56",
  "value" : {
    "lapDurationSec" : 18,
    "strokeCount" : 5,
    "swimStrokeType" : "UNKNOWN",
    "swimAlgorithmType" : "EUCLID"
  }
},{
  "dateTime" : "11/29/23 23:27:48",
  "value" : {
    "lapDurationSec" : 21,
    "strokeCount" : 8,
    "swimStrokeType" : "UNKNOWN",
    "swimAlgorithmType" : "EUCLID"
  }
},{
  "dateTime" : "11/29/23 23:37:37",
  "value" : {
    "lapDurationSec" : 17,
    "strokeCount" : 5,
    "swimStrokeType" : "UNKNOWN",
    "swimAlgorithmType" : "EUCLID"
  }
},{
  "dateTime" : "11/29/23 23:43:42",
  "value" : {
    "lapDurationSec" : 23,
    "strokeCount" : 6,
    "swimStrokeType" : "UNKNOWN",
    "swimAlgorithmType" : "EUCLID"
  }
},{
  "dateTime" : "11/30/23 00:11:16",
  "value" : {
    "lapDurationSec" : 22,
    "strokeCount" : 7,
    "swimStrokeType" : "UNKNOWN",
    "swimAlgorithmType" : "EUCLID"
  }
},{
  "dateTime" : "11/30/23 20:18:10",
  "value" : {
    "lapDurationSec" : 11,
    "strokeCount" : 5,
    "swimStrokeType" : "UNKNOWN",
    "swimAlgorithmType" : "EUCLID"
  }
},{
  "dateTime" : "12/01/23 22:48:52",
  "value" : {
    "lapDurationSec" : 14,
    "strokeCount" : 5,
    "swimStrokeType" : "UNKNOWN",
    "swimAlgorithmType" : "EUCLID"
  }
},{
  "dateTime" : "12/02/23 01:10:18",
  "value" : {
    "lapDurationSec" : 8,
    "strokeCount" : 7,
    "swimStrokeType" : "UNKNOWN",
    "swimAlgorithmType" : "EUCLID"
  }
},{
  "dateTime" : "12/02/23 17:48:13",
  "value" : {
    "lapDurationSec" : 11,
    "strokeCount" : 5,
    "swimStrokeType" : "UNKNOWN",
    "swimAlgorithmType" : "EUCLID"
  }
},{
  "dateTime" : "12/02/23 17:55:51",
  "value" : {
    "lapDurationSec" : 12,
    "strokeCount" : 5,
    "swimStrokeType" : "UNKNOWN",
    "swimAlgorithmType" : "EUCLID"
  }
},{
  "dateTime" : "12/02/23 18:00:16",
  "value" : {
    "lapDurationSec" : 17,
    "strokeCount" : 5,
    "swimStrokeType" : "UNKNOWN",
    "swimAlgorithmType" : "EUCLID"
  }
},{
  "dateTime" : "12/02/23 18:23:05",
  "value" : {
    "lapDurationSec" : 50,
    "strokeCount" : 5,
    "swimStrokeType" : "UNKNOWN",
    "swimAlgorithmType" : "EUCLID"
  }
},{
  "dateTime" : "12/02/23 18:25:45",
  "value" : {
    "lapDurationSec" : 43,
    "strokeCount" : 7,
    "swimStrokeType" : "UNKNOWN",
    "swimAlgorithmType" : "EUCLID"
  }
},{
  "dateTime" : "12/02/23 18:29:32",
  "value" : {
    "lapDurationSec" : 41,
    "strokeCount" : 5,
    "swimStrokeType" : "UNKNOWN",
    "swimAlgorithmType" : "EUCLID"
  }
},{
  "dateTime" : "12/02/23 18:33:41",
  "value" : {
    "lapDurationSec" : 40,
    "strokeCount" : 5,
    "swimStrokeType" : "UNKNOWN",
    "swimAlgorithmType" : "EUCLID"
  }
},{
  "dateTime" : "12/02/23 18:37:55",
  "value" : {
    "lapDurationSec" : 50,
    "strokeCount" : 6,
    "swimStrokeType" : "UNKNOWN",
    "swimAlgorithmType" : "EUCLID"
  }
},{
  "dateTime" : "12/02/23 18:40:27",
  "value" : {
    "lapDurationSec" : 45,
    "strokeCount" : 5,
    "swimStrokeType" : "UNKNOWN",
    "swimAlgorithmType" : "EUCLID"
  }
},{
  "dateTime" : "12/02/23 18:43:26",
  "value" : {
    "lapDurationSec" : 55,
    "strokeCount" : 7,
    "swimStrokeType" : "UNKNOWN",
    "swimAlgorithmType" : "EUCLID"
  }
},{
  "dateTime" : "12/02/23 18:44:24",
  "value" : {
    "lapDurationSec" : 55,
    "strokeCount" : 10,
    "swimStrokeType" : "UNKNOWN",
    "swimAlgorithmType" : "EUCLID"
  }
},{
  "dateTime" : "12/02/23 18:51:15",
  "value" : {
    "lapDurationSec" : 29,
    "strokeCount" : 5,
    "swimStrokeType" : "UNKNOWN",
    "swimAlgorithmType" : "EUCLID"
  }
},{
  "dateTime" : "12/02/23 18:53:29",
  "value" : {
    "lapDurationSec" : 23,
    "strokeCount" : 8,
    "swimStrokeType" : "UNKNOWN",
    "swimAlgorithmType" : "EUCLID"
  }
},{
  "dateTime" : "12/02/23 18:57:38",
  "value" : {
    "lapDurationSec" : 25,
    "strokeCount" : 6,
    "swimStrokeType" : "UNKNOWN",
    "swimAlgorithmType" : "EUCLID"
  }
},{
  "dateTime" : "12/02/23 19:04:20",
  "value" : {
    "lapDurationSec" : 39,
    "strokeCount" : 7,
    "swimStrokeType" : "UNKNOWN",
    "swimAlgorithmType" : "EUCLID"
  }
},{
  "dateTime" : "12/02/23 19:10:01",
  "value" : {
    "lapDurationSec" : 32,
    "strokeCount" : 7,
    "swimStrokeType" : "UNKNOWN",
    "swimAlgorithmType" : "EUCLID"
  }
},{
  "dateTime" : "12/02/23 19:47:16",
  "value" : {
    "lapDurationSec" : 19,
    "strokeCount" : 5,
    "swimStrokeType" : "UNKNOWN",
    "swimAlgorithmType" : "EUCLID"
  }
},{
  "dateTime" : "12/02/23 19:49:07",
  "value" : {
    "lapDurationSec" : 23,
    "strokeCount" : 5,
    "swimStrokeType" : "UNKNOWN",
    "swimAlgorithmType" : "EUCLID"
  }
},{
  "dateTime" : "12/02/23 20:17:27",
  "value" : {
    "lapDurationSec" : 14,
    "strokeCount" : 5,
    "swimStrokeType" : "UNKNOWN",
    "swimAlgorithmType" : "EUCLID"
  }
},{
  "dateTime" : "12/02/23 23:41:28",
  "value" : {
    "lapDurationSec" : 8,
    "strokeCount" : 6,
    "swimStrokeType" : "UNKNOWN",
    "swimAlgorithmType" : "EUCLID"
  }
},{
  "dateTime" : "12/03/23 18:52:46",
  "value" : {
    "lapDurationSec" : 16,
    "strokeCount" : 6,
    "swimStrokeType" : "UNKNOWN",
    "swimAlgorithmType" : "EUCLID"
  }
},{
  "dateTime" : "12/03/23 22:40:48",
  "value" : {
    "lapDurationSec" : 17,
    "strokeCount" : 5,
    "swimStrokeType" : "UNKNOWN",
    "swimAlgorithmType" : "EUCLID"
  }
},{
  "dateTime" : "12/03/23 22:43:41",
  "value" : {
    "lapDurationSec" : 14,
    "strokeCount" : 6,
    "swimStrokeType" : "UNKNOWN",
    "swimAlgorithmType" : "EUCLID"
  }
},{
  "dateTime" : "12/03/23 22:49:35",
  "value" : {
    "lapDurationSec" : 20,
    "strokeCount" : 8,
    "swimStrokeType" : "UNKNOWN",
    "swimAlgorithmType" : "EUCLID"
  }
},{
  "dateTime" : "12/03/23 23:55:43",
  "value" : {
    "lapDurationSec" : 15,
    "strokeCount" : 6,
    "swimStrokeType" : "UNKNOWN",
    "swimAlgorithmType" : "EUCLID"
  }
},{
  "dateTime" : "12/04/23 00:02:41",
  "value" : {
    "lapDurationSec" : 19,
    "strokeCount" : 5,
    "swimStrokeType" : "UNKNOWN",
    "swimAlgorithmType" : "EUCLID"
  }
},{
  "dateTime" : "12/04/23 00:04:07",
  "value" : {
    "lapDurationSec" : 42,
    "strokeCount" : 9,
    "swimStrokeType" : "UNKNOWN",
    "swimAlgorithmType" : "EUCLID"
  }
},{
  "dateTime" : "12/04/23 00:05:21",
  "value" : {
    "lapDurationSec" : 38,
    "strokeCount" : 7,
    "swimStrokeType" : "UNKNOWN",
    "swimAlgorithmType" : "EUCLID"
  }
},{
  "dateTime" : "12/04/23 00:06:05",
  "value" : {
    "lapDurationSec" : 16,
    "strokeCount" : 5,
    "swimStrokeType" : "UNKNOWN",
    "swimAlgorithmType" : "EUCLID"
  }
},{
  "dateTime" : "12/04/23 00:11:28",
  "value" : {
    "lapDurationSec" : 21,
    "strokeCount" : 6,
    "swimStrokeType" : "UNKNOWN",
    "swimAlgorithmType" : "EUCLID"
  }
},{
  "dateTime" : "12/04/23 00:13:20",
  "value" : {
    "lapDurationSec" : 38,
    "strokeCount" : 6,
    "swimStrokeType" : "UNKNOWN",
    "swimAlgorithmType" : "EUCLID"
  }
},{
  "dateTime" : "12/04/23 00:14:29",
  "value" : {
    "lapDurationSec" : 29,
    "strokeCount" : 7,
    "swimStrokeType" : "UNKNOWN",
    "swimAlgorithmType" : "EUCLID"
  }
},{
  "dateTime" : "12/04/23 22:30:37",
  "value" : {
    "lapDurationSec" : 10,
    "strokeCount" : 5,
    "swimStrokeType" : "UNKNOWN",
    "swimAlgorithmType" : "EUCLID"
  }
},{
  "dateTime" : "12/09/23 23:47:08",
  "value" : {
    "lapDurationSec" : 10,
    "strokeCount" : 5,
    "swimStrokeType" : "UNKNOWN",
    "swimAlgorithmType" : "EUCLID"
  }
}]