[{
  "dateTime" : "11/13/23 00:00:00",
  "value" : "6"
},{
  "dateTime" : "11/14/23 00:00:00",
  "value" : "2"
},{
  "dateTime" : "11/15/23 00:00:00",
  "value" : "209"
},{
  "dateTime" : "11/16/23 00:00:00",
  "value" : "118"
},{
  "dateTime" : "11/17/23 00:00:00",
  "value" : "9"
},{
  "dateTime" : "11/18/23 00:00:00",
  "value" : "4"
},{
  "dateTime" : "11/19/23 00:00:00",
  "value" : "2"
},{
  "dateTime" : "11/20/23 00:00:00",
  "value" : "0"
},{
  "dateTime" : "11/21/23 00:00:00",
  "value" : "10"
},{
  "dateTime" : "11/22/23 00:00:00",
  "value" : "249"
},{
  "dateTime" : "11/23/23 00:00:00",
  "value" : "0"
},{
  "dateTime" : "11/24/23 00:00:00",
  "value" : "11"
},{
  "dateTime" : "11/25/23 00:00:00",
  "value" : "2"
},{
  "dateTime" : "11/26/23 00:00:00",
  "value" : "76"
},{
  "dateTime" : "11/27/23 00:00:00",
  "value" : "40"
},{
  "dateTime" : "11/28/23 00:00:00",
  "value" : "2"
},{
  "dateTime" : "11/29/23 00:00:00",
  "value" : "14"
},{
  "dateTime" : "11/30/23 00:00:00",
  "value" : "0"
},{
  "dateTime" : "12/01/23 00:00:00",
  "value" : "5"
},{
  "dateTime" : "12/02/23 00:00:00",
  "value" : "3"
},{
  "dateTime" : "12/03/23 00:00:00",
  "value" : "69"
},{
  "dateTime" : "12/04/23 00:00:00",
  "value" : "17"
},{
  "dateTime" : "12/05/23 00:00:00",
  "value" : "0"
},{
  "dateTime" : "12/06/23 00:00:00",
  "value" : "0"
},{
  "dateTime" : "12/07/23 00:00:00",
  "value" : "0"
},{
  "dateTime" : "12/08/23 00:00:00",
  "value" : "0"
},{
  "dateTime" : "12/09/23 00:00:00",
  "value" : "0"
},{
  "dateTime" : "12/10/23 00:00:00",
  "value" : "0"
},{
  "dateTime" : "12/11/23 00:00:00",
  "value" : "4"
},{
  "dateTime" : "12/12/23 00:00:00",
  "value" : "0"
}]