[{
  "dateTime" : "11/07/24 00:00:00",
  "value" : "0"
},{
  "dateTime" : "11/08/24 00:00:00",
  "value" : "2"
},{
  "dateTime" : "11/09/24 00:00:00",
  "value" : "8"
},{
  "dateTime" : "11/10/24 00:00:00",
  "value" : "0"
},{
  "dateTime" : "11/11/24 00:00:00",
  "value" : "0"
},{
  "dateTime" : "11/12/24 00:00:00",
  "value" : "25"
},{
  "dateTime" : "11/13/24 00:00:00",
  "value" : "0"
},{
  "dateTime" : "11/14/24 00:00:00",
  "value" : "0"
},{
  "dateTime" : "11/15/24 00:00:00",
  "value" : "24"
},{
  "dateTime" : "11/16/24 00:00:00",
  "value" : "0"
},{
  "dateTime" : "11/17/24 00:00:00",
  "value" : "0"
},{
  "dateTime" : "11/18/24 00:00:00",
  "value" : "34"
},{
  "dateTime" : "11/19/24 00:00:00",
  "value" : "43"
},{
  "dateTime" : "11/20/24 00:00:00",
  "value" : "0"
},{
  "dateTime" : "11/21/24 00:00:00",
  "value" : "0"
},{
  "dateTime" : "11/22/24 00:00:00",
  "value" : "0"
},{
  "dateTime" : "11/23/24 00:00:00",
  "value" : "0"
},{
  "dateTime" : "11/24/24 00:00:00",
  "value" : "0"
},{
  "dateTime" : "11/25/24 00:00:00",
  "value" : "0"
},{
  "dateTime" : "11/26/24 00:00:00",
  "value" : "0"
},{
  "dateTime" : "11/27/24 00:00:00",
  "value" : "0"
},{
  "dateTime" : "11/28/24 00:00:00",
  "value" : "0"
},{
  "dateTime" : "11/29/24 00:00:00",
  "value" : "0"
},{
  "dateTime" : "11/30/24 00:00:00",
  "value" : "0"
},{
  "dateTime" : "12/01/24 00:00:00",
  "value" : "0"
},{
  "dateTime" : "12/02/24 00:00:00",
  "value" : "0"
},{
  "dateTime" : "12/03/24 00:00:00",
  "value" : "0"
},{
  "dateTime" : "12/04/24 00:00:00",
  "value" : "0"
},{
  "dateTime" : "12/05/24 00:00:00",
  "value" : "0"
},{
  "dateTime" : "12/06/24 00:00:00",
  "value" : "0"
}]