type,frequency,target,result,status,is_primary,start_date,end_date,created_on,edited_on
CALORIES_BURNED_GOAL,DAILY,2797.0,81.0,INPROGRESS_SO_FAR_MISSED,false,2023-09-02,2023-09-03,2023-04-18T21:55:08.000+00:00,null
STEPS_GOAL,DAILY,10000.0,0.0,INPROGRESS_SO_FAR_MISSED,false,2023-09-02,2023-09-03,2023-04-18T21:55:08.000+00:00,null
FLOORS_CLIMBED_GOAL,DAILY,10.0,0.0,INPROGRESS_SO_FAR_MISSED,false,2023-09-02,2023-09-03,2023-04-18T21:55:08.000+00:00,null
DISTANCE_FROM_STEPS_GOAL,DAILY,5.0,0.0,INPROGRESS_SO_FAR_MISSED,false,2023-09-02,2023-09-03,2023-04-18T21:55:08.000+00:00,null
ACTIVE_MINUTES_GOAL,DAILY,30.0,0.0,INPROGRESS_SO_FAR_MISSED,false,2023-09-02,2023-09-03,2023-04-18T21:55:08.000+00:00,null
STEPS_GOAL,WEEKLY,70000.0,28845.0,INPROGRESS_SO_FAR_MISSED,true,2023-08-27,2023-09-03,2023-04-18T21:55:08.000+00:00,null
DISTANCE_FROM_STEPS_GOAL,WEEKLY,35.0,13.018,INPROGRESS_SO_FAR_MISSED,false,2023-08-27,2023-09-03,2023-04-18T21:55:08.000+00:00,null
FLOORS_CLIMBED_GOAL,WEEKLY,70.0,67.0,INPROGRESS_SO_FAR_MISSED,false,2023-08-27,2023-09-03,2023-04-18T21:55:08.000+00:00,null
CALORIES_BURNED_GOAL,WEEKLY,19579.0,17825.0,INPROGRESS_SO_FAR_MISSED,false,2023-08-27,2023-09-03,2023-04-18T21:55:08.000+00:00,null
WATER_GOAL,DAILY,1893.0,0.0,INPROGRESS_SO_FAR_MISSED,false,2023-04-16,2023-04-23,2023-04-18T21:55:08.000+00:00,null