[{
  "dateTime" : "08/15/23 00:00:00",
  "value" : "0"
},{
  "dateTime" : "08/16/23 00:00:00",
  "value" : "0"
},{
  "dateTime" : "08/17/23 00:00:00",
  "value" : "17"
},{
  "dateTime" : "08/18/23 00:00:00",
  "value" : "8"
},{
  "dateTime" : "08/19/23 00:00:00",
  "value" : "29"
},{
  "dateTime" : "08/20/23 00:00:00",
  "value" : "0"
},{
  "dateTime" : "08/21/23 00:00:00",
  "value" : "0"
},{
  "dateTime" : "08/22/23 00:00:00",
  "value" : "0"
},{
  "dateTime" : "08/23/23 00:00:00",
  "value" : "0"
},{
  "dateTime" : "08/24/23 00:00:00",
  "value" : "0"
},{
  "dateTime" : "08/25/23 00:00:00",
  "value" : "0"
},{
  "dateTime" : "08/26/23 00:00:00",
  "value" : "0"
},{
  "dateTime" : "08/27/23 00:00:00",
  "value" : "0"
},{
  "dateTime" : "08/28/23 00:00:00",
  "value" : "0"
},{
  "dateTime" : "08/29/23 00:00:00",
  "value" : "0"
},{
  "dateTime" : "08/30/23 00:00:00",
  "value" : "0"
},{
  "dateTime" : "08/31/23 00:00:00",
  "value" : "0"
},{
  "dateTime" : "09/01/23 00:00:00",
  "value" : "0"
},{
  "dateTime" : "09/02/23 00:00:00",
  "value" : "0"
},{
  "dateTime" : "09/03/23 00:00:00",
  "value" : "0"
},{
  "dateTime" : "09/04/23 00:00:00",
  "value" : "0"
},{
  "dateTime" : "09/05/23 00:00:00",
  "value" : "0"
},{
  "dateTime" : "09/06/23 00:00:00",
  "value" : "0"
},{
  "dateTime" : "09/07/23 00:00:00",
  "value" : "0"
},{
  "dateTime" : "09/08/23 00:00:00",
  "value" : "0"
},{
  "dateTime" : "09/09/23 00:00:00",
  "value" : "0"
},{
  "dateTime" : "09/10/23 00:00:00",
  "value" : "0"
},{
  "dateTime" : "09/11/23 00:00:00",
  "value" : "0"
},{
  "dateTime" : "09/12/23 00:00:00",
  "value" : "0"
},{
  "dateTime" : "09/13/23 00:00:00",
  "value" : "0"
}]