[{
  "logId" : 42473537502,
  "dateOfSleep" : "2023-08-19",
  "startTime" : "2023-08-18T23:40:30.000",
  "endTime" : "2023-08-19T06:24:30.000",
  "duration" : 24240000,
  "minutesToFallAsleep" : 0,
  "minutesAsleep" : 350,
  "minutesAwake" : 54,
  "minutesAfterWakeup" : 0,
  "timeInBed" : 404,
  "efficiency" : 86,
  "type" : "stages",
  "infoCode" : 0,
  "logType" : "auto_detected",
  "levels" : {
    "summary" : {
      "deep" : {
        "count" : 1,
        "minutes" : 67,
        "thirtyDayAvgMinutes" : 56
      },
      "wake" : {
        "count" : 25,
        "minutes" : 54,
        "thirtyDayAvgMinutes" : 63
      },
      "light" : {
        "count" : 22,
        "minutes" : 206,
        "thirtyDayAvgMinutes" : 309
      },
      "rem" : {
        "count" : 10,
        "minutes" : 77,
        "thirtyDayAvgMinutes" : 54
      }
    },
    "data" : [{
      "dateTime" : "2023-08-18T23:40:30.000",
      "level" : "light",
      "seconds" : 570
    },{
      "dateTime" : "2023-08-18T23:50:00.000",
      "level" : "deep",
      "seconds" : 4080
    },{
      "dateTime" : "2023-08-19T00:58:00.000",
      "level" : "light",
      "seconds" : 630
    },{
      "dateTime" : "2023-08-19T01:08:30.000",
      "level" : "rem",
      "seconds" : 270
    },{
      "dateTime" : "2023-08-19T01:13:00.000",
      "level" : "light",
      "seconds" : 870
    },{
      "dateTime" : "2023-08-19T01:27:30.000",
      "level" : "wake",
      "seconds" : 1290
    },{
      "dateTime" : "2023-08-19T01:49:00.000",
      "level" : "light",
      "seconds" : 540
    },{
      "dateTime" : "2023-08-19T01:58:00.000",
      "level" : "wake",
      "seconds" : 330
    },{
      "dateTime" : "2023-08-19T02:03:30.000",
      "level" : "light",
      "seconds" : 3270
    },{
      "dateTime" : "2023-08-19T02:58:00.000",
      "level" : "rem",
      "seconds" : 3900
    },{
      "dateTime" : "2023-08-19T04:03:00.000",
      "level" : "light",
      "seconds" : 5190
    },{
      "dateTime" : "2023-08-19T05:29:30.000",
      "level" : "rem",
      "seconds" : 810
    },{
      "dateTime" : "2023-08-19T05:43:00.000",
      "level" : "light",
      "seconds" : 2490
    }],
    "shortData" : [{
      "dateTime" : "2023-08-19T00:56:30.000",
      "level" : "wake",
      "seconds" : 90
    },{
      "dateTime" : "2023-08-19T02:41:30.000",
      "level" : "wake",
      "seconds" : 30
    },{
      "dateTime" : "2023-08-19T03:00:00.000",
      "level" : "wake",
      "seconds" : 60
    },{
      "dateTime" : "2023-08-19T03:05:30.000",
      "level" : "wake",
      "seconds" : 30
    },{
      "dateTime" : "2023-08-19T03:08:00.000",
      "level" : "wake",
      "seconds" : 30
    },{
      "dateTime" : "2023-08-19T03:10:30.000",
      "level" : "wake",
      "seconds" : 60
    },{
      "dateTime" : "2023-08-19T03:23:30.000",
      "level" : "wake",
      "seconds" : 60
    },{
      "dateTime" : "2023-08-19T03:33:00.000",
      "level" : "wake",
      "seconds" : 30
    },{
      "dateTime" : "2023-08-19T03:54:30.000",
      "level" : "wake",
      "seconds" : 90
    },{
      "dateTime" : "2023-08-19T04:04:00.000",
      "level" : "wake",
      "seconds" : 150
    },{
      "dateTime" : "2023-08-19T04:12:30.000",
      "level" : "wake",
      "seconds" : 30
    },{
      "dateTime" : "2023-08-19T04:21:00.000",
      "level" : "wake",
      "seconds" : 60
    },{
      "dateTime" : "2023-08-19T04:36:30.000",
      "level" : "wake",
      "seconds" : 150
    },{
      "dateTime" : "2023-08-19T04:41:30.000",
      "level" : "wake",
      "seconds" : 60
    },{
      "dateTime" : "2023-08-19T04:49:30.000",
      "level" : "wake",
      "seconds" : 150
    },{
      "dateTime" : "2023-08-19T05:03:30.000",
      "level" : "wake",
      "seconds" : 30
    },{
      "dateTime" : "2023-08-19T05:11:30.000",
      "level" : "wake",
      "seconds" : 30
    },{
      "dateTime" : "2023-08-19T05:26:30.000",
      "level" : "wake",
      "seconds" : 150
    },{
      "dateTime" : "2023-08-19T05:43:30.000",
      "level" : "wake",
      "seconds" : 30
    },{
      "dateTime" : "2023-08-19T05:53:00.000",
      "level" : "wake",
      "seconds" : 60
    },{
      "dateTime" : "2023-08-19T05:57:30.000",
      "level" : "wake",
      "seconds" : 30
    },{
      "dateTime" : "2023-08-19T06:09:00.000",
      "level" : "wake",
      "seconds" : 150
    },{
      "dateTime" : "2023-08-19T06:13:00.000",
      "level" : "wake",
      "seconds" : 90
    }]
  },
  "mainSleep" : true
},{
  "logId" : 42458643942,
  "dateOfSleep" : "2023-08-18",
  "startTime" : "2023-08-17T22:23:00.000",
  "endTime" : "2023-08-18T05:30:30.000",
  "duration" : 25620000,
  "minutesToFallAsleep" : 0,
  "minutesAsleep" : 376,
  "minutesAwake" : 51,
  "minutesAfterWakeup" : 0,
  "timeInBed" : 427,
  "efficiency" : 89,
  "type" : "stages",
  "infoCode" : 0,
  "logType" : "auto_detected",
  "levels" : {
    "summary" : {
      "deep" : {
        "count" : 6,
        "minutes" : 61,
        "thirtyDayAvgMinutes" : 53
      },
      "wake" : {
        "count" : 17,
        "minutes" : 51,
        "thirtyDayAvgMinutes" : 69
      },
      "light" : {
        "count" : 21,
        "minutes" : 258,
        "thirtyDayAvgMinutes" : 335
      },
      "rem" : {
        "count" : 4,
        "minutes" : 57,
        "thirtyDayAvgMinutes" : 53
      }
    },
    "data" : [{
      "dateTime" : "2023-08-17T22:23:00.000",
      "level" : "light",
      "seconds" : 1950
    },{
      "dateTime" : "2023-08-17T22:55:30.000",
      "level" : "deep",
      "seconds" : 1440
    },{
      "dateTime" : "2023-08-17T23:19:30.000",
      "level" : "light",
      "seconds" : 600
    },{
      "dateTime" : "2023-08-17T23:29:30.000",
      "level" : "deep",
      "seconds" : 930
    },{
      "dateTime" : "2023-08-17T23:45:00.000",
      "level" : "light",
      "seconds" : 510
    },{
      "dateTime" : "2023-08-17T23:53:30.000",
      "level" : "wake",
      "seconds" : 1080
    },{
      "dateTime" : "2023-08-18T00:11:30.000",
      "level" : "light",
      "seconds" : 540
    },{
      "dateTime" : "2023-08-18T00:20:30.000",
      "level" : "deep",
      "seconds" : 270
    },{
      "dateTime" : "2023-08-18T00:25:00.000",
      "level" : "light",
      "seconds" : 420
    },{
      "dateTime" : "2023-08-18T00:32:00.000",
      "level" : "deep",
      "seconds" : 270
    },{
      "dateTime" : "2023-08-18T00:36:30.000",
      "level" : "light",
      "seconds" : 270
    },{
      "dateTime" : "2023-08-18T00:41:00.000",
      "level" : "deep",
      "seconds" : 300
    },{
      "dateTime" : "2023-08-18T00:46:00.000",
      "level" : "light",
      "seconds" : 900
    },{
      "dateTime" : "2023-08-18T01:01:00.000",
      "level" : "deep",
      "seconds" : 510
    },{
      "dateTime" : "2023-08-18T01:09:30.000",
      "level" : "wake",
      "seconds" : 510
    },{
      "dateTime" : "2023-08-18T01:18:00.000",
      "level" : "light",
      "seconds" : 2730
    },{
      "dateTime" : "2023-08-18T02:03:30.000",
      "level" : "wake",
      "seconds" : 270
    },{
      "dateTime" : "2023-08-18T02:08:00.000",
      "level" : "light",
      "seconds" : 2100
    },{
      "dateTime" : "2023-08-18T02:43:00.000",
      "level" : "wake",
      "seconds" : 300
    },{
      "dateTime" : "2023-08-18T02:48:00.000",
      "level" : "light",
      "seconds" : 840
    },{
      "dateTime" : "2023-08-18T03:02:00.000",
      "level" : "rem",
      "seconds" : 2250
    },{
      "dateTime" : "2023-08-18T03:39:30.000",
      "level" : "light",
      "seconds" : 5220
    },{
      "dateTime" : "2023-08-18T05:06:30.000",
      "level" : "rem",
      "seconds" : 1290
    },{
      "dateTime" : "2023-08-18T05:28:00.000",
      "level" : "light",
      "seconds" : 150
    }],
    "shortData" : [{
      "dateTime" : "2023-08-17T23:18:30.000",
      "level" : "wake",
      "seconds" : 60
    },{
      "dateTime" : "2023-08-18T02:11:00.000",
      "level" : "wake",
      "seconds" : 120
    },{
      "dateTime" : "2023-08-18T02:57:00.000",
      "level" : "wake",
      "seconds" : 30
    },{
      "dateTime" : "2023-08-18T03:45:30.000",
      "level" : "wake",
      "seconds" : 60
    },{
      "dateTime" : "2023-08-18T03:48:00.000",
      "level" : "wake",
      "seconds" : 150
    },{
      "dateTime" : "2023-08-18T04:34:00.000",
      "level" : "wake",
      "seconds" : 30
    },{
      "dateTime" : "2023-08-18T04:42:30.000",
      "level" : "wake",
      "seconds" : 150
    },{
      "dateTime" : "2023-08-18T04:52:00.000",
      "level" : "wake",
      "seconds" : 60
    },{
      "dateTime" : "2023-08-18T04:58:30.000",
      "level" : "wake",
      "seconds" : 30
    },{
      "dateTime" : "2023-08-18T05:04:30.000",
      "level" : "wake",
      "seconds" : 60
    },{
      "dateTime" : "2023-08-18T05:10:00.000",
      "level" : "wake",
      "seconds" : 60
    },{
      "dateTime" : "2023-08-18T05:16:00.000",
      "level" : "wake",
      "seconds" : 30
    },{
      "dateTime" : "2023-08-18T05:29:00.000",
      "level" : "wake",
      "seconds" : 90
    }]
  },
  "mainSleep" : true
},{
  "logId" : 42450939744,
  "dateOfSleep" : "2023-08-17",
  "startTime" : "2023-08-16T22:20:30.000",
  "endTime" : "2023-08-17T05:44:30.000",
  "duration" : 26640000,
  "minutesToFallAsleep" : 0,
  "minutesAsleep" : 392,
  "minutesAwake" : 52,
  "minutesAfterWakeup" : 1,
  "timeInBed" : 444,
  "efficiency" : 91,
  "type" : "stages",
  "infoCode" : 0,
  "logType" : "auto_detected",
  "levels" : {
    "summary" : {
      "deep" : {
        "count" : 2,
        "minutes" : 33,
        "thirtyDayAvgMinutes" : 73
      },
      "wake" : {
        "count" : 17,
        "minutes" : 52,
        "thirtyDayAvgMinutes" : 86
      },
      "light" : {
        "count" : 17,
        "minutes" : 279,
        "thirtyDayAvgMinutes" : 390
      },
      "rem" : {
        "count" : 5,
        "minutes" : 80,
        "thirtyDayAvgMinutes" : 26
      }
    },
    "data" : [{
      "dateTime" : "2023-08-16T22:20:30.000",
      "level" : "light",
      "seconds" : 510
    },{
      "dateTime" : "2023-08-16T22:29:00.000",
      "level" : "wake",
      "seconds" : 1230
    },{
      "dateTime" : "2023-08-16T22:49:30.000",
      "level" : "light",
      "seconds" : 720
    },{
      "dateTime" : "2023-08-16T23:01:30.000",
      "level" : "deep",
      "seconds" : 390
    },{
      "dateTime" : "2023-08-16T23:08:00.000",
      "level" : "light",
      "seconds" : 360
    },{
      "dateTime" : "2023-08-16T23:14:00.000",
      "level" : "deep",
      "seconds" : 1680
    },{
      "dateTime" : "2023-08-16T23:42:00.000",
      "level" : "light",
      "seconds" : 5820
    },{
      "dateTime" : "2023-08-17T01:19:00.000",
      "level" : "wake",
      "seconds" : 300
    },{
      "dateTime" : "2023-08-17T01:24:00.000",
      "level" : "light",
      "seconds" : 3810
    },{
      "dateTime" : "2023-08-17T02:27:30.000",
      "level" : "rem",
      "seconds" : 360
    },{
      "dateTime" : "2023-08-17T02:33:30.000",
      "level" : "light",
      "seconds" : 3750
    },{
      "dateTime" : "2023-08-17T03:36:00.000",
      "level" : "rem",
      "seconds" : 4500
    },{
      "dateTime" : "2023-08-17T04:51:00.000",
      "level" : "light",
      "seconds" : 2310
    },{
      "dateTime" : "2023-08-17T05:29:30.000",
      "level" : "wake",
      "seconds" : 900
    }],
    "shortData" : [{
      "dateTime" : "2023-08-16T23:40:30.000",
      "level" : "wake",
      "seconds" : 90
    },{
      "dateTime" : "2023-08-16T23:50:30.000",
      "level" : "wake",
      "seconds" : 60
    },{
      "dateTime" : "2023-08-17T00:07:00.000",
      "level" : "wake",
      "seconds" : 90
    },{
      "dateTime" : "2023-08-17T00:24:30.000",
      "level" : "wake",
      "seconds" : 30
    },{
      "dateTime" : "2023-08-17T00:42:00.000",
      "level" : "wake",
      "seconds" : 60
    },{
      "dateTime" : "2023-08-17T01:46:00.000",
      "level" : "wake",
      "seconds" : 60
    },{
      "dateTime" : "2023-08-17T02:46:00.000",
      "level" : "wake",
      "seconds" : 30
    },{
      "dateTime" : "2023-08-17T02:50:00.000",
      "level" : "wake",
      "seconds" : 60
    },{
      "dateTime" : "2023-08-17T04:26:00.000",
      "level" : "wake",
      "seconds" : 30
    },{
      "dateTime" : "2023-08-17T04:36:00.000",
      "level" : "wake",
      "seconds" : 30
    },{
      "dateTime" : "2023-08-17T04:47:30.000",
      "level" : "wake",
      "seconds" : 30
    },{
      "dateTime" : "2023-08-17T05:03:30.000",
      "level" : "wake",
      "seconds" : 60
    },{
      "dateTime" : "2023-08-17T05:07:00.000",
      "level" : "wake",
      "seconds" : 60
    },{
      "dateTime" : "2023-08-17T05:16:00.000",
      "level" : "wake",
      "seconds" : 30
    }]
  },
  "mainSleep" : true
},{
  "logId" : 42445834914,
  "dateOfSleep" : "2023-08-16",
  "startTime" : "2023-08-16T16:38:30.000",
  "endTime" : "2023-08-16T21:06:00.000",
  "duration" : 16020000,
  "minutesToFallAsleep" : 0,
  "minutesAsleep" : 233,
  "minutesAwake" : 34,
  "minutesAfterWakeup" : 0,
  "timeInBed" : 267,
  "efficiency" : 89,
  "type" : "stages",
  "infoCode" : 0,
  "logType" : "auto_detected",
  "levels" : {
    "summary" : {
      "deep" : {
        "count" : 1,
        "minutes" : 8,
        "thirtyDayAvgMinutes" : 0
      },
      "wake" : {
        "count" : 12,
        "minutes" : 34,
        "thirtyDayAvgMinutes" : 0
      },
      "light" : {
        "count" : 12,
        "minutes" : 209,
        "thirtyDayAvgMinutes" : 0
      },
      "rem" : {
        "count" : 3,
        "minutes" : 16,
        "thirtyDayAvgMinutes" : 0
      }
    },
    "data" : [{
      "dateTime" : "2023-08-16T16:38:30.000",
      "level" : "wake",
      "seconds" : 540
    },{
      "dateTime" : "2023-08-16T16:47:30.000",
      "level" : "light",
      "seconds" : 120
    },{
      "dateTime" : "2023-08-16T16:49:30.000",
      "level" : "wake",
      "seconds" : 240
    },{
      "dateTime" : "2023-08-16T16:53:30.000",
      "level" : "light",
      "seconds" : 2040
    },{
      "dateTime" : "2023-08-16T17:27:30.000",
      "level" : "deep",
      "seconds" : 450
    },{
      "dateTime" : "2023-08-16T17:35:00.000",
      "level" : "light",
      "seconds" : 4800
    },{
      "dateTime" : "2023-08-16T18:55:00.000",
      "level" : "wake",
      "seconds" : 420
    },{
      "dateTime" : "2023-08-16T19:02:00.000",
      "level" : "rem",
      "seconds" : 390
    },{
      "dateTime" : "2023-08-16T19:08:30.000",
      "level" : "light",
      "seconds" : 690
    },{
      "dateTime" : "2023-08-16T19:20:00.000",
      "level" : "rem",
      "seconds" : 390
    },{
      "dateTime" : "2023-08-16T19:26:30.000",
      "level" : "light",
      "seconds" : 150
    },{
      "dateTime" : "2023-08-16T19:29:00.000",
      "level" : "wake",
      "seconds" : 390
    },{
      "dateTime" : "2023-08-16T19:35:30.000",
      "level" : "light",
      "seconds" : 5220
    },{
      "dateTime" : "2023-08-16T21:02:30.000",
      "level" : "rem",
      "seconds" : 210
    }],
    "shortData" : [{
      "dateTime" : "2023-08-16T16:56:00.000",
      "level" : "wake",
      "seconds" : 30
    },{
      "dateTime" : "2023-08-16T16:58:30.000",
      "level" : "wake",
      "seconds" : 30
    },{
      "dateTime" : "2023-08-16T17:35:00.000",
      "level" : "wake",
      "seconds" : 90
    },{
      "dateTime" : "2023-08-16T18:13:30.000",
      "level" : "wake",
      "seconds" : 60
    },{
      "dateTime" : "2023-08-16T19:09:30.000",
      "level" : "wake",
      "seconds" : 30
    },{
      "dateTime" : "2023-08-16T19:39:00.000",
      "level" : "wake",
      "seconds" : 30
    },{
      "dateTime" : "2023-08-16T20:03:30.000",
      "level" : "wake",
      "seconds" : 30
    },{
      "dateTime" : "2023-08-16T21:00:00.000",
      "level" : "wake",
      "seconds" : 150
    }]
  },
  "mainSleep" : false
},{
  "logId" : 42435300079,
  "dateOfSleep" : "2023-08-16",
  "startTime" : "2023-08-16T00:39:00.000",
  "endTime" : "2023-08-16T05:47:00.000",
  "duration" : 18480000,
  "minutesToFallAsleep" : 0,
  "minutesAsleep" : 256,
  "minutesAwake" : 52,
  "minutesAfterWakeup" : 0,
  "timeInBed" : 308,
  "efficiency" : 90,
  "type" : "stages",
  "infoCode" : 0,
  "logType" : "auto_detected",
  "levels" : {
    "summary" : {
      "deep" : {
        "count" : 3,
        "minutes" : 65,
        "thirtyDayAvgMinutes" : 0
      },
      "wake" : {
        "count" : 13,
        "minutes" : 52,
        "thirtyDayAvgMinutes" : 0
      },
      "light" : {
        "count" : 14,
        "minutes" : 181,
        "thirtyDayAvgMinutes" : 0
      },
      "rem" : {
        "count" : 2,
        "minutes" : 10,
        "thirtyDayAvgMinutes" : 0
      }
    },
    "data" : [{
      "dateTime" : "2023-08-16T00:39:00.000",
      "level" : "wake",
      "seconds" : 240
    },{
      "dateTime" : "2023-08-16T00:43:00.000",
      "level" : "light",
      "seconds" : 690
    },{
      "dateTime" : "2023-08-16T00:54:30.000",
      "level" : "deep",
      "seconds" : 2460
    },{
      "dateTime" : "2023-08-16T01:35:30.000",
      "level" : "light",
      "seconds" : 390
    },{
      "dateTime" : "2023-08-16T01:42:00.000",
      "level" : "deep",
      "seconds" : 930
    },{
      "dateTime" : "2023-08-16T01:57:30.000",
      "level" : "wake",
      "seconds" : 540
    },{
      "dateTime" : "2023-08-16T02:06:30.000",
      "level" : "light",
      "seconds" : 1140
    },{
      "dateTime" : "2023-08-16T02:25:30.000",
      "level" : "rem",
      "seconds" : 300
    },{
      "dateTime" : "2023-08-16T02:30:30.000",
      "level" : "light",
      "seconds" : 6600
    },{
      "dateTime" : "2023-08-16T04:20:30.000",
      "level" : "deep",
      "seconds" : 510
    },{
      "dateTime" : "2023-08-16T04:29:00.000",
      "level" : "wake",
      "seconds" : 540
    },{
      "dateTime" : "2023-08-16T04:38:00.000",
      "level" : "light",
      "seconds" : 180
    },{
      "dateTime" : "2023-08-16T04:41:00.000",
      "level" : "rem",
      "seconds" : 360
    },{
      "dateTime" : "2023-08-16T04:47:00.000",
      "level" : "light",
      "seconds" : 60
    },{
      "dateTime" : "2023-08-16T04:48:00.000",
      "level" : "wake",
      "seconds" : 360
    },{
      "dateTime" : "2023-08-16T04:54:00.000",
      "level" : "light",
      "seconds" : 2130
    },{
      "dateTime" : "2023-08-16T05:29:30.000",
      "level" : "wake",
      "seconds" : 1050
    }],
    "shortData" : [{
      "dateTime" : "2023-08-16T00:45:30.000",
      "level" : "wake",
      "seconds" : 30
    },{
      "dateTime" : "2023-08-16T02:49:30.000",
      "level" : "wake",
      "seconds" : 30
    },{
      "dateTime" : "2023-08-16T03:29:00.000",
      "level" : "wake",
      "seconds" : 30
    },{
      "dateTime" : "2023-08-16T04:41:00.000",
      "level" : "wake",
      "seconds" : 60
    },{
      "dateTime" : "2023-08-16T04:56:00.000",
      "level" : "wake",
      "seconds" : 60
    },{
      "dateTime" : "2023-08-16T05:00:00.000",
      "level" : "wake",
      "seconds" : 30
    },{
      "dateTime" : "2023-08-16T05:06:00.000",
      "level" : "wake",
      "seconds" : 120
    },{
      "dateTime" : "2023-08-16T05:10:00.000",
      "level" : "wake",
      "seconds" : 60
    }]
  },
  "mainSleep" : true
}]