[{
  "logId" : 42420976974,
  "dateOfSleep" : "2023-08-14",
  "startTime" : "2023-08-14T20:38:00.000",
  "endTime" : "2023-08-14T21:50:30.000",
  "duration" : 4320000,
  "minutesToFallAsleep" : 0,
  "minutesAsleep" : 65,
  "minutesAwake" : 7,
  "minutesAfterWakeup" : 0,
  "timeInBed" : 72,
  "efficiency" : 90,
  "type" : "classic",
  "infoCode" : 2,
  "logType" : "auto_detected",
  "levels" : {
    "summary" : {
      "restless" : {
        "count" : 3,
        "minutes" : 7
      },
      "awake" : {
        "count" : 0,
        "minutes" : 0
      },
      "asleep" : {
        "count" : 0,
        "minutes" : 65
      }
    },
    "data" : [{
      "dateTime" : "2023-08-14T20:38:00.000",
      "level" : "asleep",
      "seconds" : 60
    },{
      "dateTime" : "2023-08-14T20:39:00.000",
      "level" : "restless",
      "seconds" : 240
    },{
      "dateTime" : "2023-08-14T20:43:00.000",
      "level" : "asleep",
      "seconds" : 60
    },{
      "dateTime" : "2023-08-14T20:44:00.000",
      "level" : "restless",
      "seconds" : 120
    },{
      "dateTime" : "2023-08-14T20:46:00.000",
      "level" : "asleep",
      "seconds" : 360
    },{
      "dateTime" : "2023-08-14T20:52:00.000",
      "level" : "restless",
      "seconds" : 60
    },{
      "dateTime" : "2023-08-14T20:53:00.000",
      "level" : "asleep",
      "seconds" : 3420
    }]
  },
  "mainSleep" : false
},{
  "logId" : 42411524934,
  "dateOfSleep" : "2023-08-14",
  "startTime" : "2023-08-14T00:03:30.000",
  "endTime" : "2023-08-14T05:49:30.000",
  "duration" : 20760000,
  "minutesToFallAsleep" : 0,
  "minutesAsleep" : 300,
  "minutesAwake" : 46,
  "minutesAfterWakeup" : 0,
  "timeInBed" : 346,
  "efficiency" : 93,
  "type" : "stages",
  "infoCode" : 0,
  "logType" : "auto_detected",
  "levels" : {
    "summary" : {
      "deep" : {
        "count" : 3,
        "minutes" : 46,
        "thirtyDayAvgMinutes" : 100
      },
      "wake" : {
        "count" : 21,
        "minutes" : 46,
        "thirtyDayAvgMinutes" : 48
      },
      "light" : {
        "count" : 18,
        "minutes" : 226,
        "thirtyDayAvgMinutes" : 210
      },
      "rem" : {
        "count" : 6,
        "minutes" : 28,
        "thirtyDayAvgMinutes" : 96
      }
    },
    "data" : [{
      "dateTime" : "2023-08-14T00:03:30.000",
      "level" : "wake",
      "seconds" : 30
    },{
      "dateTime" : "2023-08-14T00:04:00.000",
      "level" : "light",
      "seconds" : 1710
    },{
      "dateTime" : "2023-08-14T00:32:30.000",
      "level" : "deep",
      "seconds" : 1500
    },{
      "dateTime" : "2023-08-14T00:57:30.000",
      "level" : "light",
      "seconds" : 660
    },{
      "dateTime" : "2023-08-14T01:08:30.000",
      "level" : "deep",
      "seconds" : 1170
    },{
      "dateTime" : "2023-08-14T01:28:00.000",
      "level" : "light",
      "seconds" : 5670
    },{
      "dateTime" : "2023-08-14T03:02:30.000",
      "level" : "wake",
      "seconds" : 810
    },{
      "dateTime" : "2023-08-14T03:16:00.000",
      "level" : "rem",
      "seconds" : 1140
    },{
      "dateTime" : "2023-08-14T03:35:00.000",
      "level" : "light",
      "seconds" : 2100
    },{
      "dateTime" : "2023-08-14T04:10:00.000",
      "level" : "deep",
      "seconds" : 270
    },{
      "dateTime" : "2023-08-14T04:14:30.000",
      "level" : "light",
      "seconds" : 3600
    },{
      "dateTime" : "2023-08-14T05:14:30.000",
      "level" : "wake",
      "seconds" : 570
    },{
      "dateTime" : "2023-08-14T05:24:00.000",
      "level" : "light",
      "seconds" : 240
    },{
      "dateTime" : "2023-08-14T05:28:00.000",
      "level" : "rem",
      "seconds" : 900
    },{
      "dateTime" : "2023-08-14T05:43:00.000",
      "level" : "light",
      "seconds" : 390
    }],
    "shortData" : [{
      "dateTime" : "2023-08-14T00:03:30.000",
      "level" : "wake",
      "seconds" : 30
    },{
      "dateTime" : "2023-08-14T00:06:30.000",
      "level" : "wake",
      "seconds" : 30
    },{
      "dateTime" : "2023-08-14T00:56:00.000",
      "level" : "wake",
      "seconds" : 90
    },{
      "dateTime" : "2023-08-14T01:26:00.000",
      "level" : "wake",
      "seconds" : 120
    },{
      "dateTime" : "2023-08-14T01:30:30.000",
      "level" : "wake",
      "seconds" : 30
    },{
      "dateTime" : "2023-08-14T01:42:30.000",
      "level" : "wake",
      "seconds" : 60
    },{
      "dateTime" : "2023-08-14T01:52:00.000",
      "level" : "wake",
      "seconds" : 30
    },{
      "dateTime" : "2023-08-14T02:42:00.000",
      "level" : "wake",
      "seconds" : 30
    },{
      "dateTime" : "2023-08-14T03:25:00.000",
      "level" : "wake",
      "seconds" : 60
    },{
      "dateTime" : "2023-08-14T03:46:00.000",
      "level" : "wake",
      "seconds" : 180
    },{
      "dateTime" : "2023-08-14T04:25:30.000",
      "level" : "wake",
      "seconds" : 150
    },{
      "dateTime" : "2023-08-14T04:53:30.000",
      "level" : "wake",
      "seconds" : 60
    },{
      "dateTime" : "2023-08-14T04:56:00.000",
      "level" : "wake",
      "seconds" : 30
    },{
      "dateTime" : "2023-08-14T05:02:00.000",
      "level" : "wake",
      "seconds" : 120
    },{
      "dateTime" : "2023-08-14T05:06:30.000",
      "level" : "wake",
      "seconds" : 30
    },{
      "dateTime" : "2023-08-14T05:28:30.000",
      "level" : "wake",
      "seconds" : 120
    },{
      "dateTime" : "2023-08-14T05:32:30.000",
      "level" : "wake",
      "seconds" : 60
    },{
      "dateTime" : "2023-08-14T05:38:30.000",
      "level" : "wake",
      "seconds" : 120
    },{
      "dateTime" : "2023-08-14T05:48:30.000",
      "level" : "wake",
      "seconds" : 60
    }]
  },
  "mainSleep" : true
},{
  "logId" : 42404760801,
  "dateOfSleep" : "2023-08-13",
  "startTime" : "2023-08-13T01:10:30.000",
  "endTime" : "2023-08-13T10:38:30.000",
  "duration" : 34080000,
  "minutesToFallAsleep" : 0,
  "minutesAsleep" : 495,
  "minutesAwake" : 73,
  "minutesAfterWakeup" : 0,
  "timeInBed" : 568,
  "efficiency" : 91,
  "type" : "stages",
  "infoCode" : 0,
  "logType" : "auto_detected",
  "levels" : {
    "summary" : {
      "deep" : {
        "count" : 4,
        "minutes" : 144,
        "thirtyDayAvgMinutes" : 95
      },
      "wake" : {
        "count" : 25,
        "minutes" : 73,
        "thirtyDayAvgMinutes" : 45
      },
      "light" : {
        "count" : 25,
        "minutes" : 238,
        "thirtyDayAvgMinutes" : 207
      },
      "rem" : {
        "count" : 9,
        "minutes" : 113,
        "thirtyDayAvgMinutes" : 94
      }
    },
    "data" : [{
      "dateTime" : "2023-08-13T01:10:30.000",
      "level" : "wake",
      "seconds" : 30
    },{
      "dateTime" : "2023-08-13T01:11:00.000",
      "level" : "light",
      "seconds" : 300
    },{
      "dateTime" : "2023-08-13T01:16:00.000",
      "level" : "deep",
      "seconds" : 2880
    },{
      "dateTime" : "2023-08-13T02:04:00.000",
      "level" : "light",
      "seconds" : 1440
    },{
      "dateTime" : "2023-08-13T02:28:00.000",
      "level" : "deep",
      "seconds" : 900
    },{
      "dateTime" : "2023-08-13T02:43:00.000",
      "level" : "light",
      "seconds" : 1170
    },{
      "dateTime" : "2023-08-13T03:02:30.000",
      "level" : "deep",
      "seconds" : 2700
    },{
      "dateTime" : "2023-08-13T03:47:30.000",
      "level" : "light",
      "seconds" : 270
    },{
      "dateTime" : "2023-08-13T03:52:00.000",
      "level" : "deep",
      "seconds" : 2280
    },{
      "dateTime" : "2023-08-13T04:30:00.000",
      "level" : "light",
      "seconds" : 4770
    },{
      "dateTime" : "2023-08-13T05:49:30.000",
      "level" : "wake",
      "seconds" : 300
    },{
      "dateTime" : "2023-08-13T05:54:30.000",
      "level" : "light",
      "seconds" : 1410
    },{
      "dateTime" : "2023-08-13T06:18:00.000",
      "level" : "rem",
      "seconds" : 1800
    },{
      "dateTime" : "2023-08-13T06:48:00.000",
      "level" : "light",
      "seconds" : 1110
    },{
      "dateTime" : "2023-08-13T07:06:30.000",
      "level" : "wake",
      "seconds" : 330
    },{
      "dateTime" : "2023-08-13T07:12:00.000",
      "level" : "light",
      "seconds" : 870
    },{
      "dateTime" : "2023-08-13T07:26:30.000",
      "level" : "wake",
      "seconds" : 270
    },{
      "dateTime" : "2023-08-13T07:31:00.000",
      "level" : "light",
      "seconds" : 1590
    },{
      "dateTime" : "2023-08-13T07:57:30.000",
      "level" : "wake",
      "seconds" : 570
    },{
      "dateTime" : "2023-08-13T08:07:00.000",
      "level" : "light",
      "seconds" : 330
    },{
      "dateTime" : "2023-08-13T08:12:30.000",
      "level" : "rem",
      "seconds" : 450
    },{
      "dateTime" : "2023-08-13T08:20:00.000",
      "level" : "wake",
      "seconds" : 870
    },{
      "dateTime" : "2023-08-13T08:34:30.000",
      "level" : "rem",
      "seconds" : 750
    },{
      "dateTime" : "2023-08-13T08:47:00.000",
      "level" : "wake",
      "seconds" : 360
    },{
      "dateTime" : "2023-08-13T08:53:00.000",
      "level" : "light",
      "seconds" : 30
    },{
      "dateTime" : "2023-08-13T08:53:30.000",
      "level" : "rem",
      "seconds" : 930
    },{
      "dateTime" : "2023-08-13T09:09:00.000",
      "level" : "wake",
      "seconds" : 480
    },{
      "dateTime" : "2023-08-13T09:17:00.000",
      "level" : "light",
      "seconds" : 150
    },{
      "dateTime" : "2023-08-13T09:19:30.000",
      "level" : "rem",
      "seconds" : 780
    },{
      "dateTime" : "2023-08-13T09:32:30.000",
      "level" : "wake",
      "seconds" : 210
    },{
      "dateTime" : "2023-08-13T09:36:00.000",
      "level" : "light",
      "seconds" : 630
    },{
      "dateTime" : "2023-08-13T09:46:30.000",
      "level" : "rem",
      "seconds" : 1950
    },{
      "dateTime" : "2023-08-13T10:19:00.000",
      "level" : "light",
      "seconds" : 840
    },{
      "dateTime" : "2023-08-13T10:33:00.000",
      "level" : "rem",
      "seconds" : 300
    },{
      "dateTime" : "2023-08-13T10:38:00.000",
      "level" : "light",
      "seconds" : 30
    }],
    "shortData" : [{
      "dateTime" : "2023-08-13T01:10:30.000",
      "level" : "wake",
      "seconds" : 180
    },{
      "dateTime" : "2023-08-13T02:10:30.000",
      "level" : "wake",
      "seconds" : 30
    },{
      "dateTime" : "2023-08-13T02:42:30.000",
      "level" : "wake",
      "seconds" : 30
    },{
      "dateTime" : "2023-08-13T02:54:30.000",
      "level" : "wake",
      "seconds" : 30
    },{
      "dateTime" : "2023-08-13T03:46:30.000",
      "level" : "wake",
      "seconds" : 60
    },{
      "dateTime" : "2023-08-13T04:30:30.000",
      "level" : "wake",
      "seconds" : 30
    },{
      "dateTime" : "2023-08-13T04:50:30.000",
      "level" : "wake",
      "seconds" : 60
    },{
      "dateTime" : "2023-08-13T05:18:00.000",
      "level" : "wake",
      "seconds" : 120
    },{
      "dateTime" : "2023-08-13T05:30:30.000",
      "level" : "wake",
      "seconds" : 60
    },{
      "dateTime" : "2023-08-13T06:06:30.000",
      "level" : "wake",
      "seconds" : 60
    },{
      "dateTime" : "2023-08-13T06:29:00.000",
      "level" : "wake",
      "seconds" : 30
    },{
      "dateTime" : "2023-08-13T06:58:30.000",
      "level" : "wake",
      "seconds" : 30
    },{
      "dateTime" : "2023-08-13T07:43:30.000",
      "level" : "wake",
      "seconds" : 30
    },{
      "dateTime" : "2023-08-13T08:10:30.000",
      "level" : "wake",
      "seconds" : 60
    },{
      "dateTime" : "2023-08-13T09:01:00.000",
      "level" : "wake",
      "seconds" : 30
    },{
      "dateTime" : "2023-08-13T09:46:30.000",
      "level" : "wake",
      "seconds" : 60
    },{
      "dateTime" : "2023-08-13T10:17:30.000",
      "level" : "wake",
      "seconds" : 90
    }]
  },
  "mainSleep" : true
},{
  "logId" : 42391567738,
  "dateOfSleep" : "2023-08-12",
  "startTime" : "2023-08-11T23:48:30.000",
  "endTime" : "2023-08-12T10:16:30.000",
  "duration" : 37680000,
  "minutesToFallAsleep" : 0,
  "minutesAsleep" : 559,
  "minutesAwake" : 69,
  "minutesAfterWakeup" : 0,
  "timeInBed" : 628,
  "efficiency" : 89,
  "type" : "stages",
  "infoCode" : 0,
  "logType" : "auto_detected",
  "levels" : {
    "summary" : {
      "deep" : {
        "count" : 7,
        "minutes" : 164,
        "thirtyDayAvgMinutes" : 85
      },
      "wake" : {
        "count" : 27,
        "minutes" : 69,
        "thirtyDayAvgMinutes" : 42
      },
      "light" : {
        "count" : 23,
        "minutes" : 258,
        "thirtyDayAvgMinutes" : 200
      },
      "rem" : {
        "count" : 11,
        "minutes" : 137,
        "thirtyDayAvgMinutes" : 88
      }
    },
    "data" : [{
      "dateTime" : "2023-08-11T23:48:30.000",
      "level" : "wake",
      "seconds" : 300
    },{
      "dateTime" : "2023-08-11T23:53:30.000",
      "level" : "light",
      "seconds" : 120
    },{
      "dateTime" : "2023-08-11T23:55:30.000",
      "level" : "deep",
      "seconds" : 2040
    },{
      "dateTime" : "2023-08-12T00:29:30.000",
      "level" : "wake",
      "seconds" : 540
    },{
      "dateTime" : "2023-08-12T00:38:30.000",
      "level" : "light",
      "seconds" : 1410
    },{
      "dateTime" : "2023-08-12T01:02:00.000",
      "level" : "deep",
      "seconds" : 810
    },{
      "dateTime" : "2023-08-12T01:15:30.000",
      "level" : "light",
      "seconds" : 1050
    },{
      "dateTime" : "2023-08-12T01:33:00.000",
      "level" : "deep",
      "seconds" : 2820
    },{
      "dateTime" : "2023-08-12T02:20:00.000",
      "level" : "light",
      "seconds" : 810
    },{
      "dateTime" : "2023-08-12T02:33:30.000",
      "level" : "deep",
      "seconds" : 1440
    },{
      "dateTime" : "2023-08-12T02:57:30.000",
      "level" : "light",
      "seconds" : 1770
    },{
      "dateTime" : "2023-08-12T03:27:00.000",
      "level" : "deep",
      "seconds" : 1080
    },{
      "dateTime" : "2023-08-12T03:45:00.000",
      "level" : "light",
      "seconds" : 1200
    },{
      "dateTime" : "2023-08-12T04:05:00.000",
      "level" : "rem",
      "seconds" : 270
    },{
      "dateTime" : "2023-08-12T04:09:30.000",
      "level" : "light",
      "seconds" : 540
    },{
      "dateTime" : "2023-08-12T04:18:30.000",
      "level" : "deep",
      "seconds" : 630
    },{
      "dateTime" : "2023-08-12T04:29:00.000",
      "level" : "light",
      "seconds" : 1440
    },{
      "dateTime" : "2023-08-12T04:53:00.000",
      "level" : "deep",
      "seconds" : 1230
    },{
      "dateTime" : "2023-08-12T05:13:30.000",
      "level" : "light",
      "seconds" : 720
    },{
      "dateTime" : "2023-08-12T05:25:30.000",
      "level" : "rem",
      "seconds" : 270
    },{
      "dateTime" : "2023-08-12T05:30:00.000",
      "level" : "light",
      "seconds" : 3180
    },{
      "dateTime" : "2023-08-12T06:23:00.000",
      "level" : "rem",
      "seconds" : 3420
    },{
      "dateTime" : "2023-08-12T07:20:00.000",
      "level" : "wake",
      "seconds" : 1110
    },{
      "dateTime" : "2023-08-12T07:38:30.000",
      "level" : "light",
      "seconds" : 1650
    },{
      "dateTime" : "2023-08-12T08:06:00.000",
      "level" : "wake",
      "seconds" : 420
    },{
      "dateTime" : "2023-08-12T08:13:00.000",
      "level" : "light",
      "seconds" : 810
    },{
      "dateTime" : "2023-08-12T08:26:30.000",
      "level" : "rem",
      "seconds" : 4710
    },{
      "dateTime" : "2023-08-12T09:45:00.000",
      "level" : "wake",
      "seconds" : 360
    },{
      "dateTime" : "2023-08-12T09:51:00.000",
      "level" : "light",
      "seconds" : 1530
    }],
    "shortData" : [{
      "dateTime" : "2023-08-12T01:13:30.000",
      "level" : "wake",
      "seconds" : 120
    },{
      "dateTime" : "2023-08-12T01:17:00.000",
      "level" : "wake",
      "seconds" : 90
    },{
      "dateTime" : "2023-08-12T01:28:00.000",
      "level" : "wake",
      "seconds" : 120
    },{
      "dateTime" : "2023-08-12T02:19:30.000",
      "level" : "wake",
      "seconds" : 30
    },{
      "dateTime" : "2023-08-12T02:57:30.000",
      "level" : "wake",
      "seconds" : 30
    },{
      "dateTime" : "2023-08-12T03:44:30.000",
      "level" : "wake",
      "seconds" : 30
    },{
      "dateTime" : "2023-08-12T03:52:00.000",
      "level" : "wake",
      "seconds" : 180
    },{
      "dateTime" : "2023-08-12T04:04:00.000",
      "level" : "wake",
      "seconds" : 30
    },{
      "dateTime" : "2023-08-12T04:30:30.000",
      "level" : "wake",
      "seconds" : 30
    },{
      "dateTime" : "2023-08-12T04:43:00.000",
      "level" : "wake",
      "seconds" : 30
    },{
      "dateTime" : "2023-08-12T05:12:30.000",
      "level" : "wake",
      "seconds" : 60
    },{
      "dateTime" : "2023-08-12T05:35:30.000",
      "level" : "wake",
      "seconds" : 30
    },{
      "dateTime" : "2023-08-12T05:54:30.000",
      "level" : "wake",
      "seconds" : 90
    },{
      "dateTime" : "2023-08-12T05:58:30.000",
      "level" : "wake",
      "seconds" : 60
    },{
      "dateTime" : "2023-08-12T06:36:30.000",
      "level" : "wake",
      "seconds" : 90
    },{
      "dateTime" : "2023-08-12T06:59:30.000",
      "level" : "wake",
      "seconds" : 90
    },{
      "dateTime" : "2023-08-12T08:34:00.000",
      "level" : "wake",
      "seconds" : 60
    },{
      "dateTime" : "2023-08-12T08:51:00.000",
      "level" : "wake",
      "seconds" : 30
    },{
      "dateTime" : "2023-08-12T09:03:00.000",
      "level" : "wake",
      "seconds" : 30
    },{
      "dateTime" : "2023-08-12T09:26:00.000",
      "level" : "wake",
      "seconds" : 30
    },{
      "dateTime" : "2023-08-12T09:31:30.000",
      "level" : "wake",
      "seconds" : 120
    },{
      "dateTime" : "2023-08-12T10:06:30.000",
      "level" : "wake",
      "seconds" : 60
    }]
  },
  "mainSleep" : true
},{
  "logId" : 42382357241,
  "dateOfSleep" : "2023-08-11",
  "startTime" : "2023-08-11T02:45:00.000",
  "endTime" : "2023-08-11T09:49:00.000",
  "duration" : 25440000,
  "minutesToFallAsleep" : 0,
  "minutesAsleep" : 392,
  "minutesAwake" : 32,
  "minutesAfterWakeup" : 1,
  "timeInBed" : 424,
  "efficiency" : 94,
  "type" : "stages",
  "infoCode" : 0,
  "logType" : "auto_detected",
  "levels" : {
    "summary" : {
      "deep" : {
        "count" : 2,
        "minutes" : 72,
        "thirtyDayAvgMinutes" : 87
      },
      "wake" : {
        "count" : 23,
        "minutes" : 32,
        "thirtyDayAvgMinutes" : 44
      },
      "light" : {
        "count" : 18,
        "minutes" : 186,
        "thirtyDayAvgMinutes" : 202
      },
      "rem" : {
        "count" : 12,
        "minutes" : 134,
        "thirtyDayAvgMinutes" : 80
      }
    },
    "data" : [{
      "dateTime" : "2023-08-11T02:45:00.000",
      "level" : "wake",
      "seconds" : 240
    },{
      "dateTime" : "2023-08-11T02:49:00.000",
      "level" : "light",
      "seconds" : 1680
    },{
      "dateTime" : "2023-08-11T03:17:00.000",
      "level" : "deep",
      "seconds" : 930
    },{
      "dateTime" : "2023-08-11T03:32:30.000",
      "level" : "wake",
      "seconds" : 450
    },{
      "dateTime" : "2023-08-11T03:40:00.000",
      "level" : "deep",
      "seconds" : 3480
    },{
      "dateTime" : "2023-08-11T04:38:00.000",
      "level" : "light",
      "seconds" : 4560
    },{
      "dateTime" : "2023-08-11T05:54:00.000",
      "level" : "rem",
      "seconds" : 510
    },{
      "dateTime" : "2023-08-11T06:02:30.000",
      "level" : "light",
      "seconds" : 2010
    },{
      "dateTime" : "2023-08-11T06:36:00.000",
      "level" : "wake",
      "seconds" : 210
    },{
      "dateTime" : "2023-08-11T06:39:30.000",
      "level" : "light",
      "seconds" : 330
    },{
      "dateTime" : "2023-08-11T06:45:00.000",
      "level" : "rem",
      "seconds" : 750
    },{
      "dateTime" : "2023-08-11T06:57:30.000",
      "level" : "light",
      "seconds" : 2550
    },{
      "dateTime" : "2023-08-11T07:40:00.000",
      "level" : "rem",
      "seconds" : 2970
    },{
      "dateTime" : "2023-08-11T08:29:30.000",
      "level" : "light",
      "seconds" : 330
    },{
      "dateTime" : "2023-08-11T08:35:00.000",
      "level" : "rem",
      "seconds" : 1590
    },{
      "dateTime" : "2023-08-11T09:01:30.000",
      "level" : "light",
      "seconds" : 330
    },{
      "dateTime" : "2023-08-11T09:07:00.000",
      "level" : "rem",
      "seconds" : 2520
    }],
    "shortData" : [{
      "dateTime" : "2023-08-11T03:08:30.000",
      "level" : "wake",
      "seconds" : 30
    },{
      "dateTime" : "2023-08-11T04:37:00.000",
      "level" : "wake",
      "seconds" : 60
    },{
      "dateTime" : "2023-08-11T04:58:00.000",
      "level" : "wake",
      "seconds" : 60
    },{
      "dateTime" : "2023-08-11T05:27:00.000",
      "level" : "wake",
      "seconds" : 30
    },{
      "dateTime" : "2023-08-11T06:13:30.000",
      "level" : "wake",
      "seconds" : 120
    },{
      "dateTime" : "2023-08-11T06:24:00.000",
      "level" : "wake",
      "seconds" : 90
    },{
      "dateTime" : "2023-08-11T06:28:00.000",
      "level" : "wake",
      "seconds" : 60
    },{
      "dateTime" : "2023-08-11T06:42:00.000",
      "level" : "wake",
      "seconds" : 30
    },{
      "dateTime" : "2023-08-11T07:07:30.000",
      "level" : "wake",
      "seconds" : 30
    },{
      "dateTime" : "2023-08-11T07:11:00.000",
      "level" : "wake",
      "seconds" : 60
    },{
      "dateTime" : "2023-08-11T07:28:30.000",
      "level" : "wake",
      "seconds" : 60
    },{
      "dateTime" : "2023-08-11T07:35:00.000",
      "level" : "wake",
      "seconds" : 60
    },{
      "dateTime" : "2023-08-11T07:47:30.000",
      "level" : "wake",
      "seconds" : 30
    },{
      "dateTime" : "2023-08-11T07:52:00.000",
      "level" : "wake",
      "seconds" : 30
    },{
      "dateTime" : "2023-08-11T08:02:00.000",
      "level" : "wake",
      "seconds" : 30
    },{
      "dateTime" : "2023-08-11T08:05:00.000",
      "level" : "wake",
      "seconds" : 30
    },{
      "dateTime" : "2023-08-11T08:40:30.000",
      "level" : "wake",
      "seconds" : 60
    },{
      "dateTime" : "2023-08-11T08:56:30.000",
      "level" : "wake",
      "seconds" : 30
    },{
      "dateTime" : "2023-08-11T09:43:30.000",
      "level" : "wake",
      "seconds" : 30
    },{
      "dateTime" : "2023-08-11T09:47:30.000",
      "level" : "wake",
      "seconds" : 90
    }]
  },
  "mainSleep" : true
},{
  "logId" : 42371950551,
  "dateOfSleep" : "2023-08-10",
  "startTime" : "2023-08-10T01:45:30.000",
  "endTime" : "2023-08-10T08:47:30.000",
  "duration" : 25320000,
  "minutesToFallAsleep" : 0,
  "minutesAsleep" : 388,
  "minutesAwake" : 34,
  "minutesAfterWakeup" : 2,
  "timeInBed" : 422,
  "efficiency" : 89,
  "type" : "stages",
  "infoCode" : 0,
  "logType" : "auto_detected",
  "levels" : {
    "summary" : {
      "deep" : {
        "count" : 5,
        "minutes" : 132,
        "thirtyDayAvgMinutes" : 78
      },
      "wake" : {
        "count" : 22,
        "minutes" : 34,
        "thirtyDayAvgMinutes" : 45
      },
      "light" : {
        "count" : 17,
        "minutes" : 126,
        "thirtyDayAvgMinutes" : 217
      },
      "rem" : {
        "count" : 9,
        "minutes" : 130,
        "thirtyDayAvgMinutes" : 70
      }
    },
    "data" : [{
      "dateTime" : "2023-08-10T01:45:30.000",
      "level" : "wake",
      "seconds" : 30
    },{
      "dateTime" : "2023-08-10T01:46:00.000",
      "level" : "light",
      "seconds" : 510
    },{
      "dateTime" : "2023-08-10T01:54:30.000",
      "level" : "deep",
      "seconds" : 1920
    },{
      "dateTime" : "2023-08-10T02:26:30.000",
      "level" : "wake",
      "seconds" : 360
    },{
      "dateTime" : "2023-08-10T02:32:30.000",
      "level" : "light",
      "seconds" : 630
    },{
      "dateTime" : "2023-08-10T02:43:00.000",
      "level" : "deep",
      "seconds" : 1290
    },{
      "dateTime" : "2023-08-10T03:04:30.000",
      "level" : "light",
      "seconds" : 810
    },{
      "dateTime" : "2023-08-10T03:18:00.000",
      "level" : "deep",
      "seconds" : 1410
    },{
      "dateTime" : "2023-08-10T03:41:30.000",
      "level" : "light",
      "seconds" : 3180
    },{
      "dateTime" : "2023-08-10T04:34:30.000",
      "level" : "deep",
      "seconds" : 540
    },{
      "dateTime" : "2023-08-10T04:43:30.000",
      "level" : "light",
      "seconds" : 870
    },{
      "dateTime" : "2023-08-10T04:58:00.000",
      "level" : "rem",
      "seconds" : 1470
    },{
      "dateTime" : "2023-08-10T05:22:30.000",
      "level" : "light",
      "seconds" : 300
    },{
      "dateTime" : "2023-08-10T05:27:30.000",
      "level" : "deep",
      "seconds" : 2970
    },{
      "dateTime" : "2023-08-10T06:17:00.000",
      "level" : "light",
      "seconds" : 360
    },{
      "dateTime" : "2023-08-10T06:23:00.000",
      "level" : "rem",
      "seconds" : 2580
    },{
      "dateTime" : "2023-08-10T07:06:00.000",
      "level" : "light",
      "seconds" : 510
    },{
      "dateTime" : "2023-08-10T07:14:30.000",
      "level" : "rem",
      "seconds" : 4050
    },{
      "dateTime" : "2023-08-10T08:22:00.000",
      "level" : "wake",
      "seconds" : 300
    },{
      "dateTime" : "2023-08-10T08:27:00.000",
      "level" : "light",
      "seconds" : 1020
    },{
      "dateTime" : "2023-08-10T08:44:00.000",
      "level" : "wake",
      "seconds" : 210
    }],
    "shortData" : [{
      "dateTime" : "2023-08-10T01:45:30.000",
      "level" : "wake",
      "seconds" : 90
    },{
      "dateTime" : "2023-08-10T01:50:00.000",
      "level" : "wake",
      "seconds" : 30
    },{
      "dateTime" : "2023-08-10T03:03:30.000",
      "level" : "wake",
      "seconds" : 60
    },{
      "dateTime" : "2023-08-10T03:42:00.000",
      "level" : "wake",
      "seconds" : 30
    },{
      "dateTime" : "2023-08-10T04:15:00.000",
      "level" : "wake",
      "seconds" : 30
    },{
      "dateTime" : "2023-08-10T04:42:00.000",
      "level" : "wake",
      "seconds" : 90
    },{
      "dateTime" : "2023-08-10T04:45:30.000",
      "level" : "wake",
      "seconds" : 180
    },{
      "dateTime" : "2023-08-10T05:06:30.000",
      "level" : "wake",
      "seconds" : 30
    },{
      "dateTime" : "2023-08-10T05:24:30.000",
      "level" : "wake",
      "seconds" : 60
    },{
      "dateTime" : "2023-08-10T06:16:00.000",
      "level" : "wake",
      "seconds" : 60
    },{
      "dateTime" : "2023-08-10T06:23:00.000",
      "level" : "wake",
      "seconds" : 150
    },{
      "dateTime" : "2023-08-10T06:41:30.000",
      "level" : "wake",
      "seconds" : 30
    },{
      "dateTime" : "2023-08-10T06:49:00.000",
      "level" : "wake",
      "seconds" : 30
    },{
      "dateTime" : "2023-08-10T06:56:30.000",
      "level" : "wake",
      "seconds" : 30
    },{
      "dateTime" : "2023-08-10T07:08:00.000",
      "level" : "wake",
      "seconds" : 30
    },{
      "dateTime" : "2023-08-10T07:39:30.000",
      "level" : "wake",
      "seconds" : 30
    },{
      "dateTime" : "2023-08-10T07:57:30.000",
      "level" : "wake",
      "seconds" : 30
    },{
      "dateTime" : "2023-08-10T08:34:30.000",
      "level" : "wake",
      "seconds" : 180
    },{
      "dateTime" : "2023-08-10T08:39:00.000",
      "level" : "wake",
      "seconds" : 30
    }]
  },
  "mainSleep" : true
},{
  "logId" : 42353508980,
  "dateOfSleep" : "2023-08-09",
  "startTime" : "2023-08-09T00:04:00.000",
  "endTime" : "2023-08-09T07:33:30.000",
  "duration" : 26940000,
  "minutesToFallAsleep" : 0,
  "minutesAsleep" : 392,
  "minutesAwake" : 57,
  "minutesAfterWakeup" : 0,
  "timeInBed" : 449,
  "efficiency" : 91,
  "type" : "stages",
  "infoCode" : 0,
  "logType" : "auto_detected",
  "levels" : {
    "summary" : {
      "deep" : {
        "count" : 5,
        "minutes" : 74,
        "thirtyDayAvgMinutes" : 79
      },
      "wake" : {
        "count" : 20,
        "minutes" : 57,
        "thirtyDayAvgMinutes" : 43
      },
      "light" : {
        "count" : 20,
        "minutes" : 244,
        "thirtyDayAvgMinutes" : 211
      },
      "rem" : {
        "count" : 7,
        "minutes" : 74,
        "thirtyDayAvgMinutes" : 70
      }
    },
    "data" : [{
      "dateTime" : "2023-08-09T00:04:00.000",
      "level" : "wake",
      "seconds" : 30
    },{
      "dateTime" : "2023-08-09T00:04:30.000",
      "level" : "light",
      "seconds" : 210
    },{
      "dateTime" : "2023-08-09T00:08:00.000",
      "level" : "deep",
      "seconds" : 2460
    },{
      "dateTime" : "2023-08-09T00:49:00.000",
      "level" : "light",
      "seconds" : 690
    },{
      "dateTime" : "2023-08-09T01:00:30.000",
      "level" : "deep",
      "seconds" : 390
    },{
      "dateTime" : "2023-08-09T01:07:00.000",
      "level" : "light",
      "seconds" : 1140
    },{
      "dateTime" : "2023-08-09T01:26:00.000",
      "level" : "deep",
      "seconds" : 360
    },{
      "dateTime" : "2023-08-09T01:32:00.000",
      "level" : "light",
      "seconds" : 30
    },{
      "dateTime" : "2023-08-09T01:32:30.000",
      "level" : "wake",
      "seconds" : 570
    },{
      "dateTime" : "2023-08-09T01:42:00.000",
      "level" : "light",
      "seconds" : 1470
    },{
      "dateTime" : "2023-08-09T02:06:30.000",
      "level" : "deep",
      "seconds" : 300
    },{
      "dateTime" : "2023-08-09T02:11:30.000",
      "level" : "light",
      "seconds" : 2610
    },{
      "dateTime" : "2023-08-09T02:55:00.000",
      "level" : "deep",
      "seconds" : 960
    },{
      "dateTime" : "2023-08-09T03:11:00.000",
      "level" : "light",
      "seconds" : 5910
    },{
      "dateTime" : "2023-08-09T04:49:30.000",
      "level" : "rem",
      "seconds" : 1350
    },{
      "dateTime" : "2023-08-09T05:12:00.000",
      "level" : "light",
      "seconds" : 1320
    },{
      "dateTime" : "2023-08-09T05:34:00.000",
      "level" : "rem",
      "seconds" : 570
    },{
      "dateTime" : "2023-08-09T05:43:30.000",
      "level" : "wake",
      "seconds" : 510
    },{
      "dateTime" : "2023-08-09T05:52:00.000",
      "level" : "light",
      "seconds" : 540
    },{
      "dateTime" : "2023-08-09T06:01:00.000",
      "level" : "rem",
      "seconds" : 2790
    },{
      "dateTime" : "2023-08-09T06:47:30.000",
      "level" : "light",
      "seconds" : 630
    },{
      "dateTime" : "2023-08-09T06:58:00.000",
      "level" : "wake",
      "seconds" : 450
    },{
      "dateTime" : "2023-08-09T07:05:30.000",
      "level" : "light",
      "seconds" : 510
    },{
      "dateTime" : "2023-08-09T07:14:00.000",
      "level" : "wake",
      "seconds" : 420
    },{
      "dateTime" : "2023-08-09T07:21:00.000",
      "level" : "light",
      "seconds" : 240
    },{
      "dateTime" : "2023-08-09T07:25:00.000",
      "level" : "wake",
      "seconds" : 510
    }],
    "shortData" : [{
      "dateTime" : "2023-08-09T00:04:00.000",
      "level" : "wake",
      "seconds" : 180
    },{
      "dateTime" : "2023-08-09T00:48:30.000",
      "level" : "wake",
      "seconds" : 30
    },{
      "dateTime" : "2023-08-09T02:38:00.000",
      "level" : "wake",
      "seconds" : 60
    },{
      "dateTime" : "2023-08-09T03:11:00.000",
      "level" : "wake",
      "seconds" : 60
    },{
      "dateTime" : "2023-08-09T04:17:30.000",
      "level" : "wake",
      "seconds" : 30
    },{
      "dateTime" : "2023-08-09T04:24:00.000",
      "level" : "wake",
      "seconds" : 30
    },{
      "dateTime" : "2023-08-09T04:38:00.000",
      "level" : "wake",
      "seconds" : 60
    },{
      "dateTime" : "2023-08-09T04:50:30.000",
      "level" : "wake",
      "seconds" : 120
    },{
      "dateTime" : "2023-08-09T05:07:00.000",
      "level" : "wake",
      "seconds" : 30
    },{
      "dateTime" : "2023-08-09T05:21:00.000",
      "level" : "wake",
      "seconds" : 30
    },{
      "dateTime" : "2023-08-09T05:54:00.000",
      "level" : "wake",
      "seconds" : 60
    },{
      "dateTime" : "2023-08-09T05:56:30.000",
      "level" : "wake",
      "seconds" : 120
    },{
      "dateTime" : "2023-08-09T06:27:30.000",
      "level" : "wake",
      "seconds" : 60
    },{
      "dateTime" : "2023-08-09T06:40:00.000",
      "level" : "wake",
      "seconds" : 60
    },{
      "dateTime" : "2023-08-09T06:49:30.000",
      "level" : "wake",
      "seconds" : 60
    }]
  },
  "mainSleep" : true
},{
  "logId" : 42338809060,
  "dateOfSleep" : "2023-08-08",
  "startTime" : "2023-08-08T00:42:00.000",
  "endTime" : "2023-08-08T05:42:00.000",
  "duration" : 18000000,
  "minutesToFallAsleep" : 0,
  "minutesAsleep" : 270,
  "minutesAwake" : 30,
  "minutesAfterWakeup" : 0,
  "timeInBed" : 300,
  "efficiency" : 88,
  "type" : "stages",
  "infoCode" : 0,
  "logType" : "auto_detected",
  "levels" : {
    "summary" : {
      "deep" : {
        "count" : 1,
        "minutes" : 31,
        "thirtyDayAvgMinutes" : 95
      },
      "wake" : {
        "count" : 12,
        "minutes" : 30,
        "thirtyDayAvgMinutes" : 47
      },
      "light" : {
        "count" : 11,
        "minutes" : 225,
        "thirtyDayAvgMinutes" : 206
      },
      "rem" : {
        "count" : 3,
        "minutes" : 14,
        "thirtyDayAvgMinutes" : 88
      }
    },
    "data" : [{
      "dateTime" : "2023-08-08T00:42:00.000",
      "level" : "wake",
      "seconds" : 30
    },{
      "dateTime" : "2023-08-08T00:42:30.000",
      "level" : "light",
      "seconds" : 2670
    },{
      "dateTime" : "2023-08-08T01:27:00.000",
      "level" : "deep",
      "seconds" : 1950
    },{
      "dateTime" : "2023-08-08T01:59:30.000",
      "level" : "light",
      "seconds" : 2100
    },{
      "dateTime" : "2023-08-08T02:34:30.000",
      "level" : "rem",
      "seconds" : 300
    },{
      "dateTime" : "2023-08-08T02:39:30.000",
      "level" : "wake",
      "seconds" : 870
    },{
      "dateTime" : "2023-08-08T02:54:00.000",
      "level" : "light",
      "seconds" : 4560
    },{
      "dateTime" : "2023-08-08T04:10:00.000",
      "level" : "rem",
      "seconds" : 270
    },{
      "dateTime" : "2023-08-08T04:14:30.000",
      "level" : "light",
      "seconds" : 4980
    },{
      "dateTime" : "2023-08-08T05:37:30.000",
      "level" : "rem",
      "seconds" : 270
    }],
    "shortData" : [{
      "dateTime" : "2023-08-08T00:42:00.000",
      "level" : "wake",
      "seconds" : 180
    },{
      "dateTime" : "2023-08-08T01:05:30.000",
      "level" : "wake",
      "seconds" : 90
    },{
      "dateTime" : "2023-08-08T01:58:00.000",
      "level" : "wake",
      "seconds" : 90
    },{
      "dateTime" : "2023-08-08T02:02:00.000",
      "level" : "wake",
      "seconds" : 30
    },{
      "dateTime" : "2023-08-08T02:19:00.000",
      "level" : "wake",
      "seconds" : 30
    },{
      "dateTime" : "2023-08-08T02:32:00.000",
      "level" : "wake",
      "seconds" : 150
    },{
      "dateTime" : "2023-08-08T04:23:30.000",
      "level" : "wake",
      "seconds" : 180
    },{
      "dateTime" : "2023-08-08T05:00:00.000",
      "level" : "wake",
      "seconds" : 120
    },{
      "dateTime" : "2023-08-08T05:05:00.000",
      "level" : "wake",
      "seconds" : 30
    },{
      "dateTime" : "2023-08-08T05:34:30.000",
      "level" : "wake",
      "seconds" : 30
    },{
      "dateTime" : "2023-08-08T05:37:00.000",
      "level" : "wake",
      "seconds" : 30
    }]
  },
  "mainSleep" : true
},{
  "logId" : 42330287084,
  "dateOfSleep" : "2023-08-07",
  "startTime" : "2023-08-07T03:19:00.000",
  "endTime" : "2023-08-07T08:47:00.000",
  "duration" : 19680000,
  "minutesToFallAsleep" : 0,
  "minutesAsleep" : 292,
  "minutesAwake" : 36,
  "minutesAfterWakeup" : 0,
  "timeInBed" : 328,
  "efficiency" : 89,
  "type" : "stages",
  "infoCode" : 0,
  "logType" : "auto_detected",
  "levels" : {
    "summary" : {
      "deep" : {
        "count" : 3,
        "minutes" : 43,
        "thirtyDayAvgMinutes" : 121
      },
      "wake" : {
        "count" : 17,
        "minutes" : 36,
        "thirtyDayAvgMinutes" : 52
      },
      "light" : {
        "count" : 18,
        "minutes" : 200,
        "thirtyDayAvgMinutes" : 209
      },
      "rem" : {
        "count" : 5,
        "minutes" : 49,
        "thirtyDayAvgMinutes" : 108
      }
    },
    "data" : [{
      "dateTime" : "2023-08-07T03:19:00.000",
      "level" : "wake",
      "seconds" : 300
    },{
      "dateTime" : "2023-08-07T03:24:00.000",
      "level" : "light",
      "seconds" : 480
    },{
      "dateTime" : "2023-08-07T03:32:00.000",
      "level" : "deep",
      "seconds" : 1650
    },{
      "dateTime" : "2023-08-07T03:59:30.000",
      "level" : "light",
      "seconds" : 4410
    },{
      "dateTime" : "2023-08-07T05:13:00.000",
      "level" : "wake",
      "seconds" : 840
    },{
      "dateTime" : "2023-08-07T05:27:00.000",
      "level" : "light",
      "seconds" : 3750
    },{
      "dateTime" : "2023-08-07T06:29:30.000",
      "level" : "deep",
      "seconds" : 330
    },{
      "dateTime" : "2023-08-07T06:35:00.000",
      "level" : "light",
      "seconds" : 330
    },{
      "dateTime" : "2023-08-07T06:40:30.000",
      "level" : "deep",
      "seconds" : 600
    },{
      "dateTime" : "2023-08-07T06:50:30.000",
      "level" : "light",
      "seconds" : 1290
    },{
      "dateTime" : "2023-08-07T07:12:00.000",
      "level" : "rem",
      "seconds" : 720
    },{
      "dateTime" : "2023-08-07T07:24:00.000",
      "level" : "light",
      "seconds" : 1890
    },{
      "dateTime" : "2023-08-07T07:55:30.000",
      "level" : "rem",
      "seconds" : 1320
    },{
      "dateTime" : "2023-08-07T08:17:30.000",
      "level" : "light",
      "seconds" : 660
    },{
      "dateTime" : "2023-08-07T08:28:30.000",
      "level" : "rem",
      "seconds" : 1110
    }],
    "shortData" : [{
      "dateTime" : "2023-08-07T04:15:00.000",
      "level" : "wake",
      "seconds" : 180
    },{
      "dateTime" : "2023-08-07T04:34:00.000",
      "level" : "wake",
      "seconds" : 90
    },{
      "dateTime" : "2023-08-07T04:48:00.000",
      "level" : "wake",
      "seconds" : 30
    },{
      "dateTime" : "2023-08-07T05:35:00.000",
      "level" : "wake",
      "seconds" : 60
    },{
      "dateTime" : "2023-08-07T05:39:30.000",
      "level" : "wake",
      "seconds" : 30
    },{
      "dateTime" : "2023-08-07T06:10:30.000",
      "level" : "wake",
      "seconds" : 30
    },{
      "dateTime" : "2023-08-07T06:50:30.000",
      "level" : "wake",
      "seconds" : 30
    },{
      "dateTime" : "2023-08-07T07:22:00.000",
      "level" : "wake",
      "seconds" : 120
    },{
      "dateTime" : "2023-08-07T07:26:30.000",
      "level" : "wake",
      "seconds" : 90
    },{
      "dateTime" : "2023-08-07T07:34:00.000",
      "level" : "wake",
      "seconds" : 30
    },{
      "dateTime" : "2023-08-07T07:38:00.000",
      "level" : "wake",
      "seconds" : 180
    },{
      "dateTime" : "2023-08-07T07:43:30.000",
      "level" : "wake",
      "seconds" : 30
    },{
      "dateTime" : "2023-08-07T08:18:30.000",
      "level" : "wake",
      "seconds" : 30
    },{
      "dateTime" : "2023-08-07T08:33:00.000",
      "level" : "wake",
      "seconds" : 60
    },{
      "dateTime" : "2023-08-07T08:45:00.000",
      "level" : "wake",
      "seconds" : 30
    }]
  },
  "mainSleep" : true
},{
  "logId" : 42322927128,
  "dateOfSleep" : "2023-08-06",
  "startTime" : "2023-08-06T00:52:30.000",
  "endTime" : "2023-08-06T11:13:30.000",
  "duration" : 37260000,
  "minutesToFallAsleep" : 0,
  "minutesAsleep" : 565,
  "minutesAwake" : 56,
  "minutesAfterWakeup" : 0,
  "timeInBed" : 621,
  "efficiency" : 91,
  "type" : "stages",
  "infoCode" : 0,
  "logType" : "auto_detected",
  "levels" : {
    "summary" : {
      "deep" : {
        "count" : 5,
        "minutes" : 155,
        "thirtyDayAvgMinutes" : 87
      },
      "wake" : {
        "count" : 24,
        "minutes" : 56,
        "thirtyDayAvgMinutes" : 48
      },
      "light" : {
        "count" : 15,
        "minutes" : 254,
        "thirtyDayAvgMinutes" : 163
      },
      "rem" : {
        "count" : 13,
        "minutes" : 156,
        "thirtyDayAvgMinutes" : 59
      }
    },
    "data" : [{
      "dateTime" : "2023-08-06T00:52:30.000",
      "level" : "wake",
      "seconds" : 450
    },{
      "dateTime" : "2023-08-06T01:00:00.000",
      "level" : "light",
      "seconds" : 60
    },{
      "dateTime" : "2023-08-06T01:01:00.000",
      "level" : "deep",
      "seconds" : 6000
    },{
      "dateTime" : "2023-08-06T02:41:00.000",
      "level" : "light",
      "seconds" : 2460
    },{
      "dateTime" : "2023-08-06T03:22:00.000",
      "level" : "deep",
      "seconds" : 360
    },{
      "dateTime" : "2023-08-06T03:28:00.000",
      "level" : "light",
      "seconds" : 990
    },{
      "dateTime" : "2023-08-06T03:44:30.000",
      "level" : "deep",
      "seconds" : 690
    },{
      "dateTime" : "2023-08-06T03:56:00.000",
      "level" : "wake",
      "seconds" : 510
    },{
      "dateTime" : "2023-08-06T04:04:30.000",
      "level" : "light",
      "seconds" : 510
    },{
      "dateTime" : "2023-08-06T04:13:00.000",
      "level" : "rem",
      "seconds" : 300
    },{
      "dateTime" : "2023-08-06T04:18:00.000",
      "level" : "light",
      "seconds" : 2250
    },{
      "dateTime" : "2023-08-06T04:55:30.000",
      "level" : "deep",
      "seconds" : 1950
    },{
      "dateTime" : "2023-08-06T05:28:00.000",
      "level" : "light",
      "seconds" : 3060
    },{
      "dateTime" : "2023-08-06T06:19:00.000",
      "level" : "wake",
      "seconds" : 240
    },{
      "dateTime" : "2023-08-06T06:23:00.000",
      "level" : "light",
      "seconds" : 150
    },{
      "dateTime" : "2023-08-06T06:25:30.000",
      "level" : "rem",
      "seconds" : 4650
    },{
      "dateTime" : "2023-08-06T07:43:00.000",
      "level" : "wake",
      "seconds" : 360
    },{
      "dateTime" : "2023-08-06T07:49:00.000",
      "level" : "light",
      "seconds" : 990
    },{
      "dateTime" : "2023-08-06T08:05:30.000",
      "level" : "rem",
      "seconds" : 300
    },{
      "dateTime" : "2023-08-06T08:10:30.000",
      "level" : "light",
      "seconds" : 510
    },{
      "dateTime" : "2023-08-06T08:19:00.000",
      "level" : "wake",
      "seconds" : 330
    },{
      "dateTime" : "2023-08-06T08:24:30.000",
      "level" : "light",
      "seconds" : 3210
    },{
      "dateTime" : "2023-08-06T09:18:00.000",
      "level" : "deep",
      "seconds" : 330
    },{
      "dateTime" : "2023-08-06T09:23:30.000",
      "level" : "wake",
      "seconds" : 240
    },{
      "dateTime" : "2023-08-06T09:27:30.000",
      "level" : "light",
      "seconds" : 1770
    },{
      "dateTime" : "2023-08-06T09:57:00.000",
      "level" : "rem",
      "seconds" : 4590
    }],
    "shortData" : [{
      "dateTime" : "2023-08-06T02:40:30.000",
      "level" : "wake",
      "seconds" : 30
    },{
      "dateTime" : "2023-08-06T04:43:30.000",
      "level" : "wake",
      "seconds" : 120
    },{
      "dateTime" : "2023-08-06T05:28:00.000",
      "level" : "wake",
      "seconds" : 60
    },{
      "dateTime" : "2023-08-06T07:11:00.000",
      "level" : "wake",
      "seconds" : 30
    },{
      "dateTime" : "2023-08-06T07:15:00.000",
      "level" : "wake",
      "seconds" : 60
    },{
      "dateTime" : "2023-08-06T07:24:30.000",
      "level" : "wake",
      "seconds" : 60
    },{
      "dateTime" : "2023-08-06T07:39:00.000",
      "level" : "wake",
      "seconds" : 30
    },{
      "dateTime" : "2023-08-06T07:54:00.000",
      "level" : "wake",
      "seconds" : 150
    },{
      "dateTime" : "2023-08-06T08:10:30.000",
      "level" : "wake",
      "seconds" : 60
    },{
      "dateTime" : "2023-08-06T09:31:00.000",
      "level" : "wake",
      "seconds" : 60
    },{
      "dateTime" : "2023-08-06T09:42:00.000",
      "level" : "wake",
      "seconds" : 90
    },{
      "dateTime" : "2023-08-06T09:54:00.000",
      "level" : "wake",
      "seconds" : 180
    },{
      "dateTime" : "2023-08-06T09:59:30.000",
      "level" : "wake",
      "seconds" : 30
    },{
      "dateTime" : "2023-08-06T10:28:00.000",
      "level" : "wake",
      "seconds" : 30
    },{
      "dateTime" : "2023-08-06T10:31:00.000",
      "level" : "wake",
      "seconds" : 30
    },{
      "dateTime" : "2023-08-06T10:54:30.000",
      "level" : "wake",
      "seconds" : 60
    },{
      "dateTime" : "2023-08-06T11:02:00.000",
      "level" : "wake",
      "seconds" : 30
    },{
      "dateTime" : "2023-08-06T11:11:30.000",
      "level" : "wake",
      "seconds" : 120
    }]
  },
  "mainSleep" : true
},{
  "logId" : 42310262963,
  "dateOfSleep" : "2023-08-05",
  "startTime" : "2023-08-05T04:01:00.000",
  "endTime" : "2023-08-05T09:58:00.000",
  "duration" : 21420000,
  "minutesToFallAsleep" : 0,
  "minutesAsleep" : 309,
  "minutesAwake" : 48,
  "minutesAfterWakeup" : 0,
  "timeInBed" : 357,
  "efficiency" : 88,
  "type" : "stages",
  "infoCode" : 0,
  "logType" : "auto_detected",
  "levels" : {
    "summary" : {
      "deep" : {
        "count" : 1,
        "minutes" : 87,
        "thirtyDayAvgMinutes" : 0
      },
      "wake" : {
        "count" : 11,
        "minutes" : 48,
        "thirtyDayAvgMinutes" : 0
      },
      "light" : {
        "count" : 11,
        "minutes" : 163,
        "thirtyDayAvgMinutes" : 0
      },
      "rem" : {
        "count" : 5,
        "minutes" : 59,
        "thirtyDayAvgMinutes" : 0
      }
    },
    "data" : [{
      "dateTime" : "2023-08-05T04:01:00.000",
      "level" : "wake",
      "seconds" : 30
    },{
      "dateTime" : "2023-08-05T04:01:30.000",
      "level" : "light",
      "seconds" : 1170
    },{
      "dateTime" : "2023-08-05T04:21:00.000",
      "level" : "wake",
      "seconds" : 330
    },{
      "dateTime" : "2023-08-05T04:26:30.000",
      "level" : "light",
      "seconds" : 150
    },{
      "dateTime" : "2023-08-05T04:29:00.000",
      "level" : "deep",
      "seconds" : 5400
    },{
      "dateTime" : "2023-08-05T05:59:00.000",
      "level" : "light",
      "seconds" : 1560
    },{
      "dateTime" : "2023-08-05T06:25:00.000",
      "level" : "rem",
      "seconds" : 480
    },{
      "dateTime" : "2023-08-05T06:33:00.000",
      "level" : "light",
      "seconds" : 1710
    },{
      "dateTime" : "2023-08-05T07:01:30.000",
      "level" : "rem",
      "seconds" : 330
    },{
      "dateTime" : "2023-08-05T07:07:00.000",
      "level" : "light",
      "seconds" : 2760
    },{
      "dateTime" : "2023-08-05T07:53:00.000",
      "level" : "wake",
      "seconds" : 1110
    },{
      "dateTime" : "2023-08-05T08:11:30.000",
      "level" : "light",
      "seconds" : 30
    },{
      "dateTime" : "2023-08-05T08:12:00.000",
      "level" : "rem",
      "seconds" : 1950
    },{
      "dateTime" : "2023-08-05T08:44:30.000",
      "level" : "wake",
      "seconds" : 810
    },{
      "dateTime" : "2023-08-05T08:58:00.000",
      "level" : "light",
      "seconds" : 1920
    },{
      "dateTime" : "2023-08-05T09:30:00.000",
      "level" : "wake",
      "seconds" : 210
    },{
      "dateTime" : "2023-08-05T09:33:30.000",
      "level" : "light",
      "seconds" : 660
    },{
      "dateTime" : "2023-08-05T09:44:30.000",
      "level" : "rem",
      "seconds" : 810
    }],
    "shortData" : [{
      "dateTime" : "2023-08-05T04:01:00.000",
      "level" : "wake",
      "seconds" : 30
    },{
      "dateTime" : "2023-08-05T05:56:00.000",
      "level" : "wake",
      "seconds" : 180
    },{
      "dateTime" : "2023-08-05T06:35:00.000",
      "level" : "wake",
      "seconds" : 30
    },{
      "dateTime" : "2023-08-05T06:54:30.000",
      "level" : "wake",
      "seconds" : 30
    },{
      "dateTime" : "2023-08-05T07:07:00.000",
      "level" : "wake",
      "seconds" : 30
    },{
      "dateTime" : "2023-08-05T07:45:00.000",
      "level" : "wake",
      "seconds" : 120
    },{
      "dateTime" : "2023-08-05T09:50:00.000",
      "level" : "wake",
      "seconds" : 30
    }]
  },
  "mainSleep" : true
},{
  "logId" : 42085104487,
  "dateOfSleep" : "2023-07-16",
  "startTime" : "2023-07-16T22:09:30.000",
  "endTime" : "2023-07-16T23:22:00.000",
  "duration" : 4320000,
  "minutesToFallAsleep" : 0,
  "minutesAsleep" : 72,
  "minutesAwake" : 0,
  "minutesAfterWakeup" : 0,
  "timeInBed" : 72,
  "efficiency" : 100,
  "type" : "classic",
  "infoCode" : 2,
  "logType" : "auto_detected",
  "levels" : {
    "summary" : {
      "restless" : {
        "count" : 0,
        "minutes" : 0
      },
      "awake" : {
        "count" : 0,
        "minutes" : 0
      },
      "asleep" : {
        "count" : 0,
        "minutes" : 72
      }
    },
    "data" : [{
      "dateTime" : "2023-07-16T22:09:30.000",
      "level" : "asleep",
      "seconds" : 4320
    }]
  },
  "mainSleep" : false
},{
  "logId" : 42078630424,
  "dateOfSleep" : "2023-07-16",
  "startTime" : "2023-07-16T05:57:30.000",
  "endTime" : "2023-07-16T09:48:00.000",
  "duration" : 13800000,
  "minutesToFallAsleep" : 0,
  "minutesAsleep" : 230,
  "minutesAwake" : 0,
  "minutesAfterWakeup" : 0,
  "timeInBed" : 230,
  "efficiency" : 100,
  "type" : "classic",
  "infoCode" : 1,
  "logType" : "auto_detected",
  "levels" : {
    "summary" : {
      "restless" : {
        "count" : 0,
        "minutes" : 0
      },
      "awake" : {
        "count" : 0,
        "minutes" : 0
      },
      "asleep" : {
        "count" : 0,
        "minutes" : 230
      }
    },
    "data" : [{
      "dateTime" : "2023-07-16T05:57:30.000",
      "level" : "asleep",
      "seconds" : 13800
    }]
  },
  "mainSleep" : true
}]