type,frequency,target,result,status,is_primary,start_date,end_date,created_on,edited_on
ACTIVE_ZONE_MINUTES_GOAL,DAILY,22.0,null,null,false,null,null,null,null
ACTIVE_ZONE_MINUTES_GOAL,WEEKLY,150.0,null,null,false,null,null,null,null
CALORIES_BURNED_GOAL,DAILY,2797.0,1008.0,INPROGRESS_SO_FAR_MISSED,false,2024-10-31,2024-11-01,2023-04-18T21:55:08.000+00:00,null
STEPS_GOAL,DAILY,10000.0,210.0,INPROGRESS_SO_FAR_MISSED,false,2024-10-31,2024-11-01,2023-04-18T21:55:08.000+00:00,null
FLOORS_CLIMBED_GOAL,DAILY,10.0,0.0,INPROGRESS_SO_FAR_MISSED,false,2024-10-31,2024-11-01,2023-04-18T21:55:08.000+00:00,null
DISTANCE_FROM_STEPS_GOAL,DAILY,5.0,0.0903101,INPROGRESS_SO_FAR_MISSED,false,2024-10-31,2024-11-01,2023-04-18T21:55:08.000+00:00,null
ACTIVE_MINUTES_GOAL,DAILY,30.0,0.0,INPROGRESS_SO_FAR_MISSED,false,2024-10-31,2024-11-01,2023-04-18T21:55:08.000+00:00,null
STEPS_GOAL,WEEKLY,70000.0,9805.0,INPROGRESS_SO_FAR_MISSED,true,2024-10-27,2024-11-03,2023-04-18T21:55:08.000+00:00,null
DISTANCE_FROM_STEPS_GOAL,WEEKLY,35.0,4.45727,INPROGRESS_SO_FAR_MISSED,false,2024-10-27,2024-11-03,2023-04-18T21:55:08.000+00:00,null
FLOORS_CLIMBED_GOAL,WEEKLY,70.0,14.0,INPROGRESS_SO_FAR_MISSED,false,2024-10-27,2024-11-03,2023-04-18T21:55:08.000+00:00,null
CALORIES_BURNED_GOAL,WEEKLY,19579.0,9382.0,INPROGRESS_SO_FAR_MISSED,false,2024-10-27,2024-11-03,2023-04-18T21:55:08.000+00:00,null
WATER_GOAL,DAILY,1893.0,0.0,INPROGRESS_SO_FAR_MISSED,false,2023-04-16,2023-04-23,2023-04-18T21:55:08.000+00:00,null