timestamp,full_sleep_breathing_rate,full_sleep_standard_deviation,full_sleep_signal_to_noise,deep_sleep_breathing_rate,deep_sleep_standard_deviation,deep_sleep_signal_to_noise,light_sleep_breathing_rate,light_sleep_standard_deviation,light_sleep_signal_to_noise,rem_sleep_breathing_rate,rem_sleep_standard_deviation,rem_sleep_signal_to_noise
2023-09-07T01:30:00,17.2,1.7,5.777,17.2,1.7,5.777,18.0,1.3,4.897,-1.0,0.0,1.634
2023-09-08T01:18:00,17.4,1.6,6.667,-1.0,0.0,0.0,17.4,1.6,6.667,10.4,0.6,3.632
2023-09-11T03:25:30,19.2,2.2,8.038,19.2,2.2,8.038,17.8,2.6,8.058,-1.0,0.0,2.218
2023-09-11T05:25:30,17.4,2.6,9.38,17.4,2.6,9.38,17.8,2.6,8.103,-1.0,0.0,1.526
2023-09-12T09:02:30,18.4,2.2,10.736,18.4,2.2,10.736,17.2,2.6,5.013,-1.0,0.0,2.106