[{
  "logId" : 57025697182,
  "activityName" : "Walk",
  "activityTypeId" : 90013,
  "activityLevel" : [{
    "minutes" : 2,
    "name" : "sedentary"
  },{
    "minutes" : 4,
    "name" : "lightly"
  },{
    "minutes" : 6,
    "name" : "fairly"
  },{
    "minutes" : 45,
    "name" : "very"
  }],
  "averageHeartRate" : 127,
  "calories" : 397,
  "duration" : 3430000,
  "activeDuration" : 3430000,
  "steps" : 5614,
  "logType" : "auto_detected",
  "manualValuesSpecified" : {
    "calories" : false,
    "distance" : false,
    "steps" : false
  },
  "heartRateZones" : [{
    "name" : "Out of Range",
    "min" : 30,
    "max" : 134,
    "minutes" : 57,
    "caloriesOut" : 396.75318
  },{
    "name" : "Fat Burn",
    "min" : 134,
    "max" : 151,
    "minutes" : 0,
    "caloriesOut" : 0.0
  },{
    "name" : "Cardio",
    "min" : 151,
    "max" : 173,
    "minutes" : 0,
    "caloriesOut" : 0.0
  },{
    "name" : "Peak",
    "min" : 173,
    "max" : 220,
    "minutes" : 0,
    "caloriesOut" : 0.0
  }],
  "activeZoneMinutes" : {
    "totalMinutes" : 0,
    "minutesInHeartRateZones" : [{
      "minutes" : 0,
      "zoneName" : "Fat Burn",
      "order" : 1,
      "type" : "FAT_BURN",
      "minuteMultiplier" : 1
    },{
      "minutes" : 0,
      "zoneName" : "Cardio",
      "order" : 2,
      "type" : "CARDIO",
      "minuteMultiplier" : 2
    },{
      "minutes" : 0,
      "zoneName" : "Out of Range",
      "order" : 0,
      "type" : "OUT_OF_ZONE",
      "minuteMultiplier" : 0
    },{
      "minutes" : 0,
      "zoneName" : "Peak",
      "order" : 3,
      "type" : "PEAK",
      "minuteMultiplier" : 2
    }]
  },
  "lastModified" : "07/07/23 00:57:58",
  "startTime" : "07/06/23 23:30:59",
  "originalStartTime" : "07/06/23 23:30:59",
  "originalDuration" : 3430000,
  "elevationGain" : 20.0,
  "hasGps" : false,
  "shouldFetchDetails" : false,
  "hasActiveZoneMinutes" : true
},{
  "logId" : 57703433176,
  "activityName" : "Walk",
  "activityTypeId" : 90013,
  "activityLevel" : [{
    "minutes" : 0,
    "name" : "sedentary"
  },{
    "minutes" : 2,
    "name" : "lightly"
  },{
    "minutes" : 4,
    "name" : "fairly"
  },{
    "minutes" : 43,
    "name" : "very"
  }],
  "averageHeartRate" : 106,
  "calories" : 364,
  "duration" : 2969000,
  "activeDuration" : 2969000,
  "steps" : 5050,
  "logType" : "auto_detected",
  "manualValuesSpecified" : {
    "calories" : false,
    "distance" : false,
    "steps" : false
  },
  "heartRateZones" : [{
    "name" : "Out of Range",
    "min" : 30,
    "max" : 121,
    "minutes" : 49,
    "caloriesOut" : 363.8096
  },{
    "name" : "Fat Burn",
    "min" : 121,
    "max" : 142,
    "minutes" : 0,
    "caloriesOut" : 0.0
  },{
    "name" : "Cardio",
    "min" : 142,
    "max" : 169,
    "minutes" : 0,
    "caloriesOut" : 0.0
  },{
    "name" : "Peak",
    "min" : 169,
    "max" : 220,
    "minutes" : 0,
    "caloriesOut" : 0.0
  }],
  "activeZoneMinutes" : {
    "totalMinutes" : 0,
    "minutesInHeartRateZones" : [{
      "minutes" : 0,
      "zoneName" : "Fat Burn",
      "order" : 1,
      "type" : "FAT_BURN",
      "minuteMultiplier" : 1
    },{
      "minutes" : 0,
      "zoneName" : "Cardio",
      "order" : 2,
      "type" : "CARDIO",
      "minuteMultiplier" : 2
    },{
      "minutes" : 0,
      "zoneName" : "Out of Range",
      "order" : 0,
      "type" : "OUT_OF_ZONE",
      "minuteMultiplier" : 0
    },{
      "minutes" : 0,
      "zoneName" : "Peak",
      "order" : 3,
      "type" : "PEAK",
      "minuteMultiplier" : 2
    }]
  },
  "lastModified" : "08/06/23 22:30:03",
  "startTime" : "08/06/23 21:26:22",
  "originalStartTime" : "08/06/23 21:26:22",
  "originalDuration" : 2969000,
  "elevationGain" : 20.0,
  "hasGps" : false,
  "shouldFetchDetails" : false,
  "hasActiveZoneMinutes" : true
},{
  "logId" : 57800705476,
  "activityName" : "Outdoor Bike",
  "activityTypeId" : 1071,
  "activityLevel" : [{
    "minutes" : 0,
    "name" : "sedentary"
  },{
    "minutes" : 0,
    "name" : "lightly"
  },{
    "minutes" : 0,
    "name" : "fairly"
  },{
    "minutes" : 22,
    "name" : "very"
  }],
  "averageHeartRate" : 184,
  "calories" : 334,
  "duration" : 1331000,
  "activeDuration" : 1331000,
  "logType" : "auto_detected",
  "manualValuesSpecified" : {
    "calories" : false,
    "distance" : false,
    "steps" : false
  },
  "heartRateZones" : [{
    "name" : "Out of Range",
    "min" : 30,
    "max" : 118,
    "minutes" : 0,
    "caloriesOut" : 0.0
  },{
    "name" : "Fat Burn",
    "min" : 118,
    "max" : 140,
    "minutes" : 0,
    "caloriesOut" : 0.0
  },{
    "name" : "Cardio",
    "min" : 140,
    "max" : 169,
    "minutes" : 4,
    "caloriesOut" : 52.91776
  },{
    "name" : "Peak",
    "min" : 169,
    "max" : 220,
    "minutes" : 18,
    "caloriesOut" : 281.47996
  }],
  "activeZoneMinutes" : {
    "totalMinutes" : 44,
    "minutesInHeartRateZones" : [{
      "minutes" : 0,
      "zoneName" : "Fat Burn",
      "order" : 1,
      "type" : "FAT_BURN",
      "minuteMultiplier" : 1
    },{
      "minutes" : 4,
      "zoneName" : "Cardio",
      "order" : 2,
      "type" : "CARDIO",
      "minuteMultiplier" : 2
    },{
      "minutes" : 18,
      "zoneName" : "Peak",
      "order" : 3,
      "type" : "PEAK",
      "minuteMultiplier" : 2
    },{
      "minutes" : 0,
      "zoneName" : "Out of Range",
      "order" : 0,
      "type" : "OUT_OF_ZONE",
      "minuteMultiplier" : 0
    }]
  },
  "lastModified" : "08/10/23 19:50:10",
  "startTime" : "08/10/23 19:16:40",
  "originalStartTime" : "08/10/23 19:16:40",
  "originalDuration" : 1331000,
  "elevationGain" : 20.0,
  "hasGps" : false,
  "shouldFetchDetails" : false,
  "hasActiveZoneMinutes" : true
},{
  "logId" : 57800963446,
  "activityName" : "Walk",
  "activityTypeId" : 90013,
  "activityLevel" : [{
    "minutes" : 0,
    "name" : "sedentary"
  },{
    "minutes" : 0,
    "name" : "lightly"
  },{
    "minutes" : 0,
    "name" : "fairly"
  },{
    "minutes" : 21,
    "name" : "very"
  }],
  "averageHeartRate" : 190,
  "calories" : 333,
  "duration" : 1229000,
  "activeDuration" : 1229000,
  "steps" : 2359,
  "logType" : "auto_detected",
  "manualValuesSpecified" : {
    "calories" : false,
    "distance" : false,
    "steps" : false
  },
  "heartRateZones" : [{
    "name" : "Out of Range",
    "min" : 30,
    "max" : 118,
    "minutes" : 0,
    "caloriesOut" : 16.064320000000066
  },{
    "name" : "Fat Burn",
    "min" : 118,
    "max" : 140,
    "minutes" : 0,
    "caloriesOut" : 0.0
  },{
    "name" : "Cardio",
    "min" : 140,
    "max" : 169,
    "minutes" : 0,
    "caloriesOut" : 0.0
  },{
    "name" : "Peak",
    "min" : 169,
    "max" : 220,
    "minutes" : 20,
    "caloriesOut" : 317.38843999999995
  }],
  "activeZoneMinutes" : {
    "totalMinutes" : 40,
    "minutesInHeartRateZones" : [{
      "minutes" : 0,
      "zoneName" : "Fat Burn",
      "order" : 1,
      "type" : "FAT_BURN",
      "minuteMultiplier" : 1
    },{
      "minutes" : 0,
      "zoneName" : "Cardio",
      "order" : 2,
      "type" : "CARDIO",
      "minuteMultiplier" : 2
    },{
      "minutes" : 20,
      "zoneName" : "Peak",
      "order" : 3,
      "type" : "PEAK",
      "minuteMultiplier" : 2
    },{
      "minutes" : 0,
      "zoneName" : "Out of Range",
      "order" : 0,
      "type" : "OUT_OF_ZONE",
      "minuteMultiplier" : 0
    }]
  },
  "lastModified" : "08/10/23 20:23:08",
  "startTime" : "08/10/23 19:38:51",
  "originalStartTime" : "08/10/23 19:38:51",
  "originalDuration" : 1229000,
  "elevationGain" : 30.0,
  "hasGps" : false,
  "shouldFetchDetails" : false,
  "hasActiveZoneMinutes" : true
},{
  "logId" : 57822652252,
  "activityName" : "Walk",
  "activityTypeId" : 90013,
  "activityLevel" : [{
    "minutes" : 0,
    "name" : "sedentary"
  },{
    "minutes" : 0,
    "name" : "lightly"
  },{
    "minutes" : 7,
    "name" : "fairly"
  },{
    "minutes" : 8,
    "name" : "very"
  }],
  "averageHeartRate" : 117,
  "calories" : 112,
  "duration" : 921000,
  "activeDuration" : 921000,
  "steps" : 974,
  "logType" : "auto_detected",
  "manualValuesSpecified" : {
    "calories" : false,
    "distance" : false,
    "steps" : false
  },
  "heartRateZones" : [{
    "name" : "Out of Range",
    "min" : 30,
    "max" : 117,
    "minutes" : 6,
    "caloriesOut" : 42.050719999999984
  },{
    "name" : "Fat Burn",
    "min" : 117,
    "max" : 140,
    "minutes" : 9,
    "caloriesOut" : 69.69080000000001
  },{
    "name" : "Cardio",
    "min" : 140,
    "max" : 168,
    "minutes" : 0,
    "caloriesOut" : 0.0
  },{
    "name" : "Peak",
    "min" : 168,
    "max" : 220,
    "minutes" : 0,
    "caloriesOut" : 0.0
  }],
  "activeZoneMinutes" : {
    "totalMinutes" : 9,
    "minutesInHeartRateZones" : [{
      "minutes" : 9,
      "zoneName" : "Fat Burn",
      "order" : 1,
      "type" : "FAT_BURN",
      "minuteMultiplier" : 1
    },{
      "minutes" : 0,
      "zoneName" : "Cardio",
      "order" : 2,
      "type" : "CARDIO",
      "minuteMultiplier" : 2
    },{
      "minutes" : 0,
      "zoneName" : "Out of Range",
      "order" : 0,
      "type" : "OUT_OF_ZONE",
      "minuteMultiplier" : 0
    },{
      "minutes" : 0,
      "zoneName" : "Peak",
      "order" : 3,
      "type" : "PEAK",
      "minuteMultiplier" : 2
    }]
  },
  "lastModified" : "08/12/23 00:07:40",
  "startTime" : "08/11/23 23:45:10",
  "originalStartTime" : "08/11/23 23:45:10",
  "originalDuration" : 921000,
  "elevationGain" : 0.0,
  "hasGps" : false,
  "shouldFetchDetails" : false,
  "hasActiveZoneMinutes" : true
}]