[{
  "dateTime" : "04/17/23 00:00:00",
  "value" : "0"
},{
  "dateTime" : "04/18/23 00:00:00",
  "value" : "73"
},{
  "dateTime" : "04/19/23 00:00:00",
  "value" : "116"
},{
  "dateTime" : "04/20/23 00:00:00",
  "value" : "15"
},{
  "dateTime" : "04/21/23 00:00:00",
  "value" : "80"
},{
  "dateTime" : "04/22/23 00:00:00",
  "value" : "57"
},{
  "dateTime" : "04/23/23 00:00:00",
  "value" : "4"
},{
  "dateTime" : "04/24/23 00:00:00",
  "value" : "0"
},{
  "dateTime" : "04/25/23 00:00:00",
  "value" : "0"
},{
  "dateTime" : "04/26/23 00:00:00",
  "value" : "101"
},{
  "dateTime" : "04/27/23 00:00:00",
  "value" : "3"
},{
  "dateTime" : "04/28/23 00:00:00",
  "value" : "0"
},{
  "dateTime" : "04/29/23 00:00:00",
  "value" : "6"
},{
  "dateTime" : "04/30/23 00:00:00",
  "value" : "0"
},{
  "dateTime" : "05/01/23 00:00:00",
  "value" : "0"
},{
  "dateTime" : "05/02/23 00:00:00",
  "value" : "103"
},{
  "dateTime" : "05/03/23 00:00:00",
  "value" : "0"
},{
  "dateTime" : "05/04/23 00:00:00",
  "value" : "4"
},{
  "dateTime" : "05/05/23 00:00:00",
  "value" : "84"
},{
  "dateTime" : "05/06/23 00:00:00",
  "value" : "86"
},{
  "dateTime" : "05/07/23 00:00:00",
  "value" : "0"
},{
  "dateTime" : "05/08/23 00:00:00",
  "value" : "0"
},{
  "dateTime" : "05/09/23 00:00:00",
  "value" : "0"
},{
  "dateTime" : "05/10/23 00:00:00",
  "value" : "0"
},{
  "dateTime" : "05/11/23 00:00:00",
  "value" : "0"
},{
  "dateTime" : "05/12/23 00:00:00",
  "value" : "0"
},{
  "dateTime" : "05/13/23 00:00:00",
  "value" : "0"
},{
  "dateTime" : "05/14/23 00:00:00",
  "value" : "0"
},{
  "dateTime" : "05/15/23 00:00:00",
  "value" : "0"
},{
  "dateTime" : "05/16/23 00:00:00",
  "value" : "0"
}]