[{
  "dateTime" : "08/05/23 14:40:41",
  "value" : {
    "lapDurationSec" : 18,
    "strokeCount" : 9,
    "swimStrokeType" : "UNKNOWN",
    "swimAlgorithmType" : "EUCLID"
  }
},{
  "dateTime" : "08/05/23 14:44:07",
  "value" : {
    "lapDurationSec" : 10,
    "strokeCount" : 5,
    "swimStrokeType" : "UNKNOWN",
    "swimAlgorithmType" : "EUCLID"
  }
},{
  "dateTime" : "08/06/23 03:34:10",
  "value" : {
    "lapDurationSec" : 36,
    "strokeCount" : 7,
    "swimStrokeType" : "UNKNOWN",
    "swimAlgorithmType" : "EUCLID"
  }
},{
  "dateTime" : "08/06/23 15:39:32",
  "value" : {
    "lapDurationSec" : 11,
    "strokeCount" : 5,
    "swimStrokeType" : "UNKNOWN",
    "swimAlgorithmType" : "EUCLID"
  }
},{
  "dateTime" : "08/06/23 15:49:28",
  "value" : {
    "lapDurationSec" : 10,
    "strokeCount" : 5,
    "swimStrokeType" : "UNKNOWN",
    "swimAlgorithmType" : "EUCLID"
  }
},{
  "dateTime" : "08/06/23 15:50:43",
  "value" : {
    "lapDurationSec" : 30,
    "strokeCount" : 15,
    "swimStrokeType" : "UNKNOWN",
    "swimAlgorithmType" : "EUCLID"
  }
},{
  "dateTime" : "08/06/23 16:02:36",
  "value" : {
    "lapDurationSec" : 9,
    "strokeCount" : 6,
    "swimStrokeType" : "UNKNOWN",
    "swimAlgorithmType" : "EUCLID"
  }
},{
  "dateTime" : "08/06/23 16:10:57",
  "value" : {
    "lapDurationSec" : 10,
    "strokeCount" : 5,
    "swimStrokeType" : "UNKNOWN",
    "swimAlgorithmType" : "EUCLID"
  }
},{
  "dateTime" : "08/06/23 16:42:04",
  "value" : {
    "lapDurationSec" : 17,
    "strokeCount" : 7,
    "swimStrokeType" : "UNKNOWN",
    "swimAlgorithmType" : "EUCLID"
  }
},{
  "dateTime" : "08/06/23 16:49:31",
  "value" : {
    "lapDurationSec" : 20,
    "strokeCount" : 8,
    "swimStrokeType" : "UNKNOWN",
    "swimAlgorithmType" : "EUCLID"
  }
},{
  "dateTime" : "08/06/23 17:04:00",
  "value" : {
    "lapDurationSec" : 12,
    "strokeCount" : 5,
    "swimStrokeType" : "UNKNOWN",
    "swimAlgorithmType" : "EUCLID"
  }
},{
  "dateTime" : "08/06/23 17:07:39",
  "value" : {
    "lapDurationSec" : 16,
    "strokeCount" : 5,
    "swimStrokeType" : "UNKNOWN",
    "swimAlgorithmType" : "EUCLID"
  }
},{
  "dateTime" : "08/06/23 17:15:41",
  "value" : {
    "lapDurationSec" : 31,
    "strokeCount" : 7,
    "swimStrokeType" : "UNKNOWN",
    "swimAlgorithmType" : "EUCLID"
  }
},{
  "dateTime" : "08/06/23 17:19:10",
  "value" : {
    "lapDurationSec" : 44,
    "strokeCount" : 10,
    "swimStrokeType" : "UNKNOWN",
    "swimAlgorithmType" : "EUCLID"
  }
},{
  "dateTime" : "08/06/23 17:38:26",
  "value" : {
    "lapDurationSec" : 12,
    "strokeCount" : 5,
    "swimStrokeType" : "UNKNOWN",
    "swimAlgorithmType" : "EUCLID"
  }
},{
  "dateTime" : "08/06/23 17:46:38",
  "value" : {
    "lapDurationSec" : 24,
    "strokeCount" : 7,
    "swimStrokeType" : "UNKNOWN",
    "swimAlgorithmType" : "EUCLID"
  }
},{
  "dateTime" : "08/06/23 17:52:32",
  "value" : {
    "lapDurationSec" : 12,
    "strokeCount" : 5,
    "swimStrokeType" : "UNKNOWN",
    "swimAlgorithmType" : "EUCLID"
  }
},{
  "dateTime" : "08/06/23 22:32:43",
  "value" : {
    "lapDurationSec" : 9,
    "strokeCount" : 6,
    "swimStrokeType" : "UNKNOWN",
    "swimAlgorithmType" : "EUCLID"
  }
},{
  "dateTime" : "08/06/23 22:33:00",
  "value" : {
    "lapDurationSec" : 22,
    "strokeCount" : 7,
    "swimStrokeType" : "UNKNOWN",
    "swimAlgorithmType" : "EUCLID"
  }
},{
  "dateTime" : "08/06/23 22:36:41",
  "value" : {
    "lapDurationSec" : 15,
    "strokeCount" : 6,
    "swimStrokeType" : "UNKNOWN",
    "swimAlgorithmType" : "EUCLID"
  }
},{
  "dateTime" : "08/07/23 00:55:50",
  "value" : {
    "lapDurationSec" : 13,
    "strokeCount" : 5,
    "swimStrokeType" : "UNKNOWN",
    "swimAlgorithmType" : "EUCLID"
  }
},{
  "dateTime" : "08/07/23 00:57:31",
  "value" : {
    "lapDurationSec" : 13,
    "strokeCount" : 5,
    "swimStrokeType" : "UNKNOWN",
    "swimAlgorithmType" : "EUCLID"
  }
},{
  "dateTime" : "08/07/23 02:40:44",
  "value" : {
    "lapDurationSec" : 9,
    "strokeCount" : 5,
    "swimStrokeType" : "UNKNOWN",
    "swimAlgorithmType" : "EUCLID"
  }
},{
  "dateTime" : "08/07/23 06:03:06",
  "value" : {
    "lapDurationSec" : 12,
    "strokeCount" : 5,
    "swimStrokeType" : "UNKNOWN",
    "swimAlgorithmType" : "EUCLID"
  }
},{
  "dateTime" : "08/07/23 13:52:36",
  "value" : {
    "lapDurationSec" : 15,
    "strokeCount" : 10,
    "swimStrokeType" : "UNKNOWN",
    "swimAlgorithmType" : "EUCLID"
  }
},{
  "dateTime" : "08/07/23 13:53:16",
  "value" : {
    "lapDurationSec" : 25,
    "strokeCount" : 8,
    "swimStrokeType" : "UNKNOWN",
    "swimAlgorithmType" : "EUCLID"
  }
},{
  "dateTime" : "08/07/23 13:53:54",
  "value" : {
    "lapDurationSec" : 53,
    "strokeCount" : 17,
    "swimStrokeType" : "UNKNOWN",
    "swimAlgorithmType" : "EUCLID"
  }
},{
  "dateTime" : "08/07/23 13:56:00",
  "value" : {
    "lapDurationSec" : 16,
    "strokeCount" : 6,
    "swimStrokeType" : "UNKNOWN",
    "swimAlgorithmType" : "EUCLID"
  }
},{
  "dateTime" : "08/07/23 14:01:25",
  "value" : {
    "lapDurationSec" : 14,
    "strokeCount" : 5,
    "swimStrokeType" : "UNKNOWN",
    "swimAlgorithmType" : "EUCLID"
  }
},{
  "dateTime" : "08/07/23 14:05:57",
  "value" : {
    "lapDurationSec" : 13,
    "strokeCount" : 6,
    "swimStrokeType" : "UNKNOWN",
    "swimAlgorithmType" : "EUCLID"
  }
},{
  "dateTime" : "08/07/23 14:13:03",
  "value" : {
    "lapDurationSec" : 10,
    "strokeCount" : 5,
    "swimStrokeType" : "UNKNOWN",
    "swimAlgorithmType" : "EUCLID"
  }
},{
  "dateTime" : "08/07/23 16:28:15",
  "value" : {
    "lapDurationSec" : 9,
    "strokeCount" : 5,
    "swimStrokeType" : "UNKNOWN",
    "swimAlgorithmType" : "EUCLID"
  }
},{
  "dateTime" : "08/07/23 18:09:34",
  "value" : {
    "lapDurationSec" : 14,
    "strokeCount" : 6,
    "swimStrokeType" : "UNKNOWN",
    "swimAlgorithmType" : "EUCLID"
  }
},{
  "dateTime" : "08/07/23 18:13:55",
  "value" : {
    "lapDurationSec" : 18,
    "strokeCount" : 6,
    "swimStrokeType" : "UNKNOWN",
    "swimAlgorithmType" : "EUCLID"
  }
},{
  "dateTime" : "08/07/23 19:03:52",
  "value" : {
    "lapDurationSec" : 10,
    "strokeCount" : 7,
    "swimStrokeType" : "UNKNOWN",
    "swimAlgorithmType" : "EUCLID"
  }
},{
  "dateTime" : "08/07/23 19:04:09",
  "value" : {
    "lapDurationSec" : 15,
    "strokeCount" : 6,
    "swimStrokeType" : "UNKNOWN",
    "swimAlgorithmType" : "EUCLID"
  }
},{
  "dateTime" : "08/07/23 20:22:15",
  "value" : {
    "lapDurationSec" : 12,
    "strokeCount" : 5,
    "swimStrokeType" : "UNKNOWN",
    "swimAlgorithmType" : "EUCLID"
  }
},{
  "dateTime" : "08/08/23 02:45:12",
  "value" : {
    "lapDurationSec" : 11,
    "strokeCount" : 5,
    "swimStrokeType" : "UNKNOWN",
    "swimAlgorithmType" : "EUCLID"
  }
},{
  "dateTime" : "08/08/23 02:48:31",
  "value" : {
    "lapDurationSec" : 20,
    "strokeCount" : 6,
    "swimStrokeType" : "UNKNOWN",
    "swimAlgorithmType" : "EUCLID"
  }
},{
  "dateTime" : "08/08/23 02:49:54",
  "value" : {
    "lapDurationSec" : 17,
    "strokeCount" : 6,
    "swimStrokeType" : "UNKNOWN",
    "swimAlgorithmType" : "EUCLID"
  }
},{
  "dateTime" : "08/08/23 09:51:12",
  "value" : {
    "lapDurationSec" : 11,
    "strokeCount" : 5,
    "swimStrokeType" : "UNKNOWN",
    "swimAlgorithmType" : "EUCLID"
  }
},{
  "dateTime" : "08/08/23 09:52:11",
  "value" : {
    "lapDurationSec" : 14,
    "strokeCount" : 6,
    "swimStrokeType" : "UNKNOWN",
    "swimAlgorithmType" : "EUCLID"
  }
},{
  "dateTime" : "08/08/23 09:55:07",
  "value" : {
    "lapDurationSec" : 16,
    "strokeCount" : 5,
    "swimStrokeType" : "UNKNOWN",
    "swimAlgorithmType" : "EUCLID"
  }
},{
  "dateTime" : "08/08/23 15:23:48",
  "value" : {
    "lapDurationSec" : 13,
    "strokeCount" : 7,
    "swimStrokeType" : "UNKNOWN",
    "swimAlgorithmType" : "EUCLID"
  }
},{
  "dateTime" : "08/08/23 18:05:01",
  "value" : {
    "lapDurationSec" : 9,
    "strokeCount" : 5,
    "swimStrokeType" : "UNKNOWN",
    "swimAlgorithmType" : "EUCLID"
  }
},{
  "dateTime" : "08/08/23 19:06:15",
  "value" : {
    "lapDurationSec" : 13,
    "strokeCount" : 5,
    "swimStrokeType" : "UNKNOWN",
    "swimAlgorithmType" : "EUCLID"
  }
},{
  "dateTime" : "08/08/23 21:50:25",
  "value" : {
    "lapDurationSec" : 10,
    "strokeCount" : 5,
    "swimStrokeType" : "UNKNOWN",
    "swimAlgorithmType" : "EUCLID"
  }
},{
  "dateTime" : "08/08/23 22:42:00",
  "value" : {
    "lapDurationSec" : 12,
    "strokeCount" : 5,
    "swimStrokeType" : "UNKNOWN",
    "swimAlgorithmType" : "EUCLID"
  }
},{
  "dateTime" : "08/08/23 22:44:49",
  "value" : {
    "lapDurationSec" : 11,
    "strokeCount" : 8,
    "swimStrokeType" : "UNKNOWN",
    "swimAlgorithmType" : "EUCLID"
  }
},{
  "dateTime" : "08/09/23 00:05:38",
  "value" : {
    "lapDurationSec" : 13,
    "strokeCount" : 5,
    "swimStrokeType" : "UNKNOWN",
    "swimAlgorithmType" : "EUCLID"
  }
},{
  "dateTime" : "08/09/23 00:25:04",
  "value" : {
    "lapDurationSec" : 19,
    "strokeCount" : 5,
    "swimStrokeType" : "UNKNOWN",
    "swimAlgorithmType" : "EUCLID"
  }
},{
  "dateTime" : "08/09/23 00:27:01",
  "value" : {
    "lapDurationSec" : 29,
    "strokeCount" : 7,
    "swimStrokeType" : "UNKNOWN",
    "swimAlgorithmType" : "EUCLID"
  }
},{
  "dateTime" : "08/09/23 00:30:16",
  "value" : {
    "lapDurationSec" : 59,
    "strokeCount" : 7,
    "swimStrokeType" : "UNKNOWN",
    "swimAlgorithmType" : "EUCLID"
  }
},{
  "dateTime" : "08/09/23 00:31:40",
  "value" : {
    "lapDurationSec" : 47,
    "strokeCount" : 5,
    "swimStrokeType" : "UNKNOWN",
    "swimAlgorithmType" : "EUCLID"
  }
},{
  "dateTime" : "08/09/23 00:36:35",
  "value" : {
    "lapDurationSec" : 40,
    "strokeCount" : 5,
    "swimStrokeType" : "UNKNOWN",
    "swimAlgorithmType" : "EUCLID"
  }
},{
  "dateTime" : "08/09/23 00:43:33",
  "value" : {
    "lapDurationSec" : 40,
    "strokeCount" : 6,
    "swimStrokeType" : "UNKNOWN",
    "swimAlgorithmType" : "EUCLID"
  }
},{
  "dateTime" : "08/09/23 00:45:25",
  "value" : {
    "lapDurationSec" : 45,
    "strokeCount" : 8,
    "swimStrokeType" : "UNKNOWN",
    "swimAlgorithmType" : "EUCLID"
  }
},{
  "dateTime" : "08/09/23 00:47:51",
  "value" : {
    "lapDurationSec" : 34,
    "strokeCount" : 5,
    "swimStrokeType" : "UNKNOWN",
    "swimAlgorithmType" : "EUCLID"
  }
},{
  "dateTime" : "08/09/23 00:49:14",
  "value" : {
    "lapDurationSec" : 58,
    "strokeCount" : 10,
    "swimStrokeType" : "UNKNOWN",
    "swimAlgorithmType" : "EUCLID"
  }
},{
  "dateTime" : "08/09/23 00:54:26",
  "value" : {
    "lapDurationSec" : 21,
    "strokeCount" : 5,
    "swimStrokeType" : "UNKNOWN",
    "swimAlgorithmType" : "EUCLID"
  }
},{
  "dateTime" : "08/09/23 01:00:57",
  "value" : {
    "lapDurationSec" : 32,
    "strokeCount" : 5,
    "swimStrokeType" : "UNKNOWN",
    "swimAlgorithmType" : "EUCLID"
  }
},{
  "dateTime" : "08/09/23 01:05:42",
  "value" : {
    "lapDurationSec" : 50,
    "strokeCount" : 6,
    "swimStrokeType" : "UNKNOWN",
    "swimAlgorithmType" : "EUCLID"
  }
},{
  "dateTime" : "08/09/23 01:07:05",
  "value" : {
    "lapDurationSec" : 56,
    "strokeCount" : 9,
    "swimStrokeType" : "UNKNOWN",
    "swimAlgorithmType" : "EUCLID"
  }
},{
  "dateTime" : "08/09/23 01:16:36",
  "value" : {
    "lapDurationSec" : 30,
    "strokeCount" : 5,
    "swimStrokeType" : "UNKNOWN",
    "swimAlgorithmType" : "EUCLID"
  }
},{
  "dateTime" : "08/09/23 01:18:49",
  "value" : {
    "lapDurationSec" : 28,
    "strokeCount" : 5,
    "swimStrokeType" : "UNKNOWN",
    "swimAlgorithmType" : "EUCLID"
  }
},{
  "dateTime" : "08/09/23 01:19:33",
  "value" : {
    "lapDurationSec" : 50,
    "strokeCount" : 8,
    "swimStrokeType" : "UNKNOWN",
    "swimAlgorithmType" : "EUCLID"
  }
},{
  "dateTime" : "08/09/23 01:31:33",
  "value" : {
    "lapDurationSec" : 33,
    "strokeCount" : 5,
    "swimStrokeType" : "UNKNOWN",
    "swimAlgorithmType" : "EUCLID"
  }
},{
  "dateTime" : "08/09/23 01:33:14",
  "value" : {
    "lapDurationSec" : 36,
    "strokeCount" : 6,
    "swimStrokeType" : "UNKNOWN",
    "swimAlgorithmType" : "EUCLID"
  }
},{
  "dateTime" : "08/09/23 01:37:41",
  "value" : {
    "lapDurationSec" : 48,
    "strokeCount" : 6,
    "swimStrokeType" : "UNKNOWN",
    "swimAlgorithmType" : "EUCLID"
  }
},{
  "dateTime" : "08/09/23 01:41:28",
  "value" : {
    "lapDurationSec" : 52,
    "strokeCount" : 5,
    "swimStrokeType" : "UNKNOWN",
    "swimAlgorithmType" : "EUCLID"
  }
},{
  "dateTime" : "08/09/23 01:43:32",
  "value" : {
    "lapDurationSec" : 45,
    "strokeCount" : 7,
    "swimStrokeType" : "UNKNOWN",
    "swimAlgorithmType" : "EUCLID"
  }
},{
  "dateTime" : "08/09/23 01:50:08",
  "value" : {
    "lapDurationSec" : 48,
    "strokeCount" : 8,
    "swimStrokeType" : "UNKNOWN",
    "swimAlgorithmType" : "EUCLID"
  }
},{
  "dateTime" : "08/09/23 01:51:36",
  "value" : {
    "lapDurationSec" : 35,
    "strokeCount" : 5,
    "swimStrokeType" : "UNKNOWN",
    "swimAlgorithmType" : "EUCLID"
  }
},{
  "dateTime" : "08/09/23 01:54:35",
  "value" : {
    "lapDurationSec" : 29,
    "strokeCount" : 7,
    "swimStrokeType" : "UNKNOWN",
    "swimAlgorithmType" : "EUCLID"
  }
},{
  "dateTime" : "08/09/23 02:01:23",
  "value" : {
    "lapDurationSec" : 36,
    "strokeCount" : 7,
    "swimStrokeType" : "UNKNOWN",
    "swimAlgorithmType" : "EUCLID"
  }
},{
  "dateTime" : "08/09/23 02:03:33",
  "value" : {
    "lapDurationSec" : 37,
    "strokeCount" : 6,
    "swimStrokeType" : "UNKNOWN",
    "swimAlgorithmType" : "EUCLID"
  }
},{
  "dateTime" : "08/09/23 02:16:06",
  "value" : {
    "lapDurationSec" : 30,
    "strokeCount" : 8,
    "swimStrokeType" : "UNKNOWN",
    "swimAlgorithmType" : "EUCLID"
  }
},{
  "dateTime" : "08/09/23 02:55:32",
  "value" : {
    "lapDurationSec" : 8,
    "strokeCount" : 5,
    "swimStrokeType" : "UNKNOWN",
    "swimAlgorithmType" : "EUCLID"
  }
},{
  "dateTime" : "08/09/23 11:45:16",
  "value" : {
    "lapDurationSec" : 10,
    "strokeCount" : 5,
    "swimStrokeType" : "UNKNOWN",
    "swimAlgorithmType" : "EUCLID"
  }
},{
  "dateTime" : "08/09/23 11:45:43",
  "value" : {
    "lapDurationSec" : 18,
    "strokeCount" : 9,
    "swimStrokeType" : "UNKNOWN",
    "swimAlgorithmType" : "EUCLID"
  }
},{
  "dateTime" : "08/09/23 11:46:34",
  "value" : {
    "lapDurationSec" : 14,
    "strokeCount" : 5,
    "swimStrokeType" : "UNKNOWN",
    "swimAlgorithmType" : "EUCLID"
  }
},{
  "dateTime" : "08/09/23 11:47:28",
  "value" : {
    "lapDurationSec" : 18,
    "strokeCount" : 5,
    "swimStrokeType" : "UNKNOWN",
    "swimAlgorithmType" : "EUCLID"
  }
},{
  "dateTime" : "08/09/23 11:47:56",
  "value" : {
    "lapDurationSec" : 19,
    "strokeCount" : 5,
    "swimStrokeType" : "UNKNOWN",
    "swimAlgorithmType" : "EUCLID"
  }
},{
  "dateTime" : "08/09/23 11:56:35",
  "value" : {
    "lapDurationSec" : 38,
    "strokeCount" : 8,
    "swimStrokeType" : "UNKNOWN",
    "swimAlgorithmType" : "EUCLID"
  }
},{
  "dateTime" : "08/09/23 11:59:06",
  "value" : {
    "lapDurationSec" : 33,
    "strokeCount" : 5,
    "swimStrokeType" : "UNKNOWN",
    "swimAlgorithmType" : "EUCLID"
  }
},{
  "dateTime" : "08/09/23 12:01:28",
  "value" : {
    "lapDurationSec" : 52,
    "strokeCount" : 13,
    "swimStrokeType" : "UNKNOWN",
    "swimAlgorithmType" : "EUCLID"
  }
},{
  "dateTime" : "08/09/23 12:10:01",
  "value" : {
    "lapDurationSec" : 36,
    "strokeCount" : 5,
    "swimStrokeType" : "UNKNOWN",
    "swimAlgorithmType" : "EUCLID"
  }
},{
  "dateTime" : "08/09/23 12:13:08",
  "value" : {
    "lapDurationSec" : 38,
    "strokeCount" : 5,
    "swimStrokeType" : "UNKNOWN",
    "swimAlgorithmType" : "EUCLID"
  }
},{
  "dateTime" : "08/09/23 13:07:54",
  "value" : {
    "lapDurationSec" : 13,
    "strokeCount" : 6,
    "swimStrokeType" : "UNKNOWN",
    "swimAlgorithmType" : "EUCLID"
  }
},{
  "dateTime" : "08/09/23 13:20:41",
  "value" : {
    "lapDurationSec" : 15,
    "strokeCount" : 5,
    "swimStrokeType" : "UNKNOWN",
    "swimAlgorithmType" : "EUCLID"
  }
},{
  "dateTime" : "08/09/23 19:38:05",
  "value" : {
    "lapDurationSec" : 15,
    "strokeCount" : 6,
    "swimStrokeType" : "UNKNOWN",
    "swimAlgorithmType" : "EUCLID"
  }
},{
  "dateTime" : "08/09/23 19:41:15",
  "value" : {
    "lapDurationSec" : 15,
    "strokeCount" : 5,
    "swimStrokeType" : "UNKNOWN",
    "swimAlgorithmType" : "EUCLID"
  }
},{
  "dateTime" : "08/10/23 04:21:56",
  "value" : {
    "lapDurationSec" : 20,
    "strokeCount" : 10,
    "swimStrokeType" : "UNKNOWN",
    "swimAlgorithmType" : "EUCLID"
  }
},{
  "dateTime" : "08/10/23 15:08:52",
  "value" : {
    "lapDurationSec" : 11,
    "strokeCount" : 6,
    "swimStrokeType" : "UNKNOWN",
    "swimAlgorithmType" : "EUCLID"
  }
},{
  "dateTime" : "08/10/23 15:09:16",
  "value" : {
    "lapDurationSec" : 17,
    "strokeCount" : 9,
    "swimStrokeType" : "UNKNOWN",
    "swimAlgorithmType" : "EUCLID"
  }
},{
  "dateTime" : "08/10/23 15:16:10",
  "value" : {
    "lapDurationSec" : 17,
    "strokeCount" : 5,
    "swimStrokeType" : "UNKNOWN",
    "swimAlgorithmType" : "EUCLID"
  }
},{
  "dateTime" : "08/10/23 20:10:36",
  "value" : {
    "lapDurationSec" : 12,
    "strokeCount" : 6,
    "swimStrokeType" : "UNKNOWN",
    "swimAlgorithmType" : "EUCLID"
  }
},{
  "dateTime" : "08/10/23 20:50:06",
  "value" : {
    "lapDurationSec" : 13,
    "strokeCount" : 6,
    "swimStrokeType" : "UNKNOWN",
    "swimAlgorithmType" : "EUCLID"
  }
},{
  "dateTime" : "08/11/23 03:10:37",
  "value" : {
    "lapDurationSec" : 8,
    "strokeCount" : 5,
    "swimStrokeType" : "UNKNOWN",
    "swimAlgorithmType" : "EUCLID"
  }
},{
  "dateTime" : "08/11/23 14:27:14",
  "value" : {
    "lapDurationSec" : 11,
    "strokeCount" : 5,
    "swimStrokeType" : "UNKNOWN",
    "swimAlgorithmType" : "EUCLID"
  }
},{
  "dateTime" : "08/11/23 17:21:47",
  "value" : {
    "lapDurationSec" : 10,
    "strokeCount" : 5,
    "swimStrokeType" : "UNKNOWN",
    "swimAlgorithmType" : "EUCLID"
  }
},{
  "dateTime" : "08/11/23 17:25:35",
  "value" : {
    "lapDurationSec" : 12,
    "strokeCount" : 5,
    "swimStrokeType" : "UNKNOWN",
    "swimAlgorithmType" : "EUCLID"
  }
},{
  "dateTime" : "08/11/23 19:52:06",
  "value" : {
    "lapDurationSec" : 14,
    "strokeCount" : 5,
    "swimStrokeType" : "UNKNOWN",
    "swimAlgorithmType" : "EUCLID"
  }
},{
  "dateTime" : "08/11/23 20:01:36",
  "value" : {
    "lapDurationSec" : 13,
    "strokeCount" : 5,
    "swimStrokeType" : "UNKNOWN",
    "swimAlgorithmType" : "EUCLID"
  }
},{
  "dateTime" : "08/11/23 20:02:51",
  "value" : {
    "lapDurationSec" : 11,
    "strokeCount" : 5,
    "swimStrokeType" : "UNKNOWN",
    "swimAlgorithmType" : "EUCLID"
  }
},{
  "dateTime" : "08/11/23 20:03:54",
  "value" : {
    "lapDurationSec" : 16,
    "strokeCount" : 5,
    "swimStrokeType" : "UNKNOWN",
    "swimAlgorithmType" : "EUCLID"
  }
},{
  "dateTime" : "08/11/23 20:07:11",
  "value" : {
    "lapDurationSec" : 20,
    "strokeCount" : 6,
    "swimStrokeType" : "UNKNOWN",
    "swimAlgorithmType" : "EUCLID"
  }
},{
  "dateTime" : "08/11/23 22:01:39",
  "value" : {
    "lapDurationSec" : 10,
    "strokeCount" : 5,
    "swimStrokeType" : "UNKNOWN",
    "swimAlgorithmType" : "EUCLID"
  }
},{
  "dateTime" : "08/11/23 22:38:23",
  "value" : {
    "lapDurationSec" : 21,
    "strokeCount" : 9,
    "swimStrokeType" : "UNKNOWN",
    "swimAlgorithmType" : "EUCLID"
  }
},{
  "dateTime" : "08/11/23 22:40:10",
  "value" : {
    "lapDurationSec" : 18,
    "strokeCount" : 8,
    "swimStrokeType" : "UNKNOWN",
    "swimAlgorithmType" : "EUCLID"
  }
},{
  "dateTime" : "08/11/23 22:40:36",
  "value" : {
    "lapDurationSec" : 15,
    "strokeCount" : 7,
    "swimStrokeType" : "UNKNOWN",
    "swimAlgorithmType" : "EUCLID"
  }
},{
  "dateTime" : "08/11/23 23:48:31",
  "value" : {
    "lapDurationSec" : 14,
    "strokeCount" : 8,
    "swimStrokeType" : "UNKNOWN",
    "swimAlgorithmType" : "EUCLID"
  }
},{
  "dateTime" : "08/11/23 23:50:27",
  "value" : {
    "lapDurationSec" : 28,
    "strokeCount" : 21,
    "swimStrokeType" : "UNKNOWN",
    "swimAlgorithmType" : "EUCLID"
  }
},{
  "dateTime" : "08/11/23 23:53:42",
  "value" : {
    "lapDurationSec" : 19,
    "strokeCount" : 8,
    "swimStrokeType" : "UNKNOWN",
    "swimAlgorithmType" : "EUCLID"
  }
},{
  "dateTime" : "08/11/23 23:54:45",
  "value" : {
    "lapDurationSec" : 23,
    "strokeCount" : 8,
    "swimStrokeType" : "UNKNOWN",
    "swimAlgorithmType" : "EUCLID"
  }
},{
  "dateTime" : "08/12/23 00:04:46",
  "value" : {
    "lapDurationSec" : 36,
    "strokeCount" : 8,
    "swimStrokeType" : "UNKNOWN",
    "swimAlgorithmType" : "EUCLID"
  }
},{
  "dateTime" : "08/12/23 00:05:46",
  "value" : {
    "lapDurationSec" : 17,
    "strokeCount" : 6,
    "swimStrokeType" : "UNKNOWN",
    "swimAlgorithmType" : "EUCLID"
  }
},{
  "dateTime" : "08/12/23 00:07:10",
  "value" : {
    "lapDurationSec" : 14,
    "strokeCount" : 5,
    "swimStrokeType" : "UNKNOWN",
    "swimAlgorithmType" : "EUCLID"
  }
},{
  "dateTime" : "08/12/23 00:56:47",
  "value" : {
    "lapDurationSec" : 16,
    "strokeCount" : 8,
    "swimStrokeType" : "UNKNOWN",
    "swimAlgorithmType" : "EUCLID"
  }
},{
  "dateTime" : "08/12/23 01:02:36",
  "value" : {
    "lapDurationSec" : 16,
    "strokeCount" : 5,
    "swimStrokeType" : "UNKNOWN",
    "swimAlgorithmType" : "EUCLID"
  }
},{
  "dateTime" : "08/12/23 01:05:33",
  "value" : {
    "lapDurationSec" : 18,
    "strokeCount" : 5,
    "swimStrokeType" : "UNKNOWN",
    "swimAlgorithmType" : "EUCLID"
  }
},{
  "dateTime" : "08/12/23 01:07:19",
  "value" : {
    "lapDurationSec" : 29,
    "strokeCount" : 7,
    "swimStrokeType" : "UNKNOWN",
    "swimAlgorithmType" : "EUCLID"
  }
},{
  "dateTime" : "08/12/23 01:08:19",
  "value" : {
    "lapDurationSec" : 28,
    "strokeCount" : 7,
    "swimStrokeType" : "UNKNOWN",
    "swimAlgorithmType" : "EUCLID"
  }
},{
  "dateTime" : "08/12/23 01:10:43",
  "value" : {
    "lapDurationSec" : 36,
    "strokeCount" : 5,
    "swimStrokeType" : "UNKNOWN",
    "swimAlgorithmType" : "EUCLID"
  }
},{
  "dateTime" : "08/12/23 01:11:49",
  "value" : {
    "lapDurationSec" : 35,
    "strokeCount" : 7,
    "swimStrokeType" : "UNKNOWN",
    "swimAlgorithmType" : "EUCLID"
  }
},{
  "dateTime" : "08/12/23 01:14:12",
  "value" : {
    "lapDurationSec" : 32,
    "strokeCount" : 6,
    "swimStrokeType" : "UNKNOWN",
    "swimAlgorithmType" : "EUCLID"
  }
},{
  "dateTime" : "08/12/23 01:15:50",
  "value" : {
    "lapDurationSec" : 29,
    "strokeCount" : 6,
    "swimStrokeType" : "UNKNOWN",
    "swimAlgorithmType" : "EUCLID"
  }
},{
  "dateTime" : "08/12/23 01:18:08",
  "value" : {
    "lapDurationSec" : 50,
    "strokeCount" : 10,
    "swimStrokeType" : "UNKNOWN",
    "swimAlgorithmType" : "EUCLID"
  }
},{
  "dateTime" : "08/12/23 01:24:43",
  "value" : {
    "lapDurationSec" : 22,
    "strokeCount" : 5,
    "swimStrokeType" : "UNKNOWN",
    "swimAlgorithmType" : "EUCLID"
  }
},{
  "dateTime" : "08/12/23 01:26:12",
  "value" : {
    "lapDurationSec" : 24,
    "strokeCount" : 5,
    "swimStrokeType" : "UNKNOWN",
    "swimAlgorithmType" : "EUCLID"
  }
},{
  "dateTime" : "08/12/23 01:37:20",
  "value" : {
    "lapDurationSec" : 35,
    "strokeCount" : 7,
    "swimStrokeType" : "UNKNOWN",
    "swimAlgorithmType" : "EUCLID"
  }
},{
  "dateTime" : "08/12/23 16:24:24",
  "value" : {
    "lapDurationSec" : 16,
    "strokeCount" : 8,
    "swimStrokeType" : "UNKNOWN",
    "swimAlgorithmType" : "EUCLID"
  }
},{
  "dateTime" : "08/12/23 16:24:53",
  "value" : {
    "lapDurationSec" : 31,
    "strokeCount" : 14,
    "swimStrokeType" : "UNKNOWN",
    "swimAlgorithmType" : "EUCLID"
  }
},{
  "dateTime" : "08/12/23 16:25:49",
  "value" : {
    "lapDurationSec" : 7,
    "strokeCount" : 5,
    "swimStrokeType" : "UNKNOWN",
    "swimAlgorithmType" : "EUCLID"
  }
},{
  "dateTime" : "08/12/23 16:26:29",
  "value" : {
    "lapDurationSec" : 13,
    "strokeCount" : 7,
    "swimStrokeType" : "UNKNOWN",
    "swimAlgorithmType" : "EUCLID"
  }
},{
  "dateTime" : "08/12/23 16:27:26",
  "value" : {
    "lapDurationSec" : 10,
    "strokeCount" : 6,
    "swimStrokeType" : "UNKNOWN",
    "swimAlgorithmType" : "EUCLID"
  }
},{
  "dateTime" : "08/12/23 16:33:06",
  "value" : {
    "lapDurationSec" : 12,
    "strokeCount" : 5,
    "swimStrokeType" : "UNKNOWN",
    "swimAlgorithmType" : "EUCLID"
  }
},{
  "dateTime" : "08/12/23 16:35:20",
  "value" : {
    "lapDurationSec" : 9,
    "strokeCount" : 5,
    "swimStrokeType" : "UNKNOWN",
    "swimAlgorithmType" : "EUCLID"
  }
},{
  "dateTime" : "08/12/23 17:33:24",
  "value" : {
    "lapDurationSec" : 29,
    "strokeCount" : 12,
    "swimStrokeType" : "UNKNOWN",
    "swimAlgorithmType" : "EUCLID"
  }
},{
  "dateTime" : "08/12/23 17:34:19",
  "value" : {
    "lapDurationSec" : 22,
    "strokeCount" : 9,
    "swimStrokeType" : "UNKNOWN",
    "swimAlgorithmType" : "EUCLID"
  }
},{
  "dateTime" : "08/12/23 17:36:36",
  "value" : {
    "lapDurationSec" : 15,
    "strokeCount" : 7,
    "swimStrokeType" : "UNKNOWN",
    "swimAlgorithmType" : "EUCLID"
  }
},{
  "dateTime" : "08/12/23 18:20:10",
  "value" : {
    "lapDurationSec" : 14,
    "strokeCount" : 5,
    "swimStrokeType" : "UNKNOWN",
    "swimAlgorithmType" : "EUCLID"
  }
},{
  "dateTime" : "08/12/23 18:33:43",
  "value" : {
    "lapDurationSec" : 23,
    "strokeCount" : 7,
    "swimStrokeType" : "UNKNOWN",
    "swimAlgorithmType" : "EUCLID"
  }
},{
  "dateTime" : "08/12/23 18:59:41",
  "value" : {
    "lapDurationSec" : 25,
    "strokeCount" : 7,
    "swimStrokeType" : "UNKNOWN",
    "swimAlgorithmType" : "EUCLID"
  }
},{
  "dateTime" : "08/12/23 19:07:04",
  "value" : {
    "lapDurationSec" : 20,
    "strokeCount" : 5,
    "swimStrokeType" : "UNKNOWN",
    "swimAlgorithmType" : "EUCLID"
  }
},{
  "dateTime" : "08/12/23 19:10:03",
  "value" : {
    "lapDurationSec" : 26,
    "strokeCount" : 5,
    "swimStrokeType" : "UNKNOWN",
    "swimAlgorithmType" : "EUCLID"
  }
},{
  "dateTime" : "08/12/23 19:10:57",
  "value" : {
    "lapDurationSec" : 39,
    "strokeCount" : 7,
    "swimStrokeType" : "UNKNOWN",
    "swimAlgorithmType" : "EUCLID"
  }
},{
  "dateTime" : "08/12/23 19:11:59",
  "value" : {
    "lapDurationSec" : 36,
    "strokeCount" : 7,
    "swimStrokeType" : "UNKNOWN",
    "swimAlgorithmType" : "EUCLID"
  }
},{
  "dateTime" : "08/12/23 19:20:44",
  "value" : {
    "lapDurationSec" : 26,
    "strokeCount" : 5,
    "swimStrokeType" : "UNKNOWN",
    "swimAlgorithmType" : "EUCLID"
  }
}]