[{
  "logId" : 41208581727,
  "dateOfSleep" : "2023-05-04",
  "startTime" : "2023-05-04T05:39:00.000",
  "endTime" : "2023-05-04T12:12:30.000",
  "duration" : 23580000,
  "minutesToFallAsleep" : 0,
  "minutesAsleep" : 393,
  "minutesAwake" : 0,
  "minutesAfterWakeup" : 0,
  "timeInBed" : 393,
  "efficiency" : 100,
  "type" : "classic",
  "infoCode" : 1,
  "logType" : "auto_detected",
  "levels" : {
    "summary" : {
      "restless" : {
        "count" : 0,
        "minutes" : 0
      },
      "awake" : {
        "count" : 0,
        "minutes" : 0
      },
      "asleep" : {
        "count" : 0,
        "minutes" : 393
      }
    },
    "data" : [{
      "dateTime" : "2023-05-04T05:39:00.000",
      "level" : "asleep",
      "seconds" : 23580
    }]
  },
  "mainSleep" : true
},{
  "logId" : 41121964356,
  "dateOfSleep" : "2023-04-27",
  "startTime" : "2023-04-27T18:59:30.000",
  "endTime" : "2023-04-27T22:01:30.000",
  "duration" : 10920000,
  "minutesToFallAsleep" : 0,
  "minutesAsleep" : 151,
  "minutesAwake" : 31,
  "minutesAfterWakeup" : 8,
  "timeInBed" : 182,
  "efficiency" : 91,
  "type" : "stages",
  "infoCode" : 0,
  "logType" : "auto_detected",
  "levels" : {
    "summary" : {
      "deep" : {
        "count" : 2,
        "minutes" : 16,
        "thirtyDayAvgMinutes" : 86
      },
      "wake" : {
        "count" : 6,
        "minutes" : 31,
        "thirtyDayAvgMinutes" : 64
      },
      "light" : {
        "count" : 9,
        "minutes" : 103,
        "thirtyDayAvgMinutes" : 195
      },
      "rem" : {
        "count" : 3,
        "minutes" : 32,
        "thirtyDayAvgMinutes" : 91
      }
    },
    "data" : [{
      "dateTime" : "2023-04-27T18:59:30.000",
      "level" : "light",
      "seconds" : 270
    },{
      "dateTime" : "2023-04-27T19:04:00.000",
      "level" : "wake",
      "seconds" : 870
    },{
      "dateTime" : "2023-04-27T19:18:30.000",
      "level" : "light",
      "seconds" : 630
    },{
      "dateTime" : "2023-04-27T19:29:00.000",
      "level" : "deep",
      "seconds" : 660
    },{
      "dateTime" : "2023-04-27T19:40:00.000",
      "level" : "light",
      "seconds" : 540
    },{
      "dateTime" : "2023-04-27T19:49:00.000",
      "level" : "deep",
      "seconds" : 360
    },{
      "dateTime" : "2023-04-27T19:55:00.000",
      "level" : "light",
      "seconds" : 2070
    },{
      "dateTime" : "2023-04-27T20:29:30.000",
      "level" : "rem",
      "seconds" : 900
    },{
      "dateTime" : "2023-04-27T20:44:30.000",
      "level" : "light",
      "seconds" : 330
    },{
      "dateTime" : "2023-04-27T20:50:00.000",
      "level" : "wake",
      "seconds" : 390
    },{
      "dateTime" : "2023-04-27T20:56:30.000",
      "level" : "rem",
      "seconds" : 300
    },{
      "dateTime" : "2023-04-27T21:01:30.000",
      "level" : "light",
      "seconds" : 2310
    },{
      "dateTime" : "2023-04-27T21:40:00.000",
      "level" : "rem",
      "seconds" : 720
    },{
      "dateTime" : "2023-04-27T21:52:00.000",
      "level" : "light",
      "seconds" : 90
    },{
      "dateTime" : "2023-04-27T21:53:30.000",
      "level" : "wake",
      "seconds" : 480
    }],
    "shortData" : [{
      "dateTime" : "2023-04-27T19:39:00.000",
      "level" : "wake",
      "seconds" : 60
    },{
      "dateTime" : "2023-04-27T20:24:00.000",
      "level" : "wake",
      "seconds" : 30
    },{
      "dateTime" : "2023-04-27T21:21:30.000",
      "level" : "wake",
      "seconds" : 60
    }]
  },
  "mainSleep" : true
},{
  "logId" : 41047009620,
  "dateOfSleep" : "2023-04-20",
  "startTime" : "2023-04-20T02:25:30.000",
  "endTime" : "2023-04-20T06:00:30.000",
  "duration" : 12900000,
  "minutesToFallAsleep" : 0,
  "minutesAsleep" : 178,
  "minutesAwake" : 37,
  "minutesAfterWakeup" : 0,
  "timeInBed" : 215,
  "efficiency" : 89,
  "type" : "stages",
  "infoCode" : 0,
  "logType" : "auto_detected",
  "levels" : {
    "summary" : {
      "deep" : {
        "count" : 1,
        "minutes" : 36,
        "thirtyDayAvgMinutes" : 135
      },
      "wake" : {
        "count" : 10,
        "minutes" : 37,
        "thirtyDayAvgMinutes" : 90
      },
      "light" : {
        "count" : 7,
        "minutes" : 101,
        "thirtyDayAvgMinutes" : 289
      },
      "rem" : {
        "count" : 3,
        "minutes" : 41,
        "thirtyDayAvgMinutes" : 140
      }
    },
    "data" : [{
      "dateTime" : "2023-04-20T02:25:30.000",
      "level" : "wake",
      "seconds" : 780
    },{
      "dateTime" : "2023-04-20T02:38:30.000",
      "level" : "light",
      "seconds" : 480
    },{
      "dateTime" : "2023-04-20T02:46:30.000",
      "level" : "wake",
      "seconds" : 330
    },{
      "dateTime" : "2023-04-20T02:52:00.000",
      "level" : "light",
      "seconds" : 630
    },{
      "dateTime" : "2023-04-20T03:02:30.000",
      "level" : "deep",
      "seconds" : 2160
    },{
      "dateTime" : "2023-04-20T03:38:30.000",
      "level" : "wake",
      "seconds" : 330
    },{
      "dateTime" : "2023-04-20T03:44:00.000",
      "level" : "light",
      "seconds" : 1530
    },{
      "dateTime" : "2023-04-20T04:09:30.000",
      "level" : "rem",
      "seconds" : 1470
    },{
      "dateTime" : "2023-04-20T04:34:00.000",
      "level" : "light",
      "seconds" : 3720
    },{
      "dateTime" : "2023-04-20T05:36:00.000",
      "level" : "wake",
      "seconds" : 330
    },{
      "dateTime" : "2023-04-20T05:41:30.000",
      "level" : "rem",
      "seconds" : 1140
    }],
    "shortData" : [{
      "dateTime" : "2023-04-20T02:41:00.000",
      "level" : "wake",
      "seconds" : 180
    },{
      "dateTime" : "2023-04-20T03:56:00.000",
      "level" : "wake",
      "seconds" : 60
    },{
      "dateTime" : "2023-04-20T04:34:00.000",
      "level" : "wake",
      "seconds" : 30
    },{
      "dateTime" : "2023-04-20T05:10:00.000",
      "level" : "wake",
      "seconds" : 30
    },{
      "dateTime" : "2023-04-20T05:50:00.000",
      "level" : "wake",
      "seconds" : 60
    },{
      "dateTime" : "2023-04-20T05:58:30.000",
      "level" : "wake",
      "seconds" : 120
    }]
  },
  "mainSleep" : true
},{
  "logId" : 41047009619,
  "dateOfSleep" : "2023-04-19",
  "startTime" : "2023-04-19T16:17:00.000",
  "endTime" : "2023-04-19T18:06:30.000",
  "duration" : 6540000,
  "minutesToFallAsleep" : 0,
  "minutesAsleep" : 104,
  "minutesAwake" : 5,
  "minutesAfterWakeup" : 0,
  "timeInBed" : 109,
  "efficiency" : 95,
  "type" : "classic",
  "infoCode" : 2,
  "logType" : "auto_detected",
  "levels" : {
    "summary" : {
      "restless" : {
        "count" : 2,
        "minutes" : 3
      },
      "awake" : {
        "count" : 1,
        "minutes" : 2
      },
      "asleep" : {
        "count" : 0,
        "minutes" : 104
      }
    },
    "data" : [{
      "dateTime" : "2023-04-19T16:17:00.000",
      "level" : "restless",
      "seconds" : 120
    },{
      "dateTime" : "2023-04-19T16:19:00.000",
      "level" : "awake",
      "seconds" : 120
    },{
      "dateTime" : "2023-04-19T16:21:00.000",
      "level" : "restless",
      "seconds" : 60
    },{
      "dateTime" : "2023-04-19T16:22:00.000",
      "level" : "asleep",
      "seconds" : 6240
    }]
  },
  "mainSleep" : false
},{
  "logId" : 41009229029,
  "dateOfSleep" : "2023-04-19",
  "startTime" : "2023-04-18T21:20:00.000",
  "endTime" : "2023-04-19T08:14:30.000",
  "duration" : 39240000,
  "minutesToFallAsleep" : 0,
  "minutesAsleep" : 564,
  "minutesAwake" : 90,
  "minutesAfterWakeup" : 0,
  "timeInBed" : 654,
  "efficiency" : 90,
  "type" : "stages",
  "infoCode" : 0,
  "logType" : "auto_detected",
  "levels" : {
    "summary" : {
      "deep" : {
        "count" : 4,
        "minutes" : 135,
        "thirtyDayAvgMinutes" : 0
      },
      "wake" : {
        "count" : 22,
        "minutes" : 90,
        "thirtyDayAvgMinutes" : 0
      },
      "light" : {
        "count" : 22,
        "minutes" : 289,
        "thirtyDayAvgMinutes" : 0
      },
      "rem" : {
        "count" : 10,
        "minutes" : 140,
        "thirtyDayAvgMinutes" : 0
      }
    },
    "data" : [{
      "dateTime" : "2023-04-18T21:20:00.000",
      "level" : "light",
      "seconds" : 30
    },{
      "dateTime" : "2023-04-18T21:20:30.000",
      "level" : "deep",
      "seconds" : 2580
    },{
      "dateTime" : "2023-04-18T22:03:30.000",
      "level" : "light",
      "seconds" : 750
    },{
      "dateTime" : "2023-04-18T22:16:00.000",
      "level" : "deep",
      "seconds" : 3510
    },{
      "dateTime" : "2023-04-18T23:14:30.000",
      "level" : "light",
      "seconds" : 1680
    },{
      "dateTime" : "2023-04-18T23:42:30.000",
      "level" : "wake",
      "seconds" : 1530
    },{
      "dateTime" : "2023-04-19T00:08:00.000",
      "level" : "light",
      "seconds" : 150
    },{
      "dateTime" : "2023-04-19T00:10:30.000",
      "level" : "wake",
      "seconds" : 450
    },{
      "dateTime" : "2023-04-19T00:18:00.000",
      "level" : "light",
      "seconds" : 1770
    },{
      "dateTime" : "2023-04-19T00:47:30.000",
      "level" : "deep",
      "seconds" : 330
    },{
      "dateTime" : "2023-04-19T00:53:00.000",
      "level" : "light",
      "seconds" : 540
    },{
      "dateTime" : "2023-04-19T01:02:00.000",
      "level" : "deep",
      "seconds" : 1710
    },{
      "dateTime" : "2023-04-19T01:30:30.000",
      "level" : "light",
      "seconds" : 150
    },{
      "dateTime" : "2023-04-19T01:33:00.000",
      "level" : "rem",
      "seconds" : 780
    },{
      "dateTime" : "2023-04-19T01:46:00.000",
      "level" : "wake",
      "seconds" : 960
    },{
      "dateTime" : "2023-04-19T02:02:00.000",
      "level" : "light",
      "seconds" : 3510
    },{
      "dateTime" : "2023-04-19T03:00:30.000",
      "level" : "rem",
      "seconds" : 1020
    },{
      "dateTime" : "2023-04-19T03:17:30.000",
      "level" : "wake",
      "seconds" : 330
    },{
      "dateTime" : "2023-04-19T03:23:00.000",
      "level" : "light",
      "seconds" : 2850
    },{
      "dateTime" : "2023-04-19T04:10:30.000",
      "level" : "wake",
      "seconds" : 840
    },{
      "dateTime" : "2023-04-19T04:24:30.000",
      "level" : "light",
      "seconds" : 3510
    },{
      "dateTime" : "2023-04-19T05:23:00.000",
      "level" : "rem",
      "seconds" : 390
    },{
      "dateTime" : "2023-04-19T05:29:30.000",
      "level" : "light",
      "seconds" : 510
    },{
      "dateTime" : "2023-04-19T05:38:00.000",
      "level" : "rem",
      "seconds" : 690
    },{
      "dateTime" : "2023-04-19T05:49:30.000",
      "level" : "wake",
      "seconds" : 510
    },{
      "dateTime" : "2023-04-19T05:58:00.000",
      "level" : "rem",
      "seconds" : 270
    },{
      "dateTime" : "2023-04-19T06:02:30.000",
      "level" : "light",
      "seconds" : 2340
    },{
      "dateTime" : "2023-04-19T06:41:30.000",
      "level" : "rem",
      "seconds" : 5580
    }],
    "shortData" : [{
      "dateTime" : "2023-04-18T23:17:30.000",
      "level" : "wake",
      "seconds" : 60
    },{
      "dateTime" : "2023-04-18T23:20:30.000",
      "level" : "wake",
      "seconds" : 30
    },{
      "dateTime" : "2023-04-19T00:20:00.000",
      "level" : "wake",
      "seconds" : 90
    },{
      "dateTime" : "2023-04-19T02:42:30.000",
      "level" : "wake",
      "seconds" : 30
    },{
      "dateTime" : "2023-04-19T02:54:00.000",
      "level" : "wake",
      "seconds" : 30
    },{
      "dateTime" : "2023-04-19T03:28:00.000",
      "level" : "wake",
      "seconds" : 30
    },{
      "dateTime" : "2023-04-19T03:43:00.000",
      "level" : "wake",
      "seconds" : 30
    },{
      "dateTime" : "2023-04-19T03:56:30.000",
      "level" : "wake",
      "seconds" : 30
    },{
      "dateTime" : "2023-04-19T04:45:00.000",
      "level" : "wake",
      "seconds" : 30
    },{
      "dateTime" : "2023-04-19T05:40:00.000",
      "level" : "wake",
      "seconds" : 30
    },{
      "dateTime" : "2023-04-19T06:02:30.000",
      "level" : "wake",
      "seconds" : 60
    },{
      "dateTime" : "2023-04-19T06:34:00.000",
      "level" : "wake",
      "seconds" : 30
    },{
      "dateTime" : "2023-04-19T07:16:00.000",
      "level" : "wake",
      "seconds" : 120
    },{
      "dateTime" : "2023-04-19T08:07:00.000",
      "level" : "wake",
      "seconds" : 120
    },{
      "dateTime" : "2023-04-19T08:10:30.000",
      "level" : "wake",
      "seconds" : 30
    },{
      "dateTime" : "2023-04-19T08:14:00.000",
      "level" : "wake",
      "seconds" : 30
    }]
  },
  "mainSleep" : true
}]