date_time,heart_zone_id,total_minutes
2023-05-02T20:43,FAT_BURN,1
2023-05-04T08:58,FAT_BURN,1
2023-05-05T13:24,FAT_BURN,1
2023-05-05T13:25,FAT_BURN,1
2023-05-05T13:26,FAT_BURN,1
2023-05-05T13:33,FAT_BURN,1
2023-05-05T13:49,FAT_BURN,1
2023-05-05T14:22,FAT_BURN,1
2023-05-05T14:27,FAT_BURN,1
2023-05-05T14:28,FAT_BURN,1
2023-05-05T14:29,FAT_BURN,1
2023-05-05T14:30,FAT_BURN,1
2023-05-05T14:31,FAT_BURN,1
2023-05-05T14:32,FAT_BURN,1
2023-05-05T14:33,FAT_BURN,1
2023-05-05T14:34,FAT_BURN,1
2023-05-05T14:35,FAT_BURN,1
2023-05-06T12:48,FAT_BURN,1
2023-05-06T12:49,FAT_BURN,1
2023-05-06T12:56,FAT_BURN,1
2023-05-06T12:57,FAT_BURN,1
2023-05-20T12:13,FAT_BURN,1
2023-05-20T13:07,FAT_BURN,1
2023-05-26T14:51,FAT_BURN,1
2023-05-26T15:00,FAT_BURN,1
2023-05-26T15:01,FAT_BURN,1