[{
  "dateTime" : "04/19/23 00:00:00",
  "value" : {
    "demographicVO2Max" : 34.10128,
    "demographicVO2MaxError" : 3.0000000000000004,
    "filteredDemographicVO2Max" : 34.10128,
    "filteredDemographicVO2MaxError" : 3.0000000000000004
  }
},{
  "dateTime" : "04/22/23 00:00:00",
  "value" : {
    "demographicVO2Max" : 34.3271,
    "demographicVO2MaxError" : 3.0000000000000004,
    "filteredDemographicVO2Max" : 34.21694,
    "filteredDemographicVO2MaxError" : 1.53658
  }
},{
  "dateTime" : "04/23/23 00:00:00",
  "value" : {
    "demographicVO2Max" : 34.3271,
    "demographicVO2MaxError" : 3.0000000000000004,
    "filteredDemographicVO2Max" : 34.255050000000004,
    "filteredDemographicVO2MaxError" : 1.0377500000000002
  }
},{
  "dateTime" : "04/24/23 00:00:00",
  "value" : {
    "demographicVO2Max" : 34.3271,
    "demographicVO2MaxError" : 3.0000000000000004,
    "filteredDemographicVO2Max" : 34.27422,
    "filteredDemographicVO2MaxError" : 0.7983000000000001
  }
},{
  "dateTime" : "04/25/23 00:00:00",
  "value" : {
    "demographicVO2Max" : 34.3271,
    "demographicVO2MaxError" : 3.0000000000000004,
    "filteredDemographicVO2Max" : 34.285880000000006,
    "filteredDemographicVO2MaxError" : 0.6613
  }
},{
  "dateTime" : "04/26/23 00:00:00",
  "value" : {
    "demographicVO2Max" : 34.3271,
    "demographicVO2MaxError" : 3.0000000000000004,
    "filteredDemographicVO2Max" : 34.293780000000005,
    "filteredDemographicVO2MaxError" : 0.5749700000000001
  }
},{
  "dateTime" : "04/27/23 00:00:00",
  "value" : {
    "demographicVO2Max" : 34.3271,
    "demographicVO2MaxError" : 3.0000000000000004,
    "filteredDemographicVO2Max" : 34.29952,
    "filteredDemographicVO2MaxError" : 0.51722
  }
},{
  "dateTime" : "04/29/23 00:00:00",
  "value" : {
    "demographicVO2Max" : 34.3271,
    "demographicVO2MaxError" : 3.0000000000000004,
    "filteredDemographicVO2Max" : 34.30422,
    "filteredDemographicVO2MaxError" : 0.5119
  }
},{
  "dateTime" : "05/02/23 00:00:00",
  "value" : {
    "demographicVO2Max" : 34.3271,
    "demographicVO2MaxError" : 3.0000000000000004,
    "filteredDemographicVO2Max" : 34.308350000000004,
    "filteredDemographicVO2MaxError" : 0.54225
  }
},{
  "dateTime" : "05/03/23 00:00:00",
  "value" : {
    "demographicVO2Max" : 34.3271,
    "demographicVO2MaxError" : 3.0000000000000004,
    "filteredDemographicVO2Max" : 34.311440000000005,
    "filteredDemographicVO2MaxError" : 0.49460000000000004
  }
},{
  "dateTime" : "05/04/23 00:00:00",
  "value" : {
    "demographicVO2Max" : 34.3271,
    "demographicVO2MaxError" : 3.0000000000000004,
    "filteredDemographicVO2Max" : 34.313840000000006,
    "filteredDemographicVO2MaxError" : 0.46092000000000005
  }
},{
  "dateTime" : "05/05/23 00:00:00",
  "value" : {
    "demographicVO2Max" : 34.3271,
    "demographicVO2MaxError" : 3.0000000000000004,
    "filteredDemographicVO2Max" : 34.31577,
    "filteredDemographicVO2MaxError" : 0.43656000000000006
  }
},{
  "dateTime" : "05/06/23 00:00:00",
  "value" : {
    "demographicVO2Max" : 33.84883,
    "demographicVO2MaxError" : 3.0000000000000004,
    "filteredDemographicVO2Max" : 34.250600000000006,
    "filteredDemographicVO2MaxError" : 0.41865
  }
},{
  "dateTime" : "05/07/23 00:00:00",
  "value" : {
    "demographicVO2Max" : 33.98836,
    "demographicVO2MaxError" : 3.0000000000000004,
    "filteredDemographicVO2Max" : 34.215160000000004,
    "filteredDemographicVO2MaxError" : 0.40533
  }
},{
  "dateTime" : "05/20/23 00:00:00",
  "value" : {
    "demographicVO2Max" : 33.98836,
    "demographicVO2MaxError" : 3.0000000000000004,
    "filteredDemographicVO2Max" : 34.15614,
    "filteredDemographicVO2MaxError" : 0.7806900000000001
  }
},{
  "dateTime" : "05/21/23 00:00:00",
  "value" : {
    "demographicVO2Max" : 33.98836,
    "demographicVO2MaxError" : 3.0000000000000004,
    "filteredDemographicVO2Max" : 34.11975,
    "filteredDemographicVO2MaxError" : 0.6505500000000001
  }
},{
  "dateTime" : "05/26/23 00:00:00",
  "value" : {
    "demographicVO2Max" : 33.98836,
    "demographicVO2MaxError" : 3.0000000000000004,
    "filteredDemographicVO2Max" : 34.08941,
    "filteredDemographicVO2MaxError" : 0.6926300000000001
  }
},{
  "dateTime" : "07/06/23 00:00:00",
  "value" : {
    "demographicVO2Max" : 35.288970000000006,
    "demographicVO2MaxError" : 3.0000000000000004,
    "filteredDemographicVO2Max" : 34.662310000000005,
    "filteredDemographicVO2MaxError" : 1.43277
  }
},{
  "dateTime" : "07/07/23 00:00:00",
  "value" : {
    "demographicVO2Max" : 35.34331,
    "demographicVO2MaxError" : 3.0000000000000004,
    "filteredDemographicVO2Max" : 34.88756,
    "filteredDemographicVO2MaxError" : 0.9923100000000001
  }
},{
  "dateTime" : "07/08/23 00:00:00",
  "value" : {
    "demographicVO2Max" : 35.34331,
    "demographicVO2MaxError" : 3.0000000000000004,
    "filteredDemographicVO2Max" : 35.00507,
    "filteredDemographicVO2MaxError" : 0.7735500000000001
  }
},{
  "dateTime" : "07/09/23 00:00:00",
  "value" : {
    "demographicVO2Max" : 35.34331,
    "demographicVO2MaxError" : 3.0000000000000004,
    "filteredDemographicVO2Max" : 35.077920000000006,
    "filteredDemographicVO2MaxError" : 0.6461600000000001
  }
},{
  "dateTime" : "07/10/23 00:00:00",
  "value" : {
    "demographicVO2Max" : 35.34331,
    "demographicVO2MaxError" : 3.0000000000000004,
    "filteredDemographicVO2Max" : 35.127900000000004,
    "filteredDemographicVO2MaxError" : 0.5650400000000001
  }
},{
  "dateTime" : "07/15/23 00:00:00",
  "value" : {
    "demographicVO2Max" : 35.34331,
    "demographicVO2MaxError" : 3.0000000000000004,
    "filteredDemographicVO2Max" : 35.17392,
    "filteredDemographicVO2MaxError" : 0.6409100000000001
  }
},{
  "dateTime" : "07/16/23 00:00:00",
  "value" : {
    "demographicVO2Max" : 35.34331,
    "demographicVO2MaxError" : 3.0000000000000004,
    "filteredDemographicVO2Max" : 35.20562,
    "filteredDemographicVO2MaxError" : 0.56157
  }
},{
  "dateTime" : "07/17/23 00:00:00",
  "value" : {
    "demographicVO2Max" : 35.34331,
    "demographicVO2MaxError" : 3.0000000000000004,
    "filteredDemographicVO2Max" : 35.228930000000005,
    "filteredDemographicVO2MaxError" : 0.508
  }
},{
  "dateTime" : "07/18/23 00:00:00",
  "value" : {
    "demographicVO2Max" : 35.34331,
    "demographicVO2MaxError" : 3.0000000000000004,
    "filteredDemographicVO2Max" : 35.246860000000005,
    "filteredDemographicVO2MaxError" : 0.47048000000000006
  }
}]