[{
  "dateTime" : "07/16/23 04:08:00",
  "value" : "0"
},{
  "dateTime" : "07/16/23 04:09:00",
  "value" : "0"
},{
  "dateTime" : "07/16/23 04:21:00",
  "value" : "0"
},{
  "dateTime" : "07/16/23 04:43:00",
  "value" : "0"
},{
  "dateTime" : "07/16/23 04:46:00",
  "value" : "0"
},{
  "dateTime" : "07/16/23 04:55:00",
  "value" : "0"
},{
  "dateTime" : "07/16/23 04:56:00",
  "value" : "0"
},{
  "dateTime" : "07/16/23 05:16:00",
  "value" : "0"
},{
  "dateTime" : "07/16/23 05:43:00",
  "value" : "0"
},{
  "dateTime" : "07/16/23 10:09:00",
  "value" : "0"
},{
  "dateTime" : "07/16/23 10:11:00",
  "value" : "0"
},{
  "dateTime" : "07/16/23 10:12:00",
  "value" : "0"
},{
  "dateTime" : "07/16/23 10:34:00",
  "value" : "0"
},{
  "dateTime" : "07/16/23 10:38:00",
  "value" : "0"
},{
  "dateTime" : "07/16/23 10:49:00",
  "value" : "0"
},{
  "dateTime" : "07/16/23 10:50:00",
  "value" : "0"
},{
  "dateTime" : "07/16/23 11:52:00",
  "value" : "0"
},{
  "dateTime" : "07/16/23 13:21:00",
  "value" : "0"
},{
  "dateTime" : "07/16/23 13:30:00",
  "value" : "0"
},{
  "dateTime" : "07/16/23 13:47:00",
  "value" : "0"
},{
  "dateTime" : "07/16/23 19:50:00",
  "value" : "0"
},{
  "dateTime" : "07/16/23 19:56:00",
  "value" : "0"
},{
  "dateTime" : "07/16/23 19:58:00",
  "value" : "0"
},{
  "dateTime" : "07/17/23 02:11:00",
  "value" : "0"
},{
  "dateTime" : "07/17/23 02:17:00",
  "value" : "0"
},{
  "dateTime" : "07/17/23 02:20:00",
  "value" : "0"
},{
  "dateTime" : "07/17/23 02:21:00",
  "value" : "0"
},{
  "dateTime" : "07/17/23 02:25:00",
  "value" : "0"
},{
  "dateTime" : "07/17/23 02:27:00",
  "value" : "0"
},{
  "dateTime" : "07/17/23 02:44:00",
  "value" : "0"
},{
  "dateTime" : "07/17/23 02:45:00",
  "value" : "0"
},{
  "dateTime" : "07/17/23 02:48:00",
  "value" : "0"
},{
  "dateTime" : "07/17/23 03:08:00",
  "value" : "0"
},{
  "dateTime" : "07/17/23 03:25:00",
  "value" : "0"
},{
  "dateTime" : "07/17/23 03:34:00",
  "value" : "0"
},{
  "dateTime" : "07/17/23 03:35:00",
  "value" : "0"
},{
  "dateTime" : "07/17/23 03:42:00",
  "value" : "0"
},{
  "dateTime" : "07/17/23 08:17:00",
  "value" : "0"
},{
  "dateTime" : "07/17/23 09:28:00",
  "value" : "0"
},{
  "dateTime" : "07/17/23 09:40:00",
  "value" : "0"
},{
  "dateTime" : "07/17/23 10:12:00",
  "value" : "0"
},{
  "dateTime" : "07/17/23 10:19:00",
  "value" : "0"
},{
  "dateTime" : "07/17/23 10:24:00",
  "value" : "0"
},{
  "dateTime" : "07/17/23 10:35:00",
  "value" : "0"
},{
  "dateTime" : "07/17/23 14:31:00",
  "value" : "0"
},{
  "dateTime" : "07/17/23 14:36:00",
  "value" : "0"
},{
  "dateTime" : "07/17/23 14:45:00",
  "value" : "0"
},{
  "dateTime" : "07/17/23 14:46:00",
  "value" : "0"
},{
  "dateTime" : "07/17/23 15:00:00",
  "value" : "0"
},{
  "dateTime" : "07/17/23 15:03:00",
  "value" : "0"
},{
  "dateTime" : "07/18/23 02:27:00",
  "value" : "0"
},{
  "dateTime" : "07/18/23 02:28:00",
  "value" : "0"
},{
  "dateTime" : "07/18/23 02:31:00",
  "value" : "0"
},{
  "dateTime" : "07/18/23 02:43:00",
  "value" : "0"
},{
  "dateTime" : "07/18/23 02:51:00",
  "value" : "0"
},{
  "dateTime" : "07/18/23 02:52:00",
  "value" : "0"
},{
  "dateTime" : "07/18/23 15:47:00",
  "value" : "0"
},{
  "dateTime" : "07/18/23 16:01:00",
  "value" : "0"
},{
  "dateTime" : "07/18/23 16:55:00",
  "value" : "0"
},{
  "dateTime" : "07/18/23 17:04:00",
  "value" : "0"
},{
  "dateTime" : "07/18/23 17:18:00",
  "value" : "0"
},{
  "dateTime" : "07/18/23 17:58:00",
  "value" : "0"
},{
  "dateTime" : "07/18/23 18:09:00",
  "value" : "0"
},{
  "dateTime" : "07/18/23 21:58:00",
  "value" : "0"
},{
  "dateTime" : "08/04/23 22:55:00",
  "value" : "0"
},{
  "dateTime" : "08/04/23 22:56:00",
  "value" : "780"
},{
  "dateTime" : "08/04/23 22:57:00",
  "value" : "280"
},{
  "dateTime" : "08/04/23 22:58:00",
  "value" : "3650"
},{
  "dateTime" : "08/04/23 22:59:00",
  "value" : "1000"
},{
  "dateTime" : "08/04/23 23:00:00",
  "value" : "2070"
},{
  "dateTime" : "08/04/23 23:01:00",
  "value" : "0"
},{
  "dateTime" : "08/04/23 23:02:00",
  "value" : "0"
},{
  "dateTime" : "08/04/23 23:03:00",
  "value" : "0"
},{
  "dateTime" : "08/04/23 23:04:00",
  "value" : "0"
},{
  "dateTime" : "08/04/23 23:05:00",
  "value" : "0"
},{
  "dateTime" : "08/04/23 23:06:00",
  "value" : "0"
},{
  "dateTime" : "08/04/23 23:08:00",
  "value" : "0"
},{
  "dateTime" : "08/04/23 23:12:00",
  "value" : "0"
},{
  "dateTime" : "08/04/23 23:13:00",
  "value" : "0"
},{
  "dateTime" : "08/04/23 23:15:00",
  "value" : "0"
},{
  "dateTime" : "08/04/23 23:19:00",
  "value" : "0"
},{
  "dateTime" : "08/04/23 23:22:00",
  "value" : "0"
},{
  "dateTime" : "08/04/23 23:25:00",
  "value" : "0"
},{
  "dateTime" : "08/04/23 23:34:00",
  "value" : "0"
}]